"Date","Corn","LiveCattle","Soybean","SoybeanMeal","Wheat"
2005-01-14,-0.0470383741778164,0.0244910200082957,-0.0178290436971995,-0.000614005826250263,-0.0403512955235668
2005-01-21,-0.00126823098799544,-0.00539084863487638,-0.0477068028777685,-0.0439493192895712,-0.00589972212718859
2005-01-28,-0.00636539386707557,-0.0163491380015302,-0.00533593310671243,-0.0109713710907418,-0.0196335798779765
2005-02-04,-0.00383877630716611,-0.000824482080335365,-0.028615667366557,-0.034998639025452,-0.00778887537852757
2005-02-11,0.0165293019512109,-0.00911487675761524,0.0512182164942008,0.0542794412046081,0.0231869554896491
2005-02-18,0.00878850603307857,-0.0128457678757439,0.0496276188090983,0.0741988450230044,0.00508045123241896
2005-02-25,0.0559076319382967,-0.0127282163994327,0.0783008504137586,0.0518250687755151,0.0880665633279065
2005-03-04,-0.0118907465215221,-0.00313606981454839,0.0413908703366239,0.0309417286140308,0.0176317331134053
2005-03-11,0.0398645985639279,0.00796360222423154,0.0531582744233594,0.0642664327052422,0.0661519604853478
2005-03-18,0.0102916860365472,0.0185242626372375,-0.0118707118615591,-0.0200985576834105,0.0141245286036309
2005-03-24,-0.0430048834428503,-0.0111857987667925,-0.0316989952901414,-0.0194487718014242,-0.051810147502021
2005-04-01,0.0106321143310479,0.0092372603436468,-0.0237387932668067,-0.0247191032204075,-0.0484209561165025
2005-04-08,-0.0419977736092676,-0.0162924609275317,-0.00326264563481615,0.009206655522215,-0.0395308387566349
2005-04-15,0.0109690313705739,0.0132228167378496,0.00692044284457349,0.0101904551873782,-0.0154411844883784
2005-04-22,0.0144406841547946,0.0283805200084037,0.0268176967872762,0.0453794270919383,0.0130188982817838
2005-04-29,-0.0217399866364056,0.0204363281052453,-0.0219613537747065,-0.00819260126830468,0.0279013715075793
2005-05-06,-0.020975475986555,-0.0426869536211996,0.0251159305232225,0.00461654531417466,-0.0270932906555261
2005-05-13,-0.0265334580268286,0,-0.0504647939259089,-0.0175533363448945,-0.0429108736868704
2005-05-20,0.0881843976519932,0,0.0457291891800748,0.0221487448010311,0.0541559721023726
2005-05-27,0.03682809751625,0,0.0550244578432126,0.0612536826316408,0.0679273412849133
2005-06-03,-0.0136520891683274,-0.057452592704883,0.0111691406826546,0.0306700146461454,-0.0357045141730996
2005-06-10,-0.0385336640022427,-0.0139240337201878,-0.013418017192671,-0.0178157695423424,-0.0306266575789911
2005-06-17,0.0866144728367715,-0.0315178343207867,0.083126416905662,0.0799699589899836,0.0436886950023307
2005-06-24,0.0162429126029364,0.0119359471031775,0.0279214597383479,0.00956112004433773,0.0359858919234446
2005-07-01,-0.0723743687146321,-0.035297857689903,-0.100224856273646,-0.0985593842363857,-0.0459591238021977
2005-07-08,0.0440500351374915,0.000315128745008053,0.00296516154983539,0.00855519970259166,0.0130220147281124
2005-07-15,0.130349540317034,-0.0104513628862204,0.0651859798846957,0.0703486049870419,0.0591013922759132
2005-07-22,-0.0988080457881173,0.00919034790092077,-0.074481454884487,-0.0642150494350622,-0.0530315709088374
2005-07-29,0.012766130823036,0.0243077968270171,0.00372856509513841,-0.000941233984929291,-0.0083555366479322
2005-08-05,-0.0700505130450875,-0.00772681975765455,-0.0199217263122646,-0.00708720208743596,-0.0239301268500371
2005-08-12,-0.0125500791542885,-0.0187916592282482,-0.023819796945717,-0.038178079502611,0.00389864041565779
2005-08-19,-0.0350503168795546,0.0175498276254613,-0.0738089380317,-0.0831674369100117,0.0123744811831852
2005-08-26,-0.0314035467320855,0.0233354345987049,-0.0105197687998206,-0.0167345665234215,-0.0407899683869282
2005-09-02,-0.00122774723832197,-0.0143667832382635,-0.00423909070576745,0.00217514578393985,-0.023492372398275
2005-09-09,-0.00246002584086291,0.0436750651087818,-0.0136871255623845,-0.020302547597006,0.0258914139327411
2005-09-16,0.0158830461730028,0.014628699076761,-0.0160628589295317,-0.0389989744083739,0.0353116326564002
2005-09-23,0.00483676880061434,0.00809960556221423,0.00480245411115199,-0.0127611762415576,0.0281280421591248
2005-09-30,-0.00847976007911466,0.0267212994022952,-0.00130747458155334,-0.0242257407468953,0.0375181921458703
2005-10-07,-0.0147061473896954,0.0125437184785309,-0.0158245060403681,-0.0114286591095478,-0.0241151620185294
2005-10-14,0.00492611833605583,-0.010862086640584,0.0437773042797804,0.0587367860470476,0.00295421189743106
2005-10-21,-0.00987662349591201,-0.00787189427481216,-0.0296987611447497,-0.0342360631482057,-0.0269074529199242
2005-10-28,-0.0225856526487496,0.00478675343454515,-0.0127502276862348,-0.00354814594676434,-0.0378277443909623
2005-11-04,-0.00764334931256805,0.0274293244923012,0.0270640699915052,0.0429050959412365,-0.0206684622906463
2005-11-11,0,-0.0115448826372297,0.0213045978597792,0.0307372624243127,0.00080289044859061
2005-11-18,-0.0219789067187754,0.00661339923758053,-0.0399967308719322,-0.0537003843350803,-0.030972320852638
2005-11-25,-0.00787405643090544,0.0174248727914597,-0.0275818196293729,-0.0122700389877179,-0.0166948785721699
2005-12-02,0,0.00430920701932536,0.0152196312904209,0.0215186951065709,0.0216494716968532
2005-12-09,0,-0.0118952302498974,0.0106054904783184,0.0439012693865477,-0.0352090014824853
2005-12-16,0.0894239233950138,0.0384149489208925,0.0404878727737348,0.0525589473531971,0.0873668314418845
2005-12-23,0.0308446753510978,-0.0076185678540579,0.0344360928973169,0.0608090064769504,0.0450974391093313
2005-12-30,0.00814431494168577,-0.0251015166292001,-0.0181074906273908,-0.0304490251108369,0.0141004191466951
2006-01-06,-0.00697677248564776,NA,-0.00249480378878264,-0.0541517466912387,-0.0253744957199133
2006-01-13,-0.00350672480920977,NA,-0.0609369103735968,-0.0572528054315811,0.012021181576217
2006-01-20,-0.040626853530271,NA,0.00529568757471033,0.0162970392295181,-0.0249540358547966
2006-01-27,0.0649195460993157,NA,0.036729123095089,0.0382769539044387,0.050757162945918
2006-02-03,0.0292813712507227,-0.0018946593710405,0.00929060736682619,-0.0129591118983221,0.0371471281919469
2006-02-10,-0.0179176126004084,0.00675039679248091,-0.0212412404186164,-0.0192049798360499,-0.00351247287714074
2006-02-17,0.0234516610350504,-0.0322697357754809,0.0321109126555204,0.0262453719876587,0.0352611711917215
2006-02-24,0.00550359121697852,0.00138869628469607,-0.0407353731853659,-0.0543371068546739,0.000679117173808308
2006-03-03,0.00438116801556365,-0.0460046533328038,0.0273404470812677,-0.00228176875680131,0.0141559492301324
2006-03-10,-0.0120947048833449,-0.0303903558832177,-0.0256095942043242,-0.0155399513227508,0.00267379838440185
2006-03-17,-0.0201124097870959,-0.00510582789658987,-0.00303096140243486,0.00808790756394373,-0.0464564408232118
2006-03-24,-0.0124930642474661,-0.00664658702782095,-0.00478157833435855,0.00859357894564816,-0.0428637044317819
2006-03-31,0.0759022797878863,-0.0367381769532509,-0.00392927813989008,-0.00400113097332522,0.015212173101272
2006-04-07,0.0292296383149377,0.0214660411090497,-0.0243536499222232,-0.0202494617922753,0.0100143898444029
2006-04-13,-0.028170876966696,0.00797063118608055,0.00936879482704889,0.0133528125770281,0.017637141486107
2006-04-21,0.00105764155813581,-0.00581840220148067,0.011918039986103,-0.00868815226478414,-0.0133757714011384
2006-04-28,0.00737233460232378,-0.0273990314658521,0.0302529554132285,0.00580048050579762,-0.0185985332313754
2006-05-05,-0.03198566915135,-0.0699402719725626,0.0122700925918142,0.0251298729041558,0.0424091819250938
2006-05-12,0.0731014295423202,0.0469508119943578,0.00920893908531006,-0.014200749612554,0.0867806698712918
2006-05-19,0.0179645549752987,-0.00226358126410542,-0.0219048353880495,-0.00804145153261526,0.0549351319967197
2006-05-26,0.00493340911795581,0.0277751684249345,-0.0076956343882415,-0.000576814816146687,-0.00180342699915048
2006-06-02,0.0214224355874064,0.0115824795385855,0.0444890822700419,0.067491405879716,-0.028686739758637
2006-06-09,-0.0698189764492563,-0.0226638021528238,-0.0389251903219918,-0.0486282974798549,-0.0805588367172518
2006-06-16,-0.0272268127002144,0.03902477324805,0.0244531577134577,0.0240570359304249,-0.0369146493313357
2006-06-23,-0.0312693939813942,0.0148916104015067,-0.0334564339634165,-0.0246234822881766,0.011768913962114
2006-06-30,0.0312693939813942,0.020009662932682,0.0242513480451203,-0.0108231980107156,0.0224575617074212
2006-07-07,0.0230860200341825,0.00912434758778247,0.0121162961257539,-0.00978432097423365,0.0265619865666977
2006-07-14,0.0505668895405833,-0.0156506601831774,0,-0.00929693424304556,-0.0414775173231456
2006-07-21,-0.0662493855412007,0.00326848038276051,-0.042415178800721,-0.0284211137248578,0.106793914080789
2006-07-28,0,-0.0110366883361568,-0.000866926798986256,-0.0163491193705294,-0.0471340776744524
2006-08-04,0.0321437730546901,0.0175416838032723,0.0017331026868348,-0.00366976621945891,0.0191210414467786
2006-08-11,-0.0862695371929973,0.0457964096715768,-0.0469736332430335,-0.0241871877572084,-0.057827086549584
2006-08-18,-0.0224981367864441,-0.0184690567957926,-0.00728600673093371,0,-0.0250605732561837
2006-08-25,0.0236098656391341,0.0167784221636396,-0.00733948248804595,0.00125468615159718,0.0376895214287902
2006-09-01,0.0219789067187754,0.0516598039093346,-0.00832182333749198,-0.01198370607323,0.0583686015667224
2006-09-08,0.00757989552276861,-0.011311679069677,-0.00278940208757827,0.00126821159950818,-0.00312012733624378
2006-09-15,0.0422449298874392,-0.0238465789671576,0.0234655349260056,0.0225572902685887,-0.0189280098855189
2006-09-22,0.0543393227113711,-0.000277447926213981,-0.000909918170150625,0.0232711245940012,0.0653343826996746
2006-09-29,0.0280076249869037,0.00608580635460143,-0.0031912495740638,-0.0201780196294719,0.0556988501229982
2006-10-06,0.0318677388480229,0.00247898182018247,0.0296917898074032,0.0250089653722485,0.0463147821811196
2006-10-13,0.148865255260795,-0.0270475497505211,0.0476074319203823,0.0499369532859379,0.124465638090751
2006-10-20,-0.00557992679347485,-0.00880055526930335,0.0250430449656633,0.0332518321528061,-0.0397917610416458
2006-10-27,0.0612357107488881,0.0242264681912419,0.0467073622454039,0.0396683535384765,0.00690678621325436
2006-11-03,0.0289016040726491,-0.044679452271458,0.0210206260745815,0.0407154520916562,-0.0319707548764709
2006-11-10,0.00291758047952229,-0.00233105675968481,0.00346087636348624,0,-0.0246672322017965
2006-11-17,0.0343627223291296,0.0216427442422296,0.0141035308948032,-0.0264332891244354,-0.0136199067152702
2006-11-24,0.0386521544342795,0.000856094539829044,0.0353262239584087,0.0228463165735571,0.0534007767271145
2006-12-01,0.0127818760030429,-0.0248352528333013,-0.0106520750085135,-0.03340607712886,0
2006-12-08,-0.0542529188437424,0.0168168297597298,-0.0315104839681863,-0.0160517095347243,-0.0640053299759122
2006-12-15,0.0407937654697372,-0.00634551223179969,0.00228397510783118,0.00698741399093539,0.0524386936044472
2006-12-22,0.0398459085471998,0.00720775776065707,0.00303720810544927,0.0010706476030391,0.0391818034044391
2006-12-29,0.0161450068078146,0.0383253603559091,0.0357446840066356,0.0264006894030118,-0.0256171643703009
2007-01-05,-0.0580255040528019,0.0234982822472167,-0.0229384826273593,-0.00470094316131409,-0.0633416329037244
2007-01-12,0.0739139857321627,-0.00840676296443466,0.0553270639565966,0.0707365510917786,0.019479426142353
2007-01-19,0.0255227050242448,-0.00820349117899255,0.0165060815079316,0.0207586648943279,-0.0264146366545956
2007-01-26,-0.00307787254367931,-0.00910230607407847,-0.0101523714640184,-0.0168638058040322,-0.0075228726629879
2007-02-02,-0.00866878493644663,0.00910230607407847,0.0362796740806486,0.0329778696297778,-0.0048661896511728
2007-02-09,0.0105166450249259,0.023338849256362,0.0168240845789684,0.0241535060814648,-0.00217037524154939
2007-02-16,0.0261174881548545,0.00748271351689578,0.0234140951704838,0.0422345303446736,0.0166984758044597
2007-02-23,0.0312802132928471,0.00292438351902558,0.0145610079544616,0.00701445600935013,0.0341330063694585
2007-03-02,-0.0457732205954144,0.0362348869654037,-0.0517498883735161,-0.059860332949687,-0.0524623604913641
2007-03-09,-0.00671348264565985,0.038176363241738,0.0100976960310435,0.00416568009826079,0.0129731549213803
2007-03-16,-0.0216659666442451,-0.043824676607656,0.0093334010873054,0.00690451534654457,-0.0102565001671895
2007-03-23,0.00934295179898914,0.0102459914342266,0.0210119352123836,0.00594560655065823,0.00162645739297496
2007-03-30,-0.0739649140480445,-0.00510987323195433,-0.0107791342548271,-0.0347982217637641,-0.0522631435664609
2007-04-05,-0.022958469555908,0.0287825830950368,-0.000985707324759666,0.00564971813344251,0.0158553717897938
2007-04-13,0.0081633106391612,-0.0344337198198481,-0.0300322870988747,-0.0664809231782941,0.0725819287267688
2007-04-20,-0.0233046873155232,-0.0147920489135309,-0.0201888807442279,-0.0146578776877302,0.0479439087987199
2007-04-27,0.01034848835031,0.0163363879230083,-0.000345721697479817,-0.0226579928156196,-0.00299252093645386
2007-05-04,0.0456148828463077,-0.0530817028411974,0.0144183754242713,0.0231670592815343,-0.0376634847046748
2007-05-11,-0.054577369588741,0.0132023843433196,0.02224560894732,0.00203352333771534,0.00207253960197207
2007-05-18,0.027997731784029,-0.00806239237117978,0.0551192992210794,0.0738903200249812,-0.0246279148903517
2007-05-25,0.0127134532729851,-0.0174201295096497,0.024923408452457,0.0288257847409001,0.061217362322644
2007-06-01,0.0281893460632805,-0.00274952047408572,0.00613498856751615,0.0145589332938023,0.0386639790562171
2007-06-08,-0.0123578808465998,-0.0119098991894173,0.00488103470591383,0.0214485574838914,0.0128787852091401
2007-06-15,0.0924503113155621,0.00915279800438462,0.0308638730098387,0.039866618707296,0.139555863033883
2007-06-22,-0.131147601269246,-0.0308406826327499,-0.0611411316969459,-0.079547222285842,-0.0237758853452101
2007-06-29,-0.109146964710329,-0.0265451594564174,0.0643816706941474,0.0528560249136998,-0.0174583953074565
2007-07-06,0.0150605256257217,0.078692268575665,0.0172040983329156,0.0202986759698218,0.0312921937885999
2007-07-13,0.0207107994425613,-0.00950448431156392,0.0542954327776899,0.0796809215600449,0.0222322866271041
2007-07-20,-0.0705104415733286,-0.00876961569996748,-0.0712054567076637,-0.117585686341414,0.00365779720975734
2007-07-27,0.0086038856924997,0.0303628973305354,-0.0417290018262362,-0.0528837470536621,0.0583071790438225
2007-08-03,0.0169888255864699,-0.000267074655963206,0.0284092844061377,0.0394727278106952,-0.00498754151103942
2007-08-10,0.0197125412639583,-0.0367238335644986,0.0130256430171567,0.0453123615561655,0.0258176830259407
2007-08-17,-0.0136056520557784,0.0189383842440893,-0.0463519625297169,-0.0607321405318801,0.00746829460752618
2007-08-24,0.0388108410861792,0.0260312897081771,0.045174799356702,0.0658801439908396,0.0769472623815899
2007-08-31,-0.0526041632185157,-0.00291817719335885,0.0221325283490028,0.0257670268333055,0.0552811984625166
2007-09-07,0.0221298615081027,0.0210312697223847,0.0261527128104584,0.0312011799680736,0.0909150904701033
2007-09-14,0.0157247717843507,-0.00888428609140401,0.0545987121145703,0.0477502673181931,-0.00238379135527644
2007-09-21,0.112319898155166,0.0151083568934114,0.0395885029451311,0.0496156320091901,0.0420622751734525
2007-09-28,-0.00933962759613216,0.00258197931079263,0.012435130418547,0.0131148531338852,0.0717351035527276
2007-10-05,-0.086036955475258,-0.034363972953118,-0.0525551242079727,-0.0631159393960337,-0.0535940164820774
2007-10-12,0.0252447592973075,0.00823918437879279,0.0378190851940952,0.049267365750314,-0.037200283686091
2007-10-19,0.0533922296820428,0.00895928104610899,0.00663267737673934,0.0138485736457197,-0.00233508570784657
2007-10-26,0.00471540112523794,-0.0097536351136096,0.0123817121923322,0.00541419862942671,-0.0670743656643209
2007-11-02,0.0133513331748647,0.00370173322696221,0.006258626012003,-0.0137732799903745,-0.0272427363938741
2007-11-09,0.0255333020051642,0.00814830669053368,0.0403527054845183,0.0280694497584415,-0.0214224355874064
2007-11-16,-0.0189238926174902,-0.00209640480388629,0.0327743586264715,0.0365830742086919,-0.0165402381439943
2007-11-23,0.0247247467827609,0.0153588695481979,0.0206618920639565,-0.00102682808692212,0.0977935997184263
2007-11-30,-0.0116355546727469,-0.0306909654571772,-0.0185763855729348,-0.0127522399653452,0.0478390595194629
2007-12-07,0.0382699762606302,0.00186297381101941,0.0361444049691437,0.0741823390705969,0.0412371332517418
2007-12-14,0.0500409460710847,-0.0152715954108791,0.0327250021062673,0.0441016347706116,0.0385393691759797
2007-12-21,0.05444309047222,-0.00541419848032998,0.017563098696896,0.0113376797057247,0.0105933194016652
2007-12-28,0.0189843780825978,0.0150865096010122,0.0253655775439432,-0.006725834483162,-0.0698211536019988
2007-12-31,0.0077135368677812,0.0289875368732524,-0.00727124840700188,0.0167304282592093,0
2008-01-04,0.0243980657218188,-0.0178201457867724,0.0408553550980635,0.0311829274366877,0.0512085450337141
2008-01-11,0.0587639801468587,-0.0344305612607609,0.0291933946719869,0.0259754864032606,-0.0241761061745454
2008-01-18,0.00654419652421367,-0.00383875960351077,-0.0180467824470734,-0.0339015876527853,0.0569139822948408
2008-01-25,0,0.00438598863777173,-0.0159620308397797,-0.0127541039880139,-0.0311288653145949
2008-02-01,0.00450563966237105,-0.0129389615376994,0.034980347415539,0.0241828713570129,0.0106610817861137
2008-02-08,0.014873848823207,0.0216535638463,0.0394149067649217,0.0519486384167402,0.147615205543081
2008-02-15,0.0131998983294173,-0.00871460230860066,0.0256211600266587,-0.00749694543600476,-0.0617975418061496
2008-02-22,0.0144650545287757,0.00654308189441899,0.0331126448774759,0.00666675917578274,0.0211851928902984
2008-02-28,NA,0.0167075082927335,NA,NA,NA
2008-02-29,0.0444725753082302,NA,0.0693683878263247,0.039359129732758,0.0221446033700108
2008-03-07,-0.0231599050030971,-0.0328700128341852,-0.126609655139953,-0.102790877690905,0.0180101843390466
2008-03-14,0.0222437345313171,-0.000276221801708054,-0.000745990336721292,-0.00740195829566748,0.0599513571306654
2008-03-20,-0.0722060943571829,0.00193186811908497,-0.104531671847425,-0.0810586169698988,-0.160998787325133
2008-03-28,0.0993325315962723,-0.0339300900489494,0.0487112562549274,0.0981479777594636,0.0015178348474354
2008-04-04,0.0647615114384168,0.00284819327437447,0.0076643786800803,-0.0260446445186693,-0.0150263874038936
2008-04-11,-0.0232617805316639,0.00906003285975565,0.04254330000746,0.0324512250980353,-0.0831696511736313
2008-04-18,0.0257670010486013,0.00953730767538818,0.0215301560738146,0.00636579744646859,-0.030005081396558
2008-04-25,-0.0378205262329638,0.0299761028667387,-0.0266086960965746,-0.0168707266604482,-0.0832566792118605
2008-05-02,0.0419819970742159,-0.00162691494277212,-0.0254000096346552,-0.0270568202737191,-0.00563734659238602
2008-05-09,0.0270397465237222,0.0257180154100913,0.0431558260754752,0.00391042255699237,-0.00566930652331621
2008-05-16,-0.0454811744264445,-0.0069002558352933,0.0208990191155447,0.049490390960452,-0.0204218967044731
2008-05-23,0.0146968843137056,0.02420537028536,-0.00728335339110853,-0.0390378545939081,-0.0301069859935632
2008-05-30,-0.000834028405310328,0.00363257758876223,-0.00329489589685217,0.0144523791212938,0.0118891757121862
2008-06-06,0.0824466705601807,-0.0281043111846024,0.0666677159390039,0.0882307406329712,0.0629778817801965
2008-06-13,0.117313381697321,0.0182135008781543,0.0679631820189357,0.0926256442651097,0.0839240018913783
2008-06-20,-0.0144531077496861,-0.00130872945253557,-0.0177854324332163,0.00609089451723932,-0.0177299468511309
2008-06-27,0.0454007507646388,0.0562704281385864,0.0314733749353371,0.0385945507327232,0.0329201123451064
2008-07-03,-0.0116609683831879,0.0275930537941278,0.0472382929495367,0.0514685678895042,-0.0257330755156211
2008-07-11,-0.0926328020336085,-0.0253672734344965,-0.0167253404658663,0.00751881896719908,-0.063565062132076
2008-07-18,-0.109453849248826,-0.0372463486938539,-0.103624315456592,-0.135705426621704,-0.0184848146741032
2008-07-25,-0.0543635006867209,0.00332775889658077,-0.0496834201466472,-0.0560457310161002,0.00866878493644663
2008-08-01,-0.0214497170881636,0.0222400330978916,-0.0297500627111802,-0.00213737271864467,-0.021184592868277
2008-08-08,-0.125222141744548,0.0143922776896943,-0.12434104188744,-0.136171199470323,-0.0368808834216141
2008-08-15,0.0608016077465159,0.00196903412014926,0.0103713852290666,0.0197245060784521,0.0742713041263183
2008-08-22,0.101767470945122,0.00171964588306839,0.0865297642657445,0.0793953116065884,0.0488334926644232
2008-08-29,-0.0316112053608775,-0.000736618309473691,0.00829254657800949,0.0195141722944392,-0.104975455968817
2008-09-05,-0.0668582649506506,0.0114788944489792,-0.121167133640625,-0.0745686788847824,-0.0656299089132224
2008-09-12,0.0296592639086537,-0.00780106762943067,0.233261681479795,0.0514399112047617,-0.0362788302803239
2008-09-19,-0.00963531198367207,-0.00589101812309156,-0.264682385476669,-0.138717919311822,0.0200463895943237
2008-09-26,0.0013821702269512,-0.00592600354971218,0.0177686148285465,0.00796816964917646,-0.00278940208757827
2008-10-03,-0.179012121892587,-0.0544525104321778,-0.15989452100651,-0.173220265588438,-0.111821441881011
2008-10-10,-0.106217466190774,-0.0701329253618193,-0.0862785077739767,-0.0531029507918692,-0.127691391599804
2008-10-17,-0.0129431699038918,0.0213689609565408,-0.0177388243373819,0.0274851032446408,0.00486834331741282
2008-10-24,-0.0780286083018344,-0.035778042427034,-0.0344224000916338,0.0383711862439169,-0.0924445325220011
2008-10-31,0.0742995797419681,0.0650008675865532,0.0687805961843857,0.0173660832510762,0.0380093259669838
2008-11-07,-0.0669490621826272,-0.0101849921730439,-0.0146981415774761,-0.00477323382431383,-0.0288504284888598
2008-11-14,0.0125704599352128,-0.0300815671659187,-0.0377192360536727,-0.0230837206786525,0.0618658067430538
2008-11-21,-0.116304838787072,-0.0588909942215947,-0.0442447017977576,-0.060554027264919,-0.105009752744902
2008-11-28,0.0319794693215352,0.0287350892640115,0.0499233087666004,0.0241166310624878,0.083581989663096
2008-12-05,-0.174625922405713,-0.0689928340650292,-0.119554138807884,-0.0624573549337466,-0.169864901859995
2008-12-12,0.20283653789295,0.0215322210801014,0.0861601319924947,0.072175604402668,0.101694601777489
2008-12-19,0.0574288146141697,0.032760806142468,0.016548497835613,0.0342238723875772,0.105705793980245
2008-12-26,0.0794869696644369,-0.00232554695787179,0.0918227036384236,0.10696674269014,0.0619552940021402
2008-12-31,-0.0128167759971136,-0.016728232216372,0.0213105777732503,0.00936144494906088,0.0190088368233559
2009-01-02,0.0128167759971136,0.0306012518024845,-0.00231690153842834,0.00166251077361323,0.000409249033745951
2009-01-09,-0.0036452045223303,-0.0470121828403132,0.0672731806074243,0.0479987984183552,0.0298288943128062
2009-01-16,-0.049277196932012,0.017002683146905,-0.0170113458265364,0.000633150419681705,-0.0849195523728534
2009-01-23,-0.00127959070562511,-0.0221300708657868,-0.0108428859247081,0.00725208235042363,0.00775197680431816
2009-01-30,-0.0298917641973144,-0.00819804851630668,-0.0291624486889912,-0.023201383758102,-0.0256368591947149
2009-02-06,-0.00462810743446784,0.0199221984098097,0.0212022076506031,0.0200547479383388,-0.0195561787938674
2009-02-13,-0.0378167951975659,0.00477045048939839,-0.0465200156348926,-0.0637613510913715,-0.0393643500394809
2009-02-20,-0.0364441172332759,-0.0409831203976356,-0.102399614774813,-0.0976643500278263,-0.0308154271315813
2009-02-27,0.00142653376545354,0.0226725204633293,0.0138171455531424,0.0212539621003787,-0.0169948251515022
2009-03-06,0.0056858717503534,-0.00090928423698422,0.00513260322651998,-0.00581810945182681,0.011200506670523
2009-03-13,0.061166435237487,0.0263331146127133,0.00397389112227486,0.0421339991729255,-0.019066820586505
2009-03-20,0.0557500151044916,0.00647627141163198,0.0758062459839133,0.0494559431554098,0.0828483967178331
2009-03-27,-0.0242513480451203,-0.0103230532592304,-0.0374575625349003,-0.057178032262116,-0.081368741700647
2009-04-03,0.0442270434687648,0.0202502133651992,0.0821376512477867,0.0753153802392346,0.105163354773907
2009-04-09,-0.0358641771030053,0.0169959261518793,0.0114857692143113,0.0168507295775342,-0.0764997455971921
2009-04-17,-0.0365337433324564,0.00909867441938328,0.0427664781583887,0.0483003676944946,0.00191387618228411
2009-04-24,0.00199137138492578,-0.0168406835757633,-0.010281023013901,-0.00368102319643526,0.0175318397086652
2009-05-01,0.0747235461959361,-0.0562444772452162,0.0576656418498089,0.0833939546958469,0.0459006684923899
2009-05-08,0.0188972401813672,0.0106013413436479,0.0286244945748377,0.0162650464372804,0.0408758288719682
2009-05-15,0.00781958871663058,-0.00725734639374487,-0.00309119256967261,-0.00362265345567625,-0.00518135874199821
2009-05-22,0.0306808725497039,0.00181930340648417,0.0309190751924131,0.0458345022649853,0.0588405000229333
2009-05-29,0.0138490384249881,-0.0146478613951979,0.0153194485335133,0.0198026272961798,0.039613100837343
2009-06-05,0.017609088915588,-0.0145535367406051,0.0344503875242168,0.0346855579878902,-0.0226155244687716
2009-06-12,-0.0425596144187956,0.00404666013061394,0.0161881317340677,0.0652485251969743,-0.0633621133231648
2009-06-19,-0.0636771609183073,0.00557627929928106,-0.0548704341648643,-0.0805159973277627,-0.0517659426897517
2009-06-26,-0.0382944046764164,0.0189723610902899,0.0184879215426124,0.0377403279828465,-0.0385545685752797
2009-07-02,-0.105577411873838,0.0286843872653231,0.0343732694307279,0.0151926767207762,-0.0657559207354144
2009-07-10,-0.000723327337142976,-0.016632418328614,-0.096860052803601,-0.0993797957368026,-0.0171375161946745
2009-07-17,-0.0696650013884277,0.0341511145375879,-0.111212600954218,-0.159222129757766,0.0968341831473003
2009-07-24,-0.0187946017775671,-0.0216509154414872,0.0113273804117728,0.0177935460834728,-0.0482134961412255
2009-07-31,0.0709409069570208,0.00206819898146282,0.104968666123032,0.110606593916661,0.0229785122209236
2009-08-07,-0.0529224014543423,-0.0100860955563133,0.043569539311143,0.0367138446243933,-0.0761851945256016
2009-08-14,-0.00857705063175995,0.00949565653338791,-0.0740105648123786,0.0145794497631577,-0.0159591546760893
2009-08-21,0.0078003515635876,0.00412612988543248,-0.0725706928348355,-0.132028762739988,-0.0456554871812882
2009-08-28,-0.0023337233462204,-0.00412612988543248,0.104553738687887,0.150282203049338,0.0145594375557101
2009-09-04,-0.0659933691547536,0.0233519071664121,-0.16707409566922,-0.152687459104558,-0.0505046952366728
2009-09-11,0.0455363221652334,0.00661393580794556,0.0241594891088877,0.0173086615577951,-0.00508045123241896
2009-09-18,0.0110673066396814,-0.019389933568827,-0.0451907584938009,-0.153164972502499,0.0344861760711694
2009-09-25,0.0490896101965239,0.00582752211207005,-0.0160689049391998,-0.00276239048625904,-0.0165384144403324
2009-10-02,-0.00149812762102286,-0.0366905782763611,-0.0452865896382502,-0.0613164661982628,-0.0190802645831365
2009-10-09,0.0826917158451135,-0.00392568167427321,0.0855036496026162,0.131737465818886,0.0588566876701409
2009-10-16,0.0265592730723547,0.0176942506634266,0.0139069972489754,-0.0515816009493442,0.0636366722864263
2009-10-23,0.0669298129447498,0.0264022380865487,0.0287390588001637,0.0287644432816121,0.0937140102715022
2009-10-30,-0.0831903338165301,-0.0559669488173062,-0.0282276806248669,-0.0209902356444518,-0.102777516424849
2009-11-06,0.00272851465320478,0.0402094183857971,-0.0311551677797963,-0.0279977740521433,0.0060514556833553
2009-11-13,0.0620661212251701,-0.0199026689212705,0.0372713947972318,0.041708091007858,0.0806226531749159
2009-11-20,0.00127959070562511,0.00747275960241467,0.0611027475726154,0.051774745033808,0.0377746845698663
2009-11-27,0.0158582454314597,-0.00897403602407998,0.00666986750910681,0.0292127479242632,-0.0198472910894827
2009-12-04,-0.060978680711929,-0.0267981564749418,-0.00954205713320277,-0.0173004196206676,-0.0221105276304909
2009-12-11,0.0406346860092111,-0.010549256579087,-0.00769974930130335,-0.0201454529553224,-0.0331469740026682
2009-12-18,0.0216018565037883,0.0234289566366268,-0.0224728558520582,-0.0293617033412801,0.0167108209500393
2009-12-24,0.0266682470821618,0.0124149227757062,-0.0124286959069559,-0.0131841068573699,-0.00665085586990966
2009-12-31,0.014581060275292,0.0346035187478222,0.0394804246825657,0.0406361784619218,0.0318976386046934
2010-01-08,0.0202992044709278,-0.00203699246766398,-0.0260640743743377,-0.0228784146989041,0.0486582467495458
2010-01-15,-0.129823314888464,0.0176127153256598,-0.0392602006061482,-0.0504701109832926,-0.10859058747222
2010-01-22,-0.0183366767549185,-0.00833456160143609,-0.0233716169063305,-0.0183365049462383,-0.0228071363164783
2010-01-29,-0.0228779475485448,-0.00956941544787782,-0.040209115282055,-0.0449915455047369,-0.0503962677068159
2010-02-05,-0.0141245286036309,0.0187622757944022,-0.000547195636087849,-0.0102790473908945,-0.00158353160564495
2010-02-12,0.0280523303480997,0.0220596831575808,0.0339015516756813,0.0326707822895482,0.0276131115366276
2010-02-19,-0.00415801014866357,0.0373362223795803,0,-0.0129405333579182,0.0066581551985907
2010-02-26,0.0487901641694322,-0.0270397291750459,0.00632913505164723,-0.0116448974330305,0.0336292668640876
2010-03-05,-0.0356820082166927,0.0289241871164938,-0.0172349486881673,-0.0576322831572122,-0.0490616719028996
2010-03-12,-0.0299152742691211,0.0228672721711503,-0.00940487921104349,-0.0263224667757624,-0.020954145404219
2010-03-19,0.0562948898234996,0.0297833750051781,0.0378803069862252,0.0729130482585338,0.0240597379623724
2010-03-26,-0.0499590713744134,-0.0411516079266905,-0.0101895068410398,0.00258725585667818,-0.0400686177424383
2010-04-01,-0.0335386411291472,0.0275355008571774,-0.0105597602150018,-0.018629451265741,-0.0217518092033213
2010-04-09,0.00362188009115449,0.0305678405291703,0.0108223307823501,-0.0022590601632837,0.023901192083466
2010-04-16,0.0514378970918727,-0.00907265818995473,0.0340678107164001,0.0571374972502561,0.0517762695237201
2010-04-23,-0.030685810703444,0.00479857950992901,0.0148598629070236,0.0397819179734347,0.00559086589730651
2010-04-30,0.0368481033979808,0.00702995184671007,-0.0105555139395168,-0.0034270082951755,-0.0030456876335565
2010-05-07,-0.00410397292838205,-0.0411139373373315,-0.0394228558667242,-0.0525045522486973,0.0171375161946745
2010-05-14,-0.0221769310459496,-0.0280219392766137,-0.00342240692087437,0.0207670128640478,-0.076301588457933
2010-05-21,0.0337613876835814,-0.0203121404539823,-0.00741136266964215,-0.0236655213895922,0.0181726005796454
2010-05-28,-0.0274742555522485,-0.00934584556235407,-0.00345975062338244,-0.00764893942375089,-0.0306558020309353
2010-06-04,-0.0543767708780711,0.00468379890230519,-0.00293685967330948,0.0134376894906207,-0.0492544991544897
2010-06-11,0.0275579440636573,-0.0160712461290844,0.0119602754629708,0.0441066355594479,0.0114091368778499
2010-06-18,0.0316816359801155,-0.00223710322413684,0.0154676042186344,-0.00103615380496169,0.046545797801369
2010-06-25,-0.0577700720644136,0.0183083493532212,-0.00417101751733817,0.000690888480093577,-0.0119827141826478
2010-07-02,0.0667387420471739,-0.0163506318114948,0.0059903812420643,0.0181356135370949,0.0667620746065198
2010-07-09,0.0304386028768304,0.00807015363694319,0.063141804817417,0.0630751308520292,0.0707340508073706
2010-07-16,0.0506601826221802,0.0227438722169309,-0.0058679874979255,-0.0202612442305536,0.11491359322843
2010-07-23,-0.0613769630188417,0.0123857425845966,-0.00245519396595029,-0.0260011163426794,0.0152094186635292
2010-07-30,0.0562975870188209,-0.00833003883621952,0.0343111695079763,0.0360222320298158,0.103849941352459
2010-08-06,0.0307137899708083,0.00134825419310225,0.0061567800448703,0.00864701050605099,0.0926956193497288
2010-08-13,0.0165293019512109,0.0165690101029732,-0.00663195230375102,0.0248792357386796,-0.0325602016968389
2010-08-20,0.0228101126088216,0.0544159157737578,-0.041485633564605,-0.066551992183876,-0.0340242736492042
2010-08-27,-0.000593647984190149,-0.0156845655036228,0.0125540110305993,0.0230046302520091,-0.0246005696983191
2010-09-03,0.0660590391482616,0.00407119032022596,0.00755456255254039,0.00129878074770673,0.0667765808502487
2010-09-10,0.0311926793956125,-0.0132925825572157,-0.00608792821484627,-0.0363436085764537,-0.00495400871640417
2010-09-17,0.100878503672788,0.0228959374835513,0.0434955059237012,0.0249223721370617,0.047793028738365
2010-09-24,0.0164254900582668,-0.03454353889102,0.0519478976745908,0.0275142770377217,-0.0263849467224855
2010-10-01,-0.113539536475612,-0.000781399474402811,-0.0632368228293982,-0.0918996511283714,-0.0946159763748495
2010-10-08,0.125920647014468,-0.00417748802286066,0.0711979440452657,0.103959421913808,0.0935737667964061
2010-10-15,0.0637099716435241,0.0268472336437284,0.0431101236537277,0.0347214419725894,-0.0207206710929224
2010-10-22,-0.00534284441049593,0.040434711640092,0.0121620287105184,0.00819298063249985,-0.0490918420330022
2010-10-29,0.0385336640022436,-0.0333281137286399,0.0218520342164075,0.0203417670567125,0.0670279655557406
2010-11-05,0.009831239688741,-0.0132384358271622,0.0380121779233544,0.0300445162353924,0.0159062828032281
2010-11-12,-0.0959058484599842,0.00867572121194993,-0.00827917206902029,-0.0241395686731964,-0.0851730552642396
2010-11-19,-0.0251257588191134,0.0305252166253185,-0.0499190671739678,-0.0417792524012013,-0.0376828600212207
2010-11-26,0.033053056103391,0.00761021513360927,0.0303301937528913,0.0332055874239394,0.00580160203953195
2010-12-03,0.0378263369106264,0.00925035389307194,0.0486555837237672,0.0387295992702388,0.129667400181699
2010-12-10,0.00223363952593747,-0.02180129068865,-0.021180234095775,-0.0319237782635007,-0.00339328455897991
2010-12-17,0.0626961288569339,0.0120617447898343,0.0200259438560302,0.0253324996915802,0.0284824078603352
2010-12-23,0.0289156866091718,0.0177038398230813,0.0383318900446223,0.0344764646278213,0.0340997480889751
2010-12-31,0.0241363285532987,0.0368139872643187,0.0322638027503697,0.0282094235041628,0.0142655771588229
2011-01-07,-0.0555698511548108,-0.0142342995121529,-0.0261690382934745,-0.0307125367255798,-0.0258263995598984
2011-01-14,0.086486028934468,0.0278117577842405,0.0352754310149566,0.0486442692192721,-0.000969462024547951
2011-01-21,0.0130170291298928,-0.0131142159870672,0.00407982827546061,0.00687289536656976,0.0641747304344742
2011-01-28,-0.020365737505637,-0.00417728112299454,-0.0101415334116162,-0.00687289536656976,0.00151492227124539
2011-02-04,0.0521857531705701,0.00695251931488183,0.0250763625296688,0.0163118905042037,0.0333463466141009
2011-02-11,0.0404387228496583,-0.0043976320913961,-0.0122830110697594,-0.0133983509127313,0.0154005658955416
2011-02-18,0.0045895932284985,0.0299348430301682,-0.0344861760711694,-0.0435145152137117,-0.0529944917113747
2011-02-25,0.00316511605889502,0.00874149647171407,-0.00182915726873567,-0.00637382718749269,-0.0572478424804252
2011-03-04,0.0129079064103337,0.0179149011953808,0.0304720232209679,0.0113338478915059,0.0304398898480276
2011-03-11,-0.0898829925889135,0.02660476507012,-0.0594487905569334,-0.0498764642533649,-0.141324686871977
2011-03-18,0.0361238309306087,-0.0478727486057924,0.0267773529596047,0.0610833772441604,0.0394973765939728
2011-03-25,0.00874004106935189,0.0603874817450736,-0.00312414110576675,-0.0295152623440176,0.0140774856987953
2011-04-01,0.0652634214955201,0.0288791112508164,0.0258008497767968,0.0103050115602503,0.0351736141782677
2011-04-08,0.0425596144187956,-0.0269837881314032,-0.0010768127386509,-0.0103050115602503,0.0488215126231717
2011-04-15,-0.0344404899802919,-0.0120648764260194,-0.0444272766726694,-0.0341718886050906,-0.069104834763114
2011-04-21,-0.00642219547199474,0.0084818149461352,0.0359518855731,0.0386411015913426,0.0716095323781234
2011-04-29,0.0224653203125706,-0.0114675153282189,0.00883445753071577,-0.0019528021142623,-0.0385705180718574
2011-05-06,-0.0992636076541418,-0.0634854350691265,-0.049867750480602,-0.0375577918022367,-0.0599342524414146
2011-05-13,-0.00550763279511823,-0.00776790271090722,0.00901583868162081,-0.00523253459259188,-0.040132101426317
2011-05-20,0.112039194477132,-0.0376256701945277,0.0318363440622109,0.0497473600414935,0.147354237230844
2011-05-27,-0.00131752324724044,-0.00837025107151135,-0.00036231884454363,-0.0139628068914757,0.0162955181594935
2011-06-03,-0.00595043078063107,0.000720245639943329,0.0248737884220116,0.0353627670097785,-0.0577505917259513
2011-06-10,0.0428358804094469,-0.0140167066875918,-0.0194527415356118,0.0132130654066929,-0.018917720072948
2011-06-17,-0.116790834277185,0.0661495520398248,-0.0398913290273013,-0.0673104310177859,-0.121700808776884
2011-06-24,-0.0441597017552064,0.0296251737634599,-0.00961092859166612,-0.0264204834571551,-0.0558248908467442
2011-07-01,-0.0446383471408307,-0.00177073597649802,0.00151371835904612,0.00293772249446178,-0.0840486233901059
2011-07-08,0.0479909299047927,0.0158245328706892,0.0222501466568206,0.0157162549187682,0.106984517040437
2011-07-15,0.042234161687932,-0.0359639473210711,0.024656531697004,0.0396315677153583,0.065810770670053
2011-07-22,-0.016172859245601,-0.000452140383178978,-0.0039768671357594,0.00746585039099035,-0.00360490657154244
2011-07-29,-0.0361529597561381,0.0185957810198207,-0.0190168466261458,-0.031908651094569,-0.0289450505750768
2011-08-05,0.0404913613547366,0.0132306229866304,-0.0169416692840212,-0.0183701885988095,0.0096190160827021
2011-08-12,0.0125472160520887,0.0325424815703377,0.00412217184795605,0.00980115602309883,0.0340242736492042
2011-08-19,0.0130952145612486,-0.0310102229851621,0.0168725612011267,0.0156542257599872,0.039426002783455
2011-08-26,0.0567285668197899,0,0.0396519777195632,0.0600097670353366,0.0422031818770083
2011-09-02,-0.00299451230255432,0.00436491296841357,0.0149086335855362,0.0047757793666845,-0.043230051725927
2011-09-09,-0.0328564694956803,0.0312993943719713,-0.0136724303375981,-0.0243815844081778,-0.0405366471078468
2011-09-16,-0.0479640592071267,0.000422055734492943,-0.0440186503318509,-0.0557713496595369,-0.018355743011873
2011-09-23,-0.0804642801450752,-0.0142358981111688,-0.0746472316783349,-0.0673146073221567,-0.0715127787785361
2011-09-30,-0.0747708024633074,0.0445727477315776,-0.0648565367230143,-0.0675696553125862,-0.0504106727388649
2011-10-07,0.0125787822068597,-0.00143371700346151,-0.0177563762406132,-0.0152119532695281,-0.00287651729061267
2011-10-14,0.0645385211375711,-0.00266801141941286,0.0921066551558791,0.0901165862080653,0.0247929789275867
2011-10-21,0.0143496741891402,0.00225804485319081,-0.0465387634671757,-0.0369091174084275,0.0147442400045676
2011-10-28,0.00881738509239405,-0.0080289148014403,0.00391067700206538,0.00315457674851505,0.019585428232384
2011-11-04,0.00114438311173171,0.0289285040802909,-0.00370447017588837,-0.00663616315547522,-0.0120977085196756
2011-11-11,-0.0266579432743894,-0.0322410859622959,-0.0391052559012008,-0.0517272376217672,-0.0319133584501001
2011-11-18,-0.0452529661995245,-0.00707604287359143,0.00192781467009784,-0.00367956968003913,-0.0304550286209828
2011-11-25,-0.0465395238332142,0.0116280508900157,-0.054305022089431,-0.0540485399957609,-0.0405086294996728
2011-12-02,0.00684348265367518,0.00658441104579932,0.0260913451484086,0.0130031058956286,0.0636405985434667
2011-12-09,-0.00170648505575866,-0.0299772522235795,-0.025639571930876,-0.038801785182363,-0.0653827592628513
2011-12-16,-0.0042789966872796,-0.00126878023343302,0.0205639789977488,0.0523272003879027,0.0177148724136815
2011-12-23,0.0607255147187047,0.0507430065205394,0.0287852408122786,0.0228173098218276,0.0634672837560721
2011-12-30,0.0426604971427151,-0.0113269940806138,0.0300679013557748,0.0409027796093246,0.0482541148400593
2012-01-06,-0.00465117117573044,-0.021174639161055,-0.00753772413142695,0.000646243017745185,-0.0438426378641772
2012-01-13,-0.0708260525686129,0.0177105252393934,-0.0251130456426019,-0.015625377666594,-0.0366789282200806
2012-01-20,0.0198189806596583,0.0168003511445187,0.0230091105092578,0.0230268202817596,0.0136056520557784
2012-01-27,0.0482838646240227,0.00120356200273353,0.026601734871603,0.0324899045844411,0.0584543250808878
2012-02-03,0.00427600262799199,-0.00865803827031719,0.0110137764355738,0.019668715548093,0.0206429348527513
2012-02-10,-0.0199810761109385,0.00262544391744512,-0.00284379635081056,-0.0265202283836974,-0.0476557340988197
2012-02-17,0.0157050734829465,0.0368286254044374,0.0308456258993042,0.0383188643021368,0.0219789067187754
2012-02-24,-0.00155945450706874,-0.00819839075096596,0.00903206611350438,0.00330282868459264,-0.00466926918368404
2012-03-02,0.0280841692583262,0.0186412690896134,0.03778376375221,0.0686330420842074,0.0453670323850632
2012-03-09,-0.00761618304530831,-0.0306694255269644,0.00263158046605572,0.00363184732672384,-0.048883347787819
2012-03-16,0.028637978187529,-0.00576942581881035,0.0312323269851857,0.0431171501098788,0.0507451990052354
2012-03-23,-0.0401721314328158,-0.00640517035286958,-0.00602246550646779,-0.00374630865749559,-0.0267687991128946
2012-03-30,-0.00387447210755809,-0.0330710121801863,0.0269090728266344,0.0412294496191237,0.0098860120741433
2012-04-05,0.0218860722720651,-0.0177996537235829,0.0218549410571045,0.00819882036847996,-0.0342538780118042
2012-04-13,-0.0450561643609939,0.0184221629509622,0.00191587622828582,0.00990231269563235,-0.0237729103525028
2012-04-20,-0.0269796915965435,0.000207416990511078,0.00693604306609696,0.0254441572746806,-0.0125077281194441
2012-04-27,0.0640281868575494,-0.0175737251017729,0.0339764293515135,0.0513671690027442,0.0421365989893463
2012-05-04,0.0140659988757479,-0.0263032120176767,-0.014638101031542,0.010936728458649,-0.0618174310232105
2012-05-11,-0.0854682461860117,-0.00195205330509474,-0.0493326841881636,-0.0500638425668916,-0.0183874800212678
2012-05-18,0.0442372086633416,0.0372899277604359,0.000711997182089696,0.0166489403524297,0.159498768168559
2012-05-25,-0.0939735439957774,-0.0158114391353399,-0.0165055774402303,-0.0207938011744737,-0.0221786949439222
2012-06-01,-0.047796707940174,0.000424860194939036,-0.0276954886378284,-0.0368292133882608,-0.104952102337875
2012-06-08,0.0809489152570739,0.0183105448656455,0.0592123854864983,0.0857008155208252,0.0289758702357519
2012-06-15,-0.0314250911708251,-0.0315670608500431,-0.0358678826829966,-0.0469189085257478,-0.0334776171467031
2012-06-22,0.0196503546262923,0.00643640917731947,0.047196979888966,0.0286042667550053,0.0994777827703821
2012-06-29,0.129186094069896,-0.00299848986500439,0.0475514671201758,0.0326369293130222,0.0931811892564935
2012-07-06,0.100030350402213,0.02248233736338,0.0683426298276357,0.078488938256327,0.0683160525101849
2012-07-13,0.0166781717813596,-0.0169208779252319,0.0136431946823068,0.0360267754950589,0.0621660407839402
2012-07-20,0.0870665083400866,0.00637892887634361,0.067977333672447,0.104951362833515,0.113551344602094
2012-07-27,-0.0320421743445864,0.0138920487779801,-0.0425719838440513,-0.0285813563897923,-0.0491612905422203
2012-08-03,0.014299280011417,0.00313054626765563,-0.0167643501062367,0.00717523423785948,-0.00754509657369429
2012-08-10,-0.012422519998557,0.00519589661468789,0.0316449193448234,0.0241647445910127,-0.00675488073649255
2012-08-17,-0.00187676001285997,0.00393089144308689,-0.0227786804839623,-0.0408602333003394,-0.0122177965333563
2012-08-24,0.00468531233489955,-0.00996062988017421,0.0390250488435537,0.0202639484458826,-0.0080367826376424
2012-08-31,0.000623052979656258,-0.0151295432673484,0.0154200656763779,0.0253598989267232,0.00287769982761521
2012-09-07,-0.00970121831529092,0.0687246581770777,-0.018734906212611,-0.0287402755318178,0.0168119075769431
2012-09-14,-0.022258470600943,0.00453608567297348,0.00273913528141456,-0.0132552600191254,0.014308001136861
2012-09-21,-0.0383464973205809,-0.0120757797095603,-0.0683657800909634,-0.0795185895635173,-0.000278590334716888
2012-09-28,0.0106348626122434,-0.0278693691280614,-0.0128773790964507,0.00514669175176863,0.00583416017931881
2012-10-05,-0.0109690313705739,0.00795521668933841,-0.0314062291082795,-0.0255810718100635,-0.0511475111669411
2012-10-12,0.00633018938736551,0.00688399931248185,-0.0188684843043827,-0.000843044125931947,-0.000875018285376505
2012-10-19,0.0115570049733735,0.0191852525687111,0.00768794168515452,-0.0223866086447648,0.018216493321864
2012-10-26,-0.0316851585121682,-0.00635429494737583,0.0174451201705805,0.0413910571413316,-0.0100792789947022
2012-11-02,0.00236926832780604,-0.000597763870186618,-0.0221817562211548,-0.0156367203413028,0.00086793004146557
2012-11-09,-0.00101471343054627,0.0025878142781961,-0.0503631098338913,-0.0566270143803642,0.0251298203909167
2012-11-16,-0.016033091186789,0.00317587820296872,-0.0485061136065221,-0.0574331572775959,-0.0562630250321794
2012-11-23,0.0251286566712743,0.0219530214783257,0.025340399451494,0.00937653363616597,0.0115676805236653
2012-11-30,0.00334784376968411,-0.0174053363435975,0.0139984788063794,0.0316903391316874,-0.0035450554113492
2012-12-07,-0.0205983983834761,-0.00673002127881883,0.0230171617885873,0.0181436406366409,-0.000592066328722218
2012-12-14,-0.0192909874794411,0.00811003570587765,0.0160030367097423,0.021085793378659,-0.0525877121973171
2012-12-21,-0.0235801880857496,0.0185424843242545,-0.0445960972452104,-0.0588603001740458,-0.0112995552539337
2012-12-28,-0.0114614435190061,0.000966463830122777,-0.0047289693172905,-0.0141615264790369,-0.0168713217127632
2012-12-31,0.0061052443184817,0.00385654179130768,-0.00369361074220809,-0.0167397659939201,-0.000963545923271525
2013-01-04,-0.026116827161931,0.0232082180445623,-0.021192138475369,-0.0547278554944253,-0.0403267230143438
2013-01-11,0.041042477378606,-0.0178338311580992,0.0254122959607646,0.0122302629789397,0.00998676742290083
2013-01-18,0.0261111440036865,-0.0442256307196232,0.0031534714289716,0.0276469909521495,0.0472274048714381
2013-01-25,-0.00932166252713618,0.0107464206620858,0.0081874858554416,0.00481464586628277,-0.0188173308696449
2013-02-01,0.0209377822103649,0.00631411267085191,0.022812068881092,0.0279440825803663,-0.0149208087622057
2013-02-08,-0.0373745921967492,-0.00512721720819975,-0.0148631761545479,-0.0136376867209211,-0.0115038244814842
2013-02-15,-0.0145625020628186,0.000395359185707989,-0.0194653347881033,-0.0312600596236923,-0.0186858957011822
2013-02-22,-0.0122391736590446,-0.00118648640997598,0.025471358848316,0.0418571211478724,-0.0374035709498619
2013-03-01,0.0480827858391955,0.0280939158458073,0.00222165348150938,0.000936534615534335,-0.00245055260039795
2013-03-08,0.00137978635205371,-0.0186412690896134,0.0296018923313275,0.0203852747622451,-0.0331403925023048
2013-03-15,-0.0114405824018933,-0.0140138600045967,-0.0562424576248741,-0.0404781389956579,0.0467176245674601
2013-03-22,0.0128184675665013,0.003373317416,0.0101169535503418,0.00119317521509288,0.00929278757545937
2013-03-28,-0.0436228150520472,0.0211689366691639,-0.0251309245322755,-0.0356876852448815,-0.0592766099295403
2013-04-05,-0.100140236413633,-0.0225565505179182,-0.0310887137285238,-0.0321474654647957,0.0162253424291263
2013-04-12,0.0458332644828952,-0.00138960261970134,0.0369444664207439,0.0212129782978021,0.0222820889686108
2013-04-19,-0.00991995925668299,0.00396511230085839,0.0107348149200446,0.0300292846908556,-0.00807730467029355
2013-04-26,-0.0123458358222992,0.0118018680446816,0.00174886368463945,0.0132484175058485,-0.0289771660650029
2013-05-03,0.0826670680011823,-0.0482721261230523,0.0168071183163816,-0.000239334943602287,0.032145624973416
2013-05-10,-0.0169403943008524,-0.0113508599546526,0.0225950324279065,0.0614971625620511,-0.0205973190784832
2013-05-17,-0.0522311922254453,-0.00875548998651876,-0.0270723948240947,-0.044175532744533,-0.01956584155388
2013-05-24,0.00687025603075231,0.00979272690694089,0.0189765503021668,0.00726595494078186,0.0206416888873431
2013-05-31,0.00720109232701738,0.00599490046376783,0.0226045622973983,0.0434155444741089,0.0114042575973485
2013-06-07,0.00639941954304568,-0.00973397381830932,0.0120136390998642,0.0117818140025108,-0.0131979800513751
2013-06-14,-0.0170297398448023,-0.00940937417892673,-0.0077182417801982,-0.00398580635877455,-0.0225136596876254
2013-06-21,0.0102526054719592,0.0187310367060629,-0.0154500955162211,-0.00667856426819124,0.0250239712085039
2013-06-28,0.0261014071992465,-0.0258995132699154,0.0466113314965222,0.0908940312471067,-0.0735570990058738
2013-07-05,0.00806455983672993,0.0316560830895876,0.0149090786981434,-0.00245044373573577,0.0114987851875901
2013-07-12,0.0241670913993284,-0.000820332088649955,-0.0157083753596732,0.090633909863417,0.029292368456165
2013-07-19,-0.254271652686573,0.00102532564351865,-0.047487638444192,-0.104427257127223,-0.0164182792469534
2013-07-26,-0.100470530363634,-0.00143571286085464,-0.0993599589048193,-0.114291021284679,-0.0216779738245396
2013-08-02,-0.0330608622608874,-0.00948657561308597,-0.0139888507032842,-0.0432165583203661,0.0156402196336192
2013-08-09,-0.0217688447497224,0.0152172252665892,0.00729861946792276,0.020178426257468,-0.0417371242011857
2013-08-16,0.017030746914938,0.0113637709657217,-0.0438332364226222,-0.0282184703841528,-0.00395413721998139
2013-08-23,0.0448875973734069,-0.00647778015553779,0.0619416395918506,0.0579735342767274,0.00553142461322942
2013-08-30,-0.00100959120135258,-0.0032546939498026,0.042132250939658,0.0776960378234905,0.0136961640074116
2013-09-06,-0.00709582298146927,0.0239569070164096,0.0090877941071037,0.0292559929427778,-0.012908452269162
2013-09-13,-0.0882143568228555,-0.0033874938965992,0.0353792345904846,0.0288275217868845,-0.0114830008549971
2013-09-20,0.00221975673831309,0.00557323860372971,-0.123910080058593,-0.182563463375251,0.0290444277849442
2013-09-27,0.00662985853866971,0.0180965054821751,0.00341556309280922,0.0156009406710274,0.0553084337481513
2013-10-04,-0.0239632530870306,-0.00156064757279673,-0.0189316295700879,0.0267873021964125,0.00583943265155895
2013-10-11,-0.0228190163586026,0.00584000088594294,-0.0220561297776189,-0.021798561314907,0.00761286982872189
2013-10-18,0.0188630914482992,0.00831161205536635,0.0191561760778294,-0.0286042667550053,0.0193139050825275
2013-10-25,-0.00340329313170784,0.0205760505846975,0.00675352301577981,0.0321524668111026,-0.0214831033300724
2013-11-01,-0.0294054049166066,-0.0037785800599579,-0.0265019407455069,-0.0699209612553569,-0.0338641118134557
2013-11-08,-0.00117096032114983,0.00245767745971559,0.0311067071322553,0.0670833801970803,-0.0273261784684706
2013-11-15,-0.011193047638538,0.00752449032418578,-0.0197184041967962,-0.0283400041413495,-0.00811285114235805
2013-11-22,0.000592241651897751,-0.0145353218292321,0.0300022503037987,0.0412798392213869,0.00772801373141263
2013-11-29,-0.0167168071945056,0.0150974742152306,0.0128013796355946,0.0651519793491389,0.0084323995245974
2013-12-06,0.0208527067385536,-0.0154778701879916,-0.00826450984989346,-0.0205782643146861,-0.027473192379027
2013-12-13,-0.00828897581895482,0.00341813430429205,0.00150772738701388,0.0342815517035149,-0.0302691368546988
2013-12-20,0.0298704491827122,0.0049167565879582,0.00862559257507822,-0.0358476817791535,-0.00771264225056001
2013-12-27,-0.0133606402189006,0.00994855474773981,-0.00561694043718486,-0.0020172457317269,-0.00736199644106872
2013-12-31,-0.0129489743408024,0.00484438347586469,-0.0143724107882086,-0.0181123352550721,-0.00617667189172888
2014-01-03,0.00354820005609735,0.0132941620505989,-0.0178730615347105,-0.030621766334483,0.000825763878467001
2014-01-10,0.0216066799642096,0.00293036031292093,0.0111840733839141,0.0248937178395749,-0.0625869255703044
2014-01-17,-0.0204267388243613,0.0263506248902976,0.00973197262138203,-0.00160977888553049,-0.00971310064649966
2014-01-24,0.0128882861923527,0.0214985393069371,-0.0244125530640256,-0.0204610431961436,0.0031007776782479
2014-01-31,0.0104227926760947,-0.0121021620064123,-0.00155793605026489,0.00093917332070248,-0.0169495583137733
2014-02-07,0.023342932934356,-0.00335842015010979,0.0372999154319134,0.0465413225643454,0.0383898895516426
2014-02-14,0.00224845513501037,0.0098662473357205,0.00449607351617409,0.00803218537001449,0.0357180826020791
2014-02-21,0.0172562033132628,0.0135819387926341,0.0245558355139961,0.0128065072656662,0.0186225120980019
2014-02-28,0.00988475923254128,0.049926009704361,0.0312413199391077,0.0262004947976511,-0.0177874389805801
2014-03-07,0.0500903853901855,-0.0589601436839926,0.0301232840013821,-0.00621717924032694,0.0759248277071896
2014-03-14,-0.0183587637241418,0.0138650401371718,-0.0575418997313584,-0.0350145178451013,0.0658674249876254
2014-03-21,0.0141920910292956,-0.00864309615602021,0.0235220468606974,0.0152505860893024,0.0043368336856231
2014-03-28,0.0267781190813929,0.0172121288811216,0.019506813065358,0.0270491448614427,0.00324032686761022
2014-04-04,0.0196232711841393,-0.0238311876274988,0.0256005734322367,0.0225867379356206,-0.0377265029387797
2014-04-11,-0.00649839827455434,0.0125045255225364,-0.00732105083145651,-0.0130254198853574,-0.0142859572474761
2014-04-17,-0.00755100491921734,-0.00449756266468082,0.0342660329772695,0.0320460093253114,0.0458830016593028
2014-04-25,0.024458419108508,0.00553253873309512,-0.0106242699202292,0.00469919819673503,0.0129358613036734
2014-05-02,-0.0259754864032606,-0.0491177819382331,-0.0115821689200901,0.00122225741907123,0.0106535098517906
2014-05-09,0.0220229120874373,0,0.0135828364763873,0.0127441549142668,0.00879203834757547
2014-05-16,-0.0435071143820114,-0.00108721994353278,-0.0242763101822945,-0.0353928473907716,-0.057282000319745
2014-05-23,-0.0114405824018924,-0.0116703794463158,0.0338901750466905,0.0455919280454991,-0.0327898228229904
2014-05-30,-0.0259617230097584,0.0109450196333487,-0.0147904648854427,-0.00478659440555518,-0.0394659539503168
2014-06-06,-0.0145987994211527,0.0167315006664825,-0.0245754254172104,-0.0255126327232391,-0.0144522788450061
2014-06-13,-0.0264916154469761,0.0519710721257791,-0.0216815361585567,-0.0412408252968977,-0.0535731168245137
2014-06-20,0.0138852550213908,-0.000338831446282661,-0.00703856504273404,-0.0187687132390701,-0.00128068320599173
2014-06-27,-0.0228740795898243,0.0313567845181861,0.0114126425266772,0.0228211746527354,0
2014-07-03,-0.0604835482463342,0.0179012103292404,-0.0313883379503208,-0.0497484516277789,-0.0299176876498688
2014-07-11,-0.042246870084738,-0.0386402365011662,-0.0685940525004547,-0.0580273555092257,-0.0984400728132524
2014-07-18,-0.073963661597154,0.0166254868461335,-0.0963332767885641,-0.103570856268556,0.0334319578656892
2014-07-25,-0.022472855852059,0.0481226064422895,0.0297217357042099,0.0454916224486501,0.010745256388196
2014-08-01,-0.0293522120125269,-0.0113781442413954,0.00226593978918732,-0.0267361564910358,-0.00699466596252751
2014-08-08,-0.00212992625782515,-0.0306623982974621,0.0558200700976901,0.0254790853009847,0.0276898170654629
2014-08-15,0.0390293439057352,-0.0128650752738615,-0.152983818551338,-0.0234167287938796,0.00363471549633587
2014-08-22,-0.000683760710399994,0.00826587579234594,0.0559987595894365,0.109652095273117,0.00135961951603925
2014-08-29,-0.017943890701555,0.0263215052274033,-0.0678602125257628,0.0142074165516073,-0.00317532587052405
2014-09-05,-0.0354395698583208,0.0243953563441099,-0.00367816506632845,-0.00776612828083145,-0.0346695226245686
2014-09-12,-0.0218827112495079,-0.0219928564960199,0.00505399651472427,-0.0666044144402385,-0.0646012386890984
2014-09-19,-0.0223722977545329,-0.00416796954265219,-0.131046594380116,-0.230215045424461,-0.0488403410429212
2014-09-26,-0.0259754864032606,0.0179897996578893,-0.0500841043974116,-0.0535530879697541,-0.000527009234859044
2014-10-03,0.00077369442931019,0.0246233232674919,0.00219478826101405,0.00260074196362758,0.0239594794424258
2014-10-10,0.0327149753247342,0.0152768024077634,0.0111733005981254,0.0967848528395061,0.0259095011443433
2014-10-17,0.0410614867977737,0.00090928423698422,0.0312150193479246,-0.0262779765213388,0.0345031760796699
2014-10-24,0.014265577158822,0.0192024917357365,0.0266958965969142,0.0578977954173228,0.00338573479413107
2014-10-31,0.0651137805733084,0.00740195829566748,0.0682082500265331,0.105074888909382,0.0280903973078868
2014-11-07,-0.0248585188537138,-0.0160574185999485,-0.0059901940230036,0.00359249528648586,-0.0343873423094765
2014-11-14,0.0380426254458506,0.0201786899882954,-0.0186785296983851,-0.027263794777463,0.0856336872381105
2014-11-21,-0.0238579904538936,0.00410435619873351,0.0174761729345621,-0.0039562230795438,-0.0239235061092424
2014-11-28,0.00801607498823564,-0.0119197581272221,-0.0223853629608,0.0330114763195661,0.0533697118316327
2014-12-05,0.0151868220914277,-0.0265522422026567,0.0194937946810008,0.00789512831772221,0.0535428194752923
2014-12-12,0.0379344744669785,-0.014701605657951,0.0108005370077162,-0.0395861237691717,0.0299254032960414
2014-12-19,0.0353306037009933,-0.00805458530202596,-0.0161235594966307,-0.0414930049424678,0.00754121454413603
2014-12-26,0.0103000001780709,0.0245788102648872,0.0163622514657789,0.0436022024133296,-0.034597175412225
2014-12-31,-0.0437396483833634,0.00574973263253309,-0.0273393100969299,-0.0405806204020349,-0.0349889918500654
2015-01-02,-0.00315358192606929,-0.000150849620712101,-0.0165701825186382,-0.0224666391305179,-0.0145177613862177
2015-01-09,0.0113066531157022,-0.0311112168773207,0.0477208359620303,0.0202699926754342,-0.0305700660846782
2015-01-16,-0.0336646588470417,-0.0390464399113988,-0.058501935748315,-0.109093504920949,-0.056558619838162
2015-01-23,-0.00064620357660683,-0.0269044495757988,-0.0193439475297765,0.0161170820170815,-0.00517526443255889
2015-01-30,-0.0442754838149053,0.0294909958049567,-0.0121527028943706,-0.00483824989249015,-0.0527839778934061
2015-02-06,0.0416864856050001,0.00787969555978218,0.0129234158419615,-0.00151676051907845,0.0471075198886011
2015-02-13,0.00388098805370785,0.0248371738391686,0.0173120413263517,0.00876533941122748,0.0113208756244818
2015-02-20,-0.00517800509675226,-0.0208406853470136,0.0087951314528274,0.0447265263792707,-0.0436206224758902
2015-02-27,-0.00194868525452652,0.00826190314015385,0.031036973995576,0.0176844657189745,0.0141087234495698
2015-03-06,-0.013748170717057,-0.0214305733625277,-0.0512549990410687,-0.0483662003714596,-0.0633154368819744
2015-03-13,-0.0139398208141097,-0.00242777501988023,-0.0112966541510788,0.0029629651306573,0.0462626484992557
2015-03-20,0.0289875368732524,0.0260711268845517,0.00566427879009623,-0.0423023796906898,0.0409202697893623
2015-03-27,0.0154642256975812,0.0266391253035589,-0.00669760360433536,-0.00805708147932016,-0.0428878060856732
2015-04-02,-0.0115756919578889,0.0024565890074566,0.0191993610220127,0.0181907098979712,0.0546112697817325
2015-04-10,-0.0248866805794661,-0.0262579578094728,-0.0356166678664307,-0.0568887880183118,-0.0183491386681967
2015-04-17,0.0072679540278715,-0.00631714027947616,0.0179668939313524,0.0185842826329647,-0.0627041805112629
2015-04-24,-0.0409865900271695,0.0211623223799426,0.00103172565251963,-0.00127062880057949,-0.0173385271622735
2015-05-01,-0.0131172056812359,-0.077370616265406,-0.00128982347302564,0.000317832834729082,-0.0334759291963893
2015-05-08,-0.00348068572780225,0.0154654910837095,0.0163854152321292,0.00158755385183174,0.0137350283901521
2015-05-15,0.0193376191501589,0.00674285207199876,-0.0322566993415068,-0.0384850222644628,0.069901867109448
2015-05-22,-0.0151622477396778,-0.00262592571373066,-0.0308946009209325,0.00296304550634829,0.00828262956686387
2015-05-29,-0.0238943201994362,0.00131382479234965,0.010493840412102,0.00491884887469585,-0.0771357288822268
2015-06-05,0.0252822454742843,0.00327707984577774,0.00400695073315394,-0.00262043485207641,0.0805263836200876
2015-06-12,-0.0210238997917074,-0.00245680252964497,0.00239648630205291,0.0401789548864615,-0.0259627612475359
2015-06-19,0.000707964631340374,-0.00361428399559038,0.0329613935534452,0.0177991028583566,-0.0307406417780554
2015-06-26,0.0860673127231477,-0.023311079816116,0.030912012827315,0.0547999284254432,0.140607119356587
2015-07-02,0.0864159616698652,0.0188575447490029,0.0422580885918649,0.0460937655013991,0.0409464865484805
2015-07-10,0.0177100260380501,-0.0251101230775506,-0.00167564371941964,0.0237777477535861,-0.00728210542918628
2015-07-17,-0.0165195497069748,-0.00560995747206938,-0.0279381707982482,-0.0134783882153906,-0.0484462852114351
2015-07-24,-0.0683132350662623,-0.025029356323726,-0.0234307827699496,-0.0176007291559381,-0.0793284622058854
2015-07-31,-0.0563344746150278,0.0185302947755455,-0.0106491878593955,-0.000563805177534071,-0.0247292522454741
2015-08-07,0.00470589103741315,0.0262482266175654,0.0283974352639467,-0.00565612357870648,0.0222836653087954
2015-08-14,-0.0237540860081076,-0.00754973822094573,-0.0306942335174778,-0.063518090791427,-0.00786631391598203
2015-08-21,0.00342818299406833,-0.0205876698703671,-0.0778096381903799,-0.0121619014230996,-0.0139167256001294
2015-08-28,-0.00549074818041628,0.00753550992545549,-0.0133446517422318,-0.0169678607462611,-0.046091107200267
2015-09-04,-0.0385877407765278,-0.0421664402599937,-0.0180744824401948,-0.0236119899092415,-0.0411933073337218
2015-09-11,0.0690882412834091,0.00088944233967414,0.0118981573598731,0.000636981572593065,0.0380436984308252
2015-09-18,0.00731629469068462,-0.0332641370510061,-0.0233628859733379,-0.0163701490786146,0.0233837622668638
2015-09-25,0.0306712459704874,-0.0170564244535685,0.0250511249787051,-0.000971305846285908,0.0422385562081855
2015-10-02,0.000642467095661736,-0.0828045604341394,-0.0170120348850791,-0.0336000382188031,0.0107738554385488
2015-10-09,-0.0168397761763144,0.0606843417364455,0.013068367802096,0.0277520089053969,-0.00782400079212753
2015-10-16,-0.0158001970311883,0.0388089060460413,0.0140136822480468,0.0164812460714288,-0.0339523375876807
2015-10-23,0.00793130396927744,0.0366499877155366,-0.00306620449286132,-0.022363576081891,-0.00356143851381674
2015-10-30,0.00656170333328898,-0.0126662575389744,-0.013208004289984,-0.00229700579103209,0.062242308877221
2015-11-06,-0.0244964251653554,-0.0315517876845082,-0.014245255136049,-0.0289971377963187,0.00239177344347041
2015-11-13,-0.0403473529355347,-0.0320057431701004,-0.0141600400904789,-0.0236111033896842,-0.0539875939262044
2015-11-20,0.0138602357421114,-0.0074892801597457,-0.00174774294416036,-0.0202874671073188,-0.0147322959170673
2015-11-27,-0.0110727774912585,0.0162511944734254,0.0179143767995074,-0.00212241363716625,-0.0476904620011398
2015-12-04,0.046235291103951,-0.0589783980074836,0.0371037502033777,0.00951553332088739,0.0117397292805226
2015-12-11,-0.00867539641926918,-0.0229942339384888,-0.0396843967968694,-0.0463028822637774,0.0241101825464032
2015-12-18,0.00401338331345791,-0.0107616554382313,0.0243914531241591,0.031817534270564,0.00825172294368492
2015-12-24,-0.027065251508561,0.0872194624435751,-0.0192368025354943,-0.0436432897319063,-0.0403512955235668
2015-12-31,-0.0159007843748817,0.0352228002712032,-0.00458059776004127,-0.0176266041778668,0.00533334597536239
2016-01-08,-0.00488998529419238,-0.0217744009349277,0.00942460210287877,0.0135289783437775,0.0179235161889046
2016-01-15,0.0173555206707539,-0.0409003681483187,-0.00056866649243581,0.01039748794682,-0.00997645449637297
2016-01-22,0.0190871506975157,0.0348614514303378,-0.00284819332388775,-0.00816032776565034,0.0036871255888089
2016-01-29,0.00471540112523794,0.0241246377881019,0.00653875819409055,0.0144206379199927,0.00785549994030887
2016-02-05,-0.0169438143729126,0.00552792992817164,-0.0168599507343652,-0.0275417258826902,-0.0264285995039222
2016-02-12,-0.0193242728264025,-0.045872750056998,0.00603363416413139,-0.0113853222251254,-0.020016897706256
2016-02-19,0.0186405121160025,0.040898967717748,0.00628214516079062,0.00949674753725738,0.00924673436377343
2016-02-26,-0.0305579332176515,0.0159388042359634,-0.0268298222091765,-0.0279872114736497,-0.0408896741250313
2016-03-04,0,-0.00876235550193005,0.0179662902714837,0.0400129563012701,0.0256138724439143
2016-03-11,0.0319249874291838,0.0249876975739767,0.0199039837839265,0.0159350701700234,0.032452820895343
2016-03-18,0.00272851465320478,0.000178767252934975,0.0106413773702636,-0.0200526356574828,-0.0144735842073409
2016-03-24,0.00814115758369915,-0.0288402380813988,0.0143807788052293,0.0321119371692129,0
2016-04-01,-0.0442060925044956,-0.0213901942725974,0.00847578553211381,-0.0109570129573617,0.0271654520900251
2016-04-08,0.0230376680670172,0.0104732123538245,-0.0016348777483417,0.00512830579630741,-0.0331226860630718
2016-04-15,0.0438814916767116,-0.0218176329831277,0.0419231060999659,0.0779888781325369,-0.00108695662875657
2016-04-22,-0.0179944875372389,-0.0527054643856451,0.031912126382081,0.0520196871568368,0.0156463941844667
2016-04-29,0.0485659740552773,-0.013114280718189,0.0338677787311834,0.0633949208252007,0.0232814748225589
2016-05-06,-0.0371984160056469,-0.0194818016746554,0.0051288426019731,0.0270327046330374,-0.0531668828564964
2016-05-13,0.0158314652166807,0.0221184897502207,0.0276293851435288,0.0564091069385952,0.0255935559523959
2016-05-20,0.032198531679354,-0.0194300002757428,0.0180819767449369,0.0841680343359599,0.00589655956684343
2016-05-27,0.0452229425143083,-0.0112151215259138,0.01133877704138,0.0248975356970984,0.0289722660839811
2016-06-03,0.0132372570666961,0.0190324576643821,0.0410244590666444,0.0286467912531849,0.0321866864959013
2016-06-10,0.0112928391793439,0.00368171374243875,0.0400443070407119,-0.000724345793809533,-0.00453515516539138
2016-06-17,0.0342757921196837,-0.0478820306911203,-0.0160414091082544,-0.0160704850142377,-0.028170876966696
2016-06-24,-0.129704182220262,-0.0175007302556827,-0.0499551374420832,-0.0812707252269274,-0.0566390682037623
2016-07-01,-0.0854757320124024,-0.0151534557378907,0.0579010613493942,0.074868324233397,-0.0884617761035784
2016-07-08,-0.00924944338770572,-0.00666077071961002,-0.0699864894843953,-0.0666487206757571,0.0107527917762615
2016-07-15,0.00712253723319911,-0.0116514462945165,-0.0159559403163296,-0.0248643158994311,0.00946192748112651
2016-07-22,-0.0502106189537237,-0.00882863553197488,-0.0635134057223263,-0.063420163342176,0.00117647072392923
2016-07-29,-0.00149365225678277,0.0280255991302125,0.0255040797553416,0.00947326658327707,-0.0420229897748481
2016-08-05,-0.0311220563717303,0.039875324845875,-0.028240059574216,-0.0414174461921073,0.0200310187601405
2016-08-12,-0.00618718137725605,-0.0115386417250303,-0.000498256113945494,-0.00867358204475455,0.0155041865359653
2016-08-19,0.0365615741627554,-0.024144676068496,0.023397200781532,-0.00874947178607144,0.0105945664313962
2016-08-26,-0.0553561759403225,-0.0285861765523459,-0.0359349778580134,-0.0270286343834636,-0.107444392421314
2016-09-02,0.000790201542501201,-0.0826135987492274,-0.0227137492234935,-0.0236268659673566,-0.0270911843880111
2016-09-09,0.0417694128762944,0.0271861699383482,0.0292530079384647,0.0301434928640836,0.00734070697059508
2016-09-16,0.0209902758918359,0.0327434593393559,-0.0318376565729981,-0.0301434928640836,0.0699675736154237
2016-09-23,-0.00148478126757912,-0.00557750430201054,-0.0114524937317872,-0.0337147796625539,0.00371287555242628
2016-09-30,0.0007426662056913,-0.0812863910444133,-0.00104766903244347,-0.0179645352163869,-0.00681750393872349
2016-10-07,0.00886923774077975,0.029637317503858,0.00287845285752475,0.00234706631476556,-0.01819943548327
2016-10-14,0.0417928255395363,-0.0604405737604878,0.00599194185612717,0.00401063940571689,0.06438018054663
2016-10-21,-0.0049522563184663,0.0532985808985238,0.0210750539852276,0.022102210425019,-0.0155598591070314
2016-10-28,0.00706716722309242,0.0297075213327007,0.0183953782354029,0.0352600629564801,-0.014581060275292
2016-11-04,-0.0177624563398409,-0.0142566001163074,-0.0199224846660533,-0.0271365414350004,0.0139777420066149
2016-11-10,-0.0151682214731714,0.0171315714894096,0.00761231790619643,0.00773696290190884,-0.023200063748928
2016-11-18,0.00580553154532115,0.0359488680488678,0.00479133434582923,-0.00321647115397905,0.00799758184641686
2016-11-25,0.0107953549293462,0.0221394694715116,0.0512429786563269,0.0329560692948396,-0.03048447564304
2016-12-02,-0.0342224878244863,-0.0230630296963357,-0.0178446982544793,-0.0319899822527105,-0.0210668499677196
2016-12-09,0.0434851119397388,0.00460936522049593,0.00968530573446369,0.0213349331747761,0.0323735030834218
2016-12-16,0.0105821093305369,0.0325746833378195,-0.000723152978362229,-0.000945588070358383,0.0222368643744204
2016-12-23,-0.0299167610379927,0.0198331759725026,-0.0471517675037783,-0.0291174178186484,-0.0392451483937863
2016-12-30,0.017915205053229,0.0378938893518024,0.00755480803013686,0.0157838481949799,0.0361861065467037
2017-01-06,0.0169018108026036,-0.0357142894771414,-0.0105927850502141,-0.0174085439219818,0.0366958466090832
2017-01-13,0.00139567363897442,0.0317147180276933,0.0557205990703213,0.0781647728493367,0.00647632525612618
2017-01-20,0.0308984415512343,0.0144489873237887,0.0236977914298233,0.0475721285929556,0.00526779093485885
2017-01-27,-0.0198026272961798,-0.0161378589848775,-0.01724384288908,-0.0164815415229249,-0.0182626577912268
2017-02-03,0.00755757633607956,-0.0121161684701141,-0.0214336922851421,-0.0338010054985407,0.0229219556786457
2017-02-10,0.025009752326465,-0.00428633312461635,0.0306831356728487,0.0311736681574803,0.0426564526506059
2017-02-17,-0.0168297476145343,0.0130163066428652,-0.0253420207662192,-0.00733463741502582,-0.0179780122954085
2017-02-24,-0.011608187705999,0.0482145463996719,-0.0185733589431329,-0.0247441999498577,-0.0223569071012761
2017-03-03,0.0291052693459664,-0.0648887639679563,0.0132322440365034,-0.0075746464039792,0.0057803629154991
2017-03-10,-0.0457261505820066,0.0139143850085226,-0.0303989798241329,-0.0128559521723357,-0.025687343482379
2017-03-17,0.0261903322521908,0.0145618148274185,0.00375704887771189,0.0131600607539708,0.0314344857379467
2017-03-24,-0.0310905870700307,0.0229895313029136,-0.0245488729214127,-0.0330735803712026,-0.026714712964595
2017-03-31,0.0222077134924534,-0.0177654047759104,-0.0309638370088461,-0.0312825323681816,0.00411160637969221
2017-04-07,-0.0131262679142123,0.000833384244197433,-0.00423729447551491,-0.00324781064906077,-0.00587891169977617
2017-04-13,0.0314878854463334,0.0434008981941147,0.0142294891039647,0.0323280070835397,0.0134701890310005
2017-04-21,-0.0384662808277962,0.0346855814991205,-0.0047207011349375,-0.0251966569029767,-0.0593165771564195
2017-04-28,0.00279720462106159,0.0612588573759849,-0.00606461977434769,0.00676006450627753,0.0327898228229913
2017-05-05,0.0104203791108928,-0.0728823897495054,0.0186039690270832,0.00192299926546902,0.0212773984472845
2017-05-12,0,-0.0246585128117607,-0.00938974034983886,-0.00836009880669586,-0.00586511945239732
2017-05-19,0.0292836723080212,-0.0138765915253485,-0.00104876779408514,-0.00875637880762348,0.023831409723881
2017-05-26,0.0046869854801237,-0.00609386422542713,-0.0282008579287876,-0.0170832417008686,0.00686894515304548
2017-06-02,-0.00401606965488988,0.0641182020860844,-0.00568260222186812,0.000331310609453794,-0.0201677823770332
2017-06-09,0.0394528484118002,0.00324337254048501,0.021742904593661,0.0131624147084253,0.0371365153189398
2017-06-16,-0.00971824946892141,-0.075544926554322,-0.00265886888894418,-0.0164802678524074,0.0428166387791098
2017-06-23,-0.070808134151167,-0.0207562458881565,-0.0374331743729135,-0.0245596458228983,-0.0118920320379292
2017-06-30,0.0350190262995813,-0.000839265479745777,0.0408883273118956,0.0361242884076578,0.105686726719274
2017-07-07,0.0312214000730302,-0.0369897601196998,0.0554766254373531,0.0761942319881062,0.00828262956686387
2017-07-14,-0.0454927941783625,0.0260145936939402,-0.0108518415094849,-0.0190540869780218,-0.0405996352878928
2017-07-21,0.0389310908450735,-0.0117409820430874,0.0238196042784953,0.0227004361557031,0.00905438781324897
2017-07-28,-0.0145891181761444,-0.0307448304097315,-0.00821002248092562,-0.026742063972331,-0.0372397021901634
2017-08-04,-0.0209255019730321,0.0223350246959857,-0.0528327987607708,-0.0560595126304628,-0.056119452707529
2017-08-11,-0.0158133236727256,-0.0508602876990105,-0.0145910533977673,-0.0179525893408021,-0.0346790903310259
2017-08-18,-0.0245540220558835,-0.0310066347743669,0.00213561213042102,-0.00302366724169101,-0.0543834668059429
2017-08-25,-0.038368803404186,-0.004003330982985,0.00159872136369721,-0.00269548108728657,-0.0157483569681389
2017-09-01,0.00368324541629672,-0.00757933925039556,0.00318979536810016,-0.010854861183474,0.0265075761198785
2017-09-08,0.012422519998557,0.0204736690157326,0.0152755143039442,0.0259229517055006,-0.0161825527217303
2017-09-15,0.0300451784313873,0.00395214330796723,0.0127257917872496,0.0233218196217742,0.081760961050982
2017-09-22,-0.00352983070352408,0.0348832541798485,0.0158733491562897,0.022472855852059,0.00111296616942003
2017-09-29,0.00493828164058208,-0.0224321043107389,-0.016389611428985,-0.0111733005981254,-0.00278474142643237
2017-10-06,-0.0148886124937508,0.0174905360687605,0.00412265464099537,0.0111733005981254,-0.0106533107356084
2017-10-13,0.00782643624946466,0.0160825037427417,0.0283922747014875,0.0297128973185119,-0.00906008462440244
2017-10-20,-0.0236655002792103,-0.0102450240991523,-0.0217290004323321,-0.0230683353519225,-0.0311983708558605
2017-10-27,0.0122612426818618,0.0325947982576995,-0.00358239891824663,-0.0158935319592066,0.00292997572632903
2017-11-03,-0.00143472047566018,0.0983588367133041,0.00179280365601642,0.00575077557075154,-0.00351700245290232
2017-11-10,-0.0137335009975112,-0.0542745888913228,0.00025585263028205,0.0019096317367282,0.0134151909806848
2017-11-17,-0.0014566644964642,-0.0144097596774904,0.0134673614655414,0.0116960781259534,-0.00989818852778246
2017-11-24,-0.00218898299738157,-0.00231653494080408,0.00277252855610222,0.0174458492777916,-0.0272852039226628
2017-12-01,0.00727805250485325,-0.0114504940677218,0.001006289393092,0.0134972123056292,-0.00301114349768739
2017-12-08,-0.0138738990632037,-0.014175508489692,-0.0045362981015602,0.00546943861065596,-0.0558111347848875
2017-12-15,0.0218190473946391,0.0283631730607423,-0.0229953924056172,-0.0288983952472828,0.0648175000764715
2017-12-22,0.0128665105932502,0.00774950304720612,-0.0185214633282822,-0.0246302895671233,0.015421420685108
2017-12-29,-0.00355745661552653,0.026152035795179,0.00236686501026639,-0.000639532133741127,0.00528325267658314
2018-01-05,0.00142450166538488,-0.0309622256039663,0.0101921697662277,0.0168124112048957,0.00874386217941403
2018-01-12,-0.0143371631464069,-0.015848192240024,-0.0183683988833341,-0.0258099601374484,-0.0240833959950359
2018-01-19,0.0178895647507753,0.0378271114762629,0.034616338527564,0.068002553087573,0.00533650836568711
2018-01-26,0.011283617602027,0.0219075451024437,0.00840662191971031,0.0122884986815066,0.042263887668156
2018-02-02,0.0139278017444688,0.0178966799091551,-0.00687287928776215,-0.0128918537738105,0.0129542785926917
2018-02-09,0.00138217022695208,-0.00256534485624638,0.00433287284215389,0.0367339708674539,0.0050237337027168
2018-02-16,0.0150791068271197,0.0278635032724486,0.0384182941105102,0.0823222957776641,0.0193002958123651
2018-02-23,-0.00340715832161376,-0.0162731685128739,0.0143362921918282,0.00587611798397614,-0.0120880592792147
2018-03-02,0.0295919373166811,-0.0465757957848201,0.0233677776329291,0.0384009882688581,0.0842435922169029
2018-03-09,0.0151268915326872,0.00774563135745598,-0.0301458234324201,-0.0485723493287562,-0.00611622701743553
2018-03-16,-0.000652954642852421,-0.0153455696746603,0.0194834786106739,0.00322316067278372,-0.044428524320673
2018-03-23,-0.0144739368898348,-0.0438333708002245,-0.0204555321501543,0.0133193233872291,-0.0161641450410119
2018-03-29,0.0274527044086899,-0.0200181011863085,0.0159192942174915,0.0160129583834232,-0.0203024806105088
2018-04-06,0.00193236775105365,-0.0134972867596677,-0.0105846549901241,0.00597168548463411,0.0460411668789407
2018-04-13,-0.00580834159574639,0.0378146205944825,0.0196366462887685,-0.00910161038235913,0.0005292405521784
2018-04-20,-0.0255667809720075,0.0237399483340557,-0.0244851406353899,-0.0229894700207032,-0.0197708817683289
2018-04-27,0.0339458180708547,0.0418436642917115,0.015672412407632,0.0497952616490611,0.067300488604574
2018-05-04,0.0234707887882513,-0.159993294504356,-0.017131556635392,0.0030471879346754,0.0625815115801789
2018-05-11,-0.0228291461611683,0.0147422529606098,-0.0321491584564813,-0.0301141829242502,-0.0747644033796568
2018-05-18,0.0321895889207324,-0.0497662352413268,0.00376270354883168,-0.0168647591690201,0.0570732893453236
2018-05-25,0.00865806274311431,0.0217347359662226,0.0421631078451572,0.0105737176760226,0.0466515686180466
2018-06-01,-0.0363676441708751,0.002386066475494,-0.0196346145268143,-0.0161699363741228,-0.0370499586078257
2018-06-08,-0.0357529142780084,0.0477000966173442,-0.0522600696231743,-0.0448163095039593,-0.00623054975063653
2018-06-15,-0.044662361726207,-0.0144184174325135,-0.0680352992275708,-0.0542690763544833,-0.0402212134868645
2018-06-22,-0.0111344226166654,-0.00161490793980068,-0.0122223743746934,0.000590006527532161,-0.0166544349051376
2018-06-29,-0.0197886315928599,-0.0118454667314092,-0.0410782226112438,-0.0187533948634826,0.0126423934151765
2018-07-06,0.00427351077738169,-0.0058582475683675,0.0178936953180049,0.0208155010463944,0.030192840353843
2018-07-13,-0.063070752592064,-0.0173051318294384,-0.0711200096529954,-0.0329075472576497,-0.0628821657143099
2018-07-20,0.0729718235747754,0.0409941449564615,0.0429818225736858,-0.00579533099674645,0.0692005342433824
2018-07-27,0.0188224448485617,-0.00275801643500539,0.0241255706320178,0.0175869246559666,0.0277131925724747
2018-08-03,0.0211828897651376,0.0186964226066966,0.0179313186380936,-0.000601359619327724,0.0473978754264124
2018-08-10,-0.0329926831543492,-0.0221546393096537,-0.0464797182401142,-0.0274407461549533,-0.0172261739235724
2018-08-17,0.0180060266387541,0.0107960440833965,0.0411056422317015,0.0201965434080904,0.0248375829553371
2018-08-24,-0.0442022148747352,-0.029444603161469,-0.045844987595598,-0.0541513538477352,-0.0851478966043153
2018-08-31,0.0071479932652867,0.00516314729607892,-0.0107463720754835,-0.0292038912552348,0.00725868176168287
2018-09-07,0.00921665510492442,0.0290677341442951,-0.0012012013456344,0.0339893524265937,-0.0642171327369256
2018-09-14,-0.0499199482184283,0.0344168592641827,-0.0127005033438863,-0.0222053352597307,-0.0129367910307199
2018-09-21,0.058352886457615,-0.00639126013397018,0.0308638730098387,-0.00456619820873172,0.0834024420553732
2018-09-28,-0.00280308522711614,0.00331089595115319,-0.00206764214852573,-0.00163585840499181,-0.0247405294067873
2018-10-05,0.0331293237598791,0.00308036418281699,0.0274149569267568,0.0328532355119062,0.0233020252028444
2018-10-12,0.014825069362157,-0.0130461207218584,-0.00172761344437777,-0.010191209883093,-0.00722372512771408
2018-10-19,-0.0182252766503259,-0.000667901164860929,-0.0124693510662963,0.00223824939815298,-0.00484497071775358
2018-10-26,0.00204151142697651,0.0143728289577583,-0.0138095333975441,-0.0186982184132427,-0.0186279896241688
2018-11-02,0.00947233063536235,0.0277133734227926,0.0351729324776011,0.0119684827662949,0.00690338047307471
2018-11-09,-0.00404858852600043,-0.0215851252431873,0,-0.017515834914632,-0.0133566170650763
2018-11-16,-0.0136149141880137,0.00674136763178268,0.0192368025354943,0.0171942201683413,0.00941766564038016
2018-11-23,-0.0158897989146167,0.015057286181599,-0.0126887364340895,-0.016540043856331,-0.0139098119515992
2018-11-30,0.0206761328384273,-0.00149552786102802,0.0154867237099552,0.00814204172083954,0.031514178570851
2018-12-07,0.0202572760878263,0.00830409077338956,0.0242904573053,0.00259157358670592,0.00724465858792112
2018-12-14,0.00732604009207272,0.0141069435591854,-0.0178846423354244,0.000970049527866834,0.0157558761891483
2018-12-21,0.00463423537089813,0.0108131897288022,-0.017645045390438,-0.0123578411474226,-0.0263994212732648
2018-12-28,-0.00795760167331405,0.0261292431039726,-0.00226308441707701,0.0107405029010614,-0.00487568006348393
2018-12-31,-0.0013324452337784,0.00582628351108383,-0.000283246001044013,-0.00877905707587789,-0.0162605208717803
2019-01-04,0.021108963210235,-0.023306353762603,0.0301362091507249,0.0286515450435338,0.0269558099885279
2019-01-11,-0.0124796365121806,0.0247075784642492,-0.0113339153824432,-0.0150282994876436,0.00482393603085285
2019-01-18,0.00921059143027669,0.0123262240698816,0.0192737243757017,0.0150282994876436,-0.00337431026358814
2019-01-25,-0.0039370129593399,-0.00376125131542082,0.00922916431483056,-0.00381562372955191,0.00433631129977918
2019-02-01,-0.00527357847093679,-0.00477142935867736,-0.00813894888932154,-0.00671252693028812,0.00813985820655638
2019-02-08,-0.010631329368727,0.0152282430569448,-0.00354755454602351,-0.0184500515824997,-0.0134423531563765
2019-02-15,0.0013351136829689,-0.00590552897404173,-0.00768390169191502,0.00130588948528665,-0.0254541397913313
2019-02-22,0.00133333353086407,0.0160599066867597,0.00302572091653719,-0.00294067811166432,-0.0353215325820129
2019-03-01,-0.0304386028768304,0.00677706130911382,-0.0121582044798094,-0.0075547028174503,-0.0696534462109604
2019-03-08,-0.0257405515965887,0.000964413206637538,-0.0173868653649505,-0.0139443884049788,-0.0479370039850293
2019-03-15,0.0508351203791477,-0.00444399864133693,0.0284458666563152,0.0383715931751567,0.065945676210915
2019-03-22,0.0133069162491655,0.00482952717342933,-0.00606731039412356,0.0134230596083036,0.00807976385841158
2019-03-29,-0.0592211128141145,-0.0315187809853539,-0.0218129453873841,-0.0273548834493669,-0.0178624505710259
2019-04-05,0.0166902344403788,0.00278058652652469,0.0165432063860296,0.00488202759730783,0.0216107815995796
2019-04-12,-0.00414651596184878,0.00395883326154767,-0.00418002559307773,-0.000324747866164543,-0.00697240690030654
2019-04-18,-0.00694929829320579,0.0154858793464614,-0.0166130809422818,-0.0153823410785368,-0.0445740912191317
2019-04-26,-0.0204304393917196,-0.0314161242421704,-0.0308515170512607,-0.0109436286257454,-0.0210414359460769
2019-05-03,0.0329046136168953,-0.09356541375492,-0.0288153012545003,-0.0212307478742257,-0.0162228355068876
2019-05-10,-0.0581311765625703,-0.00863320118901356,-0.0399684308402843,-0.0328920071850725,-0.0212522756596591
2019-05-17,0.112415860049643,-0.0105040226519248,0.0305815337541135,0.0352733034174069,0.104166485665218
2019-05-24,0.0533459807052923,-0.00089906476780488,0.00968823805575525,0.0208481402140261,0.051347056383209
2019-05-31,0.0547505147714089,-0.0245858462290238,0.0562373644484575,0.0669274741539221,0.0272057081291743
2019-06-07,-0.0266998951555877,-0.0143920349636941,-0.0247994254721062,-0.0284110029276681,0.00297766969392477
2019-06-14,0.0858080074099972,0.0171538599805103,0.0462147268359567,0.0352348887394394,0.0652196568027792
2019-06-21,-0.02401679244314,-0.0206671554484075,0.00666854374517545,-0.0247235056298338,-0.0234862838587331
2019-06-28,-0.0510255607511692,0.0364011337716263,-0.0033287131984272,-0.00795296048493999,0.00379507096855125
2019-07-05,0.03219476181168,-0.0321866864959022,-0.0310408668922566,-0.0301530978456528,-0.0167108209500393
2019-07-12,0.0350913198112695,0.0136908831558671,0.0387906980961281,0.0307916090148614,0.0322150074860046
2019-07-19,-0.0426079785036357,-0.00809908407111948,-0.00580673551963962,-0.00672532746547549,-0.0650048303089958
2019-07-26,-0.0384549008326891,0.00971108719976943,-0.0204517564041176,-0.0263730273291873,-0.013019713208303
2019-08-02,-0.0368592093690205,-0.00924648276160678,-0.0380778623519502,-0.035940097198961,-0.0106410935683572
2019-08-09,0.0265529647638711,0.00370887321201963,0.0272638696607155,0.0145988614376824,0.0176727649320378
2019-08-16,-0.100564667362765,-0.0781741760589654,-0.00746700769816044,-0.00608527331511777,-0.0592804305513468
2019-08-23,-0.030792716839958,0.0459625936717689,-0.0280638119080994,-0.0171002802505873,0.00951381383127714
2019-08-30,-0.00487635936677666,0.00357782134788387,0.0161744446560199,-0.00207184508671698,-0.0518194717214486
2019-09-06,-0.0442613286984201,-0.101400114441729,-0.014101291240606,-0.00728529010936807,0.0197483104660972
2019-09-13,0.037253591541015,0.0331722252632494,0.0459684918683987,0.0375855635886966,0.0539242681443621
2019-09-20,0.0420027317747467,0.0129164926601621,-0.00226308441707701,-0.0240975715477028,-0.00309278597044393
2019-09-27,0.00202088313977189,0.055549477944961,0.000283165795464058,-0.00413085684490877,0.00617603610056427
2019-10-04,0.0350449085611748,0.0218960785265674,0.0369640525969013,0.0302383975313996,0.0066479406177482
2019-10-11,0.0332298944989073,0.0193732859754716,0.0213262232767306,0.0267475293329102,0.0350561685730639
2019-10-18,-0.0171161072325301,0.00932144111861444,-0.00213903824874873,0.00519990160738892,0.0466318561951065
2019-10-25,-0.0109290705321907,0.0134863812615826,-0.0148310659697124,-0.0169994688982911,-0.0276208034978946
2019-11-01,0.0064433212609325,0.0652499488119549,0.0043372255576104,0.00197630539163463,-0.00338573479413107
2019-11-08,-0.0313137130661492,-0.00230343750990691,-0.00515255377236468,0.0032851541373331,-0.0112059637916087
2019-11-15,-0.016032407531049,-0.00125866621894222,-0.00136035934459944,0.00718961334534196,-0.0148077730371927
2019-11-22,-0.00675678246287958,-0.00357477339687318,-0.0234138226409808,-0.0267298739307744,0.0245591911178069
2019-11-29,0.00675678246287958,0.0210533583030585,-0.0228339730385088,-0.0274640288710222,0.0607102419200878
2019-12-06,-0.0128771687902036,-0.00828505174358707,0.0144376180856023,0.0220984689834722,-0.0277795641070755
2019-12-13,-0.00068236099542851,0.0179331041385673,0.0200340590331161,-0.00640917665698382,0.0125963876856856
2019-12-20,0.0570446417253709,-0.00122650487014475,0.0226075269181836,0.00808900238461163,0.00554786443771782
2019-12-27,0.00578593706704389,0.0103775600875027,0.00134571410430961,-0.0084274897953529,0.0254906837734659
2019-12-31,-0.00578593706704389,0.00966967214516146,0.0144194754719589,0.0151187159677155,0.00448431244732905
2020-01-03,-0.00322893402917135,0.000200473299961423,-0.0133442065511522,-0.0127518096825607,-0.00763533913735692
2020-01-10,-0.00194237678420706,0.0214166786623933,0.00482445320638192,0.008742510368692,0.0178735767992944
2020-01-17,0.00903231947083771,-0.00847215841794924,-0.00563079648350762,0.0063407315340589,0.010572785712414
2020-01-24,-0.00515133141712987,-0.0119428172535141,-0.0303012127425557,-0.00768084702461103,0.00524476726729528
2020-01-31,-0.0156151513753562,-0.0282280778925958,-0.0332518659860419,-0.0247763834272137,-0.0350446152100803
2020-02-07,0.00588429288568904,-0.000412056473787281,0.0108294019302093,-0.00585909738446588,0.00898882456843353
2020-02-14,-0.0151070196544616,-0.00412967766422323,0.0132340380014258,0.00620270193162575,-0.029053337169378
2020-02-21,-0.00198741370483813,-0.00914575898967041,-0.00364299127850121,-0.00654833922439213,0.0150860003945139
2020-02-28,-0.028246666121305,-0.0604680395166746,-0.00789181096996483,0.0319863730512697,-0.0407463772946155
2020-03-06,0.0289095763212526,-0.0636515760407459,-0.000283005520496538,0.00900150007618361,-0.0147586587452881
2020-03-13,-0.0173801166299166,-0.101166570274414,-0.0422027945413737,-0.0180848668425035,-0.012548427205112
2020-03-20,-0.0756133320372605,0.0316670002842523,0.0184296572076335,0.0944188764314413,0.0464979393613669
2020-03-27,0.0065241260769433,0.0230470665922313,0.0217898529324101,-0.00647852348971423,0.0576476569391486
2020-04-03,-0.0450759720626595,-0.133602155834709,-0.0314011108425234,-0.0635691976920647,-0.0392732309436949
2020-04-09,0.003018870217252,0.0622716235762564,0.0107700065913319,-0.0359280273569613,0.0131134594508797
2020-04-17,-0.0290540313930201,0.00689111150660526,-0.036560675732134,-0.0148099407503794,-0.0422080999737915
2020-04-24,-0.0203768805886968,-0.107828816151227,-0.000300345399464774,-0.00173641293430826,-0.01273301805751
2020-05-01,-0.0135514230030926,0.0264204834571542,0.0178629340320269,-0.0010433605793061,-0.0100167782434708
2020-05-08,0.0237917645573367,0.0814083326940729,0.00176886838574486,-0.00243853694087814,0.0152238906006339
2020-05-15,0.000783392127804206,0.0245250847267737,-0.0121500976096423,0.00278644477036583,-0.0568251915776186
2020-05-22,-0.00392311213247165,0.00719054930934782,-0.00628086407541506,-0.0118965498935761,0.0168487632929626
2020-05-29,0.0240788332247774,0.0205148546778728,0.00896063343253051,-0.00317290542034154,0.0233133433842765
2020-06-05,0.0167431612954774,-0.0601859800263451,0.0316093041215169,0.0206192652109385,-0.0106178603705134
2020-06-12,-0.00378072283990605,0.0228987022223208,0.00402530733283779,-0.000345982021993763,-0.0260521000788394
2020-06-19,0.00754720563538314,-0.0144151367200784,0.00600774228655521,-0.00694447235281093,-0.0422132340897345
2020-06-26,-0.0477380862186285,0,-0.0132071974294101,-0.0172205761156707,-0.0151795639069174
2020-07-02,0.0773698838249999,0.0484381610469216,0.0312970067219149,0.0396159996242007,0.033198069409595
2020-07-10,-0.00585653211271353,0.00601805697466951,-0.0011210763505991,-0.00924193558619901,0.0892622432490144
2020-07-17,-0.0222726356091227,0.032225162069647,0.00726463099900521,-0.0148971675271579,-0.0018682863911712
2020-07-24,-0.0204785313435405,-0.019062205661875,0.00748859414165182,0.0148971675271579,0.008843436735674
2020-07-31,-0.0319217450499911,0.014695342041481,-0.00804554208141806,-0.00517153389492542,-0.0154100644595623
2020-08-07,-0.0264544485223492,-0.000243101729920703,-0.0308325936708851,-0.0326745666177777,-0.069665366468584
2020-08-14,0.0529977710795819,0.0456352508392293,0.0374955833407347,0.0340563437428552,0.00904074465214855
2020-08-21,0.00767463475310848,-0.0168700852778629,-0.00304836040408052,0.00172443560218394,0.0530667209366928
2020-08-28,0.0564786041604712,-0.0246394912787036,0.0537604123002815,0.0385312738566332,0.0225044659103819
2020-09-04,0.00360620657672861,0.0117974017950839,0.0197923127542223,0.0268252322089042,0.000926784125650393
2020-09-11,0.0498523719480382,0.0102394473432721,0.0364597345300002,0.0273815462210694,-0.011178504852082
2020-09-18,0.0363187192950116,0.0171466039822912,0.0370955173045484,0.0579607172211221,0.0744424762545162
2020-09-25,-0.0356340222466942,0.00209374024527609,-0.0400835673365307,-0.00148301972620857,-0.0549613406826941
2020-10-02,0.0389310908450735,0.00556206396624237,0.0180407710189607,0.0364312479355853,0.0519132216233569
2020-10-09,0.0393726234252396,0.0155930416830889,0.0429065213389865,0.0384609149983577,0.0351364336108375
2020-10-16,0.0175663237178991,-0.0251136198451682,-0.0146540083871027,0.0120450234231395,0.0516932144088775
2020-10-23,0.0420153120842972,-0.0361084647965848,0.0316370849431831,0.0501497678896241,0.0119238296675048
2020-10-30,-0.0507599024730485,0.0250819314766328,-0.025465691038641,-0.0203928316460154,-0.0556488744272059
2020-11-06,0.0204912478688772,0.0249285179062015,0.0389840547685543,0.00998691031966992,0.00583092031079335
2020-11-13,0.00917718279333624,0.0116666220826325,0.0383975741451845,0.0147958888853479,-0.014220231259098
2020-11-20,0.0305870921207614,-0.0167416322993317,0.0340183502275124,0.0168629594946488,-0.000421318733850207
2020-11-27,0.00530192700018439,0.0230893927983704,0.00906127788757249,0.00958148463410335,0.00546334622209788
2020-12-04,-0.0201787262146276,-0.0159456681554273,-0.0244199415662703,-0.024642457040672,-0.0516021610699093
2020-12-11,0.0172366823155343,-0.0011487652038733,-0.00215192680417253,-0.0121620899473047,0.0711089011955712
2020-12-18,0.0307538016833329,0.0157375672360267,0.0499999120128107,0.0542179223131747,0
2020-12-24,0.0303906337050099,0.0150480373670936,0.0350347891009459,0.0274855875961864,0.0303605589692886
2020-12-31,0.0706175672139535,0.00710794132343651,0.0401411137826679,0.0413592934176208,0.0213025807038676
2021-01-08,0.0249949252847683,0.0134112293184447,0.0449722753289521,0.0236589609232318,-0.00273597981887441
2021-01-15,0.0686233657806019,-0.0149617483890419,0.0293664791098598,0.0405342371199726,0.0559400158823395
2021-01-22,-0.0600955990267273,0.0344260309598221,-0.077003392482907,-0.0941019409082973,-0.0626158702458115
2021-01-29,0.0888412036667061,-0.0144538847777094,0.0434486162553496,0.0220510783995653,0.0439377030314203
2021-02-05,0.00273847729330345,0.0144538847777094,-0.00237508104706219,-0.00116076623596229,-0.0333555937008834
2021-02-12,-0.0179356382973275,0.00406112331944719,0.00383387051072148,-0.00769500764728903,-0.00704228262541307
2021-02-19,0.00739716734044382,-0.0109383945012205,0.00381922806699553,-0.00681159278202959,0.0217484300151085
2021-02-26,0.023219800321284,-0.0246710869721412,0.0201264655293585,-0.00259581404978526,0.00650969176057714
2021-03-05,0.0116332408140059,0.05106119826974,0.0204268415997966,-0.00759019811126738,-0.00152788417805283
2021-03-12,-0.0229481386289709,-0.00021007478887114,-0.0129826384880669,-0.0580832418835264,-0.0346136051888957
2021-03-19,0.0153571220479218,-0.00505475777413356,0.000353107348302295,0.0288505619663608,-0.00754720563538225
2021-03-26,-0.00945739992073413,0.0142559810434717,-0.0111832176420528,-0.00960715339909779,-0.0221738574943222
2021-04-01,0.0130368220869563,-0.000624649250855036,0.00107047289437201,0.0152299974358598,-0.00367572396700311
2021-04-09,0.030785192755741,0.0279336417405185,0.000713012507925548,-0.0221847888829307,0.0444161823463185
2021-04-16,0.0141907348031669,-0.021083614347261,0.0213317916860314,0.00248942117512119,0.0212979976789347
2021-04-23,0.112932120165983,-0.0251374780887659,0.0716754727786606,0.0490032102532396,0.0848058815374486
2021-04-30,0.121251882994461,-0.0158224253281398,0.0200922936884682,0.00848662832693048,0.0444058499425575
2021-05-07,0.0433053948140101,0.000215507172169005,0.031330883480055,0.0380011181786131,0.0409027993362656
2021-05-14,-0.12053674275,-0.00626824453554331,-0.01069860580583,-0.0438869503558745,-0.0616553726378095
2021-05-21,-0.0379368661048565,0.0203891594779977,-0.0495308905049319,-0.0598427704816151,-0.0756693353554718
2021-05-28,-0.00417854359171965,-0.0154145893349691,0.00278073296055315,-0.0085599564027854,-0.0160721082475765
2021-06-04,0.0388253317881651,0.00816503857799855,0.0342009732498818,0.001768377867017,0.0358965460324212
2021-06-11,0.00255988437468879,0.0159222134417663,-0.0486796730362338,-0.0331012245354154,-0.0102302682508153
2021-06-18,-0.0436718025249876,0.0196044326890048,-0.0775047752767977,-0.026167725777472,-0.0267972863847339
2021-06-25,-0.0290324242060542,0.0145568446135336,-0.048620049699891,-0.0727491968171439,-0.0396281895969715
2021-07-02,0.0911596085101367,-0.00673950847506521,0.0877787706297326,0.0900070261827741,0.0136427764037865
2021-07-09,-0.101821111274878,-0.0230085933472823,-0.0334444196664032,-0.0748574218751452,-0.0594155195483674
2021-07-16,-0.124554620982138,0.00793658778833173,0.035508758951023,0.0299030580844812,0.129311325633911
2021-07-23,-0.0158625578476101,0.0109652236062967,-0.0376477971997726,-0.0267873323122432,-0.0123503204389435
2021-07-30,-0.000456933980991003,0.00472132216808063,0.00976656968562661,-0.00283206075076503,0.0284652618313501
2021-08-06,0.0145193113244533,0.00754877042373359,0.00528728760812314,0.017430808889018,0.0214381782671467
2021-08-13,0.0235933489862186,-0.0020345886977875,0.00140523472974863,-0.0019528021142623,0.0584132281473169
2021-08-20,-0.0533098213146959,0.0123470975843514,-0.096100381346826,-0.013494774234915,-0.0650415447574817
2021-08-27,0.0351073209633537,-0.0184758195257242,0.0493880990123508,0.00254423999876341,0.0059326644081974
2021-09-03,-0.0938775148028288,0.0226914356552577,-0.0577319914103933,-0.0382725985726671,-0.00558270814915751
2021-09-10,-0.0103884189257206,-0.0110787715179832,-0.00605884781260091,0.00322157582287108,-0.0568703064973919
2021-09-17,0.0475817907061229,-0.00507666830604148,0.00683796744687104,-0.0102866447102752,0.0487901641694313
2021-09-24,-0.00094876667458621,0.0010173975596901,0.000778513079414012,-0.00711533946144982,0.0209431738452439
2021-10-01,0.0276170137567471,-0.0207548925760461,-0.0304190943657083,-0.0335835705611425,0.0426027913795757
2021-10-08,-0.0205231083870077,0.0420836197857026,-0.00281181145290077,-0.023347363996991,-0.0285397916522658
2021-10-15,-0.00899414347122818,0.0031802971202719,-0.0205229188240592,-0.00283865160751606,0
2021-10-22,0.0230327455789752,-0.0149957825391063,0.00225571714636263,0.0335434795694232,0.0295323475650182
2021-10-29,0.0547029025708685,0.0260478116278868,0.0124174623540538,0.015757938815093,0.0219142048326919
2021-11-05,-0.027203461210318,0.0341501536799775,-0.0358357950087349,0.000300634605490124,-0.00812088270035627
2021-11-12,0.0429174467122699,0.00246279896753521,0.0344186472869996,0.084679213912243,0.0638043965481341
2021-11-19,-0.0113241628246996,0.0105402363247729,0.0234268397066844,0.0264356088276116,0.00731710581706668
2021-11-26,0.0276475493212276,0.0336894240964192,-0.00834663033218419,-0.0428636373293694,0.00303306268311321
2021-12-03,-0.00127904515412069,-0.00308224729665785,0.0115080635126255,0.0317750163798483,-0.038276277383412
2021-12-10,0.00425713712331888,-0.00601037722820763,0.000394477322669395,0.0273621726987336,-0.0158582454314597
2021-12-17,0.00803896861554154,-0.0154642702976213,0.013709576260486,0.00422500263138126,-0.00899171119196396
2021-12-23,0.0208514643807627,0.0169246352271655,0.0357283201647203,0.0677448528861548,0.0500182883643232
2021-12-31,-0.0208514643807627,0.0134083608022273,-0.00244292144417724,0.0136955087043251,-0.0555172509514108
2022-01-07,0.0225009492908379,-0.0114038488127015,0.0533044409486854,0.051596837794432,-0.0160212679776723
2022-01-14,-0.0174568024041593,0.00472219655615369,-0.0324509576613288,0.0261824859456432,-0.0226676372106009
2022-01-21,0.0329926831543483,-0.000362472277245729,0.0415072212797511,-0.1250282894974,0.0506187581056512
2022-01-28,0.0315458379832227,0.0056032240335,0.0386630455495167,0.0460337511584745,0.00798088833101307
2022-02-04,-0.0246729586954606,0.0238658244656786,0.05524804906032,0.0765195542629211,-0.0296891763996632
2022-02-11,0.0479840375639071,-0.0012327415482174,0.0188113310479103,0.028208449372773,0.0442096335433657
2022-02-18,0.00497989920168607,0.00964496735918186,0.0116189091682006,-0.0192377678767155,-0.000940586368137986
2022-02-25,0.0079924307471142,-0.028141003511454,-0.00704945349029895,0.000892644345496407,0.0561122792116402
2022-03-04,0.137220561071041,-0.0254512931156494,0.0526679190369741,0.0449268891470824,0.469410333470397
2022-03-11,0.0105194921407064,0.0111692760331117,0.00861306185916089,0.0503224925290535,-0.212444316249063
2022-03-18,-0.0302097661981859,0.0230391537729435,-0.0135469135363566,-0.0331955147195844,-0.0243772953356052
2022-03-25,0.0163801088370255,-0.00017790832641662,0.0250142547224153,0.0225939634236827,0.0355531443504624
2022-04-01,-0.0255218687951198,-0.0130768524066269,-0.0774757182168715,-0.0808628715476587,-0.112974926158866
2022-04-08,0.0448953199078908,-0.00596798570727675,0.0649727973835637,0.0396479983647025,0.0658390970635745
2022-04-14,0.027583531975,0.020467544679537,-0.0040044547393725,-0.0146302486176673,0.041905572715188
2022-04-22,0.0034738705391204,0.0125387525075382,0.0198638179794806,-0.00565097386261826,-0.028679116319271
2022-04-29,0.0313446917464422,-0.00386849836735514,-0.00452654638702032,-0.040703913272548,-0.0206241753736061
2022-05-06,-0.0322909148102593,-0.0666548810311527,-0.0313663766735868,-0.0395931010909534,0.0497591841101643
2022-05-13,0.00283598740574043,-0.00509774017791731,0.0401089647784607,-0.040979463039502,0.062071373575816
2022-05-20,-0.0200229158751082,-0.0037929118983433,-0.0105003152309324,0.056214728058932,0.00128424675185101
2022-05-27,-0.00192802116279989,0.00454981716449332,0.0157094139726617,0.0055671541314668,-0.00967229464250785
2022-06-03,-0.0668355714053437,0.0107234815772603,-0.0201172965135896,-0.0580977320759297,-0.107041793824971
2022-06-10,0.0616759340316602,0.0192740645214258,0.0277372025511893,0.0506679748612244,0.029138624360062
2022-06-17,0.0144441606079075,0.0133104126407773,-0.0252370174117704,0.0207572025301666,-0.0346828111539592
2022-06-24,-0.0446400878526108,-0.0195707227951196,-0.0551041211145682,-0.0126336811237682,-0.11299033307911
2022-07-01,0.00564879388742767,-0.00555659859841384,0.00942310208900388,0.0607606017386537,-0.105510880292347
2022-07-08,0.0309925311138137,-0.00484088934840621,0.00261036616555632,0.0398730605117121,0.0561386793840279
2022-07-15,-0.253059789738125,0.00725251791508086,-0.106195773826715,-0.10433909977449,-0.123950723080935
2022-07-22,-0.0684906038859472,0.0179953216009006,-0.0217212470251775,0.00115942041973494,-0.0231167708775262
2022-07-29,0.0881553096592542,-0.00675618793483146,0.132048941949716,0.137896104424977,0.0622508273089775
2022-08-05,-0.00978401608383006,0.0103892527847123,-0.0136851524585531,0.00764287375614803,-0.0404223013761182
2022-08-12,0.047208765766829,0.0169008413473195,0.0331942778253964,0.0414068877759783,0.0382534391781384
2022-08-19,-0.0217271039398002,0.00975790544255606,-0.114437582068469,-0.147858836293318,-0.067686564496217
2022-08-26,0.0660599271101177,-0.00566575896518451,0.0753426660046479,0.0634653882109806,0.040968017711652
2022-09-02,0.00037376191801286,0.026285024176123,-0.0608387858474311,-0.0737701523566292,0.0104580259127847
2022-09-09,0.0431511185687876,0.00775264440374102,-0.0141680843179293,-0.00723169752103736,0.0732293661519687
2022-09-16,-0.0308946977318119,-0.00120204736667429,-0.027744099299392,-0.0259635211184879,0.00758906152555916
2022-09-23,-0.000738552470793685,-0.00862818122333842,-0.0158305471727571,0.0236928570778012,0.0238482786238849
2022-09-30,0.00110762425944522,-0.00678208755041343,-0.0437267293747814,-0.0871146674473611,0.0455128491736172
2022-10-07,0.00845127205432128,0.0142067747500807,0.00164729606208258,0.00420736093145102,-0.0457968190747158
2022-10-14,0.0094683882892177,0.0111197795097286,0.0121786472988976,0.0330367819655457,-0.0235643087227864
2022-10-21,-0.00800586517660662,0.0237046258978877,0.00845556895353017,-0.00143473508086611,-0.0105233359313601
2022-10-28,-0.00512821636691996,-0.000664823700649464,-0.00556904340610664,0.0177877335697634,-0.0255966355538533
2022-11-04,0.000367174595643505,0.00844301959236304,0.0449137738944145,-0.0118232639339846,0.022064103178586
2022-11-11,-0.0343573748241948,-0.000824606330443345,0.00275197972099317,-0.0314111356733662,-0.0409325874829687
2022-11-18,0.014708920664753,0.0101773898708988,-0.0188995655811057,0.00733679017336897,-0.0129871955268115
2022-11-25,0.000374321546575018,0,0.00558563155839309,-0.0039062699555954,-0.0351580153793742
2022-12-02,-0.0506631746439536,0.0017949529338086,0.00156535382863687,0.0376859967225522,-0.0505809349212081
2022-12-09,-0.000393778307904213,0.0021170722901207,0.0309717629322757,0.105431210417616,-0.0337963199026046
2022-12-16,0.0283459086916436,0.00890766257727815,-0.00253057916571731,-0.0186161620827843,0.0555982902737693
2022-12-23,0.0200878462036229,0.0118609556094436,-0.000675904047360731,-0.0167705385564609,0.0294235021166687
2022-12-30,0.01821950379487,-0.0133131937252022,0.0268506083046649,0.0496996953632358,0.020408871631207
2023-01-06,-0.0367771278177251,0.0125161903842841,-0.0117521835920797,0.050132758736078,-0.0631926259142164
2023-01-13,0.0316053394153313,0.00604143145667635,0.0241807981972144,0.0194868755416824,0.000336190959630223
2023-01-20,0.00185013928816158,-0.00699863573783865,-0.0208563270502431,-0.101038027448077,-0.00302979528185343
2023-01-27,0.00993202941009841,0.000638302887908893,0.00198939057653735,0.0209140949034401,0.0113980449523696
2023-02-03,-0.00808530681693398,0.0223983356876589,0.0147956011536428,0.0474315708590947,0.00895974137147171
2023-02-10,0.00441826933766443,0.00575475934922753,0.00683040547900671,0.00582388213874818,0.0379238445273788
2023-02-17,-0.00404933371274563,0.0146257709581477,-0.00993574424966681,-0.0167595801505227,-0.0264275773314679
2023-02-24,-0.0418061254890922,0.00988526051459182,0.00114519439918581,0.0121434399054188,-0.0777320763871128
2023-03-03,-0.00733452429095927,0.00136109573234044,0.00098055245640527,0.00200964695396078,-0.0178067383046256
2023-03-10,-0.0330869094388406,-0.00697612271643422,-0.0115000445971116,0.00140431700025179,-0.0425752373438764
2023-03-17,0.015892269319508,-0.0119413360354175,-0.0244200126043781,-0.0680195552074387,0.0635537844750313
2023-03-24,0.0137015257582283,0.00414972121250656,-0.0332245035794054,-0.0458866443911532,-0.0314536293684453
2023-03-31,0.0268523997247607,0.03229498105524,0.0526751503172163,0.0458866443911532,0.00543184388236106
2023-04-06,-0.0260750969261982,0.0160568571378459,-0.00867250265503117,-0.0254278882302668,-0.0244940046508173
2023-04-14,0.0347429484438724,0.0212543421140712,0.0053458196136642,0.011816383471146,0.0103093696588612
2023-04-21,-0.004512982462205,-0.00444473530028944,-0.0113942251495454,-0.0309280220255674,-0.030874685951904
2023-04-28,-0.0419534296777266,0.0068738458641624,-0.0268140050695012,-0.0236106868255073,-0.0655716701919111
2023-05-05,0.0267613410605998,-0.078652207762075,0.016991741512502,-0.0148116432232417,0.0430301235856012
2023-05-12,-0.0310946155189376,0.0151691615803538,-0.0234170479801552,-0.00186694988408842,-0.0353949649352687
2023-05-19,-0.132798482091363,0.00802737946056187,-0.0932391551254819,-0.0453971875533936,-0.0317228715347904
2023-05-26,0.0855073911443931,0.00975763917226224,0.0226895723431193,-0.0170101321655256,0.0180185055026776
2023-06-02,0.00824406977508207,0.0528084100557615,0.0113394653092769,-0.0110001719556827,0.00485830915107677
2023-06-09,-0.00783024812630462,0.0101509570651599,0.0248278543351965,-0.00150937282979413,0.0180112933834327
2023-06-16,0.0578707054960423,0.000701114777206691,0.0560960233616727,0.0472063591792713,0.0876722718653147
2023-06-23,-0.0149491375584674,-0.0047773371115527,0.0189130933064874,-0.0137832713979815,0.0636978699242166
2023-06-30,-0.128842780730746,0.0222850447894345,0.0411297424102619,0.0204851114416451,-0.141895139992828
2023-07-07,0.0107624357217926,-0.0251059211310762,-0.0471700292315926,-0.0231670735001996,0.00509505315416536
2023-07-14,0.0676836592075896,0.0177788851744189,0.00687633736747895,0.0486041200611487,0.00312256303679348
2023-07-21,-0.129312353178442,-0.000832921517028851,0.00350379936332068,0.0293329645790523,0.0836933296398295
2023-07-28,-0.0114505067879955,-0.0104698384399171,-0.00953902304675847,0.0276187363623128,0.00963089306096165
2023-08-04,-0.0731487394662613,0.0153185008702259,-0.029175489133932,-0.0246871335873546,-0.106662984612306
2023-08-11,-0.0203396842371228,-0.00290634156749281,-0.0300523450664016,-0.0163454540542798,-0.00992268510577343
2023-08-18,0.0104822762735104,-0.0103094038474385,-0.0278599784419793,-0.0785370145294237,-0.0217750538998036
2023-08-25,-0.0184167267862314,0.0119712408133177,0.0133031574649021,0.045731917666286,-0.0331567878227261
2023-09-01,-0.0128275409357084,-0.00291005074599937,-0.0180843361205225,-0.0241782587872033,-0.0443751459603146
2023-09-08,0.00803647507692329,0.0169251358095863,-0.00498938483071054,-0.00194037971291738,-0.000440625695606656
2023-09-15,0.0164068247624343,0.0199925440885869,-0.00687798975041254,-0.0454454059390823,0.0631878959236412
2023-09-22,0.00209753616494623,0.000802106441316397,-0.0333806831639096,-0.0138144785048766,-0.0418223568037863
2023-09-29,-0.0010482181253284,-0.0154874823998297,-0.0165293019512109,-0.0321975678470618,-0.0678225963387611
2023-10-06,0.0314864720117791,-0.00612621897588195,-0.00708385488840513,-0.0223277272478395,0.0482183962916078
2023-10-13,0.00253742841041671,0.0111353843102702,0.0111930476385389,0.0529784886783355,0.0200355134029877
2023-10-20,0.0045512088673183,-0.00460209863438887,0.0170381662826404,0.0895236681965557,0.0107228134413715
2023-10-27,-0.0302199693011538,-0.00149341634458811,-0.00384689837745178,0.0427168724516402,-0.0180805614150747
2023-11-03,-0.00730692186303195,-0.000679578687384108,0.0230508348682452,-0.00067832177381888,-0.00522649273354236
2023-11-10,-0.0281559103796019,-0.0541956204842036,0.00450959050597532,0.0163772315318198,0.00479199348708015
2023-11-17,0.0064447054426422,0.00900197225337607,0.0050490990855776,0.00864078484779629,-0.0435237432330231
2023-11-24,-0.00806239250342866,-0.0317945856611521,-0.00711347065478041,0.00900413722719762,-0.00363802129307089
2023-12-01,0.00269469308842396,-0.00574336971471823,-0.00433023363254392,-0.072763494687325,0.0501993021187186
2023-12-08,0.00268745122780523,-0.0228555593924797,-0.015975995933724,-0.00258970265024505,0.0637800012984178
2023-12-15,0.0363676441708742,0.0166333894338155,0.00897038174728948,-0.0448376035820877,0.0229063662089075
2023-12-22,-0.0209212651606396,0.0107901240432025,-0.0122349069700629,-0.0149034052766268,-0.0208759086585255
2023-12-29,-0.00370664972971202,0.0210932247511613,-0.00482021563774104,-0.0346266925836307,0.0188874411112989
2024-01-05,-0.0225331422122883,-0.0180106893401195,-0.0344081913324041,-0.046125307670466,-0.0192932029346791
2024-01-12,-0.0302970019363631,0.00467907307199411,-0.0358417513445985,-0.0480715372707516,-0.0330062964681694
2024-01-19,-0.0033613477027048,0.0173540146931517,0.00620092933624417,0.0146937153307372,-0.0046247717494774
2024-01-26,0.00168208618298404,0.023100280259067,-0.00330237658223265,-0.0212623176519235,0.0117303397854904
2024-02-02,-0.00787405643090544,0.0116993317913332,-0.0173083249028441,0.0221034442908952,-0.000833333381558887
2024-02-09,-0.031548357734926,0.022318976225514,-0.00421585784621037,-0.0284271567859884,-0.00501463650086453
2024-02-16,-0.0295704573211193,0.000812094787255191,-0.00955117098434233,-0.00346615511679804,-0.062669022706725
2024-02-23,-0.0410471098928342,0.00445501759862221,-0.0340559969416896,-0.0416542449646187,0.0229286940572111
2024-03-01,0.0307906097256447,0.0152388502817304,0.00878740276680379,0.00751318335078377,-0.023821152840231
2024-03-08,0.0333960671580185,-0.00452063441229633,0.0237746231361555,0.0216208271696798,-0.0612107310448966
2024-03-15,0.0243349204164396,-0.00186744670952699,0.0234311511087748,-0.0195271754575401,0.00331675262599429
2024-03-22,0.0057077780530399,0.00133422301313679,-0.00481021527724401,0.0130604224419137,0.0484747565024106
2024-03-28,0.00624115501049172,-0.0134230203321408,-0.00083892622369941,-0.00413710359167219,0.00986555086833363
2024-04-05,-0.0176894769564839,-0.0371687657839193,-0.00547024296956611,-0.0137152000160752,0.0124170109789148
2024-04-12,0.00287439117134358,0.00363989710335577,-0.00932605318118895,0.0333609913083981,-0.0200318294093691
2024-04-19,-0.00460300007196057,0.0142909804059608,-0.0202200909126216,-0.00203453545908783,-0.0103955738440114
2024-04-26,0.0148829306917095,0.0174796031360982,0.00779224722016547,-0.0108236017621097,0.0919589840985706
2024-05-03,0.0157838677012627,-0.044285636089616,0.0357899500784837,0.0750529037164984,0.00454828156417264
2024-05-10,0.019385818945203,-0.00297603371249267,0.00270073915068547,0.00136332672786477,0.0635324459066355
2024-05-17,-0.00715665041879099,0.0274373829298229,0.0189072627823323,0.00489261052854228,0.00848116109162689
2024-05-24,0.0267118634615722,0.0145307225408198,0.0161554402222857,0.046877409444364,0.0682504334400216
2024-05-31,-0.0406202935077049,-0.0117728609385477,-0.035062703004618,-0.0580567367414107,-0.0272595472326742
2024-06-07,0.00558660670863986,0.00343666563833178,-0.021600923760384,-0.0110285095339586,-0.0781408082689854
2024-06-14,0.00278164296187722,0.0252045531733689,0.000423908442125587,0.0211226660614123,-0.0237866485977163
2024-06-21,-0.0339015516756813,0.00413973562534853,-0.0164516048920049,-0.0180777485920478,-0.0873452482297248
2024-06-28,-0.0907802256718586,0.0309654433629811,-0.00865431623907131,-0.0035995824964683,-0.0143500220298058
2024-07-05,0.034635496662756,-0.0372484826700825,0.0324953773248282,0.070932736304778,0.0333142066839844
2024-07-12,-0.0277367549715999,-0.0219640229568041,-0.046499982580352,-0.048983981400391,-0.0617173986708917
2024-07-19,-0.024036577828241,0.00396747817184373,-0.0333849756515532,-0.0899514655053748,0.00879024859661648
2024-07-26,0.0101911710061886,0.0294633045416433,-0.0181635065904411,0.0478282736896212,-0.0361117784478093
2024-08-02,-0.0204872722584524,-0.0240166681641432,-0.0458131613278887,0.022944521785182,0.029178540598406
2024-08-09,-0.025550030520872,0.000814409677151851,-0.00121521463490382,-0.10244487541,0.00647251450561726
2024-08-16,-0.0167283927704638,-0.00790085535487872,-0.0908212429367659,-0.0727651193914465,-0.0233110788684474
2024-08-23,-0.00745008525459401,-0.00123164492348504,0.0140158317130208,0.00951292718816799,-0.0537790028511234
2024-08-30,0.0274908361380408,0.0177788987932637,0.0310262735631008,0.0171553595987142,0.0589542672836822
2024-09-06,0.0150971032818186,-0.0591544379065532,0.00735577191106795,0.0215881012166399,0.0377577079524327
2024-09-13,0.0180766704001796,0.0140297964322738,-0.00253036572257681,-0.00946677962362408,0.0320169632772558
2024-09-20,0.0277620353160355,0.026797922676133,0.0252671353044542,0.00632113368530973,-0.00482562901782391
2024-09-27,0.0396514279071347,0.00696292730674664,0.0517502057979087,0.0796064305097364,0.0200267903498741
2024-10-04,0.0160193280272853,0.0175324787616411,-0.0266238687121714,-0.0391625600805758,0.0166706147473192
2024-10-11,-0.0214166424790045,0.0085197857069943,-0.0315699777204417,-0.0432834177075101,0.015562879827665
2024-10-18,-0.0268145255152925,-0.00518311260795468,-0.035944137715278,-0.00284763327310955,-0.044812276781844
2024-10-25,0.0256111559356595,0.0109985709000577,0.0181335577940711,-0.0315443547345096,-0.00656888720727444
2024-11-01,-0.00180777391805442,-0.0201004778504021,-0.00532928554808354,-0.0349395061644646,-0.0017590154051792
2024-11-08,0.0390351155283977,-0.0120394073949281,0.0342662010439172,0.0030431956336745,0.00789131670724341
2024-11-15,-0.0163746348717897,-0.00409110082396769,-0.0181123919314636,-0.0225342614585857,-0.064946173357642
2024-11-22,0.00353149278147136,0.0206917763990386,-0.0151365150267564,-0.00138214909297574,0.0143421380439035
2024-11-29,-0.00589276896715152,0.0064043565504921,0.00608212721350654,-0.00728792410804502,-0.0222953963410681
2024-12-06,0.0181556963617613,-0.00319705131115544,0.00428590092592174,-0.0115608866730694,0.0190747816410264
2024-12-13,-0.001742666720431,0.0329404180197157,-0.0055499637917471,0.00105658863068303,-0.0299367538405848
2024-12-20,0.0370941244062406,-0.0120788376971408,-0.0140111832291794,0.035952692747812,0.0122700925918142
2024-12-27,0.0172178649474999,0.0113039757245001,0.00562805271700206,0.0214989602601587,0.0250128834507493
2024-12-31,0.00986309365517091,0.00180718313286654,0.018451174278713,0.0220222941220669,0.00910753107696394
2025-01-03,-0.0170474296130925,0.0010311779388692,-0.0174312863779669,-0.0253511920707394,-0.0411809286785827
2025-01-10,0.042883096942008,0.0240576275403246,0.032592506326691,-0.0315012932637941,0.00283019056839073
2025-01-17,0.0288053432616708,-0.0102396137843845,0.0200250891763201,0.0224575817777266,0.0149605408345916
2025-01-24,0.00463559933895397,0.0399778982981918,0.0208166387456785,0.0255784800590595,0.00969760543798515
2025-01-31,-0.00929278757545937,-0.00085490224672391,-0.0131094715007407,-0.0125413782177048,0.0280942808960374
2025-02-07,0.0113461763873017,-0.0188720356742333,0.0071719169473754,0.00099581018343109,0.0407147501638869
2025-02-14,0.0177895415634985,-0.0151812410269834,-0.0129467164412596,-0.0184167271626352,0.0291713773002797
2025-02-21,-0.0101266688179296,0.000379179420940901,0.0033726844786397,-0.00372441987186978,-0.0168071183163816
2025-02-28,-0.0799578936282792,-0.000505578794514072,-0.0273054506902675,-0.0105712001857698,-0.0941244423908998
2025-03-07,0.00385144905252588,0.0128141843513161,-0.00123655264921751,0.0163212997162097,-0.00607052996603041
2025-03-14,-0.0216494716968532,0.0143763000341028,-0.0109481063671497,0.00806183043218667,0.0222334308872192
2025-03-21,0.041225953321951,0.0184095117887786,0.0104530568520893,0.00467288546986211,0.0226458952902133
2025-03-28,-0.0239793505978554,0.00901936257963332,0.0130367115081036,-0.0229042950716778,-0.0552372342241005
2025-04-04,0.0153259704782274,-0.0301395859721811,-0.0460081139088437,-0.0360774255907232,0.00141877536213286
2025-04-11,0.0631456449632681,-0.000740527776247113,0.0651300810342725,0.056648058337851,0.0493301209860064
2025-04-17,-0.0164528132906172,0.035657383144998,-0.00601180120122091,-0.013441062293345,-0.0126755884549246
2025-04-25,-0.00728411129098294,0.0208697220532983,0.0127023876884689,-0.0191262867414146,-0.0347659578432138
2025-05-02,-0.0372383451401186,-0.0148115737107029,-0.000953061782887232,0.000689459533768755,-0.0066256749721374
2025-05-09,-0.0437621753107225,0.0167932870070731,-0.00453948933883197,-0.0103915028366295,-0.0407032931135038
2025-05-16,0.00451978170561951,-0.0114782093905834,0.00573067470898536,0.0162323772727984,0.0378502241310974
2025-05-23,0.0354411400461077,0.0167050055819606,0.00971456520313119,0.0146236860953648,0.0327898228229913
2025-05-30,-0.0343143793635168,-0.00150714510630934,-0.0176027380521377,0.000337470335480816,-0.0157922464544198
2025-06-06,-0.00338409798424077,0.0490166442656168,0.014769206050036,-0.00202694524106217,0.0381217228525079
2025-06-13,0.00450959050597532,-0.00531679109757288,0.0117537789443283,-0.0129342111897834,-0.020027979409809
2025-06-20,-0.0360760564738092,-0.00926092959448166,-0.00163723577678621,-0.0270849466066281,0.0431915985827738
2025-06-27,-0.0265894541892395,0.00770482791884053,-0.0384157937421525,-0.046838531325319,-0.0787592222849254
2025-07-03,0.0329829662325718,-0.0487790265035555,0.0273529528933958,0.00991008925208536,0.0428970197748333
2025-07-11,-0.0683309485767998,0.0373682166230713,-0.0507328784197094,-0.0229045172081683,-0.0128619136424071
2025-07-18,0.0135553523533751,0.00605725286008685,0.0233799255263136,0.0236347553256433,0.0101196815766311
2025-07-25,-0.0222781490937285,0.012999474174082,-0.0286227286975036,-0.0228877187136405,-0.0147536101653269
2025-08-01,-0.0253498998955264,0.0159880490478272,-0.0377499554480796,-0.0011208213383691,-0.0407639376825948
2025-08-08,-0.0174818307730096,0.0104826292398821,0.00518538885500153,0.021816335629298,-0.00436364328777383
2025-08-15,0.00260926436361331,0.0157852975807282,0.0558214287573451,0.0359234037544685,-0.0156712315853662
2025-08-22,0.0116581631273895,0.0155399892120949,0.0138435726310826,0.0458622627196217,-0.00346106649579081
2025-08-29,0.0248025432556416,0.00809383679846931,0.000241167250656815,-0.0451567522599126,0.0259119850665357
2025-09-05,0.00250941160542606,-0.0247984993083143,-0.029611854046645,-0.010991091216785,-0.0333691411746182
2025-09-12,0,-0.0257552591729722,0.0189450862424501,0.0274278373401851,0.00398406901487469
2025-09-19,0.060772038342094,0.0155325777104593,-0.000243753809860081,-0.0189081055702323,0.0380348137392268
2025-09-26,-0.00472814119594567,-0.00762826754245971,-0.0115239720828129,-0.0511258934967733,-0.00527705710084359
2025-10-03,-0.00713439411387462,-0.00334904071631215,0.00418359168084503,0.00704367847863896,-0.00869570696755417
2025-10-10,-0.0144233269611043,0.0317386052703972,-0.0111125973789044,-0.0122655998721406,-0.0330486303686754
2025-10-17,0.0227418538361954,0.00741553922518712,0.0125849902829467,0.0496090274913161,0.0104765238590003
2025-10-24,0.00177357421601609,-0.0274278796816052,0.0215896802880522,0.0455651969794024,0.0172205977516704
2025-10-31,0.0193044895102377,0.012118809172259,0.0541808899262666,0.0893886899702565,0.0410951279476315
2025-11-07,-0.00989818852778246,-0.0666257905888576,0.00181694349326733,-0.0140913554911819,-0.0117731522317648
2025-11-14,0.00699711309594875,-0.00998878773823897,0.00993460417386771,0.0168859354436046,-0.000947867369545996
2025-11-21,-0.0111014870782196,-0.021679802281696,0.0109486067425566,-0.0232130681025078,-0.000474270817521827
2025-11-28,0.0232298482791284,0.005232265949763,0.0112695922582304,-0.00222402699148549,0.00756147270057639
2025-12-05,0.00286615272160873,0.0523017026534074,-0.0289810741903986,-0.0313383150877122,0.0121667387598787
2025-12-12,-0.0120934384906839,0.0115988133592824,-0.0261243087721326,-0.013547228430804,-0.00559702953671781
2025-12-19,0.0279938302661433,0.0026075236360672,-0.0258716217205199,-0.010030174155256,-0.0474113210105349
2025-12-26,0.0139862419747399,-0.00249876585958031,0.00901334375256457,0.0202900887780144,0.0179834737113236
2025-12-30,-0.021337137388131,0.00585687619357156,-0.0118766241625794,-0.023318843806627,-0.0160236494681572
