date,Coffee,Corn,Soybean,Sugar,Wheat
2019-01-03,0.026284692036713686,0.01058911284279862,0.006128152882849847,-0.020322522101738016,0.013718980478335752
2019-01-04,-0.0053988160753721814,0.008521847704763275,0.010222495429191625,0.020322522101738016,0.006306108697984314
2019-01-07,0.011255333250455912,-0.0019601443714742928,0.003019077358380251,0.058600923327459586,-4.836759465511875e-4
2019-01-08,0.022137602965191405,-0.005903592088739806,-0.0065988691476723815,0.008658110836272659,0.0019333017138158937
2019-01-09,0.0023769917799496554,0.005249355886143725,0.0057763879498331505,0.008583716861875423,0.004336311299779183
2019-01-10,-0.010021587442574642,-0.015166792543490182,-0.01770937261795069,-0.01566201236129805,-0.012092045765028203
2019-01-11,-0.0038443250498936266,0.0053015366053799085,0.004178861074966456,0.008644427700446489,0.011130044728837163
2019-01-14,-0.010648682252672792,6.607202090380682e-4,-0.009497278089788175,-0.002350156450680263,-0.01015728200621524
2019-01-15,-0.014212411995766061,-0.019340382760593577,0.0028026924175739154,0.03165064269791129,-0.006339938329362305
2019-01-16,0.010800286125990155,0.007380107297622729,0.0013984060452552072,7.596072458531111e-4,0.0029311208088591556
2019-01-17,0,0.01591545530589933,0.01470410734567107,-0.024597680520611398,0.010191789263130246
2019-01-18,0.02459728968186603,0.004594691378310145,0.009865796656989723,0.01391052961578021,0
2019-01-22,-0.01536274582484598,-0.007229739016315406,-0.008214723084337017,-0.007704154257454299,0.0067372728373173985
2019-01-23,4.8370546778997436e-4,-6.59848258847795e-4,0.006303981408422921,0.003088802530626822,0.009071439624698918
2019-01-24,0.018208471290106942,-0.004631169375567623,0.001092299398608887,7.706570925551937e-4,-0.008591938296882873
2019-01-25,0.014144506979119953,0.008583743691390922,0.010047606592135772,-0.04249262242930962,-0.0028804628653542608
2019-01-28,-0.03963279677079257,-0.0013157896635194177,-0.0021639175335934624,0.027746559028402284,-0.0024067400305645137
2019-01-29,-4.872404652580542e-4,-0.006605043827923929,-0.004613931376985292,-0.007849363948615018,-0.010659015645865466
2019-01-30,-0.004885207638880118,0.01054723027366311,0.0021739138996199614,-0.012688501062755098,0.006796142662834903
2019-01-31,0.036542556790363,-0.01253728068167348,-0.0062627842549609625,0.015835629013055463,-4.839100021847287e-4
2019-02-01,-0.020993181209272294,0.004637305428516925,0.0027277703765982153,-0.010264532377067148,0.014893381222336188
2019-02-04,0.018156271015785208,0.0026402655601769354,8.168822782366192e-4,0.019646996794781213,0.0028571448007799205
2019-02-05,-0.007127614027591989,0.003947373546629329,0.001903467603949771,-0.00233741333972759,0.0028490047760749704
2019-02-06,0.006180210121162766,-0.0019717390548397162,0.0016286648551231409,0.006220854108468732,-0.0023736066211741402
2019-02-07,-0.011439561649972063,-0.009253205480483473,-0.00926437143886183,-0.013265905186455207,-0.024538156838667113
2019-02-08,-0.01643347340159451,-0.0059940239402100914,0.0013678021555287856,-0.00157228840717627,0.007763260726609822
2019-02-11,-0.02366975967045537,-0.0040160696548898756,-0.01044252413099489,-0.003152087848028895,0.0019314346902357116
2019-02-12,0.002491902685979319,0.014647399023616892,0.013717636228800067,0.01410684067291923,0.0033710602595844463
2019-02-13,-0.01555080682290999,0.0013210041551134921,-0.001090512648966424,-0.007812569423153004,0.004317588861201926
2019-02-14,-0.010673575809144964,-0.010617219840871606,-0.014285957247476055,-0.01104114885383689,-0.029635396845491435
2019-02-15,0.0010214349862440741,0,0.004417456106722284,0.041170916433928895,-0.005438826756861914
2019-02-19,-0.007686433164559858,-0.013432035391797825,-0.007465816510802803,0.01585537423624217,-0.02917712000967132
2019-02-20,0.0035944182834493077,0.0027008794271328185,0.0019409405788328726,0.006718890452752646,-0.018547672355761158
2019-02-21,-0.014975798254942774,0.012730490186147136,0.009374207052922578,-0.01499277065180804,0.01188951715717046
2019-02-22,0.0036354076126956514,-6.660006906180627e-4,-8.236102044154592e-4,0.009770849332607412,5.137426262491473e-4
2019-02-25,-5.184902657910939e-4,-0.012739025777429802,0.001646542633246817,-0.02040112322738974,-0.04195686183047709
2019-02-26,-0.030010132103345022,-0.01153728440486379,-0.008813056215815074,-0.016936529765559705,-0.014023962308644222
2019-02-27,0.022722181228338023,-0.006849341845574841,-2.7666344069121607e-4,0.0023264634778223936,0.0016282228834612056
2019-02-28,-0.005238356829072366,-0.004822606659931061,-0.006662989669849573,-0.014040816429320202,-0.01861027985666741
2019-03-01,0.01821544046997481,0.005509655810969072,0.0019479622132996255,-0.008678528565025712,0.0033094349013671476
2019-03-04,-0.029837319835184672,0.002743485945750912,0.004438287452016354,-0.020817423792226286,-0.016098044001810585
2019-03-05,0.024666677335080323,0.0027359798188744122,-0.002216681428590661,0.0064516293271643654,0.016648553236742636
2019-03-06,-0.00989846022422558,-0.009608859106636558,-0.012842164208857199,-0.0227651895901122,-0.030737261900045887
2019-03-07,-0.01956180230316562,-0.018093743442698873,0.0011232800956433309,-0.0016460500780297593,-0.02064293485275215
2019-03-08,0.017465397499279334,-0.0035174148118786164,-0.007889587275162313,0.003289473425588607,0.0028926835328366707
2019-03-11,-0.013735060412794375,-0.0063626937878282774,-0.006812402162241327,0.008990633136806814,-0.024562638368409218
2019-03-12,-0.012848109592527912,0.011283617602027007,0.007943304177031152,0.003249390514544981,0.05528177740593865
2019-03-13,0.017623888959213296,0.002101576955626072,0.004792116288331982,0.0024301132640371925,-0.013536585717533356
2019-03-14,-0.005307868260001847,0.011826224788842765,5.622715919848531e-4,0.004037162668334204,0.018008365108927116
2019-03-15,0.006894766551346798,0.03198639482048016,0.02196057676120855,0.008824815313588807,0.03075475778199177
2019-03-18,-0.010093014744515294,-0.004699572261485763,-0.0038567540919114407,0.02523790791106162,-0.011969675009117609
2019-03-19,-0.002137943938532061,-6.731740409042786e-4,-0.001933969383010492,-0.004683882090491309,-5.474952230928309e-4
2019-03-20,0.013815342717548695,6.731740409042786e-4,0.0022099456508035686,-0.0031347958767056205,0.017910926566529817
2019-03-21,5.275974899783265e-4,0.012704951905271322,0.004954593124683271,-0.019017987870154407,0.003758393685845185
2019-03-22,-0.009539038988255477,0.0053015366053799085,-0.007441125694688466,0.0055843540157951566,-0.0010723861617529806
2019-03-25,0.0037204238638617326,0.003957788807417373,0.003038256721930921,-0.007185672062551163,0.007482664522671989
2019-03-26,0.011603489715382942,-0.006605043827923929,-0.006363280566702656,0.008775533914525013,-5.326231816997762e-4
2019-03-27,-0.01585656926968415,-0.00932097294306189,-0.014819228278631691,-7.94614968431695e-4,5.326231816997762e-4
2019-03-28,0.0015970354961849509,6.686727096356648e-4,0.0022509857563184354,-0.003982497610774072,-0.010706740394424763
2019-03-29,0.005305052229693352,-0.04792155756018168,-0.005919679020299107,0,-0.014638374699273093
2019-04-01,-0.025724907806067954,0.014619125657242549,0.012642393415176478,0.011111252757850298,0.010863767898987575
2019-04-02,-0.004897935758936711,-6.913239127737114e-4,0.005012541823544048,-7.895956913950286e-4,0.0026976007726480233
2019-04-03,0.03957732510881051,0.0034518501654776657,-0.0013898542890542487,-0.019139322015111482,0.014973541790162415
2019-04-04,-5.244733607048246e-4,0.00686815886651182,0.00858612115964874,0.023081005554535405,-5.309264791559798e-4
2019-04-05,-0.022282153735435628,-0.007557576336079563,-0.008307995723285444,0.003926207651393732,-0.006393202383062402
2019-04-08,-0.0026860076121622,-0.006920442844573493,-2.781254363632968e-4,-0.015002297530041009,-0.005359069631839297
2019-04-09,0.007502763848318494,0,0,0.01656842973106487,-0.012435953726618543
2019-04-10,0.006386381144601216,0.004849334061437283,0.003609611027367343,0.0023447206104898477,-0.003269757681556129
2019-04-11,-0.04336722911512947,-0.004849334061437283,-0.007511511184081776,-0.011778744002331365,0.0054436715811760905
2019-04-12,0.0016606870643318672,0.0027739268827247088,0,0.00865130122797586,0.00864870255853134
2019-04-15,0.011001210877298995,0.004835933431416528,0.003901900156714433,-0.00865130122797586,-0.010822616458151302
2019-04-16,-0.009895644448740804,-0.010391503276018454,-0.012033166043086574,-0.011919061888544302,-0.032064659629501335
2019-04-17,-0.03886714943415548,-0.0020913217799973793,-0.01018684530699332,-0.012872248812507259,0.004484312447329053
2019-04-18,0.03554669196361715,6.975933313935201e-4,0.0017050302510837057,0.032659201891869216,-0.006171127578808111
2019-04-22,0.009928394281075725,-0.01051534399952292,-0.003982935564077472,-0.017391763691340323,-0.01931878263463105
2019-04-23,0.004381184765057888,-0.009915095392196704,-0.01725172170849021,0.012678446283300726,0.0068610903799450895
2019-04-24,-0.01154179417989365,-0.012894161453013808,-0.007861446805979,-0.00157600536948177,-0.014925650216675024
2019-04-25,0.01753476273076693,0.0021606058099052916,0.004666091872229217,-0.025560548823948093,0.005767028670992325
2019-04-26,0.007036498818663084,0.010733555643108517,-0.006421504844943193,-0.008123475075565434,5.748778542917776e-4
2019-04-29,-0.014670173530651809,0.0021329549501416523,-0.007347571630394789,-0.05275397280633598,-0.01914766941413415
2019-04-30,0.00545852892804799,0.0035448459665401444,-0.007401958295667477,0.030484973579307795,-0.019521471745020058
2019-05-01,-0.022571785756315244,0.018928009885518904,-0.0020824044413423337,0.018182341296824944,0.015412278994887174
2019-05-02,0.004998587920897357,0.005540180375615655,-0.010778547464245669,0.001636621022654161,0.019225759671297915
2019-05-03,-0.01114217655324179,0.0027586224390789837,-0.0012048194228500009,-0.018152257120010784,-0.012191733013918515
2019-05-06,-0.0050547362949826535,-0.02017459729488902,-0.014572206859090997,-0.010883331581924338,0
2019-05-07,-0.02450965059346988,0.006304749430738887,3.0576364708512216e-4,0.005874938848870581,0.00582412828598855
2019-05-08,0.006327262146414547,-0.007711219423490512,-0.0042892222621508935,-0.025425115148916877,0.0017406444777847696
2019-05-09,0.026034329363098685,-0.030727676523496505,-0.017343265306370093,0.011097008287933807,-0.022275246919492453
2019-05-10,-5.588494429940027e-4,-0.0058224327514331264,-0.00406950005975748,-0.0051063486225659815,-0.006541801503940015
2019-05-13,-0.013506080024409783,0.014493007302566419,-0.007556711022560947,0.010186835410455952,0.028817048423432468
2019-05-14,0.01462346677212878,0.03672729172015732,0.03325869865083941,0.008410430477328035,0.018380758721636248
2019-05-15,0.0039007958651087193,0.024658783663252137,0.021473681616954288,-0.007566173048000557,0.021397212735282167
2019-05-16,0.0011117118796217795,0.025385464694170246,0.005073880456953894,-0.005924744217217448,0.039863317866409176
2019-05-17,-0.029886651218761884,0.011151312669497315,-0.021668015948073105,-0.019717702073816845,-0.004291852081541592
2019-05-20,0.010250676701902606,0.014891825866522268,0.012095702354256943,0.006042288093505821,0.02809620273300606
2019-05-21,0.05134996643134837,0.013405882224701848,-0.011791519842406117,0.016218924164747683,0.0010449321744934181
2019-05-22,-0.012456175310074258,6.339144427816024e-4,0.00787644181043845,-0.016218924164747683,-0.012611832956288538
2019-05-23,0.01889394935996158,-0.012113632348043524,-0.008484899389295641,-0.004312226746036263,-0.005302239357426686
2019-05-24,-0.002141295732257298,0.03652799051933009,0.009992513122761615,0.007748653006793393,0.04011999378942477
2019-05-28,0.029048780424776766,0.03881627383150921,0.03114592554165796,0.007689072754261783,0.03067879522238215
2019-05-29,0.03528872317738596,-0.0035756891494491683,0.018519047767237673,0.010160958390219132,-0.028637978187529
2019-05-30,0.028240653034310448,0.040941390377360776,0.019307811604925007,-0.009310237047165604,0.04777027626868602
2019-05-31,0.02174523984421306,-0.021431460288011905,-0.012735420465363134,0.028501522195897078,-0.022605385174364834
2019-06-03,-0.008159377932262402,-0.006461109114288988,0.0014230826366352645,0.007410424941034055,0.032757756638383206
2019-06-04,0.018147599394030323,0.0023543271616350836,0.00312367143098502,0.018692173578009896,-0.024343948032198526
2019-06-05,-0.06400233256626109,-0.025001302205416742,-0.01370275508411023,-0.017052791401308998,-0.03306914554935325
2019-06-06,0.029333493221811224,0.013768550342448727,-0.0011504171530498652,0.024273051527876177,0.03847589256180051
2019-06-07,-0.010837604631931619,-0.011360361339965763,-0.014493007302566419,-7.99698466474208e-4,-0.010842885924707168
2019-06-10,-0.023554068395312378,0,0.0026242907610951605,-0.008032202460952487,0.005928871122278245
2019-06-11,-0.016360267629761616,0.028454794699265484,8.732353924125746e-4,0.01122709031544833,0.020478531343540496
2019-06-12,0.02091382545145226,0.005246295915305232,0.02158667790517388,0.00635931588209715,0.015801142737108087
2019-06-13,-0.01731208781078042,0.027524673390090015,0.0113251493570532,0.010248423559586772,0.0174245048912125
2019-06-14,-0.01396452467621856,0.024582243405336435,0.009805373420221919,0,0.005586606708639863
2019-06-17,5.207295193248029e-4,0.0038556919151977453,0.017684904123353995,-0.007083866941161254,0.0018552881017459555
2019-06-18,-0.01838769898552428,-0.011055944567589293,8.2135528231575e-4,-0.0039572819126756364,-0.014939586916186798
2019-06-19,0.02046775116625721,-0.019646997383796716,-0.01128400579031208,-0.008761478442342874,-0.017556797345327446
2019-06-20,0.048666500882208474,0.020202707317519497,0.013470994086815402,-0.005615714234084912,0.00810493113735511
2019-06-21,-0.012447260153948925,-0.017372249724471267,-0.01402470395699762,-0.017038954478937107,-9.50118836319902e-4
2019-06-24,0.021804599388117296,0.010123820999643485,0.006899434019911332,0.004083320435138482,0.022557347424074337
2019-06-25,0.042702549386754995,0.0016773836753722904,-0.006068984145195522,0.0048780149582130505,-0.0041909258080981004
2019-06-26,-0.014667832722740748,-0.009542592760592328,-0.010290731893156213,-0.024631803198906344,0.014821948049207556
2019-06-27,0.006177273258956006,-0.0073592180420112285,-0.007295206315929725,0.04072223980714007,0.006872879287762146
2019-06-28,0.025258563675357948,-0.04592495462358137,0.013426775135942925,-0.016901814262206827,-0.03626617798439469
2019-07-01,0.017399720218489456,-0.01982642293919845,-0.015964489736251863,0.020089064989438743,-0.026873018251095893
2019-07-02,-0.017399720218489456,0.003634165114219101,-0.010501018874088608,-0.017656904361828207,-0.020639553296548208
2019-07-03,0.03628515973976487,0.04608021353874392,0.01021865264321331,0.015267438200528893,0.02839153010086548
2019-07-05,-0.02526073053615807,0.002306806097915448,-0.014794010925129442,-0.014458107910129137,0.002410220496739335
2019-07-08,-0.04389123728395816,0.010315277711832493,0.003433479767891434,0.007255183338024995,-0.004826264194344176
2019-07-09,0.01091870821379004,-0.015513094785450043,0.00853247497372056,-0.008064513628424752,-0.013638789107313087
2019-07-10,-0.014744648115529557,0.005773688094426355,0.011544546068003037,0.01207255034603305,0.003915815086833696
2019-07-11,0.010960334015613249,0.03061463581960755,0.0036328110373311517,-0.009646367807789602,0.046764245700828155
2019-07-12,-0.002847681621616971,0.003900812970853096,0.011647386249181935,-0.006482998615195079,0
2019-07-15,0.033648091176582184,-0.019090978464828545,-0.005529458379363028,-0.019705051792144435,-0.054611269781732474
2019-07-16,-0.04415940150798203,-0.013124296798547874,-0.015647147960451413,-0.005821276143097798,-4.924895445519439e-4
2019-07-17,0.017615294947448845,0.001721664700736092,-0.005931383015745695,-0.016821238636285596,-0.00394867245541608
2019-07-18,0.011262480249619955,-0.026730237597631934,-0.0014174346809729954,-0.020566257832099755,-0.024025179586989687
2019-07-19,-0.012206752994782022,0.014615869656636526,0.022718688516893515,0.0034572170354949527,0.018072781059694343
2019-07-22,-0.007110719800839327,-0.01993031972012904,-0.014806807742235861,-0.002591770973884966,-0.030818301545560978
2019-07-23,-0.027002560575517087,0.007667392325519273,-0.002818491155554881,0.03568765493339221,0
2019-07-24,-0.012789185947775117,-0.003531492781471357,0.005909683725227488,0.0066556716164809515,0.02132060455663609
2019-07-25,-0.00347134959521167,-0.013056565302427714,-0.009585638663357265,-0.00498757630512614,0.0035096551443025703
2019-07-26,-0.008982111476075083,-0.009603915354180259,8.494974318029591e-4,0.0016653174025607065,-0.007031671363680658
2019-07-29,0.013937522929089674,0.0060132472234517564,0.0028264575063268182,0.004151042635052615,0.015007785433689413
2019-07-30,-0.016446934534515734,-0.013884919719219901,-0.007934300620706658,0.006606128564258018,-0.0124907944245356
2019-07-31,0.001506417806639071,-0.027111950202757917,-0.01692767432081954,0.004926152856981947,-0.020315579346411816
2019-08-01,-0.02437907947262996,-0.018916074741093247,-0.01987207415200043,-0.007398320048005225,-0.02388483221141069
2019-08-02,0.009211953770311254,0.01704048807059877,0.0038297292352496015,-0.008285004008287356,0.031042326980311508
2019-08-05,-0.025801224429872427,0.014290395409456202,0,-0.016778981031203344,0.007612317906196431
2019-08-06,0.014530629221235714,-0.0030892826546349283,-0.0029446428815562697,-0.007643362519010211,-0.021462244346134973
2019-08-07,-0.0015468064165657935,0.006169051026715167,0.0011788978671578576,-0.03381331188501946,0.008742663040155918
2019-08-08,0.005146691670932846,0.01100928550836855,0.018964828058972927,0.007905192750934376,0.020776019645104782
2019-08-09,-0.0010272057582216831,-0.0018264845260338447,0.010064786616140964,0.036929860115360924,0.002004008686715686
2019-08-12,-0.03716735570585605,-0.06287425576997485,-0.014119237580035637,-0.025620465078370014,-0.05715841383994924
2019-08-13,0.027355714173022072,-0.051259140798859626,0.012114367940995407,0.013745907389640877,5.2980133689573e-4
2019-08-14,-0.019916817386852692,-0.01931094491308727,-0.012694919481249123,-0.009430040794391026,0.003700770811081
2019-08-15,0.0010582657444322408,0.004862809165701698,-0.0034904049397681547,0.001721210232217718,-0.01007698795035683
2019-08-16,-0.01814355601621287,0.02801686495345468,0.010723186361897064,8.594954276524014e-4,0.003724399090982544
2019-08-19,-0.01847875349993089,-0.01630470902494352,-0.015396092061289224,-0.01471251737646595,-0.01121507082013995
2019-08-20,0.003285823601117066,-0.015183176421389888,0.002047083621724788,-0.0026190051500374345,-0.0118856072339808
2019-08-21,0.015192929898813823,0.008310297133627742,0.005535338241299037,-0.004380141670307758,0.005420067469338541
2019-08-22,0.006976164929732853,0.0020668281556632806,-0.00524323950985206,0.016543657954863455,0.01021788938319279
2019-08-23,-0.009672311120682231,-0.009681956682915605,-0.015006902199981909,-0.009544511134518263,0.016976535032866558
2019-08-26,0.01660014613609473,-0.0034806857278022463,0.012374936943239767,-0.0034934499156449306,-0.004745592876606253
2019-08-27,-0.0037243827631439075,-0.004192878260036004,-0.008823586658515126,-0.01676268040387008,0.0015843679047033987
2019-08-28,0.004255260638826641,0.015978109984658317,0.00765159707227081,0.011499473594887899,-0.0031712500150167244
2019-08-29,-0.02471910322040749,-0.008304545996820067,0.0040959682776797735,-0.01417205721027015,-0.0053078680880442874
2019-08-30,0.018329321216091543,-0.004876359366776661,8.755290213446898e-4,-0.006263975168954161,-0.04017912864648476
2019-09-03,-0.01344467705895358,-0.02331437285510951,-5.836008336057574e-4,0.004478219506518943,-0.008903787258261353
2019-09-04,0.011305671449362897,-0.010779838487866122,0.0069808311413401825,-0.016216513301445357,0.019923182507872284
2019-09-05,-0.012931264108607898,0.0014440435722331557,-0.014892960329288663,-0.0036396728942582612,0.016843647329554123
2019-09-06,0.017737649310596737,-0.011611160927677666,-0.005605561219051758,0.004547546635249589,-0.008114732113067902
2019-09-09,0.012179144826721888,-0.005122587125637956,0,-0.009115867960737045,0.03049179793679535
2019-09-10,0.03465563771974445,0.022489159623936494,0.01672328837276904,-0.0036697253571205124,0.020855813280838298
2019-09-11,0.018136548027476884,-7.176175406637952e-4,-0.006128721941372817,-0.006454581477691068,-0.01455327141003604
2019-09-12,0.0019949826890153233,0.01778773331226713,0.03339400681538951,-0.004636094463387863,0.01712992833676452
2019-09-13,-0.008506415872230555,0.002816903271113169,0.0019799186216129527,0.012009392466107993,0
2019-09-16,0.012980741748095603,0.05073054817123701,0.017089644098738255,0.018198846650035794,0.006157023042026033
2019-09-17,-0.03997501181471197,-0.016172859245600968,-0.006968669316093745,-0.013618056483681862,-0.009249809012469967
2019-09-18,0,0.008792751947978239,-0.00561011289076685,0.005469514160724387,0.010783159683459331
2019-09-19,0.015369155222354713,0.004032263527938618,0.004770599759048366,-9.09525209213502e-4,-0.003069056117417368
2019-09-20,5.082902448219073e-4,-0.005379972626806229,-0.011544546068003037,0.009058067532170977,-0.007714103566041963
2019-09-23,0.0060790305694826685,0.006720455401257652,0.010984478845298185,0.011654108772580773,-0.0025846486345333375
2019-09-24,0.0015140202208154818,0.0040107005634073545,0.0019588644853332227,0.02464911147529536,-0.002591346358096658
2019-09-25,0.01799144417305154,-0.0013351136829689025,-0.005606967310562538,0.025752512266385974,-0.009384844688618443
2019-09-26,-9.910652584190771e-4,-0.004686985480123695,-8.437632338589296e-4,-0.01451157126486935,0.014560839681248439
2019-09-27,4.956932122102131e-4,-0.002688173661800519,-0.006209446990745882,-0.00863566524923387,0.006176036100564275
2019-09-30,0.002474636216814652,0.04345647546545983,0.025714105439019974,0.03326535691621535,0.017294429012235213
2019-10-01,0.001975279143406894,0.011531197599189191,0.01479073800139652,0.07745806152366974,0.006033200804168359
2019-10-02,-0.007427615344613336,-0.012175735165814494,-0.006273032980387505,7.761140245374776e-4,-0.019742478729201096
2019-10-03,0.014310676662532273,0.002575661436795329,-0.002191181375199136,-0.011705211407499583,-5.113781752967839e-4
2019-10-04,-0.03034306902579864,-0.010342690774455043,0.004923423512071423,0.0015686636756817585,0.0035741677058425125
2019-10-07,-0.02040887163120697,0.005830920310793353,-0.0010920012005151136,-0.018987893619546448,-0.0025516727292327346
2019-10-08,-0.01349271193327084,0.022358005731339503,0.005719748672786906,-0.004803885813683628,0.022234367187657256
2019-10-09,-0.0026157483706743534,-0.003797472917973721,0.0035244715892783773,-0.004020929499905179,0
2019-10-10,-0.020641081904796188,-0.03615629470374593,-2.706726231167522e-4,0,-0.01459879942115272
2019-10-11,0.0021367203802808987,0.044994736078494135,0.013444676838297198,0,0.029972273535792127
2019-10-14,0.01219852361881646,0,0.004796172263493048,0.008824815313588807,0.0058881426252224145
2019-10-15,-0.004226118657049582,-0.0113781252795091,-0.006935210512241774,0.005575457941479289,-0.007858586612520924
2019-10-16,-0.009574476294915257,-0.0038216607022567572,-0.006444705442642196,-0.019246766213802058,0.012252052307859529
2019-10-17,-0.006972423097019842,0.0076287718996210785,0.0037644572554427214,-0.008946835577539058,0.023587134417963007
2019-10-18,0.029694604325357865,-0.00954509315038532,0.0026802481871994743,0.006514674949928523,0.012763113456582431
2019-10-21,0.006769112453429926,-0.009637080688388089,-8.03320434149768e-4,-0.004066637304239951,-0.016576273462996838
2019-10-22,0.02612187503362673,0.001934860326295862,8.03320434149768e-4,-0.007362008693138744,-0.010561788051108856
2019-10-23,-0.011696055191693588,-6.445375666253028e-4,-2.6770178181578785e-4,-0.002466148947361635,0.005294837881598902
2019-10-24,-0.013388491154564974,-0.0025823126034731914,-5.356186523339801e-4,0.012270139495399235,-0.009163314659518917
2019-10-25,0.030630266902717196,0,-0.01402774553556263,0.00405681607695163,0.003385734794131068
2019-10-28,0.010502752885503064,-0.0071359368654482225,5.431830660445058e-4,0.015267438200528893,-0.011656275734295285
2019-10-29,-0.01554308629196921,0.005842275624228677,-0.0027188706253982176,-0.016077501320202803,-4.88639149716974e-4
2019-10-30,0.004034312432044551,0.011583141089630544,-0.00245332002564691,0.0056565560784078706,-0.004408530284766066
2019-10-31,0.025833513447389933,-0.0019212301778939178,8.184422773052091e-4,0.0056247393405430834,-9.823183501103117e-4
2019-11-01,0.01990843205477688,-0.0019249284095845809,0.008147790865305815,0,0.014150028724757568
2019-11-04,-0.003371045538128392,-0.015534292962184004,0.0016216219769811246,0.002401016513230214,-0.012186356026997913
2019-11-05,0.020530694665546356,-0.003921573653181909,-0.004330182679468386,0.015860745427968226,0.010731810316003454
2019-11-06,0.02058067885542947,-0.007889587275163201,-0.00734997183873265,-0.011871893753673035,0.0029069787913096334
2019-11-07,0.01013365172874714,-0.009283886310007539,0.010869672236903938,-0.013627471098308863,-0.008258487549314353
2019-11-08,0.0032029172332386224,0.005315627134387491,-0.005963693468048703,0.014423274973334621,-0.004399909322609474
2019-11-11,-0.03202870197413876,-0.010659661228658912,-0.01589510034445052,0,-0.008858325642099096
2019-11-12,-0.003780737289516445,0.011984164733549463,8.283860752609229e-4,0.0015898618519738505,0.02200039846057411
2019-11-13,0.02200977186816111,-0.006640130639278041,-0.0035946395681509813,0.02044098085156376,-0.015594857957906605
2019-11-14,9.25982506124079e-4,0.001331558119512799,-0.0024961876780507097,-0.0031176923619828933,-0.002458816090028293
2019-11-15,-0.017740908672828404,-0.012048338516174262,0.01979718217079185,-0.0062647720557311715,-0.009896171807732834
2019-11-18,-0.005668399316766326,-0.009472330635362347,-0.00875039764423402,0.0023539192442174617,0.008910950053162559
2019-11-19,-0.027372715987994845,0.006099646156722649,0.0013723070631748158,-0.005501047194517827,0.00932064633358376
2019-11-20,0.06593725224281499,-0.00882258861517915,-0.007156650418791877,0.0047170229448614265,0.006812678417507101
2019-11-21,0.04935434241469672,0.0047602946063003415,-0.004429686091588003,-0.01104114885383689,-0.012689286906492292
2019-11-22,-0.0056558909109432065,6.781960246389218e-4,-0.004449395549541713,0.017296049930419333,0.012204203220045784
2019-11-25,0.027540506157934352,0.004734537082111245,-0.005029348405002132,-7.797449931570277e-4,0.030109801471370545
2019-11-26,-0.01798768930059058,-0.008130126083250033,-0.009286685568203445,-0.0031249996327451512,-0.0014134277971473708
2019-11-27,0.013734173852961717,-0.013009426888594078,-0.002547772078798971,7.821845530733285e-4,-0.0033057881344991102
2019-11-29,0.01060005657766272,0.02316179835261245,-0.005970166986504211,0.011659644036690064,0.03531965638036372
2019-12-02,0.02457942452682005,0.006042314455962483,-0.007154129812043664,-0.014791985040443656,-0.007792842554117385
2019-12-03,0.011049823765918454,-0.004024150299725804,5.742176442593561e-4,0.008590420508089558,-0.023749661082501206
2019-12-04,-0.018484814905831648,-0.008774946619116264,0.008004616782613994,0.015432463865675317,0.00844678884196881
2019-12-05,0.027398962219631784,-0.008852628464196322,0.007093234450473496,0.0015301842179820113,-0.005623257554361771
2019-12-06,-0.002018979132516918,0.002732242136872287,0.005919679020299107,0.007616212032638625,9.394082419360572e-4
2019-12-09,0.028687274808516072,-0.002048481426472293,0.008675022921827313,0.01506051102439443,-9.394082419360572e-4
2019-12-10,0.0366341323174435,-0.006858737449841001,0.004448158571442207,0.0059612637974653104,0.005155858620870646
2019-12-11,0.013539153712264884,-0.015256884013832739,-0.008636353999675883,-0.0029761898220521665,-0.0075082473791496795
2019-12-12,0.01519946067925293,0.0255274296180108,0.005302091394145059,0.007423967244448715,0.015888184685900697
2019-12-13,-0.04862459362253535,-0.002045687723293277,0.010245140145377363,-0.001480419028693447,0
2019-12-16,0.047888554974292674,0.05768917929199624,0.015851657417588427,-0.015677815589581368,0.019284344165604317
2019-12-17,-0.02686733326385493,0.005141399500418586,0.0072943724753748995,-0.0015059870145548437,0.011754204045579364
2019-12-18,-0.0037893187559898678,-0.007722046093910251,-2.692152392080871e-4,0.011985150418337032,-0.01448644618245254
2019-12-19,-0.03476595866297938,-0.001292825002304987,-0.004317329965581429,0.008895528143499032,-0.005486982216258873
2019-12-20,0.027143970366627634,0.0032289340291713486,0.004048042230009763,-7.382967353084524e-4,-0.005517255374754448
2019-12-23,-0.04219371102321112,0.002575661436795329,0.0061753451716537455,-0.006669172799957934,-0.005084365008794833
2019-12-24,0.03219744864134988,-0.0032206147000417573,0.002673083655300168,-0.005965709312495626,0.0027764941482919525
2019-12-26,-0.016361805362660853,0.0025773210143000824,0.0013338670778537676,0.005221921319200629,0.014679162663049361
2019-12-27,0.04003611588995604,0.003853569315990235,-0.008836581800498067,0.007412960793252932,0.01311939197091938
2019-12-30,-0.002645050562249729,-0.004497277094896113,0.010701011692021645,-7.388422201324296e-4,-4.495392298675682e-4
2019-12-31,-0.018713527070987723,-0.0012886599721477765,0.003718463779937231,-0.008163285218014238,0.004933851677196621
2020-01-02,-0.020249901602972464,0.009624713374209115,0.001324678959108816,-0.021846440197935912,0.0026809667532576853
2020-01-03,-0.005918344432467748,-0.012853647403380464,-0.01466888551026102,0.013615966902750909,-0.010316305890614608
2020-01-06,-0.033806011562004024,-0.004538095308488366,0.0024151360189614834,0.03106752250603728,-0.0081485285639058
2020-01-07,0.002044572348961715,-6.499837732896196e-4,0.0024093171874204344,-0.010248947048474566,4.5444218005474823e-4
2020-01-08,-0.02691116619343603,-6.504065269936632e-4,0.0034699087264424833,-0.008869229144768731,0.004533099330984669
2020-01-09,-0.01522230705689065,-0.0026058646667816987,-0.004807701568102729,0.01766048611040505,0.01704077110186919
2020-01-10,0.013542301798932677,0.006501973491346291,0.0013377928416602458,0.02591935307983384,0.003993792750291547
2020-01-13,-0.037691775552385565,0.00967437406753291,-0.006168720111325854,0.0063762280531163285,-0.003993792750291547
2020-01-14,0.0030507625939932836,-0.0012845216923569325,-8.074283846006836e-4,0.01123606273174893,0.011054722351166113
2020-01-15,-0.005235600634462045,-0.0038634948250440004,2.692152392080871e-4,0.013869900701731552,0.008320608547422559
2020-01-16,-0.011881381604958108,-0.031457377589212854,-0.005127524390284854,-0.0062176469885910635,-0.014053810579934378
2020-01-17,-0.007107941323436506,0.03596333950991859,0.006203661163495688,0.001385007424314466,0.009245058144051299
2020-01-21,-0.009856696750542682,-0.004505961920705737,-0.014899368131049862,0.006896605367630038,0.01909780265658867
2020-01-22,-4.5037650903712034e-4,0.0032206147000417573,-0.0024593536101411573,0.007531679323627749,-0.006469722804228972
2020-01-23,0.014311500841933444,0.012779726646399148,-0.004662013105812157,-0.006158086788430328,0.004748551983456473
2020-01-24,-0.021998615053179016,-0.016645710842865036,-0.00828047789555253,-0.012431054503921679,-0.01213186456852089
2020-01-27,-0.03275958968340564,-0.017584301995237084,-0.0052799900349072,-0.01258759996417691,-0.002181977736749552
2020-01-28,-0.014647041076147005,0.015645690725736294,-0.002510811752861386,0.022957524688259845,-0.004378290706882559
2020-01-29,-0.028973537181147258,-0.005838485608771649,-0.0022371373983567366,-0.003444728945042108,-0.013251077286368762
2020-01-30,-0.0054041206785466755,-0.012438785583020362,-0.0189351425276989,0.006877632456339544,-0.003117348327210223
2020-01-31,0.011266359847970975,0.004600731085936616,-0.004288784272217683,0.001369829270363443,-0.012115921152869191
2020-02-03,-0.04737859320725146,-0.006578971098043063,0.005144338295600903,0.018983667489741674,0.0031552877203395724
2020-02-04,0.002550371146305963,0.009198487985592863,0.0028465718054295763,-0.01216233254657384,0.0031453631862934373
2020-02-05,-0.004083737403392185,-0.00393185303390009,5.683432946392841e-4,0.0013586621909609242,0.008487877627712415
2020-02-06,0.004083737403392185,-0.003947373546629329,0.001135718463928015,6.786718356757149e-4,-0.010284016413240948
2020-02-07,0.002035593051417983,0.011144002578668655,0.0011344300706115362,0.012137728655899238,0.004484312447329053
2020-02-10,0.01963319607390357,-0.004573676708568897,0.002547772078798971,0.008010716096176207,-0.012154099650683925
2020-02-11,0.001992002104941548,-0.0052528026228593205,5.652911399822713e-4,0.024303323444823555,-0.018282044837448552
2020-02-12,0.0014914397469176777,0.008521847704763275,0.008721394428221174,0.023726659065600675,0.010096460251009631
2020-02-13,0.037059291539122796,-0.009180392344960708,0.004192878260036004,-0.040082928346688806,-0.005953761575999472
2020-02-14,0.04355642006779625,-0.004621995682835944,-0.0027932979056126683,-0.00661811991431982,-0.0027598913562556504
2020-02-18,-0.023650491666785456,0.013802388027796653,-0.0016797316379477678,0.014502516027925072,0.0432694806292373
2020-02-19,0.0023435679144236943,-0.006548811878904992,0.005588167657447407,0.01944326928301976,-0.0026501782295591525
2020-02-20,-0.03042064000378364,-0.005270104424237587,-0.005027943553159275,-0.011620550896864756,-0.009331327428884428
2020-02-21,0.04943345856555492,-0.003970885429492199,-0.0025234837448415703,0.012262208208412506,-0.01620197457627981
2020-02-24,-0.02747550664633902,-0.012679515883892378,-0.01841672678623052,-0.020739543648719216,-0.02713433891068817
2020-02-25,0.011267696190429888,6.713662554957978e-4,0.005418521741691329,-0.007889642432656885,0.0051151006667709
2020-02-26,0.01850191564649961,-0.005383593083473137,0.002272728251003109,-0.02404923263239045,0.002316424477998069
2020-02-27,-0.008283540645371623,-0.016326893287428312,0.005941451910157269,-0.027417729385765366,-0.020571085372020903
2020-02-28,0.017407691662011615,0.005471969877993033,-0.0031077860865860174,0.0048526746110195695,-4.724781566753933e-4
2020-03-02,0.04049499274332469,0.022260615656001015,0.00789181096996483,-0.045993221562532494,-0.005212046861708508
2020-03-03,0.05431968598185666,0.018506807116034807,0.002803478146782723,-0.0036271486671375364,0.004739345363897307
2020-03-04,-0.03274853061598204,0.013658748931040243,0.00641832815875798,-0.021300838892814422,-0.013806455919660898
2020-03-05,-0.06433939303875569,-0.006480904084082972,-0.010907673521352024,-0.0037188730176089813,0.005259395341202122
2020-03-06,-0.03945742811750019,-0.01903569129774052,-0.0064889492746500466,-0.03025946528970591,-0.0057388966690181675
2020-03-09,0.03123067655745082,-0.00798407434822046,-0.022614388652521633,-0.031996549188324064,0.001916627323663711
2020-03-10,0.047499996394313015,0.015247229420693564,0.010941658252868969,-0.0015872625745738667,0.008579652247623137
2020-03-11,-0.023916081538016165,-0.001975634491789613,-0.006031901097705905,-0.026560910998967735,-0.01819973605864522
2020-03-12,-0.02174985126069462,-0.025368516637732874,-0.014802185805136148,-0.053614207601907715,-0.017552864117196698
2020-03-13,-0.0194270534321328,0.0027008794271328185,-0.009695977238878939,0.006861083926436251,0.012707893399443115
2020-03-16,-0.029867130752255555,-0.04411466497789007,-0.029969279153552186,-0.053545010380257274,-0.03308126888324647
2020-03-17,-0.009671255122456479,-0.030771658666753687,0.0030376694075116006,-0.018198846650035794,0.0025068952712716808
2020-03-18,0.04883645352807697,-0.025765135211610612,0.0015153814083426198,-0.020408896007307664,0.017866480212531677
2020-03-19,0.0765839003514337,0.030116121045937305,0.02127421058157708,-0.0075258984419925845,0.05129329438755015
2020-03-20,0.025810575520605283,-0.005077994226943439,0.02257167496375434,0.0297696118369295,0.007912538373259892
2020-03-23,0.012865942748717885,-7.275373183777134e-4,0.024621913732128853,0.011845251534686074,0.04221184880930906
2020-03-24,0.03524771206778787,0.010857869972049627,0.0031060310160881954,0.020619331275971042,-0.001779359900077715
2020-03-25,0.0340474957180259,0.0035932485661254177,-0.005938091815806956,0.012345781831233804,0.03241632936196748
2020-03-26,-0.04163991539253242,7.171029349963831e-4,-0.0014190438027625873,-0.007036082194696647,-0.01914766941413415
2020-03-27,-0.07321358450364901,-0.00791655807785041,0.0014190438027625873,-0.02050892562118589,0.003946508082083966
2020-03-30,0.02934511697718012,-0.013823428558555229,8.504607174550927e-4,-0.033901628704362086,-0.003068159321178321
2020-03-31,0.0020933647469698613,-0.0014662759225272382,0.004241488049701481,-0.0293164703334714,-0.0013178126220765307
2020-04-01,-0.030144528325010356,-0.017765086005359976,-0.026591988626968543,-0.03714993318301252,-0.03306824985858903
2020-04-02,0.028470148893565472,-0.0037411192156042716,-0.004647118441553744,0.024595435674685362,-0.015568079990102568
2020-04-03,-0.037998141865159596,-0.008280062360612739,-0.00525395254115768,0.0019417925900691024,0.013749070848251499
2020-04-06,0.01511581341349899,-0.00911168035125609,0.0014622023368469073,0.01348762142984139,0.011764841579585905
2020-04-07,0.02748006321146157,0.01137668698210792,-8.7706481283778e-4,-0.006721071395800582,-0.011764841579585905
2020-04-08,-8.34363604610644e-4,-0.00453515516539138,-2.9252596376494466e-4,-9.638775572118341e-4,-0.00182232396672255
2020-04-09,-0.010067237457253242,0.005289018751791552,0.010477395031087688,0.005769287066436313,0.014935783417602266
2020-04-13,0.009649762593157973,-7.538635864001719e-4,-0.010770006591331871,-0.025244080709772465,-0.00269905696916517
2020-04-14,-0.021524385187002615,-0.01673042825920934,-0.008523196343346306,-0.011869564078653472,-0.0113251493570532
2020-04-15,0.025275145608084415,-0.020922886454059153,-0.005920680409728263,0.010885773648164676,-0.015610969002385566
2020-04-16,-0.013400523014239774,0.0015649455463035977,-0.006254674150890871,0,-0.01962679823858693
2020-04-17,-0.02173531468049905,0.007788201360344971,-0.00509211823683664,0.020458584073824948,0.0070538735933993735
2020-04-20,-0.020897595292692195,-0.025138794348940507,-0.007233304593520451,-0.030349804822673576,0.02818389364757312
2020-04-21,-0.03583007494487411,-0.016038836197759032,0.005128989973624876,-0.03129992137323789,-0.0036513048325037545
2020-04-22,0.008626586512058942,0.0263278070601487,0.004803371589060745,0.008171641387981765,-0.006882339622942268
2020-04-23,0.004060502529510401,0.005496676579902271,0.005376357036380064,0.0010168001733235066,0.007339482488045945
2020-04-24,-0.05411730652686675,-0.011023733682048231,-0.008375759405010008,-0.01124187741977467,-0.03772274973768308
2020-04-27,-0.005719734251433906,-0.033000982618950125,-0.0039127213198391075,-0.05492399474216292,-0.010976010930931146
2020-04-28,0.01046132696124058,-0.009042396178448264,-0.003625381614317469,0.014016414168660951,0.010976010930931146
2020-04-29,-0.01958501040106686,0.005763704716749807,0.006937141377608036,0.04398615529822392,-0.013859242145016104
2020-04-30,0.009601609869546834,0.02272825107755594,0.02199850898871869,0.06255141427870292,0.019538386609126768
2020-05-01,-0.0019130046876201234,0,-0.0035346134001432716,0.05432046047415984,-0.015695922707581467
2020-05-04,0.010476344422070127,-0.0024106078366870065,-0.01576240812841423,-0.05335852916132655,0.005259395341202122
2020-05-05,0.030785970455135647,0.007214460149332247,0.0050829829875906896,0.03588677124254458,0.0023815205349766444
2020-05-06,0.004582959506318041,-0.004001605980007206,-0.009288456292988023,-0.04846547219672459,-0.0014282316162637088
2020-05-07,-0.01752813848182999,0.01354062902676656,0.013158084577510998,0.005825207232514895,0.008066473157557041
2020-05-08,0.02436343518274242,0.009448889197932075,0.008578665242045425,-0.0038797296071102494,9.447331831617944e-4
2020-05-11,-0.010499996489605756,-0.001568627772626563,0.00411523214510634,-0.016658893587841117,-0.009011206340718836
2020-05-12,-0.03123067655745082,0.016349138001529262,-0.00352630397731879,0.012764053033488931,-0.005733412743432531
2020-05-13,-0.019603739509612694,-0.01086967223690305,-0.015724993955991806,9.751564663771362e-4,-0.02179790835258988
2020-05-14,0.012952912635347147,0,-8.975318478361416e-4,0.019305600232920828,0
2020-05-15,-9.53728941516907e-4,-0.003127445864195444,0.0038835000263981456,-0.0076775735208358675,-0.020282664140877316
2020-05-18,0.008551062997542935,0.0046875085830970775,0.007722046093910251,0.03966526302792994,-0.006517947367213672
2020-05-19,0.01269117953915977,0.0015576327136841428,-0.0029629651306573024,0.0046189633541589,0.0035149421074445186
2020-05-20,-0.013164285038632428,-0.005462362391840614,0.005031829471364269,0.03085536967960678,0.029631797606371357
2020-05-21,-0.008555199702590777,-0.0054923637480257526,-0.013973766847025892,-0.018945090433871492,0.004369999671117952
2020-05-22,-0.01103924370542586,7.86472710613495e-4,-0.002098007663006385,-0.004564064281324942,-0.014150028724757568
2020-05-26,0.014374948267730225,0.0031397200046674456,0.016366977464206123,0.010919115115456623,-0.0039389514246961355
2020-05-27,-0.025049464786088826,0.004691173575880114,0.0017693900222264247,-0.02288429343402587,-0.0044499455384450215
2020-05-28,-0.03373337263988585,0.021605778714581803,-0.0017693900222264247,0,0.019627715480440067
2020-05-29,-0.028661075444385453,-0.005357839070351922,-0.007406344031675616,0.010133634068112407,0.012074524866977576
2020-06-01,0.020555707704277282,-0.007704198352987746,-2.97397771708674e-4,0.008215486939449068,-0.010617860370513377
2020-06-02,-0.0010178739150124017,0.0030888055445865703,0.011827458987245798,0.01980265109553825,-0.01417077219208629
2020-06-03,0.009123241655120573,-7.71307404224153e-4,0.008196767204178279,0.03502981768124025,0.007843177461025697
2020-06-04,-0.009632489669709976,0.01531423497304285,0.011882475701801454,0.00942188206519834,0.022689846196839447
2020-06-05,0.007612317788301404,0.006815626535059849,0,0.024422343550213554,-0.016362251465778854
2020-06-08,0,0.007518832414027621,-0.0034632069246178787,-0.006677894369882864,-0.007304634378886732
2020-06-09,-0.011184645812329919,-0.01890415463915307,-0.0017361115471761224,0.005012576967322158,-0.013779745598017534
2020-06-10,-0.010794276334947561,-0.0038240964384028686,0.0026030383461614903,0.018985262481507448,0.0034627786270844396
2020-06-11,-0.007782140442055052,0.010670832960520293,5.77533946171549e-4,-0.023997839448829605,-0.013923646124823996
2020-06-12,-0.00836828172679649,7.578628631019768e-4,0.006044053512298753,-0.005879873840290983,0.005493147395804421
2020-06-15,-0.012685127471035784,-0.0022753138371349735,-0.0025858368093416573,0.014220237731934482,0.005463137501218185
2020-06-16,-0.0037303370864849583,-7.595898580188276e-4,-0.002304148484850721,0.012381472357831047,-0.017487330468019202
2020-06-17,0.027384527984374962,0.0037921926370625414,0.004889985294192378,-0.0065843798555036415,-0.014724815425352311
2020-06-18,-0.017291513239859668,0.0022684319746284487,0.0020065937648681142,-0.01833378963704302,-0.010799796406226747
2020-06-19,-0.009025795077514331,0.004521484718845947,0.004001148521687092,0.013366936187677148,-0.004664429291354466
2020-06-22,0.023195525797479633,-0.012864346913003644,-2.852660124892381e-4,-0.010847007727580849,0.007762005335488986
2020-06-23,0.003121782519894367,-0.009950330853167877,-0.001427551991185716,-0.01096595672395928,0.002059732963010319
2020-06-24,0.004147248274121829,-0.0023103591331841145,-0.004868977111503803,-0.00339847072357502,-0.009821738298499305
2020-06-25,-0.018799541148276866,-0.021824716602056426,-0.0017241383581394487,0.00509342514972877,0.01136375865031436
2020-06-26,0.008399031545256008,-7.883327172164556e-4,-0.004901263956091917,-0.022261212258253504,-0.026543322557231797
2020-06-29,0.030882536097230684,0.02876218475962311,0.0017326022237815764,0.013757727385623308,0.023971966036302916
2020-06-30,0.014091843595843478,0.03686013371542618,0.02027771892992991,0.011040461476083507,0.009226103373292105
2020-07-01,0.029544245418739123,0.028396520307585327,0.010686265922626781,0.027490270925103477,0.01769957709940151
2020-07-02,-0.007793542027896727,-0.016648954957634743,-0.0013995803544233354,0.005735345116229862,-0.01769957709940151
2020-07-06,-0.050650114853203476,0.011611160927677666,0.006700192569820018,-0.02565299669432397,-0.001020929134107007
2020-07-07,0.020871239497592065,-0.004338401598597663,-0.0036236973450716192,0.0207390256468738,0.005602255548669888
2020-07-08,-0.0030272783601388298,0.00937619562855474,-5.58659232407166e-4,-0.008244101146288596,0.0500228076202891
2020-07-09,-0.012713113394430486,0.008577607988040192,0.003904076347493124,-0.02006754384759457,0.01676685985706694
2020-07-10,-0.015992039908166333,-0.031083095058388466,-0.007542988690433461,-0.006779680410128552,0.017891249357095518
2020-07-13,0.012916738410033268,-0.019274132612865813,-0.016968732941905706,-0.015424496376795993,-0.02074567565294405
2020-07-14,-0.007212855414375774,0.0022429915945814116,0.006538758194090555,-0.022708419740380403,0
2020-07-15,-0.00778618025222233,-0.025720025934378832,0.004523615290957572,0.043221940343312504,0.048359026981709796
2020-07-16,0.011914168934770153,0.01218598476553101,0.008147256753145982,-0.002541274845614616,-0.028547058212660126
2020-07-17,0.03987411446733269,0.008292546578009485,0.005023733702716804,-0.0051020876733955944,-9.345795072768226e-4
2020-07-20,-0.025558925872059213,-0.014366976797538733,0.005552485114785455,-8.528167074532966e-4,-0.024131760079876052
2020-07-21,0.020101179321087237,-0.016897483456153495,-0.007224260371797797,-0.004275354096816564,0.010955098845791156
2020-07-22,0.07520898640036844,0.0146100253485546,0.0030627895305457287,0.0161499117855457,0.012709043736669479
2020-07-23,-0.007875866331781722,0.001525553308837857,0.0077541235931510855,-0.007617404457028076,-0.009398565423638594
2020-07-24,0.008337255514202724,-0.005349649747240726,-0.0016565437250326553,-0.02407688822402143,0.018709619656728016
2020-07-27,0.01828204458244187,-0.003838776307166114,0.001932367751053654,0.05337989925827458,-0.0220200979697589
2020-07-28,-0.006816658884559956,-0.015504186535965303,-0.010813913782513396,-0.009117316049351398,-0.00808565641783865
2020-07-29,0.017627547494658558,-0.014162313812503768,-0.005871679109197281,0,0.0175152406681347
2020-07-30,0.03304993511704968,7.920792493321116e-4,2.803869358061206e-4,0.008291874065152083,-0.006119105937265168
2020-07-31,0.03073223970165273,7.914523563119502e-4,0.006427296123432846,0.042834886665672034,0.0032995551971657378
2020-08-03,-0.008866390607692232,0.00473560474583401,0,0.006309163024485809,-0.019482678485259974
2020-08-04,0.026366888109317976,-0.029566676288292904,-0.015438903151650862,0.004705849150308694,-0.024776589244910774
2020-08-05,0.004122017274359457,0.008881770134780531,-0.001982161203991417,-0.018957895892364185,0.004906781189275122
2020-08-06,-0.03815179107139155,8.035355996831584e-4,-0.0014182387854440037,0.03139972448212758,-0.018775255076952213
2020-08-07,-0.01333642543084057,-0.011308682714354035,-0.011993290529798806,-0.02108625629020988,-0.011537624850736172
2020-08-10,-0.02499580721264838,0.008896136308970348,0.007156177669740416,-0.00951631957887944,-0.009123225975522509
2020-08-11,-0.011163322154338573,0.003215436853974296,0.0017098892738278693,0.015025951402620308,0.008113634774169931
2020-08-12,0.006266847482685911,0.009584737912987862,0.01413650909459907,0.00781867796719693,-0.007604599385219402
2020-08-13,0.03636759067221984,0.033610041252119416,0.018634943363463385,0.020809961442147973,0.011133718248455438
2020-08-14,-0.012992820625941981,-0.0023085812484699986,-0.004141936060896079,-7.630122608230927e-4,0.0065212169902650885
2020-08-17,0.007383365602208869,0.019832839232917898,0.009911975424363284,-0.003058103348731578,0.03246719013750177
2020-08-18,0.03193799155330357,-0.01215820447980942,-5.480953823155943e-4,-0.01310231239229065,-0.017578577643750926
2020-08-19,-0.007150449843711826,-0.006134988567516153,5.480953823155943e-4,0.026790689635804554,0.008827914123565428
2020-08-20,8.43933413089637e-4,-0.001539646185592325,-0.010465532039661163,-0.017524223104538272,0.014542185499774263
2020-08-21,0.012989878127084964,0.007674634753108478,-0.00249480378878264,-0.013932137436158065,0.014808008819602314
2020-08-24,0.0012481926050025294,0.014421502315063783,-0.001110802669062494,-0.009397084478319773,-0.012404739217802607
2020-08-25,0.02423611734278719,0.026767397364324985,0.015440064104848439,0.003926207651393732,0.012404739217802607
2020-08-26,-0.003251985764167742,-7.339449870755743e-4,0.006273032980387505,-0.014207050646498853,0.008968669982760247
2020-08-27,0.0012207032765827464,0.01095301201919785,0.019120011571645,0.014990460683657059,0.01954459607297032
2020-08-28,0.033196422348994226,0.005070637448960191,0.01403810631246305,-0.013401861658442815,-0.006008800145348658
2020-08-31,0.021020661591153456,0.007199455142854028,7.887472474115143e-4,0.004750560430466955,0.009229414845390416
2020-09-01,0.016049185668236987,0.002865331473286048,0.003934431304834618,-0.004750560430466955,0.02090985272964918
2020-09-02,-0.0030371618316378246,7.150518717260468e-4,0.007822725681208453,-0.012779790653020484,-0.014499574368730173
2020-09-03,7.602136526942971e-4,-0.015124523091877506,0.006472514505618143,-0.030194043754173006,-0.008249359339036921
2020-09-04,0.024025155846845614,0.007950891180739994,7.73894015149601e-4,-0.011666748135254146,-0.00646354974162211
2020-09-08,-0.014947961094922135,0.010741241831412118,0.003603607503298356,0.009178175021962165,-0.012115712043456739
2020-09-09,-0.024005795114630857,-0.002853068982406448,0.006913354893735679,-8.309289226429151e-4,0.001405481608735215
2020-09-10,0.02174418051847038,0.02050266232651765,0.00534420409234837,-0.01002513723421572,0.01117330059812538
2020-09-11,0.00639465097239178,0.021461536772514833,0.02059856804061777,8.392974822393207e-4,-0.011641575015485905
2020-09-14,-0.07633133926346058,-0.020761991448429384,0.013582132486655851,-0.013513706104480772,0.027259715172450072
2020-09-15,-0.010986935371181339,0.023497971267303797,-0.02760339373951215,0.026847224257723123,-0.01886414347081189
2020-09-16,-0.013594391821560414,0.015588251938898345,0.019723520412851414,0.022104907771277826,0.006942865195173731
2020-09-17,-0.020532919659377313,0.009370885173306753,0.016914240720310225,0.021626754082626043,0.025951832040803424
2020-09-18,-0.038848217428070875,0.008623602363932115,0.014479017424243068,0.011815857846401379,0.03315220731690083
2020-09-21,-0.014184621559923727,-0.023388971286594007,-0.0203298386002988,-0.01737802511546027,-0.03585247898464772
2020-09-22,-0.012126791007895932,-0.0013531801794197662,-0.0026931097192886,0.02673116281011989,0.005841400568607824
2020-09-23,-0.0013565593293902722,-0.002033209782098311,-0.005161618931798451,-0.005445415898048811,-0.016260520871780315
2020-09-24,0.005865133180503079,-0.013661414655817161,-0.01439588028373251,0.001558882457746158,0.0013651879253400168
2020-09-25,0.022242909586364767,0.004802753657235037,0.0024968801985876254,0.012384047315929791,-0.010054929320213901
2020-09-28,-0.03674246982598639,0.0040983663922817826,-0.006253929076299514,-0.03204649728551212,0.010964020291914345
2020-09-29,0,-0.005468229620195331,-0.0032675660592520472,0.03127695288663457,-0.0013639465628951797
2020-09-30,0.012698527974209561,0.038324017679530975,0.03025274105617104,0.006139691224138044,0.05056509482870197
2020-10-01,-0.035783578329428245,0.009845829455366939,0,0.03827861222564177,-0.013499007507880023
2020-10-02,0.01759298983653057,-0.007868893061910853,-0.002690474901658746,-0.002211555110355423,0.0052470605735157605
2020-10-05,-0.01619281321119015,-6.585446401974338e-4,7.344840579914802e-4,0.004418230035518889,0.019007051680953957
2020-10-06,0.004189017816004892,0.014388737452099676,0.02178735418490696,0.0196441718860787,0.014443751526547643
2020-10-07,0.017952122606846643,0.009693129205659012,0.0066826024343678014,0.018558721424996705,0.024579450269188285
2020-10-08,0.005913153735292553,-0.004511770463661691,-9.519277253824399e-4,0.002119374338099167,-0.020370689847731605
2020-10-09,0.01172243390934291,0.020461071871340053,0.014654008387102735,0.004225320846067859,-0.002523130018120767
2020-10-12,-0.02174985126069462,-0.01530642128267612,-0.030251205200770848,-0.027789418718184855,8.417508914524419e-4
2020-10-13,0.008665932894003525,0.005767398235916765,0.009866522104682751,0.012208415471288703,-4.207868776582302e-4
2020-10-14,-0.00455166927794437,0.013329299220539603,0.011665410228800077,0.013470574489233389,0.00461894585629441
2020-10-15,-9.128113351071221e-4,0.018119833461963886,0.005664400323537322,-0.0014094085496365594,0.035394641182586284
2020-10-16,-0.020761991448429384,-0.004343785917845011,-0.011599135843352038,0.017476851308936503,0.011258663356202625
2020-10-19,-0.011251848020840782,0.008052071996764276,0.004039449475100376,0.019897737506791913,0.0027949708751924263
2020-10-20,-0.010903179839000465,0.008599561595677763,0.009205777274920557,-0.012303661959488732,0.007942853513936754
2020-10-21,-0.00717534759052274,0.01215820447980942,0.007490671729157405,-0.0027548200552565127,-0.0035664789141378606
2020-10-22,0.0241889473486534,0.006024114603381037,0.001631131667718222,0.019126248026624992,-0.011177761090429783
2020-10-23,-0.010362772883865112,0.0071813594086647115,0.009270054796286509,-0.004067766011879748,0.01593024528294329
2020-10-26,0.00989410240215971,-0.0035842332278148703,0.003684093506037378,0.0033909960948150797,-0.020355921386095766
2020-10-27,0.00280894776926921,-0.004197907214240182,-0.005069135278699122,0.0040540234691834875,-0.006878441038490557
2020-10-28,-0.01840105683645632,-0.03547772687444706,-0.02337100996949193,0.004037718747915253,-0.011433362603847641
2020-10-29,-0.0038168131144526996,-0.007500035156546403,-0.005215753881968155,-0.033461689662186433,-0.00824746943001653
2020-10-30,-0.0019138469788337886,0,0.0045061145854807805,-0.002781640379193373,-0.008733679968755403
2020-11-02,-0.015444307356812459,-0.0025125641358831885,-0.005457363170885188,0.041601676557324385,0.014925650216675912
2020-11-03,0.006302991984293627,0.008766493212182702,0.007820871716180733,-0.0168410848278584,8.227067514638975e-4
2020-11-04,-0.004359386462081893,0.010542733309216068,0.018709619656728016,-0.0047668220170873354,-0.003294895896853056
2020-11-05,0.028238267680917417,0.009822055635458682,0.020865138463961763,-0.01167195408013022,0.005348706436001827
2020-11-06,0.009394151083426117,-0.006127470152097025,-0.0029542118974310583,0.029263763198660975,-0.011971247196495227
2020-11-09,-9.35439509392566e-4,0.0018421865817703775,0.005899722127187701,-0.0020140814468496693,-0.007503161503154665
2020-11-10,0.004202710593424364,0.037331246365360116,0.029646660263038527,-0.01353199312095743,0.018242628621916168
2020-11-11,0.016636200774955867,-0.013686616504332783,0.004383088323272943,-0.01302730343816716,-0.017406158476950928
2020-11-12,0.009124151016639992,-0.02180583069137043,-0.00548186878762813,0.029243859352406698,-0.016438726343159793
2020-11-13,-0.007750195893907907,0.005496197041908957,0.00394997221931348,0.0026773752071127532,0.008885186442251225
2020-11-16,0.05692956789568715,0.013910112402170327,0.010457611643958309,0.033522706749785414,0.007553539900908568
2020-11-17,0.004744416283448238,0.009563730994071484,0.013989252132518004,-0.010396444768441704,-0.00460926858365962
2020-11-18,0.030093418136190486,0.01300254725407246,0.0051161910788311005,0.009102753920849693,0.004191120971462681
2020-11-19,0.007487568427167801,-0.007662872745568983,0.0014873050654156117,-0.011064224735789274,-0.010088357944341375
2020-11-20,-0.043623274756344976,0.0017735742160160939,0.002967990306789403,-0.004591657483445921,0.00253164692177954
2020-11-23,-0.009132510227822799,0.007649345918489203,0.008851480341435014,-0.003952602003362671,0.00922825340925204
2020-11-24,-0.011423634169026364,-0.0017600473889363144,-2.0984157038572704e-4,-0.007287190790532083,0.02066189206395741
2020-11-25,0.011860437429295878,-0.013597608265383698,-0.006104639524460609,-0.018115188449236985,-0.03835401318161047
2020-11-27,0.06098415192311624,0.013010236736015202,0.006524278640983816,0.0033794717396937735,0.013927213930498894
2020-11-30,-0.00825087209775166,-0.013605652055779238,-0.019701940106021887,-0.021139516605610975,-0.027620196383423945
2020-12-01,-0.04273970094827284,-0.01198336688709567,-0.005578216567056593,0,-0.025748749598371035
2020-12-02,0.010322646055039186,0.010194990851583263,-0.007775417142797281,0.0061834721721818475,0.02186357311620224
2020-12-03,0.006823080216592281,0.008318526875091159,0.01313966131147648,0.007505982364260255,-0.01087203576948692
2020-12-04,-0.01974315675150784,-0.013103224998427088,-0.004504029061870973,-0.018525432801262287,-0.009224752434829675
2020-12-07,0.013775495544126493,0.005977304108458981,-0.0038768086462335205,6.922969534448598e-4,0.008349861740353681
2020-12-08,0.0012817906374724686,-0.005977304108458981,-0.011066620483197731,-0.0041608566010942205,-0.013216051391526484
2020-12-09,-0.01896605943833851,0.011919092237210549,0.011066620483197731,0.039514671511430066,0.023231375691211475
2020-12-10,0.03127264011901243,-0.004155541747286939,-0.004975672785615615,-0.02092553021907806,0.022703909457522542
2020-12-11,0.004628625295725719,0.009473131825610714,0.006700554627676603,-0.015813292115572253,0.030039805698010014
2020-12-14,0.036682493585699305,-0.011855503411017487,0.007725360309741802,-0.02171716997426687,-0.02454876761390956
2020-12-15,-0.0036489363402418817,0.013033359848723336,0.012533355779627442,0.006353720833310206,0.010475687670081335
2020-12-16,0.015716660932962867,0.005868561443658216,-4.22297303573238e-4,0.019512795743217737,-0.002086376721776695
2020-12-17,0,0.012213004376234515,0.014675315784214327,0.01302730343816716,0.016981149398771933
2020-12-18,-0.01085442700012429,0.01149437942573428,0.0154881774428004,-0.016483939569558625,-8.216927331670121e-4
2020-12-21,0.004838768340412081,0.005698021114637797,0.018878059867545538,0.006213354799082804,0.004920059125449683
2020-12-22,-8.048781401575056e-4,0.007923074837327349,0.003212209146298939,6.880102773507701e-4,0.009362983116306012
2020-12-23,0.0028141212824008832,0.008419920639195055,0.009178037291625252,0.0197486815234873,0.020453891327331775
2020-12-24,0.011177712358243497,0.008349617113849739,0.0037664827954762004,0.004709036344145545,-0.004376374599798893
2020-12-28,-0.020859147963657065,0.012121360532344916,-0.00655089191343361,0.0053547601813321855,-0.020544529231632858
2020-12-29,0.016482809761867223,0.02059693409062202,0.03156196508734954,0.003997368454575767,0.006895180431254921
2020-12-30,0,0.01807598392433718,0.006348006312817844,0.015831450277340675,0.03534217341163792
2020-12-31,0.02247284368396496,0.019823288666649397,0.00878203429593416,0.01364987339000745,-3.902439073923958e-4
2021-01-04,-0.01650979686806142,-5.166623726404751e-4,9.499383254478744e-4,0.01728045930001798,0.002339182353172653
2021-01-05,-0.008358281907224985,0.016402212925176407,0.025127892496111137,0.022585690187413743,0.018519047767237673
2021-01-06,-0.03414963503384527,0.006587305299522228,0.011232969599787701,0.008032119635640544,-0.009988557883506388
2021-01-07,0.001652867717143458,-0.002022245380767451,-0.003485282808962431,-0.04082197006706778,-0.008141157583699155
2021-01-08,0.021242616768914147,0.004544314813477612,0.011146757716567812,0,-0.0054644944720791955
2021-01-11,-0.01835662440731234,-0.008093114482165653,-9.090083345686395e-4,0.004477122528041111,-0.006281920933126628
2021-01-12,-4.1173912607561647e-4,0.04953959910641803,0.033974302757886043,-0.013492015609981145,0.046555820071066734
2021-01-13,0.031220848770557197,0.013919111210698887,-0.007765658510371587,0.024282350392614838,-0.006789916693474396
2021-01-14,0.01662744947871797,0.018418466362905228,0.017910926566529817,0.051072305320070566,0.014280588422631801
2021-01-15,0.006262215738485288,-0.005160696417254584,-0.013844083369615845,-0.013285177748746158,0.008175445015242033
2021-01-19,-0.007833901313428093,-0.010401985044292239,-0.02212400674981474,-0.021506227906488817,-0.004822862251280036
2021-01-20,-0.015455069577813063,-0.0076336248550710195,-0.01179579959678101,0.010503653682200742,-0.006716443158903296
2021-01-21,0.009934514690931096,0.004301081899390269,5.474952230928309e-4,-0.013614147325534454,-0.010538298505672117
2021-01-22,-0.019162214243026554,-0.04636107102675435,-0.04363108135940408,-0.011278274713685477,-0.04053826632995605
2021-01-25,-0.006469921816041335,0.021739986636406528,0.023916025488724735,-0.00822529887932566,0.021824716602056426
2021-01-26,0.010090902981962913,0.0397657183819069,0.019715055870679343,0,0.025500906101299847
2021-01-27,0.00800004266707699,0.0032825351866065944,0.0032786914616984575,0.0038047236569034304,-0.010578111481379437
2021-01-28,-0.012024192966801905,9.358915049046956e-4,-0.015762789710836778,-0.013380259247513404,-0.017238503875518063
2021-01-29,-0.00850382176396458,0.023117071956881396,0.012301633145083812,0.015277176216106803,0.024428695684961532
2021-02-01,0.019332068590283136,0.00410490884273873,-0.0034731777899077443,0.020013156974907798,-0.018265347977293622
2021-02-02,-0.01567868859476107,-0.011444391330784676,-0.0077206265860398915,0.008631452767504655,-0.00964699744711428
2021-02-03,0.004447110023726886,0.016438726343159793,0.012105797143216357,-0.015465819299622208,0.00541377965731904
2021-02-04,8.065008785189676e-4,-0.0036297680505787966,9.11161794245885e-4,6.23142524724063e-4,-0.01672214738619271
2021-02-05,0.0036209811659215774,-0.002730998511231597,-0.004198235608576795,0.0227913066298302,0.005865119452398204
2021-02-08,-0.003218035989760004,0.02742361110160374,0.015248071795161522,-0.009177159304295746,0.022360222262004292
2021-02-09,-0.009309936073929492,-0.013393057336438474,0.010037725433512001,0.010394472746900085,-0.009576782636329106
2021-02-10,-0.015161105882182113,-0.039886103015350116,-0.03465828153156192,0.01628986570482205,-0.021790745481145457
2021-02-11,8.254104968035136e-4,0.012087548381381374,0.009921080823915851,-0.009621232094101817,-0.003152090868314694
2021-02-12,-4.1258859820292315e-4,-0.004167637428523996,0.0032852739896940264,-0.010325028534338365,0.0051171140983719
2021-02-16,0.026070698121083424,0.02474920088226984,0.009250088627383413,0.02114246044721524,0.0320676501923538
2021-02-17,0.010797933339522281,0.0013571592221079953,-7.224128903668969e-4,0.013654088745303383,-0.02074603794756591
2021-02-18,0.015002267634294242,-0.0049852811157640176,-0.006343473922175491,0.03191458298706262,0.028321831756023208
2021-02-19,-7.839943539096339e-4,-0.013723911648169995,0.0016350262521545034,0.015864393771521712,-0.01789501398570259
2021-02-22,0.04561048838387727,0.01508600039451391,0.004708447670020988,0.05415595720193522,0.020156605601759026
2021-02-23,0.025158627104369558,0.00497851220643053,0.015951588347763668,-0.019898523386038924,0.0026320752176083317
2021-02-24,-0.008807485976374707,0.009883279010893808,0.012545442390781147,-0.013672622185940675,0.021546152969313503
2021-02-25,0.025833731866418574,-0.008079038557536222,-0.012545442390781147,-0.01777822906573423,-0.01257413016775466
2021-02-26,-0.017026245890043867,0.0013510472669819862,-5.335704884261716e-4,-0.017529397602115804,-0.02525101186034906
2021-03-01,-0.012500252525320832,-0.01450614738902889,-0.00911453008074492,-0.07828545883446703,-0.01732478365730561
2021-03-02,-0.014533492366213707,0.023912711709662027,0.015321874655078283,0.013480671355065255,0.029841541039902886
2021-03-03,-0.015510075420746006,-0.018902452993747154,-0.0023010896072683806,-0.01780832559775858,-0.017107431091195835
2021-03-04,-0.02119131605375646,-0.007295973996771288,0.0031847160675200215,0.00740749317031808,-0.0034568884050534265
2021-03-05,0.002722195823154472,0.028425103483891156,0.013335870565211572,0.008573193373765164,0.006519677935599155
2021-03-08,0.0023274102686485776,0.0053238812527505175,0.0024373271118829365,-0.012270022236438027,-0.011534153245286838
2021-03-09,-0.0011630872181340735,-0.0053238812527505175,0.002431400989404864,-0.01869220409898631,0.015349495530938562
2021-03-10,0.0034850932237278087,-0.025682871418115205,-0.02085782388972479,0.003766509177445254,-0.008797149868176035
2021-03-11,0.01876368940477846,0.013149135270858814,0.0028298568584101957,0.02475377407032875,-0.022533976009942336
2021-03-12,0.004919547454383277,-0.010414402481714546,1.7660044195988434e-4,-0.014158528374385693,-0.0070978215964290214
2021-03-15,-0.007578664717470929,4.550625789558893e-4,0.0026452709191122636,-6.200509676612675e-4,0.020756570527469265
2021-03-16,0.017719642542703085,0.008607074652744906,0.0026382919181653364,0.01110427186650842,0.003095977705128483
2021-03-17,-0.007125452353750283,0.006743113884890128,-0.0038718809370541507,-0.01920154847481248,-0.010878118147183535
2021-03-18,-0.0497692243641481,-0.020824654764717287,-0.018149964424359233,-0.0062735103769626654,-0.014955020948742792
2021-03-19,-0.007544245298639396,0.020376525696048198,0.01709138987243808,-0.008214903202147017,-0.0055666147720536685
2021-03-22,0.036396183946546756,-0.015812391803111225,8.822232596905621e-4,-0.014701478986482108,3.986446136110544e-4
2021-03-23,-0.01940307348009984,0.004089985251525263,0.004048232229284743,-0.0064599338130602035,0.011886035338255496
2021-03-24,-0.008658050784815963,0.0036215521701032927,0.006652685600655239,0.012878465602111255,-0.015879650869726092
2021-03-25,7.901894897450745e-4,-0.012275671314565528,-0.012996319208581575,-0.03515986886364875,-0.019802627296179764
2021-03-26,0.014896406677954666,0.010919125775314065,-0.009770039523101737,0.006605006091533028,0.0012237407197170924
2021-03-29,-0.011348170548969527,-0.010461773835030108,-0.005369620920357754,-0.017934689093995537,0.005691072270867181
2021-03-30,-0.03565372273018852,-0.013812374287611284,-0.01902403600469693,0,-0.024621678746284736
2021-03-31,0.007314145011915407,0.04531813042837918,0.049947959612742565,-0.010104472353060778,0.026646380794509206
2021-04-01,-0.015504199084311665,-0.00800716021878145,-0.02448382979331587,-0.004070590329475099,-0.011391498286094759
2021-04-05,0.004103411635977494,-0.011680276547704871,0.007638370915417525,0.008798710814823085,0.011391498286094759
2021-04-06,0.038164905396590676,0.0018058695652616308,0.004238042719760138,0.021334122127624422,-0.004053511833181922
2021-04-07,-7.886315449958659e-4,0.01121339401579391,-0.007073415875726852,-0.001320099463223201,0.0012177797323911221
2021-04-08,0.008641047330987917,0.03376773362342611,0.004603407562782991,0.002638521385451842,0.020080996057049383
2021-04-09,-0.004704034371648902,-0.004321527901035793,-0.008693392814308254,0.018277253555448514,0.015779420103965158
2021-04-12,0.006657601118547518,-0.01439501410827404,-0.01508107577484541,-0.007140546742084641,-0.016972975049715622
2021-04-13,0.015107758811515382,0.01914766941413415,0.005412244854943182,0.0051981872684958574,0.0027827487645213367
2021-04-14,0.015640242371335766,0.023851215822180194,0.014645734189655535,0.027486508406467713,0.028567781119554603
2021-04-15,0.00453166060871002,-0.006756782462880473,0.005834012834462499,0.03226083263005419,0.008834319026858495
2021-04-16,-0.027116446058014,-0.007656353861992926,0.01052087558181558,0.020544539399567796,-0.0019138761822841133
2021-04-19,0.005405512830385817,0.011040451846233701,0.011446534968057698,-0.026054087773486057,-3.832151800109429e-4
2021-04-20,0.019825207564137415,0.024198093500099382,0.015230892532271056,0.02904012431594527,0.01143305136659567
2021-04-21,-0.0018892883440653208,0.030846601522861228,0.017008071855750373,0.010086117618632873,0.020255756308274364
2021-04-22,0.015760221919445705,0.03918996804559427,0.023759573361521902,-0.0011813620631562216,0.05350028904258952
2021-04-23,0.018809353834098097,0.007657005251194171,0.004230400061059569,-5.912048002163495e-4,0
2021-04-26,0.035179462521133686,0.03742951888776602,0.01881840816587932,0.015258525465869699,0.040357261416557044
2021-04-27,0.018176005783836047,0.021803189271976997,-0.012344846151003175,0.04386920704691866,-0.007805911008547994
2021-04-28,-3.464614631703e-4,-0.01338901853975738,0.005148844842302047,-0.03632642899656169,-0.011651948140793067
2021-04-29,-0.02030177663094701,0.022691411202070633,-0.009837995644788045,-0.012798273509620373,0.016749665212461906
2021-04-30,-0.010307516142176176,0.052716782172404386,0.018307882476078063,0.02085826520983769,0.006756782462879585
2021-05-03,-0.00861144152886073,-0.010528200490372619,-0.006866294441469023,-0.04156296146651606,-0.02316179835261245
2021-05-04,0.0010804531919559324,0.016926605885549506,0.010678243148886324,0.02304393209735034,0.015726819865093944
2021-05-05,0.06683075242425485,0.011348586417018858,0.0031655613645602543,0.02366631836864297,0.025122741470230636
2021-05-06,0.03311560878449704,0.008263144025416835,0.014745365201969562,0.0011401683366600857,0.01118432711137718
2021-05-07,-0.007848287088330075,0.0172952589763975,0.009608008206107854,-0.003424630495469927,0.012030709242176307
2021-05-10,-0.03134632642081847,-0.03255260303774765,-6.170935092466578e-4,0,-0.040902799336265616
2021-05-11,0.002030374930796164,0.015257344061350153,0.01074453928297725,0.034282683403384695,0.02296656112004758
2021-05-12,-0.01464350321829766,-0.0026367846523038807,0.013948073307394893,-0.01446882364245905,-0.0066028632099541795
2021-05-13,-6.863837305184362e-4,-0.05216217966247694,-0.029488042926314684,-0.041780012128681765,-0.03814808557661031
2021-05-14,-0.00965853611187395,-0.04844251945882139,-0.005286081960640843,-0.008805547194123964,0.001031814364973016
2021-05-17,0.0051858370323651926,-0.048607699065376764,-0.010184185162999349,0.0017673458300881961,-0.03854716897974786
2021-05-18,0.045830142644761374,0.008773659179570181,-0.008381483397994494,0.012865634813763016,-0.002504025633190743
2021-05-19,-0.005615249129498956,0,-0.023133561748252873,-0.015222678188405947,-0.02722985445591508
2021-05-20,0,0.009450079776881282,-0.0032557411145059945,0.0052956962916632655,-0.005906255633732371
2021-05-21,-0.005646856633426012,-0.0075529059959311695,-0.004575919081179158,-0.02195287378987487,-0.0014820306528857685
2021-05-24,-0.007355473356951414,-0.003417508547378212,-0.0022958357083204817,0.00955230233007942,-0.017957833867660256
2021-05-25,0.010016778243470803,-0.05794184103808053,-0.007249990563271247,0.01240057145979545,-0.008720434409328348
2021-05-26,0.03396797505077931,0.006828706993721845,-0.005472196724738865,-0.015375833169768427,-0.012260689986351991
2021-05-27,-0.002250384111849968,0.06208354858766807,0.022036741110012414,0.020059677774706852,0.041900826404193126
2021-05-28,0.0440738610157938,-0.011731449587650822,-0.004237985153128676,0.01392132465646645,-0.019033976388429075
2021-06-01,-0.00803964141731317,0.047574931901475104,0.011692241027789763,0.01883079397079257,0.04422238598262407
2021-06-02,6.206756603583941e-4,-0.020165669594594426,0.00900038219729904,-5.654638909255993e-4,-0.00868941021415992
2021-06-03,-0.022275354235029354,-0.01944713493552186,-0.008516159768339193,-0.014241197429990748,-0.016498999380035073
2021-06-04,0.02537325026217463,0.030863204416806234,0.022024509793132196,0.015936523058658558,0.01686256964399213
2021-06-07,-0.009322628469920602,-0.0051395120473571865,-0.014949387821197035,-0.01880932854930073,-0.01133260163453187
2021-06-08,-0.015416363326597349,0.0011035498636946528,0.012578782206860595,0.01880932854930073,0.007326040092073605
2021-06-09,-0.003175614035437313,0.015685165633374076,-0.011137744410456563,0.0011286941682837615,-0.004022678673777591
2021-06-10,0.009496747720747045,0.011872778430284114,-0.01191065102583444,-0.003955907732019259,0.002196194147742858
2021-06-11,-0.007907680137995143,-0.020962097505306865,-0.02326067198560633,-0.006818147394925589,-0.004397222182322302
2021-06-14,-0.021506146231072165,-0.03758581949510731,-0.024323936774435673,-0.014355686494116338,-0.00922345590605822
2021-06-15,-0.018998338371718937,0.012436565041008762,-0.004424785980355672,-0.013978193664118344,-0.019461692092799687
2021-06-16,0.01411948679962105,0.008205939370323101,-0.011838518634919026,-5.865838530438872e-4,0.00188786161412402
2021-06-17,-0.02509212487924284,-0.06127490750055209,-0.08553758358697827,-0.029177519405288788,-0.03649339079160008
2021-06-18,0.0023375589090743887,0.034546420059339944,0.04862004969989098,-0.007277105100531589,0.03649339079160008
2021-06-21,0.016212181102874368,0.006085983029880282,0.01351852675502041,0.02107879133605195,-0.00188786161412402
2021-06-22,-0.007246448583225096,7.581501500375509e-4,-0.01459360300979462,-0.02107879133605195,-0.016000341346441793
2021-06-23,0.012483696514645537,0.006797609256489423,-0.0068357884461045515,0.01570081904892362,0.015622340963940218
2021-06-24,-0.004909190222366355,-0.016698680239200847,-0.009977407031999341,0.014277444498381975,-0.015238390104932442
2021-06-25,0.03132829237731993,-0.02597548640326064,-0.030731777967012874,-0.0017736148139295693,-0.022123937495413415
2021-06-28,0.03130146000364942,0.05946873940279218,0.02028542621244256,0.01933842461515578,0.014029848210438622
2021-06-29,-0.015841319472549742,0.02773900479414504,0.002024478468200641,0,-0.009722028742703337
2021-06-30,-0.002193956945728104,0.036059049815702515,0.06426269711155008,0.022949924835192537,0.04843654092339378
2021-07-01,-0.02124707191638464,-3.472825178159056e-4,-0.0022438949606717884,0.01743093759254455,-0.019549494779956156
2021-07-02,-0.02236357608189099,-0.031759902984687116,0.0034500637982111115,0.01163765329349653,-0.01955208920738638
2021-07-06,-0.030956102718747047,-0.06098323756350954,-0.06253146710487911,-0.015547163558651711,-0.04069295393681216
2021-07-07,0.012430908546659403,-0.0053496497472398374,0.016544327908552425,-0.006737860213167579,-0.008503796942835429
2021-07-08,0.015242197198566565,-0.022472855852059048,0.0027010010118404537,-0.017045823551530948,-0.004074985264025166
2021-07-09,-0.004944793229571864,-0.013015368112069936,0.00984171851808302,-0.009789889257555195,-0.00614378340469468
2021-07-12,0.01671350047535647,0.0608347671677425,0.020095864003138786,-0.016924880900059946,0.042628086465109405
2021-07-13,-0.011439902046355144,0.011513590511812666,0.0038320896920973624,0.005283261681286788,-0.009891277478742744
2021-07-14,0.028198211215054947,0.008823586658515126,0.02047735666330297,-0.008820969722781236,0.025516595381823493
2021-07-15,0.002872170229703208,-0.19099744387314477,-0.013892685497144619,0.023351885154310192,0.04100802372737711
2021-07-16,0.027037190302714897,-0.014729121447063065,0.004996134089628512,0.021690300774144244,0.030049897538344084
2021-07-19,-0.03760909032743953,0,-0.018559200637249695,-0.03680688117079134,0.007552634354937915
2021-07-20,0.06484037108646312,0.02793353865230852,0.01079585620346002,0.019722226087268258,0.0039334933606305356
2021-07-21,0.06060690313810024,0,-0.002948575547070398,0.014823545633599888,0.014526384754047328
2021-07-22,0.09556837940432583,-0.012761449313174467,-0.016109611213702912,-0.0028336225116918357,-0.026373588480038457
2021-07-23,-0.024305359382834624,-0.031034647186744202,-0.01082626600520964,0.030737218469352623,-0.011989244428520784
2021-07-26,0.09482907829151799,0.004557893031898352,0.008351892172946407,0.013665148362092427,-0.010286644710275183
2021-07-27,-0.029546786201102293,-0.001820665045489278,0.0038855576967238292,-0.0038074396799485655,-0.0036995972644646713
2021-07-28,-0.006464483286076295,9.107468753386527e-4,0.009648351313914283,0.014069508162006361,0.020906684819314236
2021-07-29,-0.019902392554666193,0.015805251116590924,0.0015699959613897363,-0.016798085294432497,0.023673989414980667
2021-07-30,-0.09020869364052242,-0.019910159959329654,-0.013689227459347642,-0.021541810603777023,-0.0021291704282049295
2021-08-02,-0.03831886363820303,0.021253343505797773,0.002823365207079931,0.0022309498849608644,0.035936188508940425
2021-08-03,0.011793624385946444,-0.014875189765044539,-0.018855058759934984,0.0016698461459925262,-0.00687760620210387
2021-08-04,0.004564845547131213,-0.008665960732680666,0.00804797333215923,-0.00278469894642841,-0.010057306899263097
2021-08-05,0.007091222699439292,0.018157557414252068,-7.127584050863334e-4,0.03776101228308937,-0.006293727068692689
2021-08-06,-0.0051005716249559185,-0.0013504390978713587,0.013983766233905293,0.0032171322171983263,0.008730629928265898
2021-08-09,0.01885524297145036,-0.008595393339863477,0.008053264812824423,-0.011305692102840936,-0.010837372280506408
2021-08-10,0.014667449067193417,-0.001819009141851069,0.00954454100356994,0.05887148271063136,0.021902492092978676
2021-08-11,0.010113553868829506,0.01266412221572999,-0.029444819100564068,-0.006144455628259049,0
2021-08-12,0.014579075080469295,0.01914147024730184,-0.0028500197417438144,0.0035889093513841175,0.03580254053303111
2021-08-13,-0.020580217396205747,0.002202159004901283,0.016102267755662147,0.02076548810980583,0.011545567801813483
2021-08-16,0.0024593369520751196,-0.0061783073845402825,-0.03446461986721605,0.00400200238012971,-0.002298474169016629
2021-08-17,-0.023472015423618764,-0.011576264627845667,-0.005100193204840231,-4.993872061880289e-4,-0.034786116085415486
2021-08-18,0.004182356648654739,0.006250020345171414,-0.007883439856816388,0.007464558996273407,0.0037370520814539177
2021-08-19,-0.00838227889575549,-0.021138632838922256,-0.026295221316676276,-0.019019549872073327,-0.013313048649737702
2021-08-20,2.805613831613485e-4,-0.02066663680855907,-0.022356907101277024,-0.010668172670752707,-0.018380957934765796
2021-08-23,0.00949195827171323,-0.0013930812561726569,1.9321804716643243e-4,0,0.007670888381403174
2021-08-24,0.01844515392851953,0.012009382211230601,0.0326901020410979,0,-0.002434360444061312
2021-08-25,0.004083304911526753,0.012320484388040676,0.006708933102729908,0.007631663627281071,-0.009445583607683439
2021-08-26,0.008655671340459747,0.002717392976499866,0.01584702409146299,-0.0025373897021143677,0.019492437560972853
2021-08-27,0.02052587677585649,0.009453142643755186,-0.006051178270106483,0.018127414770653605,-0.009350717482433879
2021-08-30,0.04084307155736777,-0.03232696699431514,-0.04092162550250755,0.008941857731935343,-0.013662850477118127
2021-08-31,-0.020213030708761792,-0.011636156426800603,-0.0046091881100851495,-0.018972070085947035,-0.002825858468261444
2021-09-01,-0.00129315938851704,-0.035258535503180255,-0.016301544765048526,-0.008605473267984998,-0.008169109539109876
2021-09-02,-0.006751534774625867,0.0014538408182280804,0.0011732500368122345,0.011625076281450042,0.004270469123452081
2021-09-03,-0.007059727872552379,-0.016109696696760878,0.0029271169304356803,-0.014170215649514262,0.014804641211879854
2021-09-07,0.004973165285308667,-0.02440968017857692,-0.01116892182553908,-0.0071612221963723854,-0.008080142327960615
2021-09-08,-0.019776517976455743,0.005030191692998898,0.0015751135369148628,5.132270606900136e-4,-0.014925650216675024
2021-09-09,-0.014755465565920112,-0.004526032367976107,-0.009488112294239848,-0.01291006843450182,-0.02428095368869876
2021-09-10,0.0032380281590969062,0.013517101927833508,0.013023072770263155,-0.023666571191862218,-0.009583560264057489
2021-09-13,-0.006757695448965428,-0.01200614722083504,-0.0021587683783579337,0.010060906914016066,-7.410152247198099e-4
2021-09-14,-0.0073500049470345274,0.012503288667812917,0.003138488256860583,-0.0010543205240014508,0.015447162614415255
2021-09-15,0.021622464013165477,0.058868900642068844,0.014002562510054162,0.02910815589638638,0.039010135115791655
2021-09-16,0.004268966169616917,-0.0075259057003469465,0.0011580777206274817,-0.0015381026600369552,0.0010524470362787142
2021-09-17,-0.002665957280739484,-0.004258345682576881,-0.009302392662313252,-0.01603341640947864,-0.005978565372334543
2021-09-20,-0.020496958248839015,-0.010486273401574486,-0.016886323100391287,-0.016824775798902625,-0.01135166499706397
2021-09-21,-8.177396884132548e-4,-0.009145671448880677,0.00906767498259331,0.0058154381829971236,-0.01509733923463319
2021-09-22,0.008147790595177007,0.016307315808576917,0.006844653689965341,0.01879954152278751,0.022207216323334222
2021-09-23,0.030632304841354596,0.007110719697968726,0.0011686795253034177,0.00824321250259663,0.016860251867575116
2021-09-24,0.0194836654602506,-0.0047348573306766895,5.838279819432302e-4,-0.020213146751095756,0.008324709886031734
2021-09-27,-0.0036083142605169982,0.023916732013891107,0.001943635208570882,-0.019561863008956237,-0.0020746895408603194
2021-09-28,0.02524040790130133,-0.013059887114608593,-0.008188776505352102,0.013259277047704021,-0.022048137221762687
2021-09-29,-0.02653223088361134,0.01213267332541701,0.005271905210229022,-0.002109653108297138,0.005293818609715117
2021-09-30,0.0030976076031610233,-0.004183134150107293,-0.0218534142146245,0.0459198227290325,0.021244051589945023
2021-10-01,0.050506917744417734,0.008810629682154847,-0.007592444064531634,0.011531817226472896,0.04018774794253854
2021-10-04,-0.01829920926132722,-0.001386001607876608,-0.008661550776543514,-0.018616836136451376,0.0016537129616294166
2021-10-05,-0.043091496338474755,-0.006028304831350972,0.011865398130605165,0.00809310657649176,-0.01565394163501832
2021-10-06,0.008044694163142907,-0.009815456228229102,-0.00682048782424971,-0.004038366013832562,0.0016770086103683468
2021-10-07,0.022742756396019637,0.0032825351866065944,0.0042181442477229325,0.0035344492106634817,-0.0063876498918249425
2021-10-08,0.017282895843321988,-0.006575880906157572,-0.003413315230435643,0.02242808941217067,-0.009828921697420334
2021-10-11,0.01430001612968379,0.0047014661118067735,-0.011937420461953785,0.001969424927659613,-0.003070103042519534
2021-10-12,0.042651380836269404,-0.019896440326878206,-0.024728233009017053,-0.012871476284801897,0.003070103042519534
2021-10-13,-0.02133793679123208,-0.01981219671995671,-0.0025067905335278695,-0.01051845825294384,-0.020995436502954767
2021-10-14,0.002871531584434983,0.008746411442868585,0.009161005146983037,-0.013688449604213115,0.008313175690204844
2021-10-15,-0.028355255762576803,0.01726661602093138,0.00948852003345646,0.010662659422673304,0.012682260812749924
2021-10-18,-0.008888887134419932,0.013226456395917019,0.003074718011142785,-0.022989459978204785,0.003060706351281084
2021-10-19,0.01305916726752443,-0.004703677533934858,0.005307218009292569,-0.025119035335052775,-3.396162369195821e-4
2021-10-20,0.006344594450565566,0.01683069182447472,0.014150225995147814,0.005285343895597094,0.017842587467895576
2021-10-21,-0.011006592545271587,-0.013065981495677725,-0.017412871629963966,-0.0015826317952609692,-0.010734755884836744
2021-10-22,-0.017115619947590588,0.010745256388196012,-0.002863573239256567,0.007364546066234379,0.01970342586759788
2021-10-25,0.013419669017572744,0,0.013630563998980882,0.016116775755407264,0.00461894585629441
2021-10-26,0.027031978013924096,0.010171146399479802,6.05999412545799e-4,0.013828669180769637,-0.00959160652567359
2021-10-27,-0.03297404511888402,0.024984265704714126,0.0010091836561416656,0.002032567514150152,0.009920716286748288
2021-10-28,-0.006977397580206102,0.009821507520863193,-0.004448046152991658,-0.00406917756023395,0.01664257697499849
2021-10-29,0.01980753077008046,0.009725982945811396,0.0016197614393771431,-0.017999990730074522,3.235722403243102e-4
2021-11-01,0.023022948660150533,0.01874101484034263,8.088979207494518e-4,0.005176014563831988,0.03121272487794169
2021-11-02,-0.0031193493631169744,-0.010416760858255714,0.005845023191306531,0.008738172723288251,-0.00723842656910012
2021-11-03,0.005990193935399901,-0.015831465216680662,-0.010099055738532314,-0.008222130310122644,-0.013354729481380723
2021-11-04,-0.003350072206641741,-0.008457651127820043,-0.01823260585749953,0.012817402377253373,-0.009326325840880223
2021-11-05,-0.02450688188443806,-0.011238598847904235,-0.014158054524759045,0.01566882578114681,-0.009414125686936892
2021-11-08,-0.019345887003503925,-0.002716162828777513,-0.012024192966801905,-0.0010035353304531647,0.001955034835803282
2021-11-09,0.030824781452484018,0.005875723119145526,0.0180867180682176,-0.0010045434253558305,0.013579258126380722
2021-11-10,-0.009270590546420543,0.025802143131145705,0.0033291749433770335,-0.015190126861901021,0.030985722672708604
2021-11-11,0.03326406470018206,4.3907794338782224e-4,0.0072441587623348624,0.026184801243726685,0.011761200257130788
2021-11-12,0.04087890695559793,0.013516665347368395,0.017782788479872025,-0.005482226908924748,0.005523180656110682
2021-11-15,0.01378710085092294,-0.0013001085254913392,0.01866587058674085,-0.013585137623503662,0.011258296305893367
2021-11-16,-0.0031474708692460496,-0.009586130053103048,-0.004783744422644176,0.01258511465198131,-0.019554549144239708
2021-11-17,0.04641767084328485,0.007415519259464709,0.02037052540310924,0.02128267941026385,0.014701643047509982
2021-11-18,-0.015816640551217453,-0.003919012200735317,-0.009243845938351924,-0.0118227864246081,-0.0027401448108683724
2021-11-19,0.018821566334474404,-0.003934431304834618,-0.001581965922169637,-0.009459892985655749,0.003651860418771413
2021-11-22,-0.00839345037303385,0.01045761164395742,0.008670005048132978,-0.011572433159681594,0.02726760698374786
2021-11-23,0.047276145538019065,0.0064809040840838605,-9.814506627439101e-4,0.017557530232399365,0.012046568480924336
2021-11-24,0.015342430243701521,-0.0012928250023058752,-0.0051191291156769125,-0.008991084598124477,-0.02274503605030631
2021-11-26,-0.00999701033104472,0.012001858595492187,-0.010916055601896346,-0.029533710347096953,-0.013536076731252678
2021-11-29,-0.04187339691383052,-0.00984807787922204,-0.009020808891611942,-0.0083031013403847,-0.022046208263371447
2021-11-30,-0.0025690705445731155,-0.024391453124159135,-0.019726109885411347,-0.031227736621323388,-0.04269423109800563
2021-12-01,0.004064598405601139,0.008779687652046064,0.008996175985947374,0,0.006120167275247113
2021-12-02,0.013781624009864046,0.008703275128302046,0.012942546689905576,0.001074715692250816,0.03533490629121072
2021-12-03,0.02741607269488,0.015477523068912369,0.018316259613795793,0.006957435495888564,-0.01499091158849275
2021-12-06,0.024887450997739258,-0.004275337850401684,-0.004547709271347067,0.021631012162417473,0.00314169281344423
2021-12-07,-0.02550230563832745,0.004701868033878398,-0.008957957782098624,0.01656351013638968,0.002819109149736043
2021-12-08,0.003479001213409383,-0.0025619142962005625,0.008561525665906622,0.01730323878924933,-0.0100598144815649
2021-12-09,-0.018141061676367976,0.006392521236042725,0.0027717301451000154,-0.006580593730150408,-0.022688303445265845
2021-12-10,-0.03234616254056455,0,0.0025668885651084494,0.001015154940411378,0.010929070532190721
2021-12-13,0.017043446433315346,-0.007247953281363628,-0.01891168137600374,-0.003557802865381543,0.00446571715036459
2021-12-14,0.0018993229596464545,0.0076726719116599895,0.012382822493540502,5.090470526969426e-4,0
2021-12-15,0.001053629879080198,-0.005108567942722075,0.002379065356850063,-0.01849044452317461,-0.038279081516142455
2021-12-16,-0.0018973209314641082,0.009345862418236983,0.011615447061392281,0.0056861720270164895,0.01899827858063663
2021-12-17,-0.004441174993953467,0.003376955509730273,0.006243922724706863,-0.015061256214856211,0.005823374593177277
2021-12-20,-0.0499778140910383,-0.0037998779097740965,0.005431633140534409,-0.027587980249622834,0.0035421064243994493
2021-12-21,0.01701137302580502,0.012192709382384592,0.012114367940995407,0.008036454655315328,0.026955809988527868
2021-12-22,0.02295468053986749,0.007078938576326799,0.01573939763901322,0.027370153657040763,0.018599420236265374
2021-12-23,-0.010113076416367939,0.005379694331825391,0.0024429214441772373,-0.0010389849123564332,9.209517151305135e-4
2021-12-27,-0.01811285261371154,0.014748321399666864,0.022639675437064355,-0.0015605042198445496,-0.013282048538703961
2021-12-28,-0.006406724306372347,-0.01640053160616528,-0.002388170511369303,-0.013099480582003054,-0.025828207382891044
2021-12-29,0.014521653615476637,0.0012394135030104891,-0.00202522392704374,0.007356906485253667,0.005409718841308475
2021-12-30,-2.1840652394367055e-4,-0.01581389592779736,-0.021422072796477565,-0.01689584468211125,-0.010207425149471483
2021-12-31,-0.012089387491340808,-0.0046247717494773966,7.528703536490156e-4,0.005310605923722012,-0.011609288721652788
2022-01-03,-0.0124612337659471,-0.006765353499631921,0.011411591426937484,-0.007442851669701156,-0.016680681123887986
2022-01-04,0.03714303193322532,0.03378840710508513,0.025527049484617592,5.334878196889825e-4,0.01570712920535744
2022-01-05,0,-0.011966307426344969,0.0039811851353643846,-0.022109277268150596,-0.012085726070648839
2022-01-06,-2.157861787939197e-4,0.0024875634718020123,-0.005069719350251134,-0.008212453258281904,-0.01957918857331986
2022-01-07,0.028716213678749547,0.004956639639927651,0.017454334252017034,-0.007726379379211945,0.01661719858482691
2022-01-10,-0.014999766264517156,-0.01160394288690636,-0.01927119521691889,-0.01226321491469129,0.0046037568980592525
2022-01-11,0.009111236540623402,0.002082032815403423,0.0014537527546671924,0.01558187800169808,0.010768581790130405
2022-01-12,0.01590325619576749,-0.0033333364197583037,0.010476974447163556,0.01262016955048706,-0.016361621538864668
2022-01-13,-0.016114217282662047,-0.01938535209713521,-0.018865061557491458,-0.013725167306135155,-0.01462305884169357
2022-01-14,0.011119359002051965,0.014783796184237197,-0.006245428088749172,0.01208802167674694,-0.007055295518232363
2022-01-18,-2.086084221177842e-4,0.005435932265017485,0.00331126130365611,0.018934857723044818,0.03641580792765797
2022-01-19,0.020039884825409082,0.018182319083190457,0.02179922834258452,0.021734216367476744,0.03513615984445906
2022-01-20,-0.0032780323013010815,8.18665620836434e-4,0.02449536744689329,-0.007368422266893937,-0.007877778254376189
2022-01-21,-0.023882352586065636,0.008555766185303959,-0.00809863581338277,-0.0015860794604956041,-0.013055431412089646
2022-01-24,-0.021026566490786713,0.007678356576579226,-0.007986554120804179,-0.0047732869612922,0.025942612753131478
2022-01-25,0.021026566490786713,-0.0016116038943412292,0.003024644241675034,-0.0015961045780108485,0.02162580416597759
2022-01-26,0.004194637130243706,0.011227062593783366,0.023005668225910547,-0.015562477322359047,-0.028520221948414637
2022-01-27,-0.029092149944872858,-0.0027949708751924263,0.005712817406687165,-0.004336046063679877,-0.022901764286684667
2022-01-28,0.01645508170183252,0.01704699358239381,0.01490646979604815,-0.011472350954171873,0.011834457647003305
2022-01-31,-0.003396979032928016,-0.015848192240023984,0.01384923334534438,0.0010982181429506355,-0.0323129889905438
2022-02-01,0.006782522119618939,0.01388084948468915,0.0251752282127633,0.014169187297326413,0.010129150481537508
2022-02-02,0.008832890671000015,-0.019487592245925,0.010898847208492768,-0.030213736805334346,-0.018373220256619582
2022-02-03,0.02113188589920778,-0.009279872929396582,-6.473539633740089e-4,0.0033407306022739114,-0.004313927380386495
2022-02-04,-0.00844055569143709,0.006061849235195815,0.005972094257093552,0.013252528340396363,0.015181809746349195
2022-02-07,-8.27351472349136e-4,0.023493017555611395,0.018021379193891462,-0.009922921069336788,0.007180187505739788
2022-02-08,0.02976168779625077,-0.0047337366501984945,-0.008093355293961046,0.0016607082334574308,0.012924250980935525
2022-02-09,0.037063217528506165,0.022674935516064032,0.016278510389032164,0.021882690698543428,0.007993647680745397
2022-02-10,-0.012267738845844534,-0.007761001314888993,-0.012938015753212184,-0.009788023286082304,-0.0173470459791929
2022-02-11,-0.014008330543953562,0.014310822457319183,0.005542812512159934,-0.0021881304552695546,0.0334585933551379
2022-02-14,-0.016426614833106257,0.0072699765384145465,-0.008246161538658647,-0.007696540771283011,0.0018785227815980576
2022-02-15,0.01722110229110818,-0.027441335402193623,-0.012014561823536773,-0.002763259214536795,-0.02470043245203879
2022-02-16,0.001586962807333947,0.014008011156111166,0.02309939424802998,0,9.613844675744332e-4
2022-02-17,-0.002977669693924767,0.004626068388781768,0.002830635637481649,0.01155451587306322,0.022173857494322213
2022-02-18,-0.018662100109317237,0.006517178520572209,0.005949602644884422,-0.004385967586168604,-0.0012539186595939
2022-02-22,0.006460716334665939,0.030852710487859092,0.020702114282141082,0.015267405440277049,0.05759398047546149
2022-02-23,6.03597863019445e-4,0.013250101838076844,0.024170360927812773,0.002702035910374434,0.03691743167071504
2022-02-24,-0.037918262289265314,0.01631949182860115,-0.008092356464517891,-0.011397734765233203,0.05550814370978774
2022-02-25,0.0029203063510614413,-0.05242987340742289,-0.043829572235734915,-0.018177307348201666,-0.09390727664432408
2022-02-28,-0.02445832657142688,0.05602054153815139,0.033393116622546515,5.55722656448765e-4,0.09606477478434527
2022-03-01,0.012725516371506096,0.05880977758479844,0.03657396967723958,0.01871271725210466,0.07647201673005366
2022-03-02,-0.029080531566123113,-0.0010143703321174868,-0.016553733012862892,0.016225301364992895,0.055104341058665796
2022-03-03,-0.027718462552069667,0.016440564901215815,0.0016380020042383592,0.015438204829246516,0.1970139123642669
2022-03-04,0,0.006964047378993143,-0.0023834362541874654,0.021944457847479892,0.04475528853306532
2022-03-07,0.0060047155708886635,-0.009629827031638172,-0.0011938518057288405,-0.0041429330084636895,0.05572522443943928
2022-03-08,0.03721462184225999,0.006982572011131616,0.017906508787798536,0.008268772914246103,-0.11297091735428477
2022-03-09,-0.015500874861078984,-0.026184778995067326,-0.010616437076253149,-0.025542163140499063,-0.059471516277657344
2022-03-10,-0.023045023209701476,0.030483016725075807,0.007972875542602509,0.008412239069549354,-0.110747608981284
2022-03-11,-0.010041365328809171,0.00886850943120443,-0.005456033589258169,0.007303078316593936,0.015020501924723817
2022-03-14,-0.014912174751075646,-0.04857762952957234,-0.0020722328315327943,-0.005733693759270242,0
2022-03-15,-0.03403495955037528,0.040038989802827274,-0.01703567797709926,-0.02113124756627993,0.05727308616390925
2022-03-16,0.029243220579416196,-0.037638851499934844,-0.005743667543436359,-0.009117793432467103,-0.07649331428008033
2022-03-17,-0.00596470235700064,0.033010744065467,0.011604380088447996,0.0069799514585846545,0.026532874962457598
2022-03-18,0.013711366354665522,-0.01704301903697303,-2.997152727362007e-4,0.012759331300526089,-0.031689942181891695
2022-03-21,0.024880821464222436,0.019359750174120727,0.013694765979887613,0.018320343454283794,0.05085841723349116
2022-03-22,-0.0035484758259602955,-0.004306781545158067,0.0032472353257047004,-0.006765629090227598,-8.938548081180997e-4
2022-03-23,0.0011102476842106412,0.006288288138018849,0.013029977190596398,0.004688737634850337,-0.011241125564521504
2022-03-24,-0.015431355646685851,-0.012616369205104228,-0.01052795218971081,0.0010389849123564332,-0.018252845333504908
2022-03-25,0,0.007655221275148172,0.0055702284159373505,0.01800925307898904,0.015082552823115769
2022-03-28,-0.03345867967529337,-0.007321164148272885,-0.027264987160294574,-0.0010204315872406333,-0.04191883836780885
2022-03-29,0.005345713585424683,-0.030176895693561967,-0.012850732443545176,-0.024807449554481664,-0.04128528378368124
2022-03-30,0.028112966089868685,0.01604951643435104,0.012700503343886282,0.018662993926222615,0.012735905676962922
2022-03-31,0.020301814033215848,0.014461324829186495,-0.027879023955534876,0.001026717658656029,-0.020903257103834783
2022-04-01,0.008795131688895452,-0.018534650216822435,-0.022181478001383148,-0.0061759810305601626,-0.021603452580504445
2022-04-04,0.009586183244003621,0.020869151860679835,0.012245050960100201,0.012314150587403816,0.025819205879402674
2022-04-05,0.0030309481283952167,0.012249780723386117,0.01778443223667736,0.0020376475692920337,0.03405826627809194
2022-04-06,-0.01612585336230321,-0.00428689856849207,-0.007075864009629562,-0.003058079156532667,-0.006719487725812101
2022-04-07,-0.00639126013396929,0.0016509827095019247,0.015926829772010542,0.01268086980212857,-0.017733976232546134
2022-04-08,0.024029116579592724,0.014412303182814945,0.02609234842440511,0.028324859797971058,0.03041508886443811
2022-04-11,0.021143391826404567,-0.005543793751610515,-0.020184583002844647,-0.004911620048630105,0.027900063103334816
2022-04-12,-0.012760700258920288,0.015252607878571744,0.009021261000631497,-0.004441169663393918,0.020595693672079918
2022-04-13,-0.03728766378283943,0.00929642854838697,0.003436686236441666,-0.005952345589972374,0.008794734779252522
2022-04-14,-0.006463844721770862,0.008578289299651765,0.003722181026398985,-0.0019920781328459647,-0.015384918839479234
2022-04-18,-4.473545239012111e-4,0.028689214257733298,0.019135114311003676,0.00992075420698768,0.021651725383039278
2022-04-19,-0.009892153206481069,-0.011439296174494018,0.0010200365183159477,-0.02600148770725408,-0.01937433883736084
2022-04-20,-0.01136117635161149,0.014508666294463346,0.01746958453481362,-0.006097525498911516,-0.010059526987733491
2022-04-21,0.04184519612567428,-0.020434147533478608,8.583691514161274e-4,0.01266160188833032,-0.01855340789574722
2022-04-22,-0.0037325363365852127,-0.007850566305103612,-0.018619286536068813,-0.03221966545851451,-0.0023435679814687305
2022-04-25,-0.02901341606031327,0.00910095721512505,-0.007311042946886559,-0.015187461552323533,-0.0032902497367874872
2022-04-26,0.0027136644824077294,0.003741819145995251,0.0010267694338077504,0.002108540982346696,0.01981185881813463
2022-04-27,-0.024924107431784748,0.015135424065100267,0.012384510295218476,0.0015785684132962885,-0.0030047405017530338
2022-04-28,0.008989328665016671,6.129329030386543e-4,-0.011651748483285651,0.02081238560707188,-0.005571045049455492
2022-04-29,0.02111559523460027,0.002753558417182944,0.0010249653141256587,-0.0036110276018179732,-0.028569998903744676
2022-05-02,-0.028023290407007018,-0.006436803833479665,-0.020253482611466644,-0.02617950505884803,-2.395496478104775e-4
2022-05-03,0.008283540645372511,-0.01518232105854267,-0.009000960858976725,-0.012276617210609242,-0.009387480179354313
2022-05-04,0.013655196438893569,-0.0028138208342003423,0.006458903415301087,0,0.03072035838788878
2022-05-05,-0.012739039927556206,0.006553307896761673,0.005226622814344495,0.008556193422178726,0.027753862782171623
2022-05-06,-0.03163048709551397,-0.014411276980798249,-0.013797459432788983,0.02003225423612731,9.119927672687211e-4
2022-05-09,-0.02536629395871426,-0.009830426397943626,-0.02105983525162447,-0.026442577336911466,-0.012613399655211133
2022-05-10,-0.011211441025805513,0.0025461503252453,0.005536772065132034,-0.006451577723023405,0
2022-05-11,0.07596202241884775,0.01982755749163445,0.012346776768072054,5.391384057293891e-4,0.02326747300377008
2022-05-12,-0.023443988135401383,0.013925646669125769,0.006041401851942574,0.004840028588630307,0.0576092704751785
2022-05-13,-0.009815484896691373,-0.02363294068232147,0.03724384934493852,0.02803678452415248,-0.006191970247921397
2022-05-16,0.058827121999904364,0.018703787140919026,-0.03950510002581087,0.026256346093592065,0.06649099377462786
2022-05-17,0.010572758823927941,-0.010867984628422533,0.012895665287200764,0.016129366422984237,0.02376349445218562
2022-05-18,-0.042978820391434525,-0.024333638627735965,-0.009129749862620606,-0.008536334869686524,-0.03728130343954916
2022-05-19,4.573100652711659e-4,0.0022367799707696534,0.016551484983409637,-0.003030278347319282,-0.02488560297700282
2022-05-20,-0.013117163450500513,-0.005761859730638363,0.008687384386888652,0.00906352124146581,-0.026803335058410482
2022-05-23,-4.634203146025584e-4,0.009584737912987862,-0.01075992398886072,-0.00906352124146581,0.018018505502677584
2022-05-24,-0.009781196441327467,-0.01861414463238198,0.0035502995871672383,-0.0010121689898543451,-0.03006943679485996
2022-05-25,0.015788622283553266,6.476684164224977e-4,-0.007113248724519572,-0.0035505842161240864,-0.005644826104811429
2022-05-26,0.043058619723339575,-0.009432497972155396,0.02670738342143153,-0.007139213662361588,-0.004363960667738809
2022-05-27,0.012498752011422809,0.01588621511232713,0.003324903677443203,0.003575977864115565,0.012387423422224764
2022-05-31,0.007814248852009875,-0.031033030872312573,-0.02869469308209993,-0.010766624926866086,-0.062381022997549884
2022-06-01,0.0348452376512185,-0.02997361952048383,0.004149998545396549,0.002059780098497832,-0.04345956948178653
2022-06-02,-0.005024071509441619,-0.0013684572782164395,0.02281134150990649,-0.00464038731440386,0.016194685919979968
2022-06-03,-0.024860543819531955,-0.004460463734330844,-0.01838394348679273,-0.0031055648111104617,-0.017395887265614363
2022-06-06,0.021918141764952104,0.021096393143335668,8.831322328468616e-4,0.013899762924233894,0.04970549604112051
2022-06-07,-0.02299445230505981,0.019340382760593577,0.016922358598626452,-0.030627889552579113,-0.019633382698452273
2022-06-08,-0.001293051011924895,0.009858771931668286,0.006775777383200676,5.27021313036169e-4,0.002795249898304597
2022-06-09,0.012004379066532067,0.011057023218305595,0.01652930195121005,0.01620110531530905,-0.003261885464401537
2022-06-10,-0.024809815935308954,3.233629777570357e-4,-0.013373367614694764,-0.022013470523942313,-4.6685341650931633e-4
2022-06-13,-0.024545125168708104,-0.00518639736302795,-0.022010735100145062,-0.00851531250145321,2.3345395226836985e-4
2022-06-14,0.015989640330383637,-0.0013008131915572818,-0.005284803844306296,-5.34526694041304e-4,-0.01956456039825749
2022-06-15,0.006806494878613734,0.007456672579133183,-0.002800502972627683,-0.012917385179933571,-2.380668979222733e-4
2022-06-16,0.014985607706528903,0.018243424835443278,0.009255924451344377,0.006479549799944362,0.026549192376383424
2022-06-17,-0.01871248307096085,-0.004768726252083688,-0.004396899946035759,0.0010758719488284108,-0.04166283018643124
2022-06-21,0.02365823725599192,-0.03074178339600664,-0.012415175724703964,0.003220586013645388,-0.058737956954755255
2022-06-22,0.023320963018530705,0.009484944370591997,-0.01694828719492847,-0.011317775403658636,0.0012809019299675484
2022-06-23,-0.026113400236420503,-0.02805927605145353,-0.03666461201928417,-0.003801340570868561,-0.04102469470071224
2022-06-24,-0.02548875947882756,0.0046760272242574175,0.010923953824348409,-5.441263553680464e-4,-0.01450858335361005
2022-06-27,-0.002651376256816107,-0.008029484424590727,0.012186807210622597,-0.0038179267553366536,-0.02161211187023504
2022-06-28,-0.018308196839441848,0.020283322139942328,0.02018737447994745,0.012490059196456738,0.018902083111369983
2022-06-29,0.04730834962305863,0.01405481544094922,0.0062912130808374656,0.001078670571481144,-0.006261079388981017
2022-06-30,0.004075125026232307,-0.03501018061693717,4.4786146900754886e-4,0.014981590692705993,-0.05241496723556338
2022-07-01,-0.022292922431391915,0.014350321348064021,-0.029690154151411186,-0.041198250901733235,-0.044124804908937776
2022-07-05,-0.0167737463035742,-0.024825159479027192,-0.03170902128559039,-0.015054673279332853,-0.04616204176316252
2022-07-06,-0.009616506740874442,0.011146881167008793,0.0031690725302429,0.010617620803444083,-0.0018915516358708473
2022-07-07,-0.0013492381350488358,0.003688185236931929,0.006936808519208526,0.029035218695578013,0.039900143428623025
2022-07-08,0.0031453495382729457,0.040982624188900196,0.024213506401695284,0.026639827249440806,0.06429212935443829
2022-07-11,-0.027286823316458708,0.003847391728893257,0.006572434816779271,-0.008447771617198896,-0.04121302916735203
2022-07-12,-0.03590668032347555,-0.06409062145960931,-0.029843730093493726,-0.009054659525553177,-0.05137127013713183
2022-07-13,0.009512556867698585,0.009845606607213675,-0.002829300849954919,0.023791704094028976,-0.004063140454716674
2022-07-14,-0.058732936406855174,-0.0627383406334232,0.013601397831866535,-0.008921606385478675,-0.005023558445265586
2022-07-15,0.022338978420703093,-0.13992382598119946,-0.09369657553191235,0.01465231298326053,-0.02227972487646923
2022-07-18,0.0728799662075037,0.013152676248684436,0.021092488697974865,0.00827732858582264,0.045305010910857924
2022-07-19,0.005915775127221856,-0.025642430613337375,-0.013447840918787257,-0.02980611207225392,-6.153846348047054e-4
2022-07-20,-0.010261177994765447,-0.00756942218004486,-0.019308587905102037,-0.009064315607284712,0.008886223634674728
2022-07-21,-0.01059912131295171,-0.028255304338100196,-0.02127368807177632,-0.017288366350957318,-0.01630053007390231
2022-07-22,-0.04331529835460568,-0.020176123003149193,0.011216381172513223,-0.025387731885404996,-0.06039209071435181
2022-07-25,0.016077160220578257,0.027530687842819646,0.026484781041211214,-0.023756778562015413,0.014388737452098788
2022-07-26,0.014885065833516009,0.02888900985213727,0.03976237018016704,0,0.042897760704099674
2022-07-27,0.027297596481006714,0.0054291217087607535,0.02956988702190344,-0.004014900544763833,-0.016938924456101567
2022-07-28,-0.0032000585343849863,0.02427603270515455,0.019134837268024008,0.018223722130251918,0.03328974376427585
2022-07-29,-0.005509641914920316,0.0020304575503820033,0.017097066438410025,-0.01020986728661022,-0.011386490155395279
2022-08-01,-0.018587896031701412,-0.01512393429740122,-0.02646189217575401,0.003414884577944477,-0.009328425854635114
2022-08-02,-0.015599480229248286,-0.026289851253356034,-0.015805607997739557,0.005100614642974399,-0.032383782182114906
2022-08-03,0.022377568487455868,4.2274361229921453e-4,-0.007194850766947702,0.004512129565540146,-0.014299886182052468
2022-08-04,0.02143190310391141,0.018010958076539296,0.03593200922606332,-0.01245776148749611,0.02425341192850272
2022-08-05,-0.04595563651704371,0.013196067778088683,-1.5481074417511564e-4,0.021978979960207035,-0.008663619085818475
2022-08-08,0.011393473060417492,-0.002871796845487218,0.0029373136988022353,0.0011141254983946247,0.005143052159422901
2022-08-09,0.004239261570362807,0.011438033196926156,0.044532299483629245,0.001112991685728204,0.0022417943736190438
2022-08-10,0.03555313050715192,0.00929863178633017,-0.002661148820604531,0.01654760000479749,0.02308402896809625
2022-08-11,0.01575190106571256,0.012795056604586463,0.012212319804946858,0.011422429431683145,0.013660566357799553
2022-08-12,0.01176357650275417,0.016548841024473404,-0.023826506341377396,0.005931568207929505,-0.005876002680799353
2022-08-15,-0.004866216586369099,-0.020529738001496156,-0.11091733704521545,-0.003230991709378017,-0.006534954017360484
2022-08-16,-0.027651503505046193,-0.025450777866806717,-0.026966782901891584,-0.01467021407350444,-0.0185919960600609
2022-08-17,-0.008699730428336494,0.006525308634921956,0.014337163146406873,-0.0016434233475588478,-0.02937116081421909
2022-08-18,-0.012727234338671067,0.007693903108782152,0.013633132132724768,-0.02610530417080259,-0.0424884111548085
2022-08-19,0.005805194604250552,0.010034200184798614,-0.004523757400493267,0.017847639915097524,0.02929995755023196
2022-08-22,0.03793756985692909,0.011909628661095795,0.02536818454912293,-0.0083264214423866,0.022642476749759055
2022-08-23,0.027916928409729813,0.04097983525927695,0.02569838388615242,-0.0027910229960323996,0.015773705446345154
2022-08-24,0.05195426474906384,0.008674389673570815,-0.0038369351629317094,0.008349701980614022,0.015528754447816873
2022-08-25,0.0018505071867025435,-0.012469460642122066,-0.005299940134219305,-0.007790873848777746,-0.03227632784972201
2022-08-26,-0.005768429320668567,0.01696553415829616,0.03341297286652356,0.0313470654993373,0.019299408917452965
2022-08-29,-0.006217636610871047,0.022182055525974853,-0.04491200636655179,-0.001625509944531256,0.043939144536235375
2022-08-30,-0.00562914494121447,-0.005867270223610888,-0.014273066519249866,-0.018610287742902187,-0.026882508663407023
2022-08-31,-2.0904461328097312e-4,-0.00886596128937267,-0.0036417851870149676,-0.011670095943740133,0.013377085463599947
2022-09-01,-0.011568116928018846,-0.023274323846788292,-0.02332124819954373,0.00557417183600073,-0.042290934441897576
2022-09-02,-0.015778631007398403,0.016199261751809857,0.025309320424929282,0.0088545044535282,0.02231523901825394
2022-09-06,0.005358495439678812,0.01741107142563969,-0.013664601887221295,-0.009410536109373702,0.008788506033079457
2022-09-07,-0.030384282609370317,-0.005893203059457619,-0.015727051133535674,0.0038856389269050773,0.03258818959315146
2022-09-08,-0.004638275760955324,-0.003330252846600601,0.0025534101880806404,-0.006670337873333487,-0.01954857608534777
2022-09-09,0.024708784401032524,0.034963503049206146,0.012670158514747065,0.016044549508007933,0.05140124661108558
2022-09-12,-0.01633133738622128,0.019493794681000765,0.03982099007323203,0.007109741143670245,-0.01416370682787882
2022-09-13,-0.016825737113719264,-0.004573446845889784,-0.010051965312822375,0.0016334759782785646,0.0017814731552325824
2022-09-14,-0.02876425599531629,0,-0.020079673980317736,-0.006002675822000647,0.012968056770829683
2022-09-15,0.007097855982927115,-0.04544597377827131,-0.03536448382420421,-0.004938289909718563,-0.010301783527825847
2022-09-16,-0.005031990729504443,-3.6907178865153156e-4,-0.002068966255279747,-0.016639382727303254,0.01730502195520156
2022-09-19,0.027144846568575964,0.0014754705738369012,0.00876369557687351,-0.010683184446879768,-0.03461372025902598
2022-09-20,0.01791490119538075,0.02007000407862769,0.011904902506318038,0.02787248352849092,0.07339816495486762
2022-09-21,-0.030264895201268516,-0.009437456615300377,-0.011904902506318038,0.0016478322554625002,0.011126679464757316
2022-09-22,0.010115855484190028,0.004003645020348223,-0.002912706591073899,0.014710178874901114,0.007715662415698432
2022-09-23,-0.013964218370697168,-0.016850215528306123,-0.021681536158556725,-0.011422429431683145,-0.03377850795241244
2022-09-26,0.015081911553282978,-0.01563695301435697,-0.010222154572776532,0.0038219917004522763,-0.02588582844829812
2022-09-27,0.002454550113403009,0.0018744147943507983,-0.002305578745883885,-0.008757573399132745,0.01561176547211307
2022-09-28,0.019203728057479275,0.004484312447328165,5.325286359987302e-4,0.005482490568955445,0.03578350506767425
2022-09-29,-0.01320441738261291,-0.00149253759050616,0.0014186914952629692,0.008167734631414625,-0.007779978113919839
2022-09-30,-0.018558358882111214,0.011878387622629383,-0.033150216187382675,-0.0010852121212887589,0.02778338519604784
2022-10-03,-0.026527981456539784,0.004785578800012402,0.006754932120427881,-0.05581805916503635,-0.010362787035546717
2022-10-04,0.016320339376210136,0.003299728016921577,0.00689032644468579,0.027740231748884625,-0.009917436657345569
2022-10-05,0.02410293900742211,0.0014630580517600578,-0.00998827880845532,0.0022309498849608644,-0.0011080333543613818
2022-10-06,-0.03142565412484721,-0.012504760222296518,-0.008615212299883268,0.028016022041629896,-0.025829622377447237
2022-10-07,0.0018357469702019458,0.01140766740792376,0.006605528605307498,0.011847269658221915,0.001421060349985126
2022-10-10,-0.0029847761831733877,0.02171638001710896,0.0051076360583452995,-0.0037543456866031555,0.06354399097106267
2022-10-11,0.0018378555711562328,-0.007547205635383136,0.0016362152545950082,0.006961161145604411,-0.04024469139788689
2022-10-12,-0.0378904352331908,0,0.014248595285428323,-0.0032068154590012554,-0.0210297950529581
2022-10-13,-0.036906379453539806,0.006830873226528311,-1.7909913184777082e-4,0.006935165782991248,0.011270899814889823
2022-10-14,-0.02733025601354555,-0.011531659319036436,-0.008634700167623244,0.0015936623266412653,-0.03710471305789387
2022-10-17,-0.005863593072684914,-0.00910255693339046,0.0010834237246122314,-0.0037224022608963736,0.0014528551153549785
2022-10-18,-0.002303837894443994,-0.0036643500144926122,-0.009611099461628747,-0.005341913346388338,-0.013446563315743454
2022-10-19,-0.014455610448592005,-0.004046354610470537,3.6436509785531257e-4,-0.0010718360043937558,-0.009759060153049504
2022-10-20,-0.006521478597992569,0.008441966083508667,0.013748407582260036,-0.014039120208772626,0.00946472608175597
2022-10-21,-7.854911071341064e-4,3.6543029823832285e-4,0.0028704720104313353,-5.439341595123715e-4,0.0017647063403218866
2022-10-24,-0.0026226084583980125,-0.004027096784200879,-0.016983244690546684,-0.013695092790402708,-0.014205625095123686
2022-10-25,-0.0244562474962855,0.006945741687152562,0.0072621960417853515,-0.0011036728792137573,-0.004780409462127544
2022-10-26,-0.03310384620354334,-0.001823154561514606,-1.8091361424321661e-4,-0.013900695975209931,0.006864674024906314
2022-10-27,-0.005019496769679499,-0.004022678673777591,3.6179450466988783e-4,-0.008434209523333625,-0.002382371585406773
2022-10-28,-0.05192620798156877,-0.002201028034579444,0.003971124352228017,-0.007367512182022473,-0.011092903436101587
2022-10-31,0.04547542613704625,0.015668019550944656,0.013776047544118875,0.021941774667593616,0.06195378472821744
2022-11-01,-0.017599039624318635,0.008997721311618356,0.02022758263001645,0.025276125655564474,0.022693227651656045
2022-11-02,0.04233281158375313,-0.014799042875704771,0.002955752825640978,0.002167968794514419,-0.06464933060081268
2022-11-03,-0.05617391567492902,-0.012072581234269464,-0.009243983153228719,0,-0.006522406757552446
2022-11-04,0.02040595641931464,0.002573057843054727,0.01719837404786695,0.012910334318593897,0.008588828157077621
2022-11-07,-0.030034003932494002,-0.007739120992955151,-0.00795439089463823,-0.0016046422157529605,-0.0023619733449304903
2022-11-08,-0.02433358107162764,-0.012283794882152144,0.0027739268827247088,0.016985530028710727,-0.021512631233462365
2022-11-09,-0.007840830807261057,-0.004504512121104476,0.010848147710875722,0.019802583992082123,-0.026007278862091532
2022-11-10,0.03480944162326871,-0.01707497375257816,-0.02024115467348242,0.001546826161093584,-0.003726712387696729
2022-11-11,-0.005277021218918598,0.007245026924595166,0.01732545069551339,0.011779882529739716,0.01267600834521243
2022-11-14,-0.02319467122435448,-0.0011404677153263876,-0.009491830690156355,0.009627666834948645,0.005820203288410042
2022-11-15,-0.05853968454635705,0.014350699452132964,0.010693444430137866,0.02293226027551487,0.01184164436881563
2022-11-16,-0.008328062640032385,-0.0022522532043254273,-0.019401266781579274,-9.86215912601729e-4,-0.013064138408596548
2022-11-17,-0.01784892463372767,0.00337648041660632,-0.008607870453399613,-0.027001686214096488,-0.013237071839337311
2022-11-18,-0.009210551274716927,3.7446171566557496e-4,0.00790795791389165,0.016088818867613597,-0.004347832936103302
2022-11-21,0.04016081730113452,-0.01243187983270122,0.005933699783279067,-0.009521426351001505,-0.004992210056016688
2022-11-22,0.026935565220000512,-0.004178543591719652,-0.004884014592425601,-0.006060666939222248,-0.009743908618884412
2022-11-23,-0.010562365359874093,0.009848564452199504,0.004361866812743642,-0.009671775004172822,0.0025236606453971078
2022-11-25,0.021320114518057487,0.007136180518796387,1.7407955479598058e-4,-0.011316958133017696,-0.02294555734987025
2022-11-28,-0.01789072507463274,0.0011221246735706458,0.014515547762694148,0.0025832738852020753,-0.024475034714765975
2022-11-29,0.03696772388062364,-0.004496073516174093,0.001542813368510032,0.007710216888564769,0.0013205680360846017
2022-11-30,0.005980879181579191,-0.005648668757033626,0.006828295564802467,0.005107185488688604,0.01798315586530297
2022-12-01,-0.02628147521971247,-0.018293193047325573,-0.02742260306354627,-5.094686241764457e-4,-0.01666432942950724
2022-12-02,-0.019784337467806168,-0.023347363996991,0.006101300196176496,-0.0071612221963723854,-0.02874529467832243
2022-12-05,0,-0.009891277478742744,-5.21512397738455e-4,0.003586972691111079,-0.029945448698880384
2022-12-06,0.005604056782416933,-0.005182391506982853,0.011926509011729536,-0.008217809629424533,-0.014074827703636217
2022-12-07,-0.02102042010901428,0.0035906681307285027,0.011616119683227843,0.004630836938313454,0.0300197062406502
2022-12-08,-0.00508585377901305,0.006747396109163084,0.009634148716170188,0.01021463241577969,-0.0037898408840595366
2022-12-09,0.0054028805830101945,0.004341826437929797,-0.0016835020811134527,-0.004073321431794064,-0.01600590885667863
2022-12-12,0.053082537733968316,0.01018817590019161,-0.01579382409608243,-0.011288022540690168,0.028014974093870215
2022-12-13,0.004797537195615931,0.003891055492966977,0.0130943117430391,0.01941814074428816,-0.005814964221949381
2022-12-14,0.006856542978698421,-0.007405997600411496,0.0016880490166428785,0.026468495057008656,-6.863418251574771e-4
2022-12-15,0.018835147276389463,0.022438078686741747,-0.005920680409728263,-0.015396448650506489,0.039049054067802125
2022-12-16,-0.043802659840944,-7.654037878452868e-4,0.00440156458041141,0.005490436112746355,-0.004964431840796202
2022-12-19,-6.093287553330384e-4,-0.008844510644784087,-0.013092085323614278,0.0024856705629168196,-0.006657814206866952
2022-12-20,0.022601534210263452,0.007311943295006174,0.012078057857985769,0.02161186971373885,0.0026684472138329696
2022-12-21,0.009194803084635161,0.0155985662255258,0.001689474975266947,0.00822651997799273,0.02272450824741501
2022-12-22,-0.002660827627722462,-0.0026460041897991005,-0.008986919323503706,0.0067242996743628325,-0.007189573452567544
2022-12-23,0.01818768913655866,0.00866785151767413,0.007635567766504536,0.004299034798030288,0.01787793431485518
2022-12-27,-0.02980012870326121,0.012677276418060046,0.002195019876677584,-0.03196397345731272,-0.001934860326295862
2022-12-28,0.03877141178191845,0.011786508455700506,0.016227875982878892,-0.007905172057463883,0.014102797838752679
2022-12-29,-0.020373230492667815,-0.004771526762616496,0.0014924138413849874,0.006427763325495217,-0.014748584105948481
2022-12-30,-0.01630390316543373,-0.0014727543162740275,0.006935298603723439,-0.01239787705815898,0.022989518224698635
2023-01-03,-0.005995221684207408,-0.011860776553191066,-0.021288014947449696,-0.01711164742982696,-0.021053409197832273
2023-01-04,-0.030527400498875146,-0.02529868734259999,-0.0060698213670757895,-0.008154981003188233,-0.03945284841180019
2023-01-05,-0.00466056450725727,-0.0015308077998943403,-0.007809886894969864,-0.010288195553740387,0.001675322891425246
2023-01-06,-0.014113453378383767,0.001913143877960266,0.023415539617415604,-0.019844049375337125,-0.004361691196009154
2023-01-09,-0.0015805281948457761,-0.001913143877960266,0.0013311150051986687,0.011015112497847035,-0.0026936043222232087
2023-01-10,-0.04629413264405624,0.0034410280560130957,0.004313927380386495,0.024221710811941133,-0.014261701828208295
2023-01-11,-0.04749875384804181,0.0015255533088369688,0.0033057881344991102,5.090470526969426e-4,0.012236726448437096
2023-01-12,0.03750866036685707,0.022608348027593372,0.009525445647488695,-0.003058079156532667,0.0037093281445015336
2023-01-13,0.015277634392229622,0.005943553900848109,0.005704522029641446,0.007121057087601024,0.0013454425171230966
2023-01-17,-0.003962956564852682,0.01507104431036499,9.746589465535749e-4,0.020567560151854902,0.010698865008798464
2023-01-18,0.025483207246671746,-0.005854389205441457,-0.009953578138843788,-0.01601634348049963,-0.012380951191783396
2023-01-19,-0.0025839412865238387,-0.005888865012249056,-0.006416078603210806,-0.007088606373469641,-0.010832875062923186
2023-01-20,0.001292805237101291,-0.0014776508045128978,-0.0054613292547420755,0.0020304072237302684,0.009485165964054687
2023-01-23,0.02393603936245281,-0.014897854680637757,-0.01084518847032001,-0.001014639882903623,-0.029423949567885188
2023-01-24,0.008165893456341777,0.01600629743222104,-0.001174989644205482,0.009095484541634224,0.0199387836038305
2023-01-25,0.016134329640662415,-0.0033290210141609933,0.009361485953531812,0.011503075121742423,0.00914795469800378
2023-01-26,0.02852133302162585,0.011420275161000859,0.013879932016401142,0.027949830262067543,0.015063046311095007
2023-01-27,0.016318416402813618,7.323325116752599e-4,-0.009231849278870108,0.013448751375823242,-0.0033277900926744763
2023-01-30,0.002938585822739981,0.0010974941654007253,0.01691476406261483,0.01185690963859809,0.0033277900926744763
2023-01-31,0.06448353783716776,-0.005867270223610888,0.0017896368560803566,0.0256007070945099,0.011560822401076365
2023-02-01,-0.03271649936889798,0.0018372226369320899,-0.011608076065369843,-0.01808532390358586,-0.0019723872272043863
2023-02-02,0.011305943318370204,-0.008479313476787098,0.009166867268987744,0.013479125925536017,0.0016439260647835852
2023-02-03,-0.029086686332510325,0.0033265600811311913,-0.0014675909686703292,-0.01958104893040158,-0.005600409959858332
2023-02-06,0.01664310379332168,0.002211574804840133,-0.007041705998799941,-0.027686729291932277,-0.008626463581351551
2023-02-07,0.00765421797070065,-0.0073910166463893034,-0.003951923470341789,0.008674767901216907,-6.666666913579533e-4
2023-02-08,-0.008223479835534953,0.006654368362617014,0.002965405797437093,0.01712699345863422,0.01980916540189437
2023-02-09,-0.011166971917371704,-0.01148798996919087,-3.2905561336704636e-4,0.011723463276621882,-0.00985553312366605
2023-02-10,0.006314637072213358,0.014431332785787454,0.01518768476407839,0.006042275352290183,0.03726334252186003
2023-02-13,0.013075814680693298,0.006591016170705011,1.6206142163266435e-4,-0.017765738628912064,0.007604599385219402
2023-02-14,0.036054930774533034,-0.004022678673777591,-0.003408817520503149,0.017302228587230406,-0.007604599385219402
2023-02-15,-0.03718517640526997,-0.008833329427756276,-0.007671628256068708,-0.008847579909207148,-0.021540778227055135
2023-02-16,0.021536230545774693,-3.697541177274388e-4,4.914407503289198e-4,0.003268814598598624,-0.005540180375615655
2023-02-17,0.04332025549231666,0.002585412335810666,4.911993549434612e-4,-0.0018665854676513938,6.533812712028464e-4
2023-02-21,0.030016608705483172,0.004049333712745629,0.013979421413475634,-0.003743566568224832,-0.019789564024222273
2023-02-22,0.025639191422468066,-0.009597711179213597,-0.005990465578796567,-0.0018770069983409243,-0.018830415170831394
2023-02-23,-0.02976186188744112,-0.02061155973506512,-0.0034160260953486343,0.013529434386507333,0.0023732847213473462
2023-02-24,-0.012732389786252796,-0.01564618828755915,-0.003427735340144622,-0.013999259553969079,-0.04148538191340645
2023-02-27,-0.00261848805277598,-0.011216516743683513,-0.007055571151377116,0.03735732759896182,-0.01744747837620597
2023-02-28,-0.0015744063024634158,-0.020829992661597352,-0.01844672165955874,-4.528063860282927e-4,-0.006486509229606696
2023-03-01,-0.027150940540390245,0.017323267852386692,0.009182800982334705,-0.07083852912465094,0.007922259655710917
2023-03-02,-0.0073121847999599865,-0.004302764314867424,0.010251412528370807,-0.012720339531912206,0.006079046076381545
2023-03-03,-0.017272500123367784,0.011691481576802332,0.007048631756635615,0.02959229354667059,-0.00787405643090544
2023-03-06,0.009084681318646481,-0.0011630162194817828,0.006837076934647968,-0.0023928815421223604,-0.01922787334688536
2023-03-07,0.011444299856305129,-0.0038865186892804715,-0.01027322528815322,0.007161625924796855,0.003291281084072395
2023-03-08,-0.02746670834342524,-0.011751016535519021,9.8296207128179e-4,-0.0066826644050679285,-0.015082132495376932
2023-03-09,-0.008670187376708327,-0.02554009532189916,-0.004430958262921614,0.012848164634626347,-0.031629142583534
2023-03-10,0.023595820596682415,0.009253737327339806,-0.004615900051966548,4.7271232305767796e-4,0.020072629997847535
2023-03-13,0.005199064693195865,4.004004057494015e-4,-0.008629326698054385,-0.01715964975146056,0.008215132086849763
2023-03-14,-0.01263407692043561,0.00479234144030638,-1.6668055709878615e-4,-0.0057858856302126505,0.02097593005905196
2023-03-15,-0.015879931797848634,-0.0015948966698156042,-0.007025790024405509,-0.0087421782529149,0.023394984578615663
2023-03-16,0.040990455183810504,0.009926625089110352,0.0015096874460063248,0.012603183178462096,-0.005350467552831084
2023-03-17,-0.01356872920606822,0.0023677990541575156,-0.010107902770825739,-0.00434469193810072,0.016318205303345046
2023-03-20,0.010328952541837744,-0.0019727763352150873,0.006413524093726863,-0.00923459956515904,-0.013817757492257776
2023-03-21,0.009687928818634006,-0.004750602758597289,-0.012868447134723127,0.015504172207925215,-0.025290365236720014
2023-03-22,-0.04771948390980807,0.005540180375615655,-0.012690960933576356,0.016214001542720347,-0.029331971035914783
2023-03-23,-0.021005580257459577,-0.0027662534928909466,-0.020223841296378886,-0.01189640521914015,-0.002263297835254363
2023-03-24,0.02800350944510388,0.017650977969315917,0.006145221691546077,-0.003356497822065929,0.039249762231701624
2023-03-27,-0.013196912816622053,0.0081317001811545,0.00975447553242681,0.005269502509686497,0.013703784593662505
2023-03-28,-0.017967082218206087,-0.0015438057871266508,0.01752622180729624,0.017992870010473005,0.002504025633190743
2023-03-29,-0.02358533018797271,0.005008679320913423,0.006451635281488954,-0.0028195256787379996,0.007120001598658554
2023-03-30,5.891375929794052e-4,-0.0015384618419060914,-0.0018633019704532572,0.03286567958022246,-0.017895967943150737
2023-03-31,0.004114004873663646,0.016794287851725542,0.020806119666457512,0.013119433661600954,0
2023-04-03,0.0331681449688066,-0.004172204041977601,0.010900190499842921,0.0067189332188464235,0.001804077703815743
2023-04-04,-0.007974943275841362,-0.0060999045412692965,-0.0029610154879780026,0.0031201138078191804,-0.002888088650073506
2023-04-05,0.029861304897377927,-0.0015308077998943403,-0.004292560660913658,0.0211369141111879,-0.01383349326135086
2023-04-06,0.01896970811602383,-0.014272180543057011,-0.012319117005982427,0.028352407198718677,-0.00957650044320868
2023-04-10,-0.005461509843465606,0.016185324421017278,-0.0035237891987423,-0.0021200408334163257,0.004431321874670324
2023-04-11,0.04235419298028287,-0.004597709248630011,0.006701315076556469,0.03380256595886122,-0.006654368362617014
2023-04-12,-0.0013131978249605325,0.007651146735519809,0.004664342955889467,-0.013217937245550981,0.008127122678891041
2023-04-13,0.03028576758501078,-0.00573286492725078,-0.0021628824669992497,-4.1581707820892433e-4,-0.018567187675574637
2023-04-14,-0.013864212866638859,0.021237051463216083,-3.331667530401816e-4,0.002492708574722169,0.022972481143491486
2023-04-17,0.038544356598908536,0.015267472130788384,0.010936314468110275,0.014009299829950361,0.02030526616074546
2023-04-18,0.02092384027346217,0.0014771051430138016,0.0014820916669329165,0.004083320435138482,0.002151309542512081
2023-04-19,-0.013241963617149466,-0.007779257604882517,-0.008427712445108426,-0.006951574516051107,-0.023556081036674392
2023-04-20,-0.03338249092117618,-0.012724722592825088,-0.005992028580751985,0.03547325364710252,-0.02074916973562768
2023-04-21,-0.008715753651498126,-7.535795382995758e-4,-0.009392890258728137,-0.016773559273945526,-0.009026010882859481
2023-04-24,0.013045347154798215,-0.01825839995027234,-0.012378284374337412,0.042576392237444693,-0.02796581407102927
2023-04-25,-0.022097523425163246,-0.007320394855664603,-0.01374355939395322,0.02816014761292429,-0.007408885518267461
2023-04-26,0.017512727403726558,-0.007764014156220966,-0.006420846354416199,-0.005267107363065904,-0.018167956271382124
2023-04-27,-0.019332989728969352,-0.022862643422770113,-0.006462340191351501,0.01794438961494116,-0.02012950415022985
2023-04-28,-0.011781782720148293,0.014252022707201384,0.012191025244557174,0,0.00810048981899758
2023-05-01,-0.0031654265093994383,0.005488057678775249,0.007243908875404159,-0.05522053209847222,-0.02615596594851688
2023-05-02,0.007370361971769768,-0.0023483376741078033,-0.01053823348454852,-0.015785707567199214,-0.013758816171428379
2023-05-03,-0.007634613801348777,0.011299555253933669,0.005887462893430673,0.0011926332943743567,0.0503482636037198
2023-05-04,-0.014909770980671588,0.0019353596131885809,3.4524426374371586e-4,0.013809664235666208,0.008348289391471475
2023-05-05,0.024378558539321915,0.010386706188810102,0.014053358964472018,0.030866618448255334,0.024248352710355192
2023-05-08,-0.02169974624169768,0.00496278934212846,-1.7019828140796278e-4,-0.008776989865134865,-0.009316837580231052
2023-05-09,0.005868281025017019,-0.021945057752857267,-0.011641973640309722,0.003825573914124636,-0.016516301515695275
2023-05-10,-0.0029298359284117836,0.005047574296703772,-0.010560125832815181,0.01778663011580406,-0.003574978981273347
2023-05-11,-0.008841284096837931,-0.02034498968502163,0.004687915521699004,-0.024298818349964613,-0.02253616502241318
2023-05-12,0.0010758309085021622,0.001185068280109114,-0.005732665747321342,0.007656961470579038,0.01654931816434413
2023-05-15,0.03720256480516504,-0.06651441587249796,-0.024157041748328112,0.0026662214182557875,0.056424223918766
2023-05-16,-0.01408472362516111,-0.01916991610772012,-0.02658624804198606,-0.008403457326559671,-0.020256759910705746
2023-05-17,-0.002630196066247592,-0.03456918272306897,-0.019993261301464393,-0.006156227554528382,-0.03456746366672636
2023-05-18,0.0031553580737231357,-0.011193311403960848,-0.0028087276212316326,-0.011646064640886244,-0.022227627584184617
2023-05-19,0.008105695127100354,-0.0013516559841146858,-0.019693876412471667,0.00661610010187319,-0.011095244291939643
2023-05-22,-0.014690731539801938,0.029322402865588515,0.025676320876668157,0.00811281570100908,0.0020639842208511894
2023-05-23,-0.00929251358644212,0.011319232739937846,-0.014078130212453743,-0.00694984680822941,0.026049498996008502
2023-05-24,0.0029298359284117836,0.016742181143073687,0.001511144979669865,-0.012475783629890103,-0.026049498996008502
2023-05-25,-0.028596516149643314,0.00594229252799483,-3.7757221517065176e-4,-0.026233612961321207,-0.003304422668100493
2023-05-26,-0.006038946903445641,0.02218128186779822,0.009957808914405675,0.02151481024352231,0.019258943949926888
2023-05-30,-0.025091920524404898,-0.01669487857216989,-0.030946940432640346,-0.0015779456893612043,-0.04143094612742093
2023-05-31,0.00871397105230809,0,0.002503612285106094,-0.010716532844820215,0.0054840888342049254
2023-06-01,0.024330805933198363,-0.002528446353358582,0.022630993419249457,-0.007208694017032169,0.027387603897546242
2023-06-02,-0.015137209102690008,0.027467394700610548,0.01715180003756167,-0.006047171116867034,0.013417562546746531
2023-06-05,0.01541033787952184,-0.01906398390423103,-0.0018501392881606904,-0.013433946357714,0.008045095684831693
2023-06-06,-0.002734483428320722,0.017420598160501122,0.002404514244611633,0.007349984368834495,0.005991629668266718
2023-06-07,0.015217618624484786,-0.006186862382574709,0.005526911637222298,-0.0032599834833040298,-0.017678242628228702
2023-06-08,0.04971444289793592,0.009880689689476974,0.0018355364918614114,0.039220695187673904,0.01528589698960836
2023-06-09,-0.0217908088195653,-0.009880689689476974,0.016911031249661868,-0.003932383518836069,0.006366913668954588
2023-06-12,-0.027114850335630436,0.021286108641696444,-0.009966558896850941,0.0035398328128546375,0.005537988837364338
2023-06-13,-0.015205305323809704,-0.007725185806407353,0.019120351612487596,-0.012245836264835663,0.003937012959339015
2023-06-14,0.008988179393279339,-0.007785329222649295,-0.007892417649753014,0.026668259051966903,-0.009475001796703353
2023-06-15,0.014001338831419297,0.025184109207434524,0.028405957482855904,0.006172853201976913,0.04839341748698178
2023-06-16,-0.011293511471327733,0.02691100267596802,0.026428690812933198,0.016403202141283213,0.039278854378332895
2023-06-20,-0.04112624348860017,0.005451726898311193,0.007303641808278805,-0.007977288015065032,0.01120156247265669
2023-06-21,-0.0311943850812062,0.04145868499373595,0.025068157599314134,-0.01305201494287589,0.054199595207931495
2023-06-22,-0.001745726683801685,-0.0157720130093022,-0.009452022944676841,-0.037398527428051054,0.006107925334269737
2023-06-23,-0.021487177798715784,-0.04608753644121233,-0.004006683156428714,-0.030546051969126964,-0.007811213090641367
2023-06-26,-5.952744432669022e-4,0.010252455735057175,0.017576310535299733,-0.019207312626077666,-0.012350071208100388
2023-06-27,0.008891582155608369,-0.022615524468771575,-0.017241806434506124,-0.029520801533712504,-0.05571779838723412
2023-06-28,-0.022680788143225605,-0.05442398188768838,-0.029873232940598626,-0.020176166339713753,-0.04363921951524219
2023-06-29,-0.012452630423852362,-0.015371780047853889,0.02181408925374395,-0.02240237086712682,-0.004202489470552351
2023-06-30,-0.016020096491735636,-0.046683950061488844,0.04885438199632297,0.03648090085890887,-0.025985561411698832
2023-07-03,0.009273636785328776,0.004947165475556403,0.0030456062653767546,0.018611241095927156,-0.012255539834430174
2023-07-05,-0.008963107043451934,-0.016282584967981073,-0.009487889780160685,0.00896488352512348,0.05192952790670624
2023-07-06,0.00803964141731317,0.033186902089640924,-0.01399306919486687,-0.011971099887609693,-0.02291926143610734
2023-07-07,0.0027679361702279692,-0.01108904687542367,-0.026734676521941836,0.011971099887609693,-0.011659673482003363
2023-07-10,-0.006470538932870973,0.018122042897690704,0.015032853665239543,-0.003832244428135567,-0.005095053154165363
2023-07-11,-0.01526269730770835,0.0017505474929855325,0.008254958549517966,0.003832244428135567,0.020611268245922076
2023-07-12,-0.0034585983005008814,-0.039238203468020316,-0.02127032666158879,0.01602054316749779,-0.04446925869981566
2023-07-13,0.003772441393120829,0.07657358461485231,0.019624777499744006,0.004173644677460064,0.010010093595099967
2023-07-14,0.016184547607589472,0.010475687670081335,-0.014765925685433778,0.012828624783686848,0.02206551304975246
2023-07-17,-0.04547671520880581,-0.18340592942387968,-0.00788660854281531,-0.02161349592847106,0.01891583132344188
2023-07-18,0.003225809248882605,0.05740875806456369,0.005376357036380064,0.0025178936291556653,0.025671473926600186
2023-07-19,-0.018200067397414088,0.03118707491263706,-3.351768089023821e-4,0.014562290883580076,0.0815610933199995
2023-07-20,0.03607480455426515,-0.015239269750505713,0.002343881869983022,0.01882220049996075,-0.0010311050922133802
2023-07-21,0.023758560112753457,-0.019262986981257058,0.004005345808675287,0.013687820407294993,-0.041423963837998734
2023-07-24,0.007080182723569806,0.06162869397085213,0.014714657495141559,-0.0036050570603332055,0.0825210236880034
2023-07-25,-0.007080182723569806,-0.005366739177940616,-0.0051007926307455875,-0.009272371993195971,0.0036237891739503425
2023-07-26,0.007999967545681663,-0.03143050794727831,0.020087227208839487,-0.012225137784446893,-0.05439611454737303
2023-07-27,-0.010474507326775573,-0.013041638035535819,-0.009258573406160764,0.001638710558330203,-0.010120484217320147
2023-07-28,-0.022233595694813424,-0.02324031559809292,-0.02998154171383316,-0.021096965489517228,-0.011997321036298914
2023-07-31,0.04186008914545081,-0.03317377368199814,-0.02796431154837542,0.007911785236388802,-0.056219182062440254
2023-08-01,-6.074778173053019e-4,-0.013986241974739855,6.914434156204408e-4,0.011546469694798223,-0.020486300677204028
2023-08-02,0.014479854174760831,-0.01776245633984086,-0.011820057658522565,-0.007820522514100148,-0.018959747663120474
2023-08-03,-0.013265174727575157,-0.015480185287898962,-6.99667686405725e-4,-0.007465828979621669,-0.02052163572079646
2023-08-04,-0.020853217056846063,0.007253917818216493,0.010617104343751294,-0.01383379499515991,0.009523881511254828
2023-08-07,0.015985528350932476,-0.004138650501267271,-0.020640928711149087,0.0021083388260501046,0.03797434190774407
2023-08-08,-0.015985528350932476,0.007231436471711206,0.010898332512330633,-0.012290852113313377,-0.0019029501460865461
2023-08-09,-0.0037255932080411114,-0.00982681815178843,0.0010484012842164603,0.011026334036741137,-0.03291681501314159
2023-08-10,-0.0053017814486509,0.004666847982679023,-0.013715706484981993,0.01007149424867304,0.004321358129229402
2023-08-11,-0.0132201539179011,-0.018272500038457373,-0.007642443666817655,0.015741797947200542,-0.01739861998351877
2023-08-14,-0.043386518078602165,0.0026308881262764316,-0.007341782462926716,-0.01157518883091857,-0.017300773504882905
2023-08-15,-0.012319157399863556,-0.02500795395000388,-0.049932081185345645,-0.011710664198570253,-0.028820438535491988
2023-08-16,-0.002347853573451353,0.011783746422062258,0.008653176642198446,0.017515046069410012,-0.0012539186595930119
2023-08-17,-0.012842311920524097,0.0074270898436150645,0.0014972864485454096,-0.00788551635160939,-0.013897886361008638
2023-08-18,0.0030565277856497985,0.01364850583156052,0.01926342211554921,-0.010050326220427674,0.03949796316117293
2023-08-21,6.780075074344083e-4,-0.02160821885687536,0.005306022877780592,-0.015267498065987706,-0.023093809824104916
2023-08-22,-0.006459290985466382,-0.005877655179219232,-0.013595653105668681,0,0.004163203348687361
2023-08-23,0.042403219557908045,0.020684906153512372,0.005901898356023061,0.019048227267357554,0.017706865755700463
2023-08-24,3.2687074817339123e-4,-0.008434420059291625,0.0045867432033013245,0.018280547376725576,-0.013974744484066548
2023-08-25,-0.008203491452827727,-0.003181338844357562,0.011104146133465775,0.021987815741809857,-0.01795830261894249
2023-08-28,3.294551257280176e-4,0.016329043355747253,0.010265736259250424,0.02936718092075674,-0.008888947417245774
2023-08-29,-0.0029688092704489577,-0.01898791224469143,-0.009541885340927259,-0.004704004393674133,-0.03152927977283326
2023-08-30,0.013127854566583608,-0.016644679568968535,-5.428390615529466e-4,-0.00433159205989142,0.01221122892806914
2023-08-31,-0.00424773812220014,-0.0016255760827004195,-0.015504186535965303,-0.011111252757850298,-0.006523180339122803
2023-09-01,-0.011526556303433466,0.00810158360490476,-0.002761161441327431,0.02948906488187042,-0.009644967359181855
2023-09-05,0.0029766647536693114,0.01335846741486435,-0.0053599610810142195,0.032027143259157675,0.008771986072837024
2023-09-06,0.002309129250101627,0.0010610080570945257,0.008304929158279073,-0.016266684150092026,0.014738021423515768
2023-09-07,-0.02908449159221238,-0.0015919345362505055,-0.011274493330095225,0.01739178033809541,-0.01648627361704591
2023-09-08,-0.007832452235429166,-0.004791065858785082,0.0033401404221198305,-0.013965157732249711,-0.007464359574913537
2023-09-11,0.03559813752881613,0.00585263708374395,0.0022205782625768222,0.0034149209491136645,-0.020031829409369095
2023-09-12,-0.005624538258881984,-0.01712187359675177,-0.015460864923527495,0.016156665891267075,0.0076148184304543065
2023-09-13,0.0023198426544075446,0.0016176870607864657,0.0031862082994820184,-0.01086759819373384,0.015497321445294254
2023-09-14,0.013480414493532322,-0.0032379952737757733,0.005784137779381915,0.01644277041263864,-0.00263968477077281
2023-09-15,0.03308471849444583,0.029296369488431395,-0.002608049168325799,-0.0025978747443216044,0.0627472702280345
2023-09-18,0.0028395472783495634,-0.010023824367398682,-0.017689584344148024,0.007404726955954288,-0.02174907977745022
2023-09-19,0.05396774296248541,0.010023824367398682,-9.497578831512143e-4,0.012099136295961266,-0.012337956977915177
2023-09-20,-0.05712331522207226,0.012519725344927402,0.0034149151000688605,-0.023973104589689154,0.008100662502400269
2023-09-21,-0.02140309020817277,-0.014621670417299448,-0.020086758566737473,0.005212200424957736,-0.022328106629832867
2023-09-22,-0.024184264989929538,0.004199481237318281,0.0019305025300582201,0.0014841935363407721,0.006492124079011674
2023-09-25,-0.015669537936830125,0.008346422996137193,0.0011565151636014903,-0.024776036938488843,0.016260520871780315
2023-09-26,0.013682863157779224,-0.0031217507141851897,0.003845419081985213,-0.011083584076424735,0
2023-09-27,-0.010663253793183891,0.007268983200630963,3.8372985889179034e-4,0.004218556737779711,-0.016260520871780315
2023-09-28,-0.013830566709986059,0.010805353394397699,-0.0021123387595096688,0.022702465610461964,-0.0012950573793624187
2023-09-29,-0.0071587357674669505,-0.02434722700230907,-0.019802627296179764,-0.017358891902575113,-0.06652753895939867
2023-10-02,0.01998381291115159,0.02485886681904681,0.0015673984400130792,0.003040668341612651,0.04204008890706756
2023-10-03,-0.002350218280670724,-0.0025608208616736405,-0.0033336632500935437,-0.02614529160924617,0.006618157842478212
2023-10-04,-0.016265989582921137,-0.0030816665374082675,1.9640577496105038e-4,0.010077613464634982,-0.015064529461396248
2023-10-05,-0.006512531720811232,0.02338693269815373,0.0060695242619051015,0.008830909436338352,0.03206951738235375
2023-10-06,0.004460526607037885,-0.01111684010633951,-0.011583520115190815,0.021929042358139306,-0.017444838378895433
2023-10-09,0,-0.007651146735519809,-0.0013832627440288903,0.01632085683668416,0.007887858600952313
2023-10-10,0.009879126050829967,-0.0056482820254082355,0.005718244902081615,-0.004794442863246484,-0.02519470282434977
2023-10-11,0.0013549930955916167,0.00513611812176773,-0.015055751903154224,-0.02432298138504496,-0.0044863242586732355
2023-10-12,0.01077455611011846,0.016260520871780315,0.029500664396698184,-0.0018957062382591872,0.027496188984282632
2023-10-13,0.03682198303429551,-0.005559781822203291,-0.007586847013057785,0.025479096227044806,0.014332492900775762
2023-10-16,-0.0048535932823741135,-0.006610753798052649,0.004675636805599126,7.395913962593426e-4,-0.004321527901035793
2023-10-17,0.018638130678908738,-0.0020429016297995872,0.008130126083250033,0.016135316763446372,-0.011762278932474501
2023-10-18,0.00634721255402404,0.006116227017435527,0.010929070532190721,-3.638431550694321e-4,0.016945875852416137
2023-10-19,0.036650026706263716,0.026079712783052322,0.003426616716647679,-0.006938082427746295,0.023420274208098668
2023-10-20,0.007897994055093172,-0.018991075505317312,-0.010123283855047127,-0.016254533106022873,-0.013559529785633018
2023-10-23,0.003624323462685375,-0.010651888693587352,-0.01197387809243633,0.023192615533769168,0.0021308339620098593
2023-10-24,0.013772599693755438,-0.012830558359823385,0.0065840671620334135,0.0018178934001524816,-0.011560822401075477
2023-10-25,-0.03540990856450055,-0.008298802814695527,-0.00541901848656412,0.0036257644650987686,-0.02088848794735565
2023-10-26,-0.006800682182708684,-0.0015637219761828192,-0.006815331608489572,-0.02158482352831026,0.019164349589215313
2023-10-27,-0.0015520723571160744,0.0031250025431353023,0.013777262648004829,0.011033551843903311,-0.006926434617868793
2023-10-30,-0.011560765077407886,-0.005213776148527138,-0.011240428425774773,-0.021816363534910455,-0.016645149958754324
2023-10-31,0.05025565252750486,0.0010449321744934181,0.0033077177740530317,0.012630188387616315,-0.017376244722733247
2023-11-01,-0.04586557380447598,-0.007863736460214099,0.003296812837721319,0.015384921526801598,0.009839077584988587
2023-11-02,0.03414142391097297,-0.010582109330536937,0.00982572205275023,-0.0010911325603517597,0.0066533844907370465
2023-11-03,0.033014078067079566,0.015307767901752811,0.01786101062949541,0.010497867106734393,0.012302439872219573
2023-11-06,0.01625110127034457,0,0.009745204559919785,0.006460909094873291,0.005660803272399484
2023-11-07,-0.017129157227030234,-0.018504360927380503,0.006135558896330551,-0.012963833137944025,-0.00959867753629684
2023-11-08,0.020864309678019666,0.015881752552943773,1.8533963541145226e-4,-0.013868874611314475,0.037853981874397036
2023-11-09,0.025203071678491007,-0.016949558313773316,-0.015877796905247266,0.020731842895027608,-0.01960847138837618
2023-11-10,-0.02434313816492839,-0.00858374369139181,0.004321284319560803,-0.017795993775123087,-0.00951564273504335
2023-11-13,0.023503808662281855,0.028155910379601856,0.025542754560426317,0.01527295756695013,0.006497748657520397
2023-11-14,-0.012391017478796229,0.002093145714504807,5.480953823155943e-4,-0.01931190588433429,-0.012163486193197848
2023-11-15,0.02435393201129976,-0.01580644078310023,0.011802225056627869,-0.001104387621456926,-0.02030974886758319
2023-11-16,-0.026339414675733863,0.008461182155133251,-0.018031633255404245,0.001472245956577467,-0.012567490363522893
2023-11-17,-0.029680951927979926,-0.01645909202349749,-0.014812342658387934,-3.678583351205411e-4,-0.004980766466239572
2023-11-20,0.03985046212954746,0.005339040979420062,0.019945259519235314,0.013884006816508698,-0.013251279121187842
2023-11-21,-0.0076174207031893815,0.001064396055786787,0.007287334125943623,0.0068704134249837345,0.02093840718517015
2023-11-22,0.011824410644852179,-0.0026631174194839957,-0.015180904253839778,-0.019283868194895692,0.0013504390978713587
2023-11-23,0,NA,NA,0,NA
2023-11-24,0,NA,NA,-0.008856138184716311,NA
2023-11-27,0.005860226502235832,-0.01687114846545601,-7.517384304396302e-4,0.008121167538364116,-0.026779070190124266
2023-11-28,0.021742962224178264,-0.008820343842972811,0.01251767862922648,-0.007750582801528072,0.01762568820363697
2023-11-29,-0.008475718780231567,-0.0038835000263972574,3.7126415871036045e-4,-0.004828204731137653,0.02227871184768837
2023-11-30,0.06844353831280081,0.026331746248706267,-0.0031601476247953286,-0.031004361319662,0.025306566913915418
2023-12-01,-0.005657027792787872,0.0059379391745437715,-0.013307290365245805,-0.03716448603891509,0.0117674053436021
2023-12-04,-0.02612478857432432,-0.009191738140705397,-0.014252022707201384,0.028292626578681812,0.031978849470752024
2023-12-05,0.025866953406068482,0.017766281565289255,-5.743275739380493e-4,-0.033487486217189666,0.04110730840942445
2023-12-06,-0.04537843142650644,-0.008036475076923288,-0.007689388137018582,-0.08178029089229533,-0.008087387387629263
2023-12-07,0.001348617871292923,0.007502714722644299,0.012465402564656891,0.0013035277187065653,0.016509334099451323
2023-12-08,-0.001888607653116381,-0.005353331842499642,-0.005925660080222883,0.014227440440233163,-0.017728103293580766
2023-12-11,0.04669188466895502,-0.011336153786336567,0.02424361160999222,-0.03884412844917451,-0.03938332800037525
2023-12-12,-0.01479973085140962,0.004333701257118072,-0.009211457180974492,0.005326281595662508,0.026289851253356034
2023-12-13,0.018144614488185162,-0.012510361694363148,-0.012351700976537927,-0.02782948209183722,-0.03648968468847791
2023-12-14,0.027614229391910605,0,0.004959003105477144,0.009513140538532916,0.014840212991624746
2023-12-15,0.008459850950178982,0.05588045839445588,0.0013309251893325325,-0.00860320152305416,0.05764931465277989
2023-12-18,0.03768526589227417,-0.012500162764230716,0.008513910098319144,-0.03141137310905506,-0.01965961011003703
2023-12-19,-0.034716481676866806,-0.008949783349774698,-0.01098703986642846,0.005615402676908854,0.009276130236901992
2023-12-20,-0.060068884014857105,-0.006366069244991834,-0.003243349213461144,-0.024086180882412656,-0.02068619697493279
2023-12-21,0.015617183126155787,0.005837108640222688,-0.008443727004468826,-0.03304480973278645,0.004089985251524375
2023-12-22,-0.0041408083638350135,0.0010576415581349252,0.0019252990159763783,0.01860068617791022,0.006103782938017943
2023-12-26,0.008007290697929825,0.015211413156733578,0.010333042570246143,-0.0043742548119847235,0.03193884250783263
2023-12-27,0.017342917944769276,-0.007839078554409795,0.0026615985294276,0.003403829836683858,-0.02104504907727911
2023-12-28,0.0012634240467717106,-0.0047331142791327,-0.008771986072837024,0.05478233819272571,0.013551423003092644
2023-12-29,-0.05023057882453674,-0.006345870052903102,-0.009042870664577762,-0.05575370580749395,-0.005557775322347247
2024-01-02,0.009776750405843693,-0.016043124840575906,-0.01519016549397545,0.015429414019910492,-0.034423321861488
2024-01-03,-0.020723345016173234,0.003229281600715339,-0.003538434987375716,-0.002395174177904913,-0.010770609505347473
2024-01-04,-0.0037654533059710005,0.0026831247650385137,-0.005925358043574747,0.010970753513183773,0.021834029049602854
2024-01-05,-0.014931728239131026,-0.01240242373746625,-0.009754232807478225,0.0014221707192363375,0.004066699382553551
2024-01-08,-0.007688171680254818,-0.012558177598982034,-0.008235458818434793,0.02940698039177958,-0.03258692133096819
2024-01-09,0.01477461735798169,0.009297305144285062,0.0016122534729765547,-0.001841575460006517,0.022798914964806016
2024-01-10,-0.016153737744366126,5.442177005061666e-4,-0.010322933486845542,-0.013454200230266888,0.0012287529704924083
2024-01-11,0.015882092758237043,-0.0038157582411217916,0.0020325210249225734,0.016215337031562083,-0.01152750517106682
2024-01-12,-0.022250625515954248,-0.02376458894105049,-0.02092813353721734,-0.006917233743473528,-0.012919537901432854
2024-01-16,0.028749413285986236,-0.007860792863935373,0.01767411398908081,0.04124762483573807,-0.02377021933391177
2024-01-17,-0.03320378066526519,-0.0028224687097395673,-0.01767411398908081,-0.007577485470898981,8.587377084170456e-4
2024-01-18,0.00417653405518692,0.0039492293923304445,0.006406966217574528,0.030405537436545504,0.005136997597916526
2024-01-19,0.028487256828254814,0.003372684478639698,-2.0603688133036258e-4,0.022742828436284057,0.0131497122781008
2024-01-22,0.03763033399138038,5.610098323858281e-4,0.009025702297101645,-0.002974282850290333,0.005463346222097876
2024-01-23,0.003634463781559738,0.0016811435733030677,0.012379660892817945,0.010582109330536937,0
2024-01-24,-0.01830595081121711,0.012795723958851646,6.048997059133754e-4,0.029456562348802784,0.023608468599879195
2024-01-25,-0.013283936256899054,-0.001106194803067062,-0.014006115493986115,-0.01731994507894674,0.002452985694427312
2024-01-26,0.03624351050350594,-0.012249596378489436,-0.011306523984079497,-0.011294847120361329,-0.019794460730913954
2024-01-29,-0.02401580328514452,-0.013536585717533356,-0.012481959433021217,-0.010148068709169955,-0.011309021051640222
2024-01-30,0.024789266745769645,0.01689229356450639,0.02030737004198535,0.01602054316749779,0.02001734894342455
2024-01-31,2.5771447824407545e-4,0.001116071544420727,0.0028676791466981655,0.009159069768798211,-0.017073077626175603
2024-02-01,7.726666011418359e-4,-0.0022333900964133235,-0.01566719327553656,-0.023905508741866033,0.010445050047762194
2024-02-02,-0.011653634594619433,-0.010112445725885877,-0.012334221382969801,0.013909599673900708,-0.002913633694929807
2024-02-05,-0.012845881025613792,0,0.006499655966915263,-0.015183703868330678,-0.015966725754181788
2024-02-06,-0.006883813586705756,-0.009075501882867876,0.0027131395125854496,0.0012741041944299702,0.008015229580007777
2024-02-07,0.01319628566767328,-0.0103093696588612,-0.008792185588967882,0.01349091726521845,0.011696039763190669
2024-02-08,-0.01001322672807703,-0.0023054765254988396,0.003777549088103349,0.004178877129350056,-0.02268051860848974
2024-02-09,0.03895584695344123,-0.00985800966769812,-0.008414016824846549,0.0016667051994687654,0.01392133851860855
2024-02-12,-0.003572328024028515,0.0034904049397681547,0.007994993143877416,-0.01933649959403727,0.0012560185867265261
2024-02-13,-0.01338159989989851,5.805515402537154e-4,-0.005674072173778022,-0.011097008287933363,0
2024-02-14,-0.03131421179553229,-0.015204971293703018,-0.013366062993172001,0.002999856634008591,-0.020288100767894335
2024-02-15,0.011957097227201174,-0.015439736638832358,-0.007073226360271967,-0.023815853400722897,-0.0321068793100201
2024-02-16,0.008154736835378706,-0.002996705868605787,0.008567197399002247,0.01132910727351133,-0.011530061215537124
2024-02-20,0.003922086220335963,0.005387621532378262,0.005741642567675065,-0.014401292937309407,0.038929035403652
2024-02-21,0.03462328033951234,-0.018680868643041748,-0.0156002736373404,8.787547824948838e-4,8.576329856726517e-4
2024-02-22,-0.022948482129078407,-0.01224005489450164,-0.011262843770698971,0.0026315570204213934,0
2024-02-23,-0.014811267556073204,-0.015513807887669095,-0.012934522101325285,-0.009240949410513899,-0.016857974332113557
2024-02-26,-0.004723146445378745,0.01797383372853112,0.002644338253090517,0.02316025626470708,0.006517511665179221
2024-02-27,0.02056559194032115,0.0030665464079797644,-0.004190104266960759,0.029370084543578923,0.015044341342407286
2024-02-28,-0.003613823921079451,0.012173004850558833,0.0024279892735608044,0.007105571168285252,-0.025930579921001673
2024-02-29,0.012847041655582814,0.006031381371903954,-0.0050834455805865986,-0.06140586442324558,0.011319232739937846
2024-03-01,-0.010522376072465534,-0.008454156633328935,0.012988625087699823,-0.06826555361692188,-0.030771658666753687
2024-03-04,0.018405380876238553,0.012654582851202356,0.0034934533345607477,-0.02350790741228259,0.006230549750636527
2024-03-05,-0.012232537516101871,-0.00962702982716479,-0.005463897321859257,0.013021666988054736,-0.03200633804977748
2024-03-06,-0.0028245136562965456,0.010823918061010573,-4.384042157017376e-4,0.027411919640760285,-0.0459312223170425
2024-03-07,0.019858132824331243,0.01895791374461453,0.014582911601866755,-0.007956984201678896,-9.596929719295488e-4
2024-03-08,-0.035667730601724124,5.86682328355792e-4,0.011600559737289018,-0.006127809284726116,0.011455972543216397
2024-03-11,0.015295241572936824,0.004681108606503059,-0.004709920931165179,0.03712728682334854,0.020202707317519497
2024-03-12,0.005388019669681832,0.0017497817237872582,0.01448683196624323,-0.002737290627136346,-0.003727870114014209
2024-03-13,-0.019377948393310973,-0.005844551996283087,-2.115282926977713e-4,0.0018256926935960038,-0.0060875861142148935
2024-03-14,-0.0015665162105253927,-0.009422920134505297,-8.465608971199856e-4,-0.007322680071975007,-0.0242464932343065
2024-03-15,-0.0454380657935447,0.033171502216937654,0.014712329263514512,0.015949318320434003,0.017175994771010394
2024-03-18,-0.005483972978835183,-0.001718705665131992,-0.008801397972709957,0.0018066403991876534,0.026606003448108595
2024-03-19,0.006577151241502044,0.007995473776197137,-0.0018961345615702285,-0.023745429219853342,0.017804624633506627
2024-03-20,-0.0035573120599883268,-0.0011383040500598796,0.020042424544621795,0.005989470500231686,-0.013667638728663611
2024-03-21,0.017930407746880483,0.003978408202808481,0.0020648365791773315,0.013233093342309044,0.0032058648936335032
2024-03-22,-0.004587733523464976,-0.0034090942107738442,-0.016219943866762954,-0.009565050615867321,0.014525902255825507
2024-03-25,0.004318429345235408,-0.0034207559012449096,0.013948388940596246,0.004566235279073627,4.5055193373144675e-4
2024-03-26,0.01284475339815927,-0.01206564479402683,-0.008512456675578761,0.01984722907141423,-0.02093840718517015
2024-03-27,0.013731353144544656,-0.013383964697384343,-0.005435932265017485,-0.008972642338662684,0.007332755129391799
2024-03-28,-0.009486172811478788,0.0351115204031478,-8.389262236994099e-4,0.014762062586480162,0.02302065099038053
2024-04-01,0.01550009688263465,-0.014815085785140347,-0.004837531781106463,0.008841740032403678,-0.00581787275375234
2024-04-02,0.030550428287279274,-0.02088242936082363,-0.009958764369648598,-0.017762439790516726,-0.02132083484554581
2024-04-03,0.029153708006578682,0.012234350095053692,0.007002681135943156,-0.0044903705310148645,0.019523889168843844
2024-04-04,0.0153530192494582,0.00807386162151058,-0.0019049640642752053,0.006280922274134237,4.495392298675682e-4
2024-04-05,0.027431654460671417,-0.002300173527084226,0.004228336109521003,-0.016685881425260618,0.019582290179501527
2024-04-08,-0.006610004597285446,0.002874391171343582,-0.002957956942268858,-0.018357542563976814,-0.0026478391463049533
2024-04-09,0.011539027810889557,-0.009806827946987617,-0.00594229252799483,-0.004642551590443578,-0.014241451201004729
2024-04-10,0.0051377546577597855,0.006932436775644035,-0.008336053402061339,-0.0013970054632852502,0.0013437851966138226
2024-04-11,0.0262084527513462,-0.012746406641063857,-0.004733227425336217,-0.028836727999792977,-0.012159573372409582
2024-04-12,0.019326389359987317,0.015620797812407439,0.01264347711647229,-0.019371046744357745,0.007673249113736347
2024-04-15,0.030252237759284206,-0.009227285769075166,-0.013506476091284192,-0.021251123043970033,-0.007673249113736347
2024-04-16,0.022208885959734026,-0.0011594204197349356,-0.011505608308417514,-0.019672831216616782,-0.003631415701975449
2024-04-17,0.04622236856099882,-0.001741655012098775,0.003922428214895746,-0.015918152547251818,-0.02346553492600556
2024-04-18,-0.03321334723189384,-0.008168073417098576,-0.013355425659162812,0.01387842675699602,-4.6565774997464615e-4
2024-04-19,0.006441529984312133,0.01569343454604688,0.014224990931347214,0.007121057087601024,0.02484028364768065
2024-04-22,-0.041227697864953505,0.014314587397070255,0.009085072222470458,0.0035416023350722803,0.03570214075792677
2024-04-23,-0.031351878332341876,0.007363386427468477,0.005583007845161525,0.0055402112440297024,0.025536986067359102
2024-04-24,0.01744164746843424,-0.011921798879174439,-0.0012856226326150022,0.004510163141767887,0.016108868898979445
2024-04-25,0.01520446339004522,0.007396904280884797,-0.002791198806231243,-0.026343998838763927,0.012951925364144579
2024-04-26,-0.0058371837378530245,-0.002270148534539551,-0.0027990114086202666,-0.004115228309332419,0.0016590630101607218
2024-04-29,0.012711565712010042,-0.0017059998451003366,0.0010774702044447082,0.04040959577054393,-0.021785528539519206
2024-04-30,-0.056818491960915374,5.689900580252427e-4,-0.013225125006480987,-0.024556567461701206,-0.00893432873376554
2024-05-01,-0.007277679862336406,0.008496227829086322,0.00890826097478481,-0.025174706898164256,-0.006000875273137751
2024-05-02,-0.04864185040654423,0.019548234877913906,0.029203823237240023,0.0015596929172203566,0.008561696134811392
2024-05-03,-0.013267593394513,-0.011123585218662413,0.00982552066849518,0.001557264062999053,0.032707317975783745
2024-05-06,-0.0255793437939138,0.022124796280635906,0.02708969264666461,0.010319949918434546,0.04240489948076043
2024-05-07,-0.008506415872230555,-0.00713700531514494,-0.002026753835247419,0.023840906863223932,-0.011933315835013225
2024-05-08,0.006261761223976592,-0.018349138668195764,-0.0159512584601611,-0.017699595879238306,-0.014104606181541968
2024-05-09,0.01708172230266225,-0.006191970247921397,-0.016628942729109752,-0.00102095249337264,0.006069207381780295
2024-05-10,0.0034305202177735694,0.028939136895829165,0.010218001528539133,-0.014403576825542608,0.04109626106065001
2024-05-13,-0.019763489714859972,0.006015878137747066,4.148516964708193e-4,-0.03533191681421943,0.03723834514011859
2024-05-14,0.012151480987223628,-0.01041390611745907,-0.005406542593711983,0.012800264288857832,-0.019966758631458248
2024-05-15,-0.007918903442595493,0.01910017137341935,0.01202087013914177,-0.011727278219252124,0.013230206209431827
2024-05-16,-0.008483069510731411,-0.01196316605827441,0.0022636083335587642,-0.017307067946314536,-0.0037622316761929397
2024-05-17,0.04219409753036363,-0.009895627754223923,0.009614475206872974,-0.01097107921237317,-0.01825839995027234
2024-05-20,0.005509699714431271,0.01752509255538026,0.016155440222285655,0.02988547066073366,0.05598476739954794
2024-05-21,0.03704992997659318,-0.0054436715811760905,-0.009459665992451072,-0.006444750554331691,0.01262415322839594
2024-05-22,0.01485232395130609,0.007071011240551428,0.008056438339125727,-0.01794013500328573,-0.006472514505617255
2024-05-23,-0.02201420316966196,0.005944356871518508,-0.005632684375364683,0.0016443241213122128,0.007189103572469158
2024-05-24,0.011984499928737513,0.0016150743752980645,0.007035912028690028,0.008181099255246682,-0.0010750762547742099
2024-05-28,0.056560028942969964,-0.004853069649073838,-0.014934687273125746,0.017232505059193937,0.004293387632619883
2024-05-29,-0.006516096122155979,-0.01579983834476195,-0.012686890036803788,-0.02049689672674493,-0.010768230397130374
2024-05-30,0.01535332602517503,-0.014380778805229255,-0.0035069659460154057,-0.008757573399132745,-0.017106877593575653
2024-05-31,-0.046785709158958966,-0.005586606708639863,-0.003934159748673061,0.00602899626670661,-0.003677826874588064
2024-06-03,0.018712940176977,-0.006181531344214619,-0.017158822325915146,0.025891492186016052,-0.0085106896679088
2024-06-04,0.03192796291186362,-0.0022573373016498977,-0.004654123061468951,0.004250799224825741,-0.02178899123059619
2024-06-05,-0.0083718294547932,-0.0073717373807777875,-0.0014854114137072827,0.014214430014609203,-0.017624977310280343
2024-06-06,0.009653620092265669,0.02861345276502547,0.01914034665242781,0.004693628234428093,-0.011273200047241083
2024-06-07,-0.040964306538083584,-0.007216240029743304,-0.017442913611720456,-0.01151238865013271,-0.01894295001295898
2024-06-10,-0.015240138888255927,0.006662989669849573,0.007602993329747676,-0.01966583960036239,-0.032391495791235236
2024-06-11,-0.0038465523187323214,-0.004993075560663307,-0.008663551282587001,0.00855172258347503,0.030796599121419632
2024-06-12,0.017082919239339134,0.010511853364605805,-6.368750878680274e-4,0.016363492875268282,-0.015279750430734929
2024-06-13,0.007548867613659027,0.009312584420238856,0.010351840619348351,0.025330884720698776,0.0048504541337495155
2024-06-14,-0.008440783869136048,-0.01871270893215371,-0.008230499136515412,-0.008200960649749067,-0.01176245563091527
2024-06-17,0.01329512196358884,-0.013986241974739855,-0.018824085245635835,-0.023432510032201925,-0.03529533898978077
2024-06-18,-0.0037489992104893233,0.013986241974739855,0.013938255027181157,-0.0031662014073874367,-0.016191235687003314
2024-06-20,0.01730410901047197,-0.023041199146698332,-0.016099950637666005,-0.0015869184535928227,-0.01602112639783293
2024-06-21,-0.01619999055169785,-0.010860352528982986,0.004534175964115761,0.0042260985479440905,-0.01983754715510777
2024-06-24,0.04930498908775682,-0.003454234868087269,0.012629944189748166,0.02292964156908317,-0.016158340786589953
2024-06-25,-0.028987550072897328,-0.018626848207167868,-0.010263079179481771,-0.016100034294794785,-0.0196487929754392
2024-06-26,-0.0212006227516639,-0.013010236736015202,-4.2992262055197017e-4,0.007303078316593936,-9.233610997689823e-4
2024-06-27,0.00835901862816435,-0.014992784586141283,-0.009071336503589045,0.04472295360152412,0.03360897616216452
2024-06-28,0.003062106298662215,-0.040696121274446995,-0.0015199221251966932,0.009398962354050244,-0.011228503330172224
2024-07-01,-0.009876081721914787,0.0025141433733324448,0.007792247220165471,-0.003946720745297672,0.028057952795156993
2024-07-02,0.010531072048896917,0.00937213982886309,0.004732209304214585,0.018609795965016218,-0.01370793076535115
2024-07-03,-0.013844893749775267,0.003724399090982544,0.009822842167616308,-0.003889160039908912,-0.012544967388075534
2024-07-05,0.019069097726919892,0.019024814369577925,0.010148078632831847,-0.01917940749182323,0.03150915204225413
2024-07-08,0.025296070765167045,-0.03841860331846014,-0.012062361893144136,-4.966590239572355e-4,-0.03421795731034116
2024-07-09,0.06475019666838921,0.011306653115702225,-0.010917372696640726,-0.02566170104941934,0.0022578469740857088
2024-07-10,-0.02531782040495667,0.007467365128494663,-0.017588120301285315,0.00963733683986856,-0.019586141935156398
2024-07-11,0.004264411207124397,0.008642029093828718,0.0013134853026750548,-0.01936855465569698,0.019586141935156398
2024-07-12,0.014883609304936485,-0.01673419899116535,-0.007245612991956918,-0.011907960325606037,-0.0297572883346362
2024-07-15,-0.025476522109898703,-0.02403657782824098,-0.05108455275095469,0.02874938513264569,-0.010275662578203892
2024-07-16,0.0051067418964798605,0.013354729481380723,0.011528834172741753,-0.007110206991211232,-0.003291797000215091
2024-07-17,0.007914854944232275,0.005669306523316209,0.006170742926659756,-0.013340383536745382,0.015888184685900697
2024-07-18,-0.01609820687198571,-0.017105263430075013,0.0011385632563216674,-0.0219329974195821,-0.007445357799474195
2024-07-19,-0.021595511367901388,-0.0019187725746219186,-0.0011385632563216674,-0.01489392871334605,0.01391488128860896
2024-07-22,0.020156551938101508,0.024661382597082948,0.018510686545746502,-0.019481169085231897,0.009626478189614929
2024-07-23,-0.016385296056235177,0.005605744981794558,-2.2368862636579223e-4,-0.007679653385963547,-0.009626478189614929
2024-07-24,-0.03381507596208522,0.0031007776782479013,-0.0058335368480939565,-0.013862157217813476,0.007799993663580196
2024-07-25,0.015241265824940342,0.005557285064866413,0.004490353301625838,0.04102297968900892,-0.01705503427414179
2024-07-26,-0.019142414718759326,-0.028734019315803216,-0.03510732096335367,-0.012945152272857197,-0.026856737837247735
2024-07-29,6.512271953669213e-4,0.004426184905560682,-0.021339770973454186,0.031528133571344874,0.014224990931347214
2024-07-30,0.0017346455256825877,-0.019108861698046375,-0.0264184432409289,0.005769782975800997,-0.013270336920896852
2024-07-31,-0.006956576330705566,-0.015554428955650401,0.0012161013294926803,-0.009458835560942624,0.006183135037842291
2024-08-01,-0.008544238468171983,-0.0019614259312179527,-0.006339938329362305,-0.02350538387099288,0.008968669982760247
2024-08-02,0.01420012937911519,0.011711259420901676,0.007068889886364005,-0.021858772736823795,0.013072081567353067
2024-08-05,-0.02104419213451525,0.010936101274109156,0.01446854272727105,-0.0011056086032223966,9.272137891915833e-4
2024-08-06,0.044413234936291346,-0.005131505808142478,-0.01519749428427275,-0.011682974609640517,0.006926834438349516
2024-08-07,0.0429304122784222,-0.014248945741520025,-0.008053734807097257,0.01499603490567436,-0.009246482892065977
2024-08-08,-0.004068353811537584,-0.010491899523281667,-0.010344919842392386,0.02342794789054148,-0.0013943762426551487
2024-08-09,-0.0469471829203707,-0.006613780722036999,0.017912391571587527,-0.0048583174880318936,0.009259325412797281
2024-08-12,0.02863957763280034,0.017105680245318666,-0.015686596167698852,-0.010334528983833469,-0.010655648655724548
2024-08-13,-0.03442430122410656,-0.014454916599074608,-0.022989518224698635,0.005452492967968237,-0.015016706398402135
2024-08-14,0.01831008394144451,0.008566773973852193,-0.009396894542971879,-0.02310334284210125,0.011283617602027007
2024-08-15,0.012162003268601396,-0.015873349156290573,-0.02925775034353606,-0.005020939776433586,-0.012229691466348669
2024-08-16,0.022871103667011283,-0.012072581234269464,-0.01349048365786043,0.008354352490349104,0.0033073500500009345
2024-08-19,0.0018316763302737016,0.020040750883446812,0.018470182062401364,-5.547977154440886e-4,-0.0033073500500009345
2024-08-20,0.014333557672082442,-0.007968169649177348,0.001045205216658296,-0.02528939275341502,0.008951767669677757
2024-08-21,0,0.001332445233778401,0.005988821440721992,0.004542876936423745,-0.02517349742772179
2024-08-22,-0.010680177676560376,-0.010709607046375247,-0.022844632684022592,0.011267767830211106,-0.016978336534418048
2024-08-23,0.01767111804878585,-0.010145504676266626,0.011356255677261728,0.029803475830409987,-0.01727158650866034
2024-08-26,0.009705917504626349,-0.015759147655775685,0.008107799089541956,0.034735072020726676,-0.008497926670391287
2024-08-27,0.022415908403032425,0.014398603228214846,0.008042591023030177,0.028987508251574923,0.020373375483803358
2024-08-28,0.004039702707215653,-0.005460764423177444,-0.009345862418237871,-0.003065892230567524,0.011736076024610576
2024-08-29,-0.03377581733018431,0.01763953470945534,0.015785034699258738,0.017753368710882178,0.020688734058556868
2024-08-30,-0.01440027325506854,0.016672610279323763,0.008436711169507838,-0.025975499021004822,0.014654008387102735
2024-09-03,-0.00585918216135628,0.022237672407888986,0.01515946160737247,0.005659938617394555,0.03549577529836867
2024-09-04,-0.004875073400083529,0.010296101252263767,0.008986580697846414,-0.01291006843450182,0.023720064880984104
2024-09-05,0.0042670105674078584,-0.0012812301560485295,0.0022340830937928047,-0.0010400655248421486,-0.007547205635383136
2024-09-06,-0.0269203677909573,-0.016155440222285655,-0.019024353487943735,-0.016260493215370708,-0.01391092659153692
2024-09-09,0.0384112343831422,0.0013020835172987688,0.010808198716603101,-0.004239535983864506,0.004058630148525921
2024-09-10,-0.005829735908117861,-0.012438785583020362,-0.022756987122615868,-0.01930358158244916,0.0058335368480939565
2024-09-11,0.005829735908117861,0.0026315804660557163,0.0022991452202196783,0.013978734980976348,0.008908744889109421
2024-09-12,0.010170605438323044,0.014998650910214906,0.011921510880109842,0.017989911593537578,-0.001331262677197742
2024-09-13,0.03910619115391789,0.011583141089630544,-0.004802233416893564,-0.0031512350689890667,0.014547314068724226
2024-09-16,-0.011514232526843138,0.04991678761579177,0.017828469712032557,0.008902916826024843,0.012611604425316614
2024-09-17,0.022708779847723903,0.004251448857357509,0.0014921664046951832,0.04086366494287441,-0.004765007932936882
2024-09-18,-0.007005637380489205,6.058770255021884e-4,0.007920833491444235,0.05738084946963795,0
2024-09-19,-0.005716479114539652,-0.01710487640553726,-7.39918642710613e-4,0.03574297656675052,-0.017963243144619057
2024-09-20,-0.04255128264914809,-0.009907201777078711,-0.0012344156610071266,0.03274567252035965,0.005291017634415418
2024-09-23,0.050166015984364876,0.028827509846124144,0.026570728285335576,-0.004866216750609276,0.02432787224926436
2024-09-24,0.015617944848020038,-0.004241145405996072,0.002882538628159459,0.024963047987746734,-0.007755316767477538
2024-09-25,0.004842692739646992,0.008464379435654479,0.01049878409821936,0.012892281324013766,0.019276673143862944
2024-09-26,0.017679973571217644,-0.004828011792270992,-0.011698832244156243,-0.004707931290641287,-0.00852156839727325
2024-09-27,-0.01749423165533237,0.011428695823623158,0.023496987030350525,-0.022560546706650975,-0.007300869878502425
2024-09-30,0.004078634189355057,0.01601932802728534,-0.008244069775082075,-0.005279415545067945,0.006872879287762146
2024-10-01,-0.022830356015241193,0.0099561583759753,2.3649048236062953e-4,0.013146518923011108,0.02536061528722211
2024-10-02,-0.02938843589325213,0.008125407443917432,-0.0011830120863915994,-0.012705494492589509,0.026767091155716294
2024-10-03,-0.01750117197443668,-0.00987518916770469,-0.009514819641338157,0.02439142981982112,-0.019282648733579322
2024-10-04,0.020809557179164884,-0.008206376652188041,-0.007918457691720171,-0.009946008140760743,-0.023047322249801994
2024-10-07,-0.05060845702836847,0.0029385857173291896,-0.0036201318647739456,-0.02019388187888227,0.004652154721502377
2024-10-08,0.014406267687763652,-0.012400513198455698,-0.01731539420635375,-0.0026642763212763043,0.0037902761737802493
2024-10-09,0.007426049594555728,5.940006114659724e-4,0.003928313423894103,-0.020211729970109005,0.007120448932382395
2024-10-10,0.018621762033331102,-0.005955943752851134,-0.005405418566907905,0.005429829169281586,0.00789860685133359
2024-10-11,-0.010655179466446896,-0.006592771856492874,-0.009157346506300179,0.003603604097584423,-0.00789860685133359
2024-10-14,0.03890778602895395,-0.018204386222462787,-0.009492951628108592,0.0067219442597235,-0.023222491744428808
2024-10-15,-0.020627143234561274,-0.017295057406348846,-0.0050327232546099054,0.019022927710101722,-0.009873443591214226
2024-10-16,0.005051449490837356,0.008684918113519124,-0.01116196266537095,-0.03659487770244141,0.009446184452050588
2024-10-17,-0.011108001332921447,0.004929153541402442,0.008888947417246662,0.007246401635031763,0.007662872745568983
2024-10-18,0.00839108825620638,-0.004929153541402442,-0.01914544758443526,9.02140687925268e-4,-0.0288253986438205
2024-10-21,-0.022004781828216302,0.011667310735379743,0.01127638806793474,-0.015905828614333206,-8.733625009291757e-4
2024-10-22,-0.007377127797752792,0.016949558313773316,0.010898599829076261,-0.004591393864578297,0.006531701863215389
2024-10-23,0.009956274754045147,0.005984458315239749,0.005781089369579107,0.027685027268947948,0.004330885937839923
2024-10-24,-0.027723788902234148,0.005948857519772588,-0.0012539186595939,-0.006286477226434162,0.005172425324987628
2024-10-25,0.01194707741726031,-0.01493902894850585,-0.008568600812925098,-0.0027064235322060703,-0.021730537832388208
2024-10-28,0.015776711484973838,-0.010895991576026276,-0.014018325648964769,-0.008163324762020974,-0.01817828819855194
2024-10-29,-0.016985121674193415,0.007277169773894698,-0.009024168498189766,0.005449643002904292,0.02081102337435148
2024-10-30,0.006027745649674898,-0.0054529065741482086,0.011587615172388155,0.006320535355792689,0.004808752435883079
2024-10-31,-0.014934736547441929,-0.0018242631997464898,0.0061255934266828405,0.023132724947880323,-0.004808752435883079
2024-11-01,-0.012069276110365124,0.009088217657971853,0,-0.029906271816209973,-0.004391750580978737
2024-11-04,0.012272602542654276,0.004813487031547936,0.004822956423342184,-0.0063636300953144875,0.0013195515440083128
2024-11-05,0.016932462701483963,0.004790428322632323,0.006562365801783265,-0.0013689569419552683,0.006571765163235099
2024-11-06,-0.005612337496089026,0.018349138668196652,7.544323254853325e-4,0.0059185725791621735,0.0013091863096184042
2024-11-07,0.04577051085671169,0.0029282597790878384,0.02089628272641253,0.007687131261967295,-0.0030574385031485463
2024-11-08,-0.02744693088225514,0.008153801726932919,0.001230163766893888,-0.017265356826008382,0.001748252193530142
2024-11-11,0.011186481095966094,-0.002322881416139566,-0.004929761031358559,-0.02130692375236176,-0.012302439872219573
2024-11-12,0.02828461987438491,-0.0034944706497732625,-0.008187615519582359,-4.6828512443752857e-4,-0.02370945325594853
2024-11-13,0.030271393545715064,-0.004678371106100698,7.471050029987936e-4,-0.008466668791422993,-0.020581563453745844
2024-11-14,0.026518147522954116,-0.017741447009596456,-0.018593500481654424,0.01825463251938997,-0.02007068540168966
2024-11-15,0.010164958094333265,0.011862535309820288,0.012851380098132914,9.272350245534966e-4,0.011717968625961639
2024-11-18,-0.003732962527959849,0.012306044545627337,0.01120390158765261,0.0283253669502872,0.019839174332219045
2024-11-19,-0.0035682464265178737,-0.004670177781885165,-0.01120390158765261,-0.008141171161800909,0.004557893031898352
2024-11-20,0.05409540022011328,0.006997113095948748,-0.008044286717264093,-0.016945715254424787,0.004989803957037076
2024-11-21,0.011280551329148736,-0.008168073417098576,-0.012955852502982701,-0.012549570484950312,-0.006810469002526354
2024-11-22,0.021858814249517522,-0.002933413661120987,0.005863624193490402,-9.358236771941364e-4,-0.008234264274724623
2024-11-25,0.010104408240803942,-0.001764187461387401,0.002285134928623478,-0.009880155210612251,-0.01574106576097023
2024-11-26,0.012248300722985661,-0.0112460492746278,-0.002285134928623478,0.019663558797013536,0.006975150344502801
2024-11-27,0.043873557573671285,-0.010170593204376743,0.0053238812527505175,0.0055479032081731106,-0.0032490165503498147
2024-11-29,-0.013893400646908916,0.017288060973240427,7.58245960756021e-4,-0.02852662940717554,-0.010280464374250897
2024-12-02,-0.07235169198214297,0.00353982670512476,-0.004304348967506755,-4.745067217069021e-4,0.009815456228229102
2024-12-03,-0.005025977873021503,-0.002948984738157634,0.006575643319326474,0.014137895270425638,-0.0013963232429272665
2024-12-04,0.027335420781126274,-0.0029577069772326325,-0.008099259662826874,-0.005160724922977256,0.0023261234028941757
2024-12-05,0.03152903142327279,0.010607052895721836,0.010113866236928892,-0.0028261660139694555,0.016133099395092998
2024-12-06,0.05168909886530848,0.009915508476304957,0,0.028367338061038083,-0.007803574142262626
2024-12-09,-6.017214703328833e-4,0.007516658692366285,-0.0037807228399060477,-0.014315620593097211,-0.002306806097915448
2024-12-10,0.010030793575017682,0.014865911275829369,0.004786506178402483,-0.021627503750451638,0.0013847221229470463
2024-12-11,-0.04244946001022587,-0.005691534999788139,7.536741972131722e-4,0.011342265357453751,0.002763705121617832
2024-12-12,0.0027937124205035246,-0.01437219334965878,2.510985575021607e-4,-0.0184971503895488,-0.008778065143307145
2024-12-13,-0.0054394413913909645,-0.004061508339179731,-0.007560519884958872,-0.008171162099050555,-0.02300030984392709
2024-12-16,0.024323840272494124,0.034289073478632304,-0.006344393822328875,-0.0019323198547422926,0.04366694665248616
2024-12-17,-0.010088705965417333,-0.00337648041660632,-0.005360574419285946,-0.04146695484962892,-0.009132483563272231
2024-12-18,0.023383943161365828,-0.014192687850922425,-0.025928338672573048,-0.009622790645595902,-0.006904515346544571
2024-12-19,-0.028621207674175864,0.007972707379268584,0.011751016535519021,-0.01280427249615812,-0.01535985515085514
2024-12-20,0.003853569315990235,0.01240151181586846,0.011871107149489468,0.005654119960639026,0
2024-12-23,0.006899222460272192,0.003355707846973033,-0.005144044264908665,0.0015365271021114957,0.013973212913418465
2024-12-24,0.004116819387459891,0.0016736405580290992,0.00591337370405931,0,-0.010695289116747553
2024-12-26,-0.012093564023268222,0.011637704080209588,0.01298884936110234,-0.014433275214873476,0.011619930883965957
2024-12-27,-0.006179534689183974,5.508124622881638e-4,-0.008130126083250921,0.005695102491585224,0.010115028770112389
2024-12-30,-0.005127002335001407,-0.0038620737659433857,0.0020387366898484416,-0.0124677811632119,0.003197079681403814
2024-12-31,-0.003901682671063611,0.013725167421114293,0.01641243758886457,0.006772678671626675,0.0059104513955601234
2025-01-02,0.021961928273537268,0.0021786500992222457,0.0012514079971248648,0.02410987857934943,-0.010480843263503736
2025-01-03,-0.025408066126479945,-0.019226079712314714,-0.018682694375091735,-0.004062977931068357,-0.03070008541507896
2025-01-06,-1.5688597276231064e-4,0.015410321471192923,0.011654552995982392,-0.016419029628732318,0.021033727064287966
2025-01-07,0.005945859727477298,5.460005595656625e-4,-2.519208981714982e-4,0.006188820016812979,0.003693448335352123
2025-01-08,-0.012716986564497823,-0.008771986072837024,-0.004798594887897245,-0.010855675948718169,-0.011587615172388155
2025-01-09,0.006457185215991146,0.00439561147303813,0.004798594887897245,-0.007303078316593936,-0.0042046312820316345
2025-01-10,0.016657989463444878,0.03130314951104829,0.02118987422888008,0.0062630127917517875,-0.006104738376829566
2025-01-13,0.006463568345510318,0.012671764068821645,0.02725229480897262,-0.01678946593455999,0.026494694079878478
2025-01-14,-0.012347740921058836,-0.004206105044273656,0.0014391942997455942,-0.031168559294095566,0.0022909517465556917
2025-01-15,0.02605910695697755,0.008916922444872633,-2.39721923717795e-4,-0.01706617069145544,0.0013720560121814884
2025-01-16,-0.010036636197971127,-0.008916922444872633,-0.023039699854329854,0.021966815060209033,-0.017520042420163584
2025-01-17,0.0036613685663047235,0.020339684237122846,0.014613021845649499,-0.010374132811221237,0.002322881416139566
2025-01-21,-0.0016765021549618453,0.011804088817566338,0.03165047056969694,-0.02388330100467506,0.03645050450982179
2025-01-22,0.04196843314370735,-0.011804088817566338,-0.010597061371864669,0.020584811629955624,-0.008537459180494977
2025-01-23,0.006124271248566515,0.011293754537544665,0.008955987272464938,0.028767285271252163,0
2025-01-24,0.010412170960663047,-0.006658155198590698,-0.009192757724618694,0.017502431142752073,-0.018215439891341667
2025-01-27,0.004736354499180528,-0.009292787575459371,-0.01023452941514158,0.00785547985267998,-0.01574835696813892
2025-01-28,0.023490503211481162,0.006720107998519076,0,0.0031249747586103993,0.0180435151939351
2025-01-29,0.024999542233032912,0.023925804047509658,0.014723609605825416,0.011375573494108338,0.031146728996836792
2025-01-30,0.018515310394743523,-0.013674561020173392,-0.01568100556215324,0.0010276748271276226,0.007085946389485898
2025-01-31,0.011847092858166874,-0.01697135102585534,-0.001917546129271308,-0.006182344927272432,-0.012433552716081486
2025-02-03,0.008039549840621163,0.013906997248975372,0.015474657087720445,-0.004662020936216926,0.012874761635658594
2025-02-04,0.0064115684657988226,0.011696039763191557,0.0157040611607302,0.020555688703911557,0.017923977120461565
2025-02-05,0.03687524129147057,-0.002531006160042537,-0.016885954691525207,0.005073596945127434,-0.00826630767542369
2025-02-06,0.015467470926985527,0.004046540675935795,0.0033057881344991102,-0.009661938088887378,0.026725728587503106
2025-02-07,9.897164915848577e-4,-0.015772395140758455,-0.010426634744049146,-0.010788652439069235,-0.008543409504312649
2025-02-10,0.059292579165361126,0.008171649149319116,0,0.00720535219484697,-0.005592615136060353
2025-02-11,-0.037036816108845905,-0.015377032870588891,-0.005733412743432531,0.018796633230228732,-0.0043233962717064145
2025-02-12,0.043425872117619946,0.012830558359823385,-0.015208500739267272,-0.0055513948971190885,-0.004777424938891883
2025-02-13,0.016309092977194517,0.006607393797080974,0.0021868554456938583,0.020536651845855403,0.006076407585282162
2025-02-14,-0.044612286830146175,0.005556973127863962,0.005808341595746391,0.012318460724090041,0.03778840606165623
2025-02-18,-0.0017883760355124068,0.011520287690328423,0.0024102204967384466,0.0048852261379837,0.007885494273990545
2025-02-19,-0.002628765073473538,-0.009004563093081508,-0.006520974683475345,0.008250474959066167,-0.021308514606131368
2025-02-20,-0.054459456087542435,0.0010045204260054064,0.01323885023599658,0.01725000631442919,-0.011040451846233701
2025-02-21,0.010681848346860257,-0.013646913841181885,-0.005755411570619984,0.012275897164928828,0.007656353861992926
2025-02-24,-0.015621411901005189,-0.017972242404430183,-0.010152371464018373,-0.010377419323398307,-0.018820059326769112
2025-02-25,-0.03435695790523585,-0.005715785891231562,0.0021842018148410247,0.017391692814747728,-0.010853156239390316
2025-02-26,-0.0027633092814909332,-0.003131526567447196,-0.006566969969935776,-0.03895978349844853,-0.011855243130422188
2025-02-27,-0.00184651119667123,-0.0286339817188086,-0.0017096108694465428,-0.047119991267738914,-0.034602418646305644
2025-02-28,7.917334744567128e-4,-0.02450435704636167,-0.011060700201707796,-0.009183753407792317,-0.017993565048012528
2025-03-03,0.03537790237080518,-0.029652522178876595,-0.013185910664470057,-0.06840731222108376,-0.00935460516722042
2025-03-04,0.02774988186802574,-0.009700504027280843,-0.014377848891077072,-0.006607894797994618,-0.02570346167206239
2025-03-05,0.028686739758637003,0.009700504027280843,0.013876846876589966,0.005509676655043982,0.023351072913783355
2025-03-06,-0.05567300242624196,0.020793106535359485,0.016155440222285655,-0.0038536575255032623,0.011706993925499454
2025-03-07,-0.007150152396214082,0.01271086469604299,-0.0037050801925460064,0.009879351041885087,-0.0060705299660304135
2025-03-10,-0.0021807617738849316,0.007658680761062797,-0.01044785623165545,0.029065604612259488,0.021316840538903925
2025-03-11,0.02560993378848586,-0.004916699333756824,-0.0020025037980841986,-0.009594972491063114,-0.00782512623525733
2025-03-12,-0.01831668660089658,-0.017122760232535228,-0.010326247153566115,0.010125347927458339,-0.004167637428523996
2025-03-13,-0.004087910818173057,0.010529329752703376,0.009323489486186887,0.020467751166257653,0.01565409498501502
2025-03-14,-0.022001663642115865,-0.017798022644327283,0.0025050113299691645,-0.0031217228841895484,-0.0027447409729184358
2025-03-17,0.018796327272699642,0.03420079608578419,0.01613138342900644,0.03984177519426835,0.040840317760537204
2025-03-18,-0.005666498631677008,-0.004892643627868232,-0.0027116989376398948,0.0010010240186200114,-0.006175582044149586
2025-03-19,0.019060409988631122,0.007059491712958277,-0.004453248329322257,-0.015121217288166289,-0.002658397666610135
2025-03-20,-0.0062282049616779744,0.015037877364540542,0.004700070495205821,0.015621353779665004,-0.011153361213852797
2025-03-21,-0.0019143647265238428,-0.010179568213463774,-0.0032134498051608062,-0.014098959199253969,0.001792918454288639
2025-03-24,0.0050968510722615434,5.383580210773786e-4,-0.002478930372065591,-0.02360289610096533,-0.018075503422269712
2025-03-25,0.01300603980514925,-0.014638374699273093,-0.005475374555202528,0.01289674811276198,-0.009161768161458639
2025-03-26,-0.016571090454863047,-0.014301673907529455,-7.489702010339272e-4,-0.008234727176545054,-0.014835691666746698
2025-03-27,-0.03425351070407068,-0.0027739268827247088,0.01561176547211307,-0.013527793459252813,-0.0060904381281474684
2025-03-28,0.0030313681573952422,0.007196266870594492,0.006128221164292569,-0.00683319719116815,-0.007073832845478023
2025-03-31,-5.265557679043908e-4,0.008786437636015165,-0.008097210232619112,-0.005288138972031842,0.016428438012698443
2025-04-01,0.02419469721054579,0.009793331808373829,0.01903424962251421,0.025649129622452804,0.006496542570397779
2025-04-02,-5.141578491523191e-4,-0.008700435524729322,-0.004603278873677397,0.01232680055553148,-0.0023153518099965353
2025-04-03,-0.009301206637050363,-5.462988390441126e-4,-0.01763886986004337,-0.024807449554481664,-0.006045124198464258
2025-04-04,-0.05207911566498513,0.005992935397611809,-0.03470300456501807,-0.014229512943676248,-0.013145729212502566
2025-04-07,-0.05884885514892613,0.009191738140705397,0.0061224681043841045,-0.008528828109632514,0.014078130212453743
2025-04-08,-0.005525661717135755,0.009641210192386396,0.009869749864194866,-0.020006119618848572,0.006502577487567329
2025-04-09,-0.003505646823521502,0.010604553248797721,0.019945812071438418,-0.022088121965964103,0.004158010148663571
2025-04-10,0.0033598566870081115,0.018809331957495345,0.015918053751249772,0.011657139377224457,-0.007868589545199534
2025-04-11,0.04240162885875698,0.014898811423883274,0.013273997243005375,-0.0066445890339768,0.03245999268252131
2025-04-14,0.007519828407367868,-0.010766574138972196,-9.594627744924367e-4,-0.007248381761572276,-0.014956091153649709
2025-04-15,0.024665542443568,-0.007762005335488986,-0.005534847483134264,-0.01978026449828363,-0.010096460251009631
2025-04-16,0.01784202956886194,0.006214416685111246,0.0026509233502300944,0.019220497986263574,0.010552977035929167
2025-04-17,-0.0014636096070308469,-0.004138650501267271,-0.0021684142938243056,0.003911695014869654,0.0018239859138056147
2025-04-21,-0.023441764101681528,-0.0010373444913627239,-0.0067764054079901825,-0.006715237322262535,-0.018855467792938008
2025-04-22,0.02915111749511823,-0.012532801118216419,0.0053281792316255405,0.010055967924536446,-0.005586606708639863
2025-04-23,0.03831388753926124,-0.00791352059070416,0.005059642163581124,-0.00278314883996833,-0.013631233391636854
2025-04-24,0.03898546226727451,0.011061477020302135,0.012182164270925,-0.0011154745954882195,0.0018912535188082558
2025-04-25,6.125574464128647e-4,0.0031380778889982253,-0.0030911925696726072,0.01440469373142017,0.0014160965311926788
2025-04-28,0.032058633560616556,-0.0068116585094104565,0.0021410737333527052,-0.018878969830683268,-0.027739703089152634
2025-04-29,-0.02133860416352107,-0.03205402629008347,-0.01051132468268623,-0.012408467567372572,-0.019094827409159798
2025-04-30,0.0022995767035984827,0.014551590640310863,-0.00602193798612749,-0.009122170161870002,0.014233369122914397
2025-05-01,-0.044242958710682956,-0.006441246102856901,0.005301217234208622,-0.017331412808005542,0.004376374599798893
2025-05-02,-7.584839403751431e-4,-0.006483004878078624,0.00813790991836516,0.0023283430086031842,0.021599111803461746
2025-05-05,0.008938231051977219,-0.03250079503818348,-0.010303194055581777,0.015575656665348436,-0.023541803040963316
2025-05-06,0.00537466164076239,0.0022371373983567366,-0.003135933096992005,-0.001718635738296559,0.0091943546328217
2025-05-07,-0.012291622918223943,-0.014631662268064005,-0.004115730298328124,-0.01793518575940123,-0.0019286409064056542
2025-05-08,0.004030170658792187,-0.004545462371674525,0.006046698795977079,0.021369617585466738,-0.009699397088713368
2025-05-09,-0.001635308022665427,0.005678606968842814,0.006968669316092857,0.015873387775271475,-0.014727806710243208
2025-05-12,-0.03771607002499877,-0.002835272667699229,0.02085383628320603,-0.004509586021033574,-0.012941942709007392
2025-05-13,0.006255706153939222,-0.009700504027280843,0.0011719209122817986,0.028955171461743312,0.0049975116504716866
2025-05-14,-0.028731532558632367,0.005717568463203371,-2.3427433631795225e-4,-0.008820335727907302,0.014353129354814698
2025-05-15,0.02899135615359061,0.02254886968661296,-0.014871040014595494,-0.0218312277682271,0.04609553422192114
2025-05-16,-0.022859671371666224,-0.011210879749216751,-0.00118976813558902,-0.008525179013006756,-0.014654008387102735
2025-05-19,-2.658322831354809e-4,0.008978735965276208,7.140307336568341e-4,-0.004003419266414898,0.0075901692666757725
2025-05-20,-0.018378694975944576,0.015521375902623369,0.002139038248749614,-0.006323712217735089,0.0316305438866058
2025-05-21,0.0027041661503135472,0.01420012937911519,0.00921665510492442,0.020548702531547836,0.005934735519814716
2025-05-22,-0.026128257300338298,0.004329011089585499,0.004459577863880071,-0.017094498386770685,-0.008685768891704804
2025-05-23,6.927606789002283e-4,-0.00758811229049261,-0.006814736748079753,-0.006341831650474639,-0.0036798569584002294
2025-05-27,0.0019372143742204528,0,0.002119892443872118,-0.004056893521761307,-0.026145280104322488
2025-05-28,-0.027326017968968053,-0.01867160229306286,-0.01326405045659751,-0.018757859767845275,0.0033057881344991102
2025-05-29,-0.010137927278487169,-0.008908744889109421,0.003094872128655446,0.005899744699361609,0.0070472455154035885
2025-05-30,-0.01722553016956141,-0.006734032181344496,-0.0095534521680678,0.0029368149261266296,0
2025-06-02,0.00582328018831646,-0.013035038630881068,-0.007950891180739106,-0.010020719532151556,0.009319731948802534
2025-06-03,-0.010506461762856745,5.702880108939823e-4,0.006990506953261644,0.001184159906663318,-0.005581409838195661
2025-06-04,0.015429673775916086,5.699629678375118e-4,0.004075278323826481,-0.008915341085779183,0.01343545806573676
2025-06-05,0.03853715627601684,0.0017079423451562548,0.006438558071718781,-0.010804445249971817,0.004133186136586531
2025-06-06,-0.004736738407619789,0.006802747322752545,0.005215753881968155,-0.004839690329634827,0.016814756539577758
2025-06-09,0.009727703498051632,-0.02054866822738699,-0.0011830120863915994,0.010856578647955306,-0.023251560373056535
2025-06-10,-0.018141720610968193,0.01203797855947819,0.001655825333970462,-0.011463204635020485,-0.013934270974546692
2025-06-11,-0.012470032670311326,-0.003996579684485191,-0.006877769315122073,-0.003647388033718002,-4.678362658427915e-4
2025-06-12,-0.008160990754294772,0.003426616716647679,-0.007884403524148986,-0.009177159304295746,-0.014612562625226921
2025-06-13,0.005448112154147644,0.013590243141721636,0.02604313853602047,-0.008642109258622632,0.03223825082886389
2025-06-16,-0.016579345513744848,-0.022178901719566824,0,0.023890955694729765,-0.013423020332140823
2025-06-17,-0.023831683576525542,-0.007503642710910086,0.003965019771883682,-0.026995536796325048,0.02303187943877738
2025-06-18,-0.03314722599698605,0.004624285697114594,6.98080307580895e-4,-0.012515795980575284,0.04496640005967745
2025-06-20,-0.018169631835429634,-0.011017797740446866,-0.006300335856250783,0.013758832658592457,-0.011383660583540234
2025-06-23,0.03465350338554085,-0.022406597776831738,-0.008698773553875938,-0.0037336361680577745,-0.026775361248112084
2025-06-24,-0.04631814297494241,-0.0071813594086647115,-0.01139884106701139,-0.01697622951368505,-0.031238185383869244
2025-06-25,-0.02147522339936625,-0.014519311324453277,-0.020753640627084735,0.013228481689644855,-0.014097977857519872
2025-06-26,0.0027501630596225013,-0.0018298266770759852,-0.0024414074626601945,-0.020867019080991422,-0.01381961474279958
2025-06-27,0.001291552973937904,0.019347640997786186,0.0048768689684797195,0.0101717851515013,0.007171916947375401
2025-06-30,-0.010216561507568223,0.007159935122092342,-0.003411309351007752,-0.021093839172316997,0.0075937716597458405
2025-07-01,-0.026091287897416215,-0.00118976813558902,4.8804295746673887e-4,0.014111861615261123,0.015947805162131345
2025-07-02,-0.0030160675305506146,0.02178478850017118,0.02481756090060827,-0.007672664659858608,0.03430475872796279
2025-07-03,-0.017948393281848496,0.0052280107458972935,0.00545865838632853,0.050072991643985265,-0.014949315775006689
2025-07-04,0,NA,NA,0,NA
2025-07-07,-0.044009219814121536,NA,NA,-0.006123624438036046,NA
2025-07-08,0.025906837340833988,-0.01688821802852214,-0.0072957522057111035,-0.009256562643868538,0.006003250539018623
2025-07-09,-0.005407733345775156,0.0036429912785012064,-0.011785061514709483,0.026309276599489895,-4.605111755342506e-4
2025-07-10,0.014068795811601476,-0.012808958292580996,2.4694406842318273e-4,-0.018281998511219033,0.013723911648169995
2025-07-11,-0.004494347385270991,-0.010490685535471833,-0.008430498729019575,0.018885694825065524,-0.01741565557340241
2025-07-14,0.057562601339722796,0.023905520853555018,-0.006996530289836045,-0.016428752014489234,-0.01256122587297348
2025-07-15,-0.013502612457274132,-0.028257408356012093,-0.002008032803245463,0.015825055700642743,0.007462721201589417
2025-07-16,0.04204135083719596,0.00991948617155991,0.018422228733461665,0,0.006022719154914924
2025-07-17,-0.006538538031660934,-0.008052071996764276,0.007862448365622221,0.010810934681321882,-0.014422208574891293
2025-07-18,-0.0115868890107933,0.016039825681036568,0.006099811520311249,0.00476758501259722,0.023617675667991556
2025-07-21,-0.038444044594772464,-0.011696039763191557,-0.012483334302100246,-0.02711819375158564,-0.007349596702815653
2025-07-22,-0.0030323267414118504,-0.011208087441744397,-0.004690787517304784,-0.005513039897954819,0.013281624136691761
2025-07-23,0.016731191353483332,-0.00188028886485192,-0.004464293128685348,-0.0024600821118130334,-0.016514136764413045
2025-07-24,0.01154747219223573,0.008122506387351791,-0.00149253759050616,0.02011649238128088,0.0018484293617824221
2025-07-25,-0.024237635309480865,-0.005616239411292412,-0.005491776158907058,-0.017042334205350063,-0.006019930196572432
2025-07-28,0.01385094956012356,-0.014497575066486412,-0.010062977998620326,0.008557471807725037,4.643603519705053e-4
2025-07-29,-0.017385968188060374,-0.011494379425735168,-0.00710482562374537,0.009691162776456874,-0.016382299448034487
2025-07-30,-0.010510373531610995,0.006402070522022463,-0.014362904000360999,-0.008474589809257527,-0.011390725912061583
2025-07-31,0.00814666410267506,0.005727028061803807,-0.0062192478253528805,-0.006097602915934086,-9.55109910237617e-4
2025-08-01,-0.040005250393588376,-0.011487043987131074,0,-0.0104519901831015,-0.012500162764231604
2025-08-04,0.01519008023698376,-0.006439172281020866,0.007510070258361701,0.004316978284104156,0
2025-08-05,0.03457142723701878,-0.014313842305270441,0,-0.009894938288055766,-0.01658574605342178
2025-08-06,-0.017902921183089227,-0.004597709248629123,-0.007770046861931945,-0.004984429182887773,4.917629801584056e-4
2025-08-07,0.014885234353036125,0.012430647469816591,0.010604004703497871,0,0.018992535827274004
2025-08-08,0.03805126244792145,-0.004561754407905738,-0.0051586392449261,0.014879367470943539,-0.007262196041784463
2025-08-11,0.03603280305569001,0.005861299749991389,0.023259834555213743,0.014661213915722282,9.713453896322832e-4
2025-08-12,-0.017457448170715928,-0.035694470129970846,0.022237018713354928,0.026923598058862908,-0.01960847138837618
2025-08-13,0.0140215363973768,0.00670693325671845,0.01154662134536899,-0.005327041312808145,0.004445549430563744
2025-08-14,0.02135971572700779,0.0026702285558783956,-0.014764047707077843,-0.016153534331939223,-0.007420266547306653
2025-08-15,0.04535685464548145,0.023065272930995917,0.013542001850485264,-0.00847972299229438,0.005940611530120599
2025-08-18,0.005691404511566134,-0.001956309720760885,-0.0014684290450661663,-0.01162451333754344,-0.007431295035976504
2025-08-19,0.03601419725218857,-0.009180392344960708,-0.007621425951001903,0.0036854751129928864,-0.008489439250868536
2025-08-20,0.011305829753909258,0.0013166558847466092,0.0019723872272043863,0.015815429132364223,0.013944449058633346
2025-08-21,0.04079423563393991,0.01889922657654619,0.019029605709709685,-0.013365892346359765,0.0029629651306573024
2025-08-22,0.040219532305182604,0.0025789827318183356,0.0019314346902365997,0.007919576029659758,-0.0044477463982364185
2025-08-25,-0.0017934457381532098,0.002572348685311532,-0.01066935436339822,-0.004866185134600354,0.0039545281391619724
2025-08-26,-0.015245836420914927,-0.004505961920705737,0.003164174478843762,6.0958423372659e-4,0.005412067330670567
2025-08-27,0.025070414547291087,-0.01298719552681149,-0.0014591442277600564,0.0036496066953377593,-0.014331848967735539
2025-08-28,-0.015482333150328209,0.007812539736793411,9.72999347014003e-4,6.069942055360045e-4,0.015802797994910023
2025-08-29,0.02319758886014167,0.03191081228105386,0.008232492015957327,-0.006697054054813023,0.015074440569528669
2025-09-02,-0.03761432717176039,0.012484556662244906,-0.010666767804194954,-0.013530416601341688,-0.009699397088713368
2025-09-03,0.007948410455195898,-0.013112894728786628,-0.009550703183868414,-0.0074580165917597085,-0.01769957709940062
2025-09-04,0.0012970170430444128,0.005015684496167516,-0.003944778291016249,-0.021438469455761222,-0.0034782643763247023
2025-09-05,-3.8891267826013376e-4,-0.001877934824199734,-0.005449604767565397,-0.008962889109577432,-0.0024919026101795083
2025-09-08,0.03114875716850829,0.009975145056818846,0.0069307208122086905,0.0051315008641106274,0.008941937375661624
2025-09-09,-0.01213972386425688,-0.004351887502457075,-0.0019753092842540454,0.013346244264092366,-0.009441063914598757
2025-09-10,0.02015181543730815,-0.010018869027399901,-0.005949447395093621,0.005665747059902859,-0.011549211977237128
2025-09-11,-0.0023719185242008223,0.00439561147303813,0.009649957353700778,-0.006929200030253213,0.016032407531048953
2025-09-12,0.02615174654077279,0,0.010289164755888258,-0.0018981171973466715,0
2025-09-15,0.05149420420036854,0.05900160412338096,0.01643740175475905,0.0132118963881247,0.04280809249188433
2025-09-16,-0.02363790383560005,0.014658720411065751,0.0066905864872479626,-0.006269637005402284,0.016997576368571465
2025-09-17,-0.08317572544954555,-0.006423379749760372,-0.005732043399237163,-0.02290174274963741,-0.010826182464028555
2025-09-18,-0.006973121516388403,-0.007054702979890415,-0.006006024060212667,-0.010349370966351579,-0.007600986714137115
2025-09-19,-0.051450187395269964,5.897965372980707e-4,-0.011633674592417265,0.005188074108348761,-0.0033436859430633348
2025-09-22,0.0023165673545681997,-0.005320733805880273,-0.014240358491964145,-0.013676542573318073,-0.022744750141234782
2025-09-23,-0.04795347201089317,0.010613307171649211,9.886308269395627e-4,0.026530177765437646,0.018909654357292638
2025-09-24,0.049041742811166245,-0.00470312448339083,-0.002968829493802616,-0.0012779237501105989,-0.0019230775157419444
2025-09-25,0.009741671069776636,0.0035294154284617463,0.003215834558662145,0.007643341883944554,0.014333738002080487
2025-09-26,0.017881399163492517,-0.008847005506785521,0.0014807505173521918,0.006955428374477712,-0.013852621803239984
2025-09-29,-0.015595052709699075,-0.0011855365941020324,-0.0032110685859469967,0.00940744288755413,-4.811161988405033e-4
2025-09-30,0.007094585226508521,-0.014337163146406873,-0.008696787327421518,0.004981325469465059,-0.02238536296079996
2025-10-01,0.023856123876414337,0.0024038473113945358,0.011167754732428925,0.0018615444235781098,0.002457607528433492
2025-10-02,-0.015223359068556874,0.012526259819179764,0.010556130918596196,0.016600471462036026,0.010742290800983767
2025-10-03,0.0329092422621029,-0.006541801503940015,-0.005632438056811573,0.004259190929064349,9.708738626690305e-4
2025-10-06,-0.024350364686315018,0.006541801503940015,-2.456097273793034e-4,0.020433413151422997,-0.004863822818077956
2025-10-07,-0.015725496721561427,-0.004753425468427608,0.004167183380561212,-0.010765672910482582,-0.011770611620381288
2025-10-08,0.025510948776323872,0.0053460180783622135,0.007311755704193956,-0.020656763924054466,9.86193373814892e-4
2025-10-09,-0.020594959022075088,-0.008925974169078366,-0.007067167223092419,-0.0018433606197154617,-0.0014796550171860545
2025-10-10,-0.011195671452674638,-0.01263174690590052,-0.0152787595131878,-0.009888822511848971,-0.01592073428684504
2025-10-13,0.03205028541879873,-0.0054628360436552725,9.928022657117452e-4,-0.030907583150618922,-0.003516707969966504
2025-10-14,0.036826437185792926,0.0054628360436552725,-0.0012411569174295423,0.017148750492026466,0.007021092031916254
2025-10-15,-0.011956595963122929,0.009038928669870216,0,-0.012036923024868695,-0.0030030052597691537
2025-10-16,-0.0027894176297760254,0.011926199795174064,0.004213663441034576,0.006986412104019735,0.007490671729157405
2025-10-17,0.00922603552552026,0.0017767253711511444,0.008619681493629905,-0.01916992817954677,0.0024844733276623288
2025-10-20,0.021407103933045235,0.0017735742160160939,0.011944078618181031,0.014093780062424788,0.001983143932053899
2025-10-21,0.018302121954706152,-0.008303725055594846,-9.696970456820608e-4,-0.031010268747618586,-0.00895528372910448
2025-10-22,0.017498093540165627,0.00771288308862772,0.003873159041832608,-0.009228766156232915,0.0069721397970505805
2025-10-23,-0.025753558592834125,0.011751016535519021,0.009617770699183126,0.012504248362299908,0.018195731909876223
2025-10-24,-0.017586369620897102,-0.011160174568551895,-0.0028756310254625106,-0.02115080117694168,-9.751341582058259e-4
2025-10-27,-0.0325334297880433,0.012910977466905393,0.024183255335509024,-0.0346619969004105,0.026000501725146563
2025-10-28,-0.005655573447483242,0.007551589763960642,0.010254109889880958,-0.0062435272416658805,0.005687219120589226
2025-10-29,0.0071924745938698464,0.00461894585629441,0.001853139284090588,0.0034734450205893275,0.0061248719152890985
2025-10-30,0.0033218064854363405,-0.00867809900875649,0.010131332341768662,-0.009756198935703786,-0.015144633991559076
2025-10-31,1.2751175005387694e-4,0.0029010754318337106,0.007759053075017341,0.010449455722540524,0.01842716917816567
2025-11-03,0.03656349806300785,0.006352894597731584,0.01802256485858056,0.015130915489704577,0.01763386760106922
2025-11-04,-0.003448688987738535,-0.006352894597731584,-0.010323251462246219,-0.029790866270694938,0.012343013845306672
2025-11-05,0.020395177335482906,0.00865306812481581,0.010323251462246219,-0.007765701620644272,0.00814484140613203
2025-11-06,-0.04159297854474975,-0.015046580168148083,-0.02532353272173893,0.0056537200678068444,-0.03531667192489962
2025-11-07,0.02747046879996784,-0.0035046764844501865,0.0091179113564257,-0.006362637161941631,-0.014578203159373082
2025-11-10,0.016899100864067762,0.0058343222672583295,0.012851039219159865,0.007067126736469476,0.0150449476252561
2025-11-11,0.01898680738090075,0.005221943981152499,-0.002467198739444676,0.003514955539477338,4.6652671711555627e-4
2025-11-12,-0.046114585731242386,0.0074949904041874404,0.00649134903917048,0.01877013420841367,0
2025-11-13,-0.004842578966549382,0.014257441395716164,0.010210965522146509,-0.005524936517721457,-4.6652671711555627e-4
2025-11-14,-0.004741180220208641,-0.025811584952365685,-0.017151550867164467,0.03537787069091092,-0.015992814994802096
2025-11-17,0.006854890888273957,0.010404718142743796,0.03921207201541588,-0.01075278143870273,0.031733880755772326
2025-11-18,0.031302270558224876,0.004589795779773809,-0.0032457022975718175,-0.00677971284803025,0.004125607501936912
2025-11-19,-0.02646981648140656,-0.016157304751208024,-0.015067432122119584,-0.002724794759475291,-0.018001870857703217
2025-11-20,0.004932192489318865,-0.007591277331224333,-0.012175025875278855,0,-0.018331888217527847
2025-11-21,-0.01611938187988393,-0.002347418918304811,0.0022246950221109785,0.008152211403099408,0
2025-11-24,0.01845370861782758,-0.004121289318769428,-0.001556766688251443,0.0027027018226291055,-0.00905414810468752
2025-11-25,0.016430722707019285,-5.901446025502466e-4,0.0013345197710128431,0.006054519266934566,0.009528418922209347
2025-11-26,-0.006539958315704197,0.019293202934678177,0.005983397352309794,0.015308152143120868,0.003313612499415086
2025-11-28,0.0036385728439087828,0.008648079265769937,0.005508441823159238,0.004612838093382532,0.003773589383639475
2025-12-01,-0.0036385728439087828,-0.006334602236238496,-0.008606474838746436,-0.030032274099994982,-0.0014134277971473708
2025-12-02,-0.014564879700712297,0.012058716320127338,-0.0028853643367225956,0.014795112851524461,0.014045174703047891
2025-12-03,-0.004448265879545943,-0.014951399852964009,-0.0080339642119025,-0.003343315539210856,0
2025-12-04,0.02010613785704507,0.014380460642478887,0.0033553325294297665,-0.003354594895671692,0.006025510698641767
2025-12-05,-0.013933278749964195,-0.002287022151794993,-0.012810603332456871,-0.0053908434383078685,-0.006490518844663562
2025-12-08,-0.025428298555604023,-0.0011454754975295245,-0.01045939503452864,0.0013504056182229718,-0.002794598931015635
2025-12-09,-0.004682009403129683,0.010262347761343271,-0.005960586194076356,-0.010173001920214642,4.6630917142476136e-4
2025-12-10,0.016604093628776795,-0.013706668043587555,0.0036722556760642178,0.016227521187149208,-0.009367750003599795
2025-12-11,0.011535072183940898,0.0011494254139057247,0.002059732963011207,-0.004032227605812011,0.006099010226472856
2025-12-12,-0.020557628594207067,-0.00865306812481581,-0.015436316182602994,0.016694878146868763,0
2025-12-15,-0.02420808674107544,0.01893887309418485,-0.004654418456133236,-0.009983482005263777,-0.026061650324018082
2025-12-16,-0.02190445965084642,-0.007418008338010651,-0.008432938239186782,-0.008733687802727541,-0.021840227478302054
2025-12-17,-0.0749803895287231,0.00912207009657795,-0.0042432878378670935,-0.0040567645965570165,-0.006399234242031149
2025-12-18,-0.018499076711667506,0.009039609577724761,-0.005685871750352511,-0.019152479335169392,0.0029585820397457496
2025-12-19,-0.013992410968997504,-0.0016887141643335823,-0.0028551054369803097,0.02320924393172641,0.003931208994070623
2025-12-22,0.019477395408134868,0.007297253823943528,0.0038049986454256057,0.01140569756975518,0.011216894002449962
2025-12-23,-0.001152222181157292,0.0011179431013408347,-0.0016629057163708438,0.013912118458346168,0.002905571051414313
2025-12-24,-0.005201625063568471,0.0077908017877685865,0.011112538990988519,0.005903602142189879,0.009145671448880677
2025-12-26,0.01466809775129363,-0.0022197567383130945,-0.004241288167478707,-0.00787921905636857,-0.005284662791421368
2025-12-29,0.005410018642155734,-0.017372249724471267,-0.008775106705576796,0.005915242465415194,-0.011628037995119023
2025-12-30,-0.005552749150208314,-0.003964887663659766,-0.0031015174570026005,-0.027908792833683638,-0.00439561147303813
2025-12-31,-0.004149121573489012,-5.676979999194032e-4,-0.015168221473171428,0.011390412872556599,-0.007369230106547775
2026-01-02,0.024220397729133758,-0.0062660415786464085,-9.708738626699187e-4,-0.02769510605163994,-9.866799024456085e-4
2026-01-05,0.005721130034619826,0.015873349156290573,0.01709443335930061,0.00886464455522118,0.011776387323825688
2026-01-06,0.03955780287270372,-0.0011254925217345502,-0.005025737513832063,0.0020346352816509317,-0.003910073407843662
2026-01-07,0.004270675286927705,0.00617459160731304,0.010263844728724436,0.014795112851524461,0.014584604654762856
2026-01-08,-0.008291050510427667,-0.001680202019473498,-0.005476856171499733,-6.677312616178988e-4,0
2026-01-09,-0.04027945105975039,-5.606952768140161e-4,0.0014316394714377623,-0.005358346515944579,-0.0014489256338299228
2026-01-12,-0.004483701345247226,-0.055938479301340216,-0.014893381222336188,-0.0033636217317507544,-0.011667609268640966
2026-01-13,0.011727098736096231,-0.004160481484260181,-0.009483353747126166,0.0033636217317507544,-0.0014680697522919672
2026-01-14,-0.011867504027600617,0.0053460180783622135,0.007060284958001262,-0.014203825778277501,0.003910073407843662
2026-01-15,0.005881563196521888,-0.004155541747286939,0.021599111803461746,-0.007521444713286307,-0.003910073407843662
2026-01-16,-0.007849825378540842,0.010650988263316563,0.004500777466201811,0.0264153758346386,0.014584604654762856
2026-01-20,-0.025079650040053636,-0.002357101857382027,-0.004500777466201811,-0.01617284365498861,-0.015074440569528669
2026-01-21,0.0028818463748887524,-0.004730937268582203,0.010861972199558423,0.0013577397919766199,-0.004911601229459883
2026-01-22,5.754091169096753e-4,0.005320733805880273,-4.698144319439379e-4,0.014815103863011991,0.015148102996520585
2026-01-23,0.009161191073523867,0.01521386863582741,0.00351823981998578,-0.015493775698687706,0.026795861584446357
2026-01-26,0.015131466387580339,-0.005240186663555413,-0.005635140528195137,0.004065074745892794,-0.013308181202495106
2026-01-27,0.030410083471125837,-0.004094770272495829,0.00516675644469089,0.0027008768618048684,0.001434377487143479
2026-01-28,-0.0452565915881209,0.00817284175587396,0.007235414923691508,-0.008124613798658586,0.0240747997446924
2026-01-29,-0.015793580258140594,0.0017426667204309965,-0.0025614171647729833,-6.800563970843498e-4,0.010208905370243215
2026-01-30,-0.039104945614369946,-0.005820738203809128,-0.007488918688728141,-0.029688017242041287,-0.006484506279260671
2026-02-02,0.003005261465463427,-0.0058548176614321434,-0.003765596353561662,-7.010325307188481e-4,-0.0192358734333542
2026-02-03,-0.04967575826659587,0.006438418495037013,0.005174047290619654,0.02561579181760898,0.0018930436320578892
2026-02-04,-0.02700927172719414,0.0023310033864758495,0.02456101218622564,-0.013072118449026782,-0.003789677676190095
2026-02-05,-8.10307166760893e-4,0.012724289664373778,0.018145201854605553,-0.01184264083786335,0.016007874785493925
2026-02-06,-0.039181824777016594,-0.010979595997035574,0.0026936043222232087,-0.01127572203464089,-0.010328730321383262
2026-02-09,0.011066572848497103,-0.0034924366114985617,-0.004043132192355969,0.0168662272560387,-0.0018894667879205684
2026-02-10,-0.019022520310123525,0,0.010522877800391406,-0.01615774482867094,-9.460738643216615e-4
2026-02-11,0.002037269247716189,-0.002919710103335582,0.0013354108372265472,-0.020029262745555165,0.016893879026453007
2026-02-12,0.016317987628037933,0.008733679968755403,0.011719315996477242,-0.0065241371020796635,0.027989897869288072
2026-02-13,0.001333980216818631,0.0011587486812176806,-0.003744085422106913,0.002179422094934047,-0.006810469002526354
2026-02-17,-0.052864379650501725,-0.012820688429060922,8.822232596905621e-4,0.005788722783480971,-0.020249196241541867
2026-02-18,0.010312008606210732,0.0017579846308981573,-4.4101434011345475e-4,0.02212009009578164,0.01705503427414179
2026-02-19,-5.217632999885424e-4,-0.0029316936858272413,0.006594879914492147,-0.007082209650300708,0.02259472532999851
2026-02-20,0.0031266098950188947,0.0041019688340169225,-0.0030721990369704244,0.016214701167487355,0.02471440881744602
2026-02-23,-0.025113249273833738,0,-0.002861232281031967,0.010434850754832858,-0.006999153682189174
2026-02-24,0.02493984612006539,5.846243954881203e-4,0.0046179301416655605,0.006896605367630038,-0.003518033531678455
2026-02-25,1.734031537683478e-4,0.0064084110954825135,0.00764947452016429,0.002745366266656113,-0.003088464841911609
2026-02-26,-0.008009751483084138,0.006367604727929965,-4.355400765714279e-4,-0.012413973570679637,0.010549548389244379
2026-02-27,-0.004907103718156947,0.01261484618436004,0.008242996782048095,-0.007662848818439372,0.03353710690325151
2026-03-02,0.013090334126764525,-0.01261484618436004,-0.00628455855408383,-0.0276515556382666,-0.028738842517332053
2026-03-03,-0.004867014133467684,0.0023054765254988396,0.004987541511038529,0.001436814733826175,-0.003924138456134152
2026-03-04,0.012983822461688277,-0.005773688094426355,-0.0010821340737843244,-0.014461623260042522,-0.009657669445037875
2026-03-05,0.007880759460387132,0.022331303017226745,0.007980199796726595,-7.285446790006311e-4,0.027839988528228332
2026-03-06,0.015577714450993874,0.01238057456955488,0.01809522497795424,0.027320182678232552,0.04774776287321547
2026-03-09,0.01384853650957929,-0.02148188881590052,-0.0038046970436633742,0.034161548554370036,-0.021915286838450676
2026-03-10,-0.0039847711081124615,-0.002861232281031967,0.0057016309036637125,-0.014498012741842814,-0.022406348486343042
2026-03-11,-0.02886028660124662,0.018171993518124374,0.011098428232076074,-0.009081453536580408,0.006392521236042725
2026-03-12,0.015293416169498641,0.008963645450481117,0.010358493282742742,0.009081453536580408,0.00635191633856369
2026-03-13,-0.020960105598486933,0.009436650654738976,-0.0016501653909584135,-6.95668124183868e-4,0.04336834879364826
2026-03-16,0.025167095396115613,0.0033094349013671476,-0.0471296938027157,-0.012605230526401723,-0.034961405626623865
2026-03-17,0.014338317935398415,0,0.001513677443300665,0.018156939758142254,-0.012637067918134903
2026-03-18,-0.007810511117355645,0.020169667124120494,0.004097040771410931,0.023932792298763328,0.024289301295808308
2026-03-19,0.021456508036333588,0.013933773128106175,0.005793386013825064,0.037790356447211515,0.006186862382574709
2026-03-20,0.011526997419466056,-0.009088541576453224,-0.00622386385086493,0.02124315010077371,-0.021193396599195502
2026-03-23,-0.008917772922054645,-0.012973154921380292,0.0019356926142988229,-0.011531155955391004,-0.012679797946792526
2026-03-24,0.03473184499772408,0.006507615156738034,-0.007332359786452969,0.02293091877544251,0.0038208494795854975
2026-03-25,-0.005520954054536453,0.01021788938319279,0.014398013846921742,-0.020999812134446127,0.01305006943866971
2026-03-26,-0.02709588518303896,-5.351886667748218e-4,0.0017053937196571667,0.020369876436019396,0.012055851692407415
2026-03-27,-0.019529566721504743,-0.010764366587158847,-0.012430507250902778,-0.006955428374477712,0
2026-03-30,-0.03079763611790387,-0.013620477522966468,4.31220360282758e-4,-0.013414448061541684,0.0033003330286565102
