Date,Corn,Soybeans,Wheat,Oats,Soybean_Meal,Soybean_Oil,KC_Wheat,Feeder_Cattle
2010-01-04,418.5,1049.5,557.75,279,316,40.900001525878906,550.75,95.875
2010-01-05,418.75,1052.25,553,274,319.3999938964844,40.709999084472656,546.75,96.55000305175781
2010-01-06,421.75,1050.5,567.25,277,317.8999938964844,40.66999816894531,560.5,96.30000305175781
2010-01-07,417.5,1017.75,557.75,274,307,39.9900016784668,550.25,96.44999694824219
2010-01-08,423,1013,568.5,275,306.79998779296875,39.529998779296875,560,96.3499984741211
2010-01-11,422.5,1001.75,572.5,268,304.70001220703125,39.189998626708984,566,96.2750015258789
2010-01-12,392.5,969.5,535.75,252.5,295.3999938964844,38.2599983215332,534,97.80000305175781
2010-01-13,384,983.5,537,250.5,300.5,38.630001068115234,534.75,97.30000305175781
2010-01-14,381,968.5,527.75,246,299,37.79999923706055,527,97.5250015258789
2010-01-15,371.5,974,510,231,291.70001220703125,37.529998779296875,512,97.9749984741211
2010-01-19,369.25,963.5,500.5,226,290.8999938964844,37.150001525878906,505,98.25
2010-01-20,368,950,497.5,220,286.20001220703125,36.56999969482422,504.5,97.92500305175781
2010-01-21,372,954,499.5,223,287.5,37,503.5,97.42500305175781
2010-01-22,364.75,951.5,498.5,233,286.3999938964844,36.709999084472656,502,97.0999984741211
2010-01-25,367.75,940.5,498.25,233.25,283,36.5,501,96.5250015258789
2010-01-26,362.25,947.5,494,231.75,287.3999938964844,36.77000045776367,499.5,96.6500015258789
2010-01-27,358.25,929,483.75,228.75,281.29998779296875,36.31999969482422,490.5,96.6500015258789
2010-01-28,361.75,931.75,487,233,281.6000061035156,36.150001525878906,494.75,96.80000305175781
2010-01-29,356.5,914,474,228,273.79998779296875,36.150001525878906,487,98.875
2010-02-01,359,909.75,474.75,228,271.79998779296875,36.189998626708984,487.5,97.7249984741211
2010-02-02,365,925.5,487.25,232,273.6000061035156,37.470001220703125,499,97.2249984741211
2010-02-03,353,908,469,231,268.8999938964844,36.900001525878906,483.25,97.4000015258789
2010-02-04,354,914,475.75,228.75,271.20001220703125,37.209999084472656,488.5,97.25
2010-02-05,351.5,913.5,473.25,226.25,271,37,484.5,98.32499694824219
2010-02-08,356,929.5,484,231,274.3999938964844,37.95000076293945,495.5,99.2249984741211
2010-02-09,358.5,924.5,482.25,230,270.6000061035156,38.380001068115234,490,99.9749984741211
2010-02-10,361.75,937.5,496.75,232.25,276.3999938964844,38.27000045776367,505.75,100.25
2010-02-11,363.25,943,493.5,232.25,277.3999938964844,38.13999938964844,501.25,100.5
2010-02-12,361.5,945,486.5,232.75,280,37.84000015258789,494.5,99.75
2010-02-16,367.25,965.5,505,236,283.8999938964844,38.95000076293945,512.5,101.125
2010-02-17,360,951.5,494.75,238,279.3999938964844,38.75,502,101.57499694824219
2010-02-18,357.25,948,485,235,275.6000061035156,38.70000076293945,493.5,102.4749984741211
2010-02-19,360,945,489.75,230,276.3999938964844,38.52000045776367,498.25,102.5999984741211
2010-02-22,371.5,961.5,501.25,228,281.70001220703125,38.83000183105469,508.5,101.82499694824219
2010-02-23,367.75,952.5,491.75,226.5,279.6000061035156,38.310001373291016,498.25,101.1500015258789
2010-02-24,375.25,955.5,500.25,222,276.8999938964844,39.04999923706055,505.25,101.1500015258789
2010-02-25,372.25,941.5,489.75,219.75,272.1000061035156,38.529998779296875,496.75,100.9000015258789
2010-02-26,378,951,506.5,221,273.20001220703125,39.290000915527344,511,101.05000305175781
2010-03-01,370.75,952.5,492.75,220.5,271,39.5,499.5,102.0999984741211
2010-03-02,370.5,954.25,492,221.5,270.5,39.810001373291016,499,102.375
2010-03-03,375.75,954.5,503.5,221.75,266.5,40.02000045776367,509.5,102.5
2010-03-04,372,932.5,490.5,219,257.8999938964844,39.630001068115234,500,102.5250015258789
2010-03-05,364.75,934.75,482.25,219,257.8999938964844,39.720001220703125,493,102.19999694824219
2010-03-08,364.5,940.5,484.5,220.5,259.5,39.95000076293945,495,102.5250015258789
2010-03-09,358.75,941.5,478.5,218,259,39.970001220703125,490.25,102.3499984741211
2010-03-10,355.5,952,470.75,213,258.70001220703125,40.689998626708984,484,102
2010-03-11,355.5,925.5,468.5,211.5,249.60000610351563,39.81999969482422,482.5,101.92500305175781
2010-03-12,354,926,472.25,209,251.1999969482422,39.04999923706055,487.75,103
2010-03-15,363.25,930,479.25,216,257.6000061035156,38.75,488.25,102.9000015258789
2010-03-16,366.75,945,487,218,261.5,39.369998931884766,494.75,102.94999694824219
2010-03-17,374,959,496,225,267.3999938964844,39.83000183105469,502.25,103.2750015258789
2010-03-18,376,959.5,489.25,225.5,269.8999938964844,39.25,495,104.625
2010-03-19,374.5,961.75,483.75,224.5,270.20001220703125,39.29999923706055,492,104.80000305175781
2010-03-22,370.75,968.5,486.5,218.5,271.3999938964844,39.720001220703125,494,104.69999694824219
2010-03-23,362.75,968,476.75,216.5,271.8999938964844,39.540000915527344,485,105.375
2010-03-24,365,960,476,215,270.8999938964844,39.08000183105469,485.25,106.0999984741211
2010-03-25,355,942.5,466.5,206.75,265.8999938964844,38.70000076293945,476.75,106.0999984741211
2010-03-26,356.25,952,464.75,212,270.8999938964844,38.95000076293945,475.5,107.19999694824219
2010-03-29,357,967.5,464.75,212,276.8999938964844,39.27000045776367,473.5,108.375
2010-03-30,354.5,974,472,213.5,283.1000061035156,38.66999816894531,479.5,108.7249984741211
2010-03-31,345,941,450.5,208,265.79998779296875,38.310001373291016,461.75,110.42500305175781
2010-04-01,344.5,942,454.75,210.5,265.8999938964844,38.97999954223633,470,110.375
2010-04-05,345.75,936,453.5,208,261.20001220703125,39.349998474121094,471.75,112.6500015258789
2010-04-06,346.5,944.5,463.5,210.25,263.1000061035156,39.77000045776367,481.5,112.19999694824219
2010-04-07,356.5,952.5,475.25,217.5,265.6000061035156,40.029998779296875,492,113.05000305175781
2010-04-08,348.25,946.5,469.25,217.5,262.6000061035156,39.91999816894531,485.5,112.875
2010-04-09,345.75,952.25,465.75,215,265.29998779296875,40.040000915527344,483.5,114.5250015258789
2010-04-12,348.25,960,467.75,218,271.3999938964844,39.59000015258789,484.25,114.0250015258789
2010-04-13,352.5,968,476,215.75,275.20001220703125,39.7400016784668,492.75,113.30000305175781
2010-04-14,358,969,474.75,215.75,274.29998779296875,39.86000061035156,490.5,111.8499984741211
2010-04-15,363.25,984,480.25,217.5,281.8999938964844,40.06999969482422,496.5,112.25
2010-04-16,364,985.25,490.5,215.25,280.8999938964844,39.79999923706055,506.5,111.94999694824219
2010-04-19,347.75,976.75,467.75,207.25,283.8999938964844,38.93000030517578,483.25,112.05000305175781
2010-04-20,355.5,984,486,209,287.5,39.06999969482422,501.75,111.6500015258789
2010-04-21,359.25,995.5,487.25,212,293,38.900001525878906,499.75,112.05000305175781
2010-04-22,362.25,1004.25,498.5,214.5,295.6000061035156,39.09000015258789,510.25,112.125
2010-04-23,353,1000,493.25,205,292.29998779296875,39.349998474121094,505.75,112.19999694824219
2010-04-26,352.25,998.75,476,204.75,294.6000061035156,39.290000915527344,490.5,113
2010-04-27,347.5,982.75,478.25,201,287,39.119998931884766,492.5,113.19999694824219
2010-04-28,357,982.75,476.25,200,288.6000061035156,38.540000915527344,491.5,113.2750015258789
2010-04-29,360.5,985.75,484.5,203.5,287.3999938964844,38.79999923706055,497.5,113.5
2010-04-30,366.25,989.5,491.75,205.25,291.29998779296875,38.58000183105469,505.5,112.80000305175781
2010-05-03,362.75,975.75,490,205,282.70001220703125,38.650001525878906,504,113.4000015258789
2010-05-04,360,977,499.75,203.25,285.5,38.36000061035156,514,113.42500305175781
2010-05-05,364.75,968.25,501,205.5,279.70001220703125,38.63999938964844,515.5,113.9000015258789
2010-05-06,364,945.5,497.25,202,276.20001220703125,37.84000015258789,511.25,113.3499984741211
2010-05-07,364.75,951.25,500.25,201,276.3999938964844,38.130001068115234,512.5,112.42500305175781
2010-05-10,363,952.75,482.5,195.25,278.20001220703125,38.099998474121094,501,112.625
2010-05-11,369.75,958.25,483.75,197.75,282.29998779296875,38.029998779296875,502.5,112.0999984741211
2010-05-12,371.75,959.5,482.75,198,281.29998779296875,38.15999984741211,500,111.5
2010-05-13,366.5,960.5,471,192.5,284.3999938964844,37.79999923706055,490.25,111.7249984741211
2010-05-14,356.75,948,463.5,190,282.20001220703125,37.16999816894531,484.5,110.2249984741211
2010-05-17,356,941,469,190.75,273.8999938964844,37.130001068115234,490,109.6500015258789
2010-05-18,359.75,939.5,467.75,193,273.6000061035156,37.189998626708984,488,109.75
2010-05-19,359.25,938.5,469.25,195.25,273.3999938964844,37.5,491.5,110.3499984741211
2010-05-20,362,944,469.75,194,276.20001220703125,37.38999938964844,492.5,108.80000305175781
2010-05-21,369,941,472,196,275.6000061035156,36.959999084472656,495,108.75
2010-05-24,371,940.5,467.5,199,273.70001220703125,37.52000045776367,490.5,108.07499694824219
2010-05-25,364.25,930.5,460.5,191.5,271.1000061035156,37.16999816894531,484.75,108
2010-05-26,371.5,938,461.75,192.5,271.29998779296875,37.849998474121094,488.75,108.4749984741211
2010-05-27,373.25,951.75,467.75,196.5,276,38.18000030517578,492.75,NA
2010-05-28,359,937.75,457.75,191,273.5,37.61000061035156,481.5,108.42500305175781
2010-06-01,354,932,450.75,194.25,269.3999938964844,37.52000045776367,478,109.4749984741211
2010-06-02,348.5,932.5,442.5,192,271.3999938964844,37.41999816894531,473.75,109.6500015258789
2010-06-03,349.5,955,441.75,196,284,37.65999984741211,471.5,109.67500305175781
2010-06-04,340,935,435.75,194,277.20001220703125,36.779998779296875,465,108.875
2010-06-07,335.75,935,432.25,194,278.70001220703125,36.470001220703125,461.75,108.4000015258789
2010-06-08,337.25,931,432.25,196.25,276.79998779296875,36.66999816894531,462,108.8499984741211
2010-06-09,338.25,943.5,428,204,285.5,36.75,458.75,109.2249984741211
2010-06-10,343.25,935,433.25,214.5,282.29998779296875,36.75,462.5,110.2249984741211
2010-06-11,349.5,946.25,440.75,227,289.70001220703125,36.900001525878906,467,110.07499694824219
2010-06-14,353.75,951.5,451.5,247,290,37.38999938964844,479.5,110.42500305175781
2010-06-15,353.75,949.5,451.75,274,285.70001220703125,37.810001373291016,478.25,110.9749984741211
2010-06-16,356.25,957.75,461.25,270,287,38.130001068115234,490.5,110.9000015258789
2010-06-17,357.5,952,462.75,261.25,286,38.04999923706055,495.5,110.1500015258789
2010-06-18,360.75,961,461.75,263,289.3999938964844,37.91999816894531,497.25,110.17500305175781
2010-06-21,355,963.25,462,264.5,288.8999938964844,38.04999923706055,499.75,111.69999694824219
2010-06-22,351.5,965.5,460.75,278,290.70001220703125,37.93000030517578,494,111.82499694824219
2010-06-23,346.5,958,462.25,275,289.29998779296875,37.59000015258789,495,111.9000015258789
2010-06-24,344.75,955.5,463,274.5,290.1000061035156,37.16999816894531,494.25,112.67500305175781
2010-06-25,340.5,957,456.25,264,289.6000061035156,37.15999984741211,483.75,113.19999694824219
2010-06-28,333.75,955,449.5,261.5,292.29998779296875,36.939998626708984,479,113.9749984741211
2010-06-29,325,947.25,442,248.5,289.79998779296875,35.93000030517578,468.25,112.875
2010-06-30,354.25,948.5,464.75,255,289.3999938964844,36.279998779296875,486,113.05000305175781
2010-07-01,365.5,953.5,484,241.75,291.5,35.869998931884766,501,112.5999984741211
2010-07-02,364,962.75,487.75,243,294.8999938964844,36.0099983215332,507.25,112.67500305175781
2010-07-06,360,964.25,492.75,248,297.20001220703125,35.84000015258789,512.75,113.5250015258789
2010-07-07,370.75,993,515.75,253.75,304,36.810001373291016,537.25,113.55000305175781
2010-07-08,377.5,1012.5,534,249.5,310.3999938964844,36.86000061035156,554,113.5999984741211
2010-07-09,375.25,1025.5,523.5,258,314.1000061035156,37.380001068115234,548.25,113.19999694824219
2010-07-12,371.25,1031.75,521.25,247,314.79998779296875,37.5,550,112.67500305175781
2010-07-13,366.75,1030.5,535.75,246.5,312.8999938964844,37.91999816894531,562.25,113.625
2010-07-14,375.25,1036,548.25,254.25,313,38.04999923706055,567.5,113.625
2010-07-15,392.5,1019,596.25,268.5,307.6000061035156,38.59000015258789,605.75,113.375
2010-07-16,394.75,1019.5,587.25,267.5,307.79998779296875,38.310001373291016,599,113.0999984741211
2010-07-19,381.5,1008,582.25,260.5,305,37.959999084472656,595.25,114.42500305175781
2010-07-20,374,1011.75,577,256,301.5,38.400001525878906,589.5,114.4749984741211
2010-07-21,379.75,1015.25,588.25,257.5,303.29998779296875,38.2599983215332,601.5,114.6500015258789
2010-07-22,376.5,1016,596.5,255,300.20001220703125,38.900001525878906,611.75,114.9000015258789
2010-07-23,371.25,1017,596.25,254.75,299.8999938964844,39.06999969482422,615,115.17500305175781
2010-07-26,364,998.25,589.5,251,293.20001220703125,38.79999923706055,612,114.94999694824219
2010-07-27,362.75,998,595,246.5,294.5,38.560001373291016,615,114.9000015258789
2010-07-28,376.25,1010.5,615.5,257,301.70001220703125,38.84000015258789,630.75,114.5250015258789
2010-07-29,379.25,1026.75,627.5,261.5,305.3999938964844,39.27000045776367,646.25,113.7249984741211
2010-07-30,392.75,1052.5,661.5,271,310.8999938964844,39.83000183105469,674.5,113.7249984741211
2010-08-02,390.5,1053.25,693.25,276.5,310.8999938964844,40.439998626708984,700.5,112.5999984741211
2010-08-03,389.5,1053.5,680,275,308.29998779296875,40.95000076293945,685,113
2010-08-04,400.25,1053,725.75,280.25,311.5,41.36000061035156,726.5,113.5999984741211
2010-08-05,403.5,1055,785.75,282,313.6000061035156,41.2599983215332,780,112.69999694824219
2010-08-06,405,1059,725.75,279.5,313.6000061035156,41.38999938964844,720,112.4000015258789
2010-08-09,403,1048.5,712.5,279.75,311.1000061035156,41.720001220703125,720,112.2750015258789
2010-08-10,393.5,1036.25,694.75,271.5,309.29998779296875,41.459999084472656,712.5,112.125
2010-08-11,395.5,1044.5,694.75,269.25,310.5,41.630001068115234,710,112.55000305175781
2010-08-12,406.25,1057,713,272,315.3999938964844,41.09000015258789,725,111.9749984741211
2010-08-13,411.75,1052,702.5,273.5,321.5,41.79999923706055,723.5,111.69999694824219
2010-08-16,407.25,1034,663.75,272.5,302.20001220703125,41.45000076293945,688,112.69999694824219
2010-08-17,414.75,1045.25,651,275.5,306.5,41.59000015258789,677,113.25
2010-08-18,418.5,1035.25,656,276.75,307.3999938964844,40.86000061035156,685,113.69999694824219
2010-08-19,414.25,1016.75,681.25,274,302.5,39.88999938964844,705.25,114.05000305175781
2010-08-20,421.25,1009.25,679,272,300.79998779296875,39.52000045776367,705.5,114.5999984741211
2010-08-23,417.25,1007,692.25,272,301.3999938964844,39.25,717,114.75
2010-08-24,405.25,999.5,674.75,261.5,296.3999938964844,39.47999954223633,700.75,114.5999984741211
2010-08-25,404.75,1000,647.75,261.5,299.70001220703125,39.13999938964844,676.25,114.75
2010-08-26,416.5,1013,656.5,266.5,306.29998779296875,39.4900016784668,691,NA
2010-08-27,421,1022,662.5,265.5,307.79998779296875,40.20000076293945,700.25,116.2750015258789
2010-08-30,425.5,1018,671.25,264.5,307.6000061035156,39.95000076293945,710.5,115.0999984741211
2010-08-31,424.5,1008,652.5,265.75,304.20001220703125,39.47999954223633,687.75,114.0999984741211
2010-09-01,432.25,1004.5,675.5,267.75,301.8999938964844,39.54999923706055,712.25,113.875
2010-09-02,433,1007.5,680.75,272,302.20001220703125,39.65999984741211,718,114.75
2010-09-03,449.75,1029.75,708.25,283,308.20001220703125,40.31999969482422,743.5,114.17500305175781
2010-09-07,451.5,1043.75,702.5,294.5,308.70001220703125,41.2599983215332,738.75,111.92500305175781
2010-09-08,447.5,1041.25,678.75,295.5,307.29998779296875,41.15999984741211,720.25,112.0999984741211
2010-09-09,456.25,1037.75,706.75,301.75,305.5,41.08000183105469,747.5,111.42500305175781
2010-09-10,464,1023.5,704.75,317,297.20001220703125,41.25,747.25,111.69999694824219
2010-09-13,469.25,1025.25,713.75,322,296.79998779296875,41.34000015258789,757.5,112.3499984741211
2010-09-14,478,1025,704.5,328,290,41.20000076293945,759.75,112.1500015258789
2010-09-15,495.25,1042.5,726.75,340,294.5,41.61000061035156,759.75,111.80000305175781
2010-09-16,496,1036.25,719.25,342.5,293.1000061035156,41.36000061035156,750.5,112.2249984741211
2010-09-17,513.25,1069,739.25,356,304.70001220703125,41.90999984741211,768.25,111.82499694824219
2010-09-20,508.25,1084.5,731.75,359,306.1000061035156,42.650001525878906,757.5,110.6500015258789
2010-09-21,505.25,1080,718,351.5,303.5,42.41999816894531,750,110.5
2010-09-22,505,1088.5,719.75,344,306.20001220703125,42.869998931884766,756.25,109.25
2010-09-23,499.25,1093.5,697.25,338,305.5,43.5099983215332,737.25,109.0999984741211
2010-09-24,521.75,1126,720,352,313.20001220703125,44.47999954223633,757.5,109.5
2010-09-27,512.75,1128.5,706.5,348,311.3999938964844,44.58000183105469,739.75,109.875
2010-09-28,500,1110,684.75,338,303.5,44.560001373291016,716,110
2010-09-29,505,1099,683.5,335.5,302.5,44.060001373291016,717,109.4749984741211
2010-09-30,495.75,1106.75,674,342,302.1000061035156,44.70000076293945,707.75,109.92500305175781
2010-10-01,465.75,1057,655,333.25,285.70001220703125,43.4900016784668,689.25,111.80000305175781
2010-10-04,471.5,1054,647.25,337.5,288,43.099998474121094,683,110.5
2010-10-05,491,1071.75,663.5,352.75,294.8999938964844,43.470001220703125,701,109.55000305175781
2010-10-06,488.5,1062,658.25,351.5,291.6000061035156,43.439998626708984,697.5,109.19999694824219
2010-10-07,498.25,1065,659.25,349.5,292,43.790000915527344,699.5,108.92500305175781
2010-10-08,528.25,1135,719.25,369.5,317,46.220001220703125,758.5,107.7249984741211
2010-10-11,555.75,1152.5,709.25,369,323.1000061035156,45.97999954223633,746.75,107.1500015258789
2010-10-12,579,1178.5,710,383,329.3999938964844,46.540000915527344,751,107.4749984741211
2010-10-13,569.25,1176.5,702.75,380,325.20001220703125,47.220001220703125,743,108.07499694824219
2010-10-14,567.25,1188.5,700.75,376,325.5,47.349998474121094,740.5,108.0999984741211
2010-10-15,563,1185,704.5,370.25,328.20001220703125,47.77000045776367,745,108.75
2010-10-18,557.25,1184,690,362,328.29998779296875,47.65999984741211,732,108.80000305175781
2010-10-19,546,1180,671.5,345,328.20001220703125,47.099998474121094,715.5,109.625
2010-10-20,573.5,1212,683,355,337.79998779296875,48.470001220703125,730,109.4000015258789
2010-10-21,564.25,1201.5,668.75,355.5,333.3999938964844,48.2400016784668,716.5,110.69999694824219
2010-10-22,560,1199.5,670.75,357,330.8999938964844,48.29999923706055,719,111.19999694824219
2010-10-25,568.75,1217.75,674,365,334.6000061035156,49.470001220703125,721.75,111.0999984741211
2010-10-26,571,1219,692,371,335.5,49.529998779296875,738.5,111.30000305175781
2010-10-27,577.25,1223.75,702.75,370,335.8999938964844,49.599998474121094,754,111.30000305175781
2010-10-28,579,1225,718.25,366,336.29998779296875,49.70000076293945,771.25,NA
2010-10-29,582,1226,717.25,368,337.70001220703125,49.29999923706055,771,110.32499694824219
2010-11-01,577.25,1225.25,702.5,363,337.79998779296875,49.75,754.25,110.3499984741211
2010-11-02,575.75,1223.75,694.25,362,337.70001220703125,49.630001068115234,748.5,111.55000305175781
2010-11-03,581,1227.5,690.25,361.5,338.8999938964844,49.900001525878906,746.5,110.875
2010-11-04,590,1264.75,713.75,377.5,348.20001220703125,51.25,769,110.125
2010-11-05,587.75,1273.5,728.75,375.25,348,52.220001220703125,786,110.5999984741211
2010-11-08,585.25,1264.5,736.25,376.5,344.8999938964844,52.0099983215332,795.5,111.25
2010-11-09,576.25,1319.25,721.75,373,362.29998779296875,53.400001525878906,787,111.9000015258789
2010-11-10,566.75,1309.5,710,361,355.3999938964844,53.95000076293945,772.75,112.80000305175781
2010-11-11,564,1330.25,704,358.5,358.1000061035156,55.029998779296875,768,112.6500015258789
2010-11-12,534,1263,669.25,339.5,339.70001220703125,52.529998779296875,730,112.4000015258789
2010-11-15,555.5,1286.5,672.75,346.5,348.1000061035156,52.470001220703125,732.5,112.4000015258789
2010-11-16,526.5,1219.75,626.25,342.5,329.79998779296875,49.970001220703125,690,112.1500015258789
2010-11-17,525.75,1205,632.5,347.25,328,48.939998626708984,695.5,112.19999694824219
2010-11-18,541.75,1242,645.25,355.5,335,50.91999816894531,710.25,112.44999694824219
2010-11-19,520.75,1201.5,644.5,353.25,325.79998779296875,48.959999084472656,709.5,117.4000015258789
2010-11-22,515.25,1221.5,645.5,351,333.6000061035156,49.18000030517578,712.5,117.4000015258789
2010-11-23,528.5,1239,642,347.5,340.70001220703125,49.220001220703125,711.5,117.82499694824219
2010-11-24,538.75,1255,647.5,348.25,340.20001220703125,50.2400016784668,719,118.2750015258789
2010-11-26,538.25,1238.5,648.25,344.25,336.79998779296875,49.900001525878906,720.75,118.75
2010-11-29,538.25,1235,650.25,337.75,336.29998779296875,49.869998931884766,726.5,118.4000015258789
2010-11-30,530,1243,650.25,340,338.6000061035156,50.650001525878906,730,119.17500305175781
2010-12-01,551.75,1283,697.5,367.25,346.6000061035156,52.25,780.75,118.4000015258789
2010-12-02,540.75,1279.75,706.5,361,344.1000061035156,52.470001220703125,787.25,118.67500305175781
2010-12-03,559,1300.25,738,367,350.1000061035156,53.08000183105469,811.75,118.67500305175781
2010-12-06,553.75,1288.5,752,372,345.5,53.130001068115234,825.75,118.5
2010-12-07,547.25,1285.5,743,364,343,53.38999938964844,821.5,117.2249984741211
2010-12-08,559.5,1296,742,378,345.3999938964844,53.79999923706055,827.25,118.17500305175781
2010-12-09,560.25,1281.5,748.25,394,339.8999938964844,53.790000915527344,834.25,118.07499694824219
2010-12-10,560.25,1273,735.5,400,339.1000061035156,53.790000915527344,822.25,118.17500305175781
2010-12-13,575.25,1302.5,740.25,391,344.79998779296875,55.099998474121094,825.75,119.19999694824219
2010-12-14,574.5,1296,721,387,344.5,54.79999923706055,798.5,117.94999694824219
2010-12-15,584.25,1296.5,764.75,383.5,346.1000061035156,54.20000076293945,811.25,117.6500015258789
2010-12-16,587.5,1289,749.75,385.5,343.79998779296875,54.06999969482422,803.25,118.375
2010-12-17,596.5,1298.75,756.75,386.5,347.79998779296875,54.130001068115234,811.75,119.0250015258789
2010-12-20,599.5,1315.25,769.5,390.5,351.5,54.97999954223633,826,120.7249984741211
2010-12-21,602.25,1326.25,765,394.25,352.6000061035156,55.560001373291016,826.5,121.3499984741211
2010-12-22,609,1328.75,783.5,391.75,352.70001220703125,55.970001220703125,844.5,121.67500305175781
2010-12-23,614,1349.5,783,393.5,360,56.59000015258789,845,121.44999694824219
2010-12-27,615.25,1373,780.25,389.5,366.3999938964844,57.150001525878906,843.75,120.69999694824219
2010-12-28,623.25,1375.75,798.25,389,368.6000061035156,56.81999969482422,860.5,120.69999694824219
2010-12-29,624,1366,799.25,384.5,365.70001220703125,56.380001068115234,857.75,120.8499984741211
2010-12-30,616,1366,784.75,387.75,365.3999938964844,56.61000061035156,843.5,120.82499694824219
2010-12-31,629,1393.75,794.25,394,370.29998779296875,57.7400016784668,851,121.875
2011-01-03,620.5,1370.25,805.5,398,365.70001220703125,57.09000015258789,863,121.25
2011-01-04,608.5,1361,789.25,393.75,364.70001220703125,56.33000183105469,849.25,121
2011-01-05,619.25,1386,808.25,389.25,369.29998779296875,57.25,873.25,120.9749984741211
2011-01-06,602,1369.5,789,377.75,365.20001220703125,56.900001525878906,858.5,121.92500305175781
2011-01-07,595,1357.75,774,370.75,359.1000061035156,56.349998474121094,846.25,121.5999984741211
2011-01-10,607,1373.25,767.25,379.5,366.79998779296875,56.65999984741211,841.5,122.30000305175781
2011-01-11,607,1350.5,759.5,382,359.20001220703125,56.16999816894531,838,123.44999694824219
2011-01-12,631,1409,770.5,394.5,377.3999938964844,57.43000030517578,852,124.0250015258789
2011-01-13,642.5,1410,783.5,396.5,378.6000061035156,57.29999923706055,868.5,124.9000015258789
2011-01-14,648.75,1406.5,773.25,392,377,56.70000076293945,860,125.5999984741211
2011-01-18,659.5,1413.25,793.25,398,383.3999938964844,57.54999923706055,876.5,127.30000305175781
2011-01-19,641.25,1411.5,797.25,386.5,383.29998779296875,57.689998626708984,877.5,127
2011-01-20,654,1414.25,803.5,382,385.29998779296875,57.2599983215332,886.25,126.30000305175781
2011-01-21,657.25,1412.25,824.5,386,379.6000061035156,57.560001373291016,900,126.3499984741211
2011-01-24,655.25,1404.5,835.25,387,380.20001220703125,57.18000030517578,908,126.3499984741211
2011-01-25,644,1374.5,838.25,381,372.6000061035156,55.779998779296875,917.5,125.9749984741211
2011-01-26,657.75,1385.5,856.5,388,374.3999938964844,56.70000076293945,940,126.3499984741211
2011-01-27,650.75,1399.5,846.25,390,377.3999938964844,57.40999984741211,932.5,126.1500015258789
2011-01-28,644,1398,825.75,385.5,377,57.27000045776367,912,126.2249984741211
2011-01-31,659.5,1413,840.75,396,380.29998779296875,57.880001068115234,924.75,128
2011-02-01,666,1438,835.75,397.5,390,58.720001220703125,924,127.4749984741211
2011-02-02,669.25,1444,863,413.5,386.8999938964844,59.25,952.75,125.80000305175781
2011-02-03,662.5,1435.5,859,415.75,386.3999938964844,58.779998779296875,949,125.5
2011-02-04,678.5,1433.5,853.75,415.5,383.20001220703125,58.97999954223633,942.75,125
2011-02-07,674.75,1424.5,858.75,421,382.3999938964844,58.40999984741211,953.5,124.57499694824219
2011-02-08,673.75,1434.25,874.25,419.5,385.70001220703125,58.77000045776367,972,124.25
2011-02-09,698,1451,886,424.5,388.6000061035156,59.7400016784668,988,122.92500305175781
2011-02-10,698.5,1433,862.75,419,382.5,59.040000915527344,968,124.82499694824219
2011-02-11,706.5,1416,867,418,378.1000061035156,58.4900016784668,973,126.0250015258789
2011-02-14,695.75,1402.75,872,412,375.5,57.689998626708984,977,128.375
2011-02-15,690.5,1368,840.25,405.5,366.6000061035156,56.540000915527344,943.5,128.52499389648438
2011-02-16,690.5,1366,837,404.5,364.29998779296875,56.61000061035156,930,130.47500610351563
2011-02-17,712.75,1404.5,850.75,415,372.70001220703125,58.25,953.25,130.60000610351563
2011-02-18,709.75,1368,822.25,409.75,362,56.4900016784668,929.75,130.0749969482422
2011-02-22,679.75,1298,762.25,389.75,346.5,53.9900016784668,872.75,129.1999969482422
2011-02-23,691.5,1320,763,375.25,351.79998779296875,55.02000045776367,878.75,128.85000610351563
2011-02-24,685.75,1318.25,747.25,360.25,350.3999938964844,54.61000061035156,861.5,129.39999389648438
2011-02-25,712,1365.5,776.5,369.25,359.70001220703125,56.95000076293945,887.5,129.8249969482422
2011-02-28,722.5,1357.25,782.5,371.25,356.3999938964844,56.77000045776367,902.5,130.0749969482422
2011-03-01,727.25,1367.5,775.75,380,358,57.06999969482422,902,128.89999389648438
2011-03-02,714,1387.25,776.75,380.5,359,58.27000045776367,900,129.375
2011-03-03,729.75,1405.5,790.5,384,366.79998779296875,58.2599983215332,908.25,129.97500610351563
2011-03-04,721.25,1407.75,800.5,381,363.79998779296875,58.959999084472656,918,129.9499969482422
2011-03-07,710.75,1387.75,769,378.5,358.1000061035156,58.56999969482422,888,129.8000030517578
2011-03-08,698.75,1375.5,751.25,368.5,355.3999938964844,57.970001220703125,864.5,131.1750030517578
2011-03-09,695,1344,732.25,362,348.5,56.66999816894531,853.5,132.1999969482422
2011-03-10,676.25,1348.75,714,351,349.1000061035156,56.47999954223633,839,131.8000030517578
2011-03-11,659.25,1326.5,695,345.5,346.1000061035156,55.4900016784668,820.5,131.5500030517578
2011-03-14,664,1329,700.5,346,349.6000061035156,55.27000045776367,815.5,130.89999389648438
2011-03-15,636,1270,667.75,324,340.79998779296875,52.880001068115234,777,127.9000015258789
2011-03-16,616.5,1287,662,315,344.5,52.959999084472656,778.25,126.5
2011-03-17,646.5,1335.25,710.25,335,358.6000061035156,54.52000045776367,831,127.69999694824219
2011-03-18,683.5,1362.5,723,352,367.8999938964844,55.77000045776367,845,128
2011-03-21,686.5,1363,721,350,366.3999938964844,55.880001068115234,842,129.3000030517578
2011-03-22,686.75,1365.5,722.25,342,366.3999938964844,55.86000061035156,845,130
2011-03-23,681,1351.25,714.25,339.5,360,55.47999954223633,830,129.9499969482422
2011-03-24,702.5,1354.5,739.5,348.5,359.79998779296875,56.119998931884766,853.25,130.8000030517578
2011-03-25,689.5,1358.25,733.25,349,357.20001220703125,56.84000015258789,855,131.89999389648438
2011-03-28,671,1348.5,725.25,349,353.6000061035156,56.529998779296875,848.5,132.3000030517578
2011-03-29,671.75,1361.5,737.25,351,358.6000061035156,57.02000045776367,867,132.6999969482422
2011-03-30,663.25,1372,727.25,349.5,360.5,57.31999969482422,862,133.5500030517578
2011-03-31,693.25,1410.25,763.25,367.25,370.70001220703125,58.779998779296875,908,134.02499389648438
2011-04-01,736,1393.75,759.5,375,360.8999938964844,58.68000030517578,906.5,138.10000610351563
2011-04-04,760.25,1384,790,385.75,357,58.880001068115234,948,137.75
2011-04-05,766.75,1373.25,786.25,391.5,353.6000061035156,58.849998474121094,950,137.10000610351563
2011-04-06,763,1376.5,782.25,392,355.6000061035156,58.779998779296875,939.5,135.6999969482422
2011-04-07,759,1363.5,773.25,373.5,350.8999938964844,58.31999969482422,922.75,135.125
2011-04-08,768,1392.25,797.5,393.5,357.20001220703125,59.77000045776367,932.75,134.60000610351563
2011-04-11,776,1368.5,798.25,401.5,349.70001220703125,58.81999969482422,919,133.875
2011-04-12,752.5,1329.75,759.5,391,342.3999938964844,57.2400016784668,894,131.8000030517578
2011-04-13,755.5,1333.5,752.75,386.75,342.20001220703125,57.36000061035156,885,131.97500610351563
2011-04-14,754.25,1331,740.5,382,342.5,56.869998931884766,864,133.10000610351563
2011-04-15,742,1331.75,744.25,383,345.20001220703125,56.84000015258789,865.5,132.14999389648438
2011-04-18,751.75,1344.25,775,387.5,347.79998779296875,57.38999938964844,896,132.625
2011-04-19,749,1342,785.75,394,346.3999938964844,57.529998779296875,926,132.85000610351563
2011-04-20,732.75,1357.75,785,387.5,349.20001220703125,58.13999938964844,920,132.6999969482422
2011-04-21,737.25,1380.5,799.5,389.75,358.79998779296875,58.27000045776367,932.5,132.27499389648438
2011-04-25,762.5,1389.5,826,398,361.1000061035156,58.209999084472656,960.75,129.97500610351563
2011-04-26,766.25,1382.75,811.25,389.75,359.79998779296875,58.04999923706055,950.25,128.75
2011-04-27,752.25,1378,777,369.75,356.70001220703125,57.86000061035156,912.5,130.39999389648438
2011-04-28,723,1350.25,743,339,348.70001220703125,56.43000030517578,870.25,131.375
2011-04-29,754,1392.75,769.25,342.5,358.1000061035156,58.130001068115234,893,131.89999389648438
2011-05-02,730.75,1390.25,759.75,334,356.79998779296875,58.189998626708984,881.5,131.0500030517578
2011-05-03,719,1359.25,760.75,335,349.5,57.27000045776367,889,129.3249969482422
2011-05-04,726.5,1350.5,741,337,347.6000061035156,56.7599983215332,867.75,129.27499389648438
2011-05-05,705,1319.75,722.5,325,342.70001220703125,55.36000061035156,848,128.625
2011-05-06,682.75,1325,724.5,331,344.8999938964844,55.369998931884766,868,129.125
2011-05-09,704.5,1335,759.25,345,345.8999938964844,55.97999954223633,910,128
2011-05-10,706,1340,769,347,346.29998779296875,56.4900016784668,932.5,128.0749969482422
2011-05-11,668.75,1333.5,727.75,337,344.1000061035156,56.06999969482422,905,128.8249969482422
2011-05-12,681.25,1345.25,700.5,347,349.1000061035156,56.209999084472656,869,129.52499389648438
2011-05-13,679,1337,696,348.5,343.1000061035156,55.75,858.75,128.6999969482422
2011-05-16,697.5,1326.5,736.5,348,345.70001220703125,55.90999984741211,876,127.94999694824219
2011-05-17,720.25,1341,764,357,350.3999938964844,56.040000915527344,894.5,127.6500015258789
2011-05-18,749.75,1379.5,817,367,361,57.29999923706055,938,127.0999984741211
2011-05-19,748.25,1379.5,812,364,361.3999938964844,57.459999084472656,944.75,125.5
2011-05-20,759.5,1380.25,806.5,364,360.6000061035156,57.459999084472656,933.25,125.44999694824219
2011-05-23,754,1373.75,803,361,358.79998779296875,57.220001220703125,931,123.80000305175781
2011-05-24,733.25,1372.25,779.75,360,359.20001220703125,57.47999954223633,912,123.94999694824219
2011-05-25,742.25,1377,796.5,369,358.29998779296875,57.959999084472656,928.75,124.67500305175781
2011-05-26,745.5,1384.75,814.5,378,360.29998779296875,58.70000076293945,942.75,124.94999694824219
2011-05-27,758.5,1379.75,819.75,382.75,355.6000061035156,58.61000061035156,943,122.7249984741211
2011-05-31,747.5,1376,782.25,386,355.29998779296875,58.4900016784668,908,124.375
2011-06-01,758.5,1386.25,759.25,383,360.70001220703125,58.43000030517578,891.5,123.875
2011-06-02,766.5,1407,769.75,380,366,58.90999984741211,909,123.875
2011-06-03,754,1414.5,773.75,378,368.3999938964844,58.72999954223633,914.25,124.25
2011-06-06,732,1383.25,744,372,359.3999938964844,58.029998779296875,890,124.0999984741211
2011-06-07,736.5,1394,733.75,371,368,57.93000030517578,874.5,125.125
2011-06-08,764,1401.5,748,383,372.79998779296875,57.939998626708984,885,124.80000305175781
2011-06-09,785.5,1393.75,745,395,372.8999938964844,57.400001525878906,871.25,125.32499694824219
2011-06-10,787,1387.25,759.25,395.5,373.29998779296875,56.849998474121094,868,123.625
2011-06-13,782.5,1382.75,743,401,370.1000061035156,56.81999969482422,851,124.7750015258789
2011-06-14,755.5,1368,731.25,387.5,358.70001220703125,56.849998474121094,839.75,127.25
2011-06-15,725.75,1368,708.5,367.5,360,57.04999923706055,819.25,126.9749984741211
2011-06-16,701.5,1350.5,673.25,356,353.70001220703125,56.31999969482422,798,129.97500610351563
2011-06-17,700.25,1333,672.25,351.5,349,55.91999816894531,804.5,132.64999389648438
2011-06-20,700.5,1335.75,659.25,350,350,56.02000045776367,801,135.5
2011-06-21,707.5,1348.75,674.25,353.5,351.70001220703125,56.599998474121094,803.5,137.8249969482422
2011-06-22,677.5,1330.25,638.25,352,347.1000061035156,56.150001525878906,770,138
2011-06-23,680.5,1317.75,649,348.75,340.6000061035156,55.150001525878906,760,137.85000610351563
2011-06-24,670,1320.25,635.75,335.5,339.8999938964844,55.220001220703125,748.5,138.60000610351563
2011-06-27,660.75,1329.75,622.75,333,343,54.90999984741211,728.5,137.22500610351563
2011-06-28,683,1330.75,640.25,339.5,338.8999938964844,55.34000015258789,743.75,137.875
2011-06-29,698,1334.25,641.25,345,337.8999938964844,55.83000183105469,745,137.77499389648438
2011-06-30,629,1306.25,584.75,334,332.20001220703125,55.040000915527344,688.75,138.0749969482422
2011-07-01,640.75,1322.25,584.5,339.5,340.8999938964844,55.15999984741211,703,140.47500610351563
2011-07-05,680.5,1332.25,613.75,339.5,341.70001220703125,55.099998474121094,718.5,141.27499389648438
2011-07-06,648.75,1331,611.25,335,341.70001220703125,55.27000045776367,708.75,140.9499969482422
2011-07-07,650,1345.5,624.5,341,343,56.470001220703125,703.5,143.89999389648438
2011-07-08,672.25,1352,650.5,345.5,346.29998779296875,56.20000076293945,707.75,143.60000610351563
2011-07-11,681.5,1352.5,636,346,346,56.20000076293945,692,143.35000610351563
2011-07-12,697,1366.5,662.75,355.75,348.5,56.29999923706055,713.75,142.02499389648438
2011-07-13,726.75,1387,702,363,353.20001220703125,57.45000076293945,741,139.89999389648438
2011-07-14,716.5,1390.5,691.25,359,355.5,57.45000076293945,746,136.9250030517578
2011-07-15,701.25,1385.75,694.75,355,360.29998779296875,57.349998474121094,764.5,135.6999969482422
2011-07-18,696.25,1385.5,689.5,353,359.29998779296875,56.91999816894531,761,134.5749969482422
2011-07-19,698,1379.25,693.5,353.5,360.1000061035156,56.689998626708984,778,135.5749969482422
2011-07-20,688,1378.25,697,353.5,361.8999938964844,56.77000045776367,794,134.9250030517578
2011-07-21,679.25,1380.25,677.25,351.5,362.70001220703125,56.47999954223633,774.25,135.1999969482422
2011-07-22,690,1380.25,692.25,353,363,56.5099983215332,780,136.39999389648438
2011-07-25,678.75,1365.5,688.5,351.5,355.79998779296875,56.099998474121094,770.5,136.0500030517578
2011-07-26,689.75,1383,694,356.25,360.5,56.59000015258789,780.5,136.10000610351563
2011-07-27,691.5,1375.75,704.75,355.5,355.79998779296875,56.400001525878906,788.25,135.375
2011-07-28,682.25,1367.75,693.25,350.75,355.29998779296875,55.7599983215332,783.5,135.8000030517578
2011-07-29,665.5,1354.25,672.5,345.5,351.6000061035156,55.650001525878906,767,137.0500030517578
2011-08-01,681.25,1358.75,676.5,345.5,352.70001220703125,56.150001525878906,771.25,136.8249969482422
2011-08-02,711.25,1373,718,354,357.20001220703125,57.09000015258789,808,135
2011-08-03,706,1364,710.5,345.5,353,56.279998779296875,798,134.35000610351563
2011-08-04,693.75,1339.25,681.75,331.5,347.6000061035156,55.18000030517578,771,133.14999389648438
2011-08-05,693,1331.5,679,335.25,345.20001220703125,54.900001525878906,780.25,133.6999969482422
2011-08-08,675.25,1309.25,656.5,329.75,340.1000061035156,53.81999969482422,755.25,132.5749969482422
2011-08-09,678.25,1298.75,671.75,334,338,53.029998779296875,763,133.22500610351563
2011-08-10,678,1300.75,685,340.25,339.1000061035156,53.029998779296875,785,133.3000030517578
2011-08-11,702.5,1333.75,701.25,344,347.20001220703125,54.029998779296875,808,134.60000610351563
2011-08-12,701.75,1337,702.5,345,348.6000061035156,54.599998474121094,796,135.85000610351563
2011-08-15,707.25,1343.5,712.5,346.5,352,54.90999984741211,811,135.64999389648438
2011-08-16,714,1340,724.75,348,351.29998779296875,55,817.5,135.5749969482422
2011-08-17,711.5,1356.75,727.5,348,354.5,55.650001525878906,823.25,134.5
2011-08-18,699,1352,707.75,342.5,353,55.27000045776367,795,132.77499389648438
2011-08-19,711,1359.75,730.75,348.5,354.1000061035156,55.38999938964844,819,133.3000030517578
2011-08-22,720.5,1376.5,735.5,354,362.70001220703125,55.599998474121094,821.75,133.47500610351563
2011-08-23,730.25,1389.5,757.25,364.5,368.29998779296875,55.619998931884766,841,133.72500610351563
2011-08-24,731.75,1386.5,749.25,360.25,367,55.779998779296875,835,133.5
2011-08-25,732.25,1386,757.25,368,368,55.599998474121094,847.75,133.6750030517578
2011-08-26,752.5,1414.75,762.25,379,376,56.599998474121094,866,132.60000610351563
2011-08-29,756.25,1438,757.25,381.5,379.20001220703125,58,874,132.3249969482422
2011-08-30,763.5,1448.75,750.25,373,381.1000061035156,58.20000076293945,867.5,132.625
2011-08-31,757.5,1449,745.25,370,380.79998779296875,58.54999923706055,871,132.4499969482422
2011-09-01,728.75,1424.75,715.5,362,376.6000061035156,57.709999084472656,848,132.75
2011-09-02,750.25,1436,730,369,377.79998779296875,57.7400016784668,858,132.64999389648438
2011-09-06,746.75,1413.5,716.25,362.75,368.29998779296875,57.560001373291016,846,133.8000030517578
2011-09-07,736.5,1411,714.75,355.25,367.20001220703125,58.18000030517578,842,133.9250030517578
2011-09-08,723.25,1407.25,709.25,353.25,365.5,57.81999969482422,824,133.9499969482422
2011-09-09,726,1416.5,701,348.25,368.70001220703125,58.20000076293945,810.25,133.22500610351563
2011-09-12,734.25,1387.5,699.75,345,360.1000061035156,57.25,803,133.39999389648438
2011-09-13,709.25,1381.25,688.75,344,357.29998779296875,57.15999984741211,777.5,134.875
2011-09-14,713,1374,701.75,343.75,357.8999938964844,56.75,765.5,136.6999969482422
2011-09-15,701,1358.75,696,344,349.6000061035156,56.220001220703125,795.25,135.60000610351563
2011-09-16,692,1355.5,688.25,345.5,348.70001220703125,56.54999923706055,784,135.3000030517578
2011-09-19,692.25,1336,673,345.5,344.3999938964844,55.529998779296875,768,134.5
2011-09-20,690.25,1338,674.75,349,345.79998779296875,55.310001373291016,765,134.35000610351563
2011-09-21,685.75,1320.5,666.75,350,339.8999938964844,55.040000915527344,760.5,133.9499969482422
2011-09-22,650,1283,633.75,337,330.8999938964844,53.68000030517578,721,132.0500030517578
2011-09-23,638.5,1258,640.75,331.5,326,52.400001525878906,731.25,132.10000610351563
2011-09-26,648,1259.75,648.25,330,326.20001220703125,52.220001220703125,744,132.89999389648438
2011-09-27,652.25,1263,658.25,334.5,326.6000061035156,52.56999969482422,753,132.60000610351563
2011-09-28,630.75,1223.5,638.75,329.5,315.3999938964844,51.54999923706055,726.75,132.64999389648438
2011-09-29,632.5,1230,654.25,333,316.8999938964844,51.630001068115234,740,NA
2011-09-30,592.5,1179,609.25,328,304.70001220703125,49.95000076293945,704,140.52499389648438
2011-10-03,592.5,1177.5,619.5,328,303.20001220703125,49.7599983215332,702,141
2011-10-04,587.75,1160,604,324.5,298.29998779296875,48.790000915527344,686.5,138.89999389648438
2011-10-05,605.5,1163.75,625.25,325,301.5,49,699.75,139.35000610351563
2011-10-06,605.5,1163.75,616,324.5,299.70001220703125,48.91999816894531,697.75,139.10000610351563
2011-10-07,600,1158.25,607.5,321,300.1000061035156,49.06999969482422,684.5,139.625
2011-10-10,605,1177.5,611.5,324,304.70001220703125,49.86000061035156,686,139
2011-10-11,645,1235.5,660.75,339,316.8999938964844,51.95000076293945,729.75,138.47500610351563
2011-10-12,640.75,1239.5,626.75,345,320.1000061035156,51.599998474121094,711,138.22500610351563
2011-10-13,638.25,1257,618,341.75,325.20001220703125,52.20000076293945,701,138.6999969482422
2011-10-14,640,1270,622.75,340,328.3999938964844,53.20000076293945,707.5,139.89999389648438
2011-10-17,640.5,1253,624.25,339.5,323,52.900001525878906,714.25,140.14999389648438
2011-10-18,644,1250.75,625.25,339,324.29998779296875,52.70000076293945,711.5,139.75
2011-10-19,638.5,1225,619.5,337,319.29998779296875,51.47999954223633,705.5,139.1999969482422
2011-10-20,649.5,1225,630.75,337,320.29998779296875,51.38999938964844,725,139.27499389648438
2011-10-21,649.25,1212.25,632,337,316.5,51.25,723,139.39999389648438
2011-10-24,651,1226.75,642.5,341,321.5,51.790000915527344,735,139.85000610351563
2011-10-25,650.75,1225.5,636.25,336.5,322.20001220703125,51.5,733.5,139.64999389648438
2011-10-26,637.25,1210.5,619.5,330,317,50.88999938964844,716,139.72500610351563
2011-10-27,651.5,1235,644,333.5,323.5,52.11000061035156,738,139.9250030517578
2011-10-28,655,1217,644.5,336.25,317.5,51.77000045776367,738,141.10000610351563
2011-10-31,647,1207.5,628.25,334.5,316.1000061035156,51.16999816894531,725,140.0500030517578
2011-11-01,654.25,1192.25,630,335,310.70001220703125,50.79999923706055,718.5,142.85000610351563
2011-11-02,645,1193.5,623.5,334.5,310.5,50.849998474121094,713,142.3000030517578
2011-11-03,653.5,1219.25,636,332,314.5,52.029998779296875,720,142.0500030517578
2011-11-04,655.75,1212.5,636.75,329,315.3999938964844,51.869998931884766,718,142.5749969482422
2011-11-07,653.25,1192.25,638.75,325,309.29998779296875,51.20000076293945,724.5,142.02499389648438
2011-11-08,660.5,1195.25,657,328,307.6000061035156,51.849998474121094,738.5,141.5500030517578
2011-11-09,656,1175.75,643,324.25,303.1000061035156,50.9900016784668,713,141.5500030517578
2011-11-10,645.5,1158,620,321.75,297.8999938964844,50.52000045776367,697,142.0749969482422
2011-11-11,638.5,1166,616.75,321.5,299.5,50.97999954223633,704,142.14999389648438
2011-11-14,633.5,1172,615.75,319,299.20001220703125,51.220001220703125,692,142.52499389648438
2011-11-15,645.5,1200.25,632.75,322,301.3999938964844,52.599998474121094,705,143.5
2011-11-16,642.75,1187.75,616.75,318,296.3999938964844,52.47999954223633,687,143.39999389648438
2011-11-17,614.5,1168.25,592.5,300,294.5,51.400001525878906,666.5,143.125
2011-11-18,610.25,1168.25,598.25,304,298.3999938964844,50.880001068115234,668.5,147.4250030517578
2011-11-21,597.75,1148,591.5,300,289.6000061035156,49.88999938964844,667,146.1750030517578
2011-11-22,599,1153,594,303.5,292,50.779998779296875,661,147.02499389648438
2011-11-23,588.75,1122.5,579.25,292.5,282.5,49.31999969482422,649,145.8000030517578
2011-11-25,582.5,1106.5,574.5,292,282.70001220703125,48.22999954223633,643.5,144.625
2011-11-28,591.75,1121,574.75,297,287.79998779296875,48.90999984741211,641.25,144.72500610351563
2011-11-29,598,1125,594.5,317.5,286.1000061035156,49.18000030517578,656,144.8249969482422
2011-11-30,601.25,1131.25,595.75,343.75,290.3999938964844,49.27000045776367,651,146.02499389648438
2011-12-01,594.75,1128,602,322,287.20001220703125,49.52000045776367,663,146.10000610351563
2011-12-02,586.5,1135.75,612.25,318,286.3999938964844,50.04999923706055,676,147.0749969482422
2011-12-05,580.25,1126.25,598.75,300,281.1000061035156,50.06999969482422,666.5,144.3000030517578
2011-12-06,585.25,1129.5,598.75,300,282.20001220703125,49.97999954223633,667,142.125
2011-12-07,582.25,1131,583,294.25,283.70001220703125,50.2400016784668,652.25,142.72500610351563
2011-12-08,590,1132.5,576.75,295,282.70001220703125,50.20000076293945,650.5,142.47500610351563
2011-12-09,585.5,1107,573.5,300,275.5,49.34000015258789,653.75,142.10000610351563
2011-12-12,585.5,1112,575.5,300,278.1000061035156,49.060001373291016,642.75,143
2011-12-13,588.5,1118.5,591.75,306.5,282.20001220703125,48.9900016784668,649.75,143.89999389648438
2011-12-14,580,1100,588,305,280.6000061035156,48.58000183105469,625.75,143.75
2011-12-15,579,1111.75,579.25,299,282.8999938964844,48.97999954223633,637.5,143.97500610351563
2011-12-16,583,1130,583.75,301.25,290.29998779296875,49.54999923706055,639.5,143.0500030517578
2011-12-19,601,1137,599.75,307.25,293,49.04999923706055,658.5,144.6750030517578
2011-12-20,607,1144.5,607.75,309,295.20001220703125,49.380001068115234,668,144.3249969482422
2011-12-21,616.5,1153.75,617,311,299,49.45000076293945,671,144.375
2011-12-22,617.5,1162.25,621.75,310.75,298.3999938964844,50.45000076293945,672.5,146.875
2011-12-23,619.5,1163,622,311.25,297,50.959999084472656,675,147.625
2011-12-27,633.25,1199.75,644.75,318,307.70001220703125,51.84000015258789,695.75,147.14999389648438
2011-12-28,642.5,1198.25,651.25,316.5,310.1000061035156,51.779998779296875,699.25,147.1999969482422
2011-12-29,638,1187.5,645.25,306,306.6000061035156,51.13999938964844,698,146.875
2011-12-30,646.5,1198.5,652.75,309.5,309.3999938964844,52.09000015258789,717,146.35000610351563
2012-01-03,658.5,1218.25,657,298.5,315.79998779296875,52.79999923706055,712.5,146.6750030517578
2012-01-04,658.5,1221.5,650,293,317.5,52.72999954223633,714,147.75
2012-01-05,643.5,1201.25,629.25,290,310.29998779296875,51.77000045776367,686,147.875
2012-01-06,643.5,1189.5,624.75,287.25,309.6000061035156,50.79999923706055,680,147.3000030517578
2012-01-09,652,1225.75,641.75,295.5,320.20001220703125,52.02000045776367,698,147.8000030517578
2012-01-10,652,1223.75,639.75,299.25,319,52.20000076293945,698,148.85000610351563
2012-01-11,651.5,1197.5,641,298.5,310,51.59000015258789,701.75,148.6750030517578
2012-01-12,611.5,1178.5,605,284.25,306.1000061035156,51.150001525878906,673,149.47500610351563
2012-01-13,599.5,1160,602.25,282.5,304.79998779296875,50.20000076293945,670,150.5749969482422
2012-01-17,604,1183.5,604.75,286.75,310.5,50.77000045776367,673,150.64999389648438
2012-01-18,593.5,1183.5,592.25,284.25,312,50.400001525878906,653,150.9250030517578
2012-01-19,606,1197,605.75,292.75,315.70001220703125,51.060001373291016,658,151.6999969482422
2012-01-20,611.5,1187,610.5,294.5,311.8999938964844,50.43000030517578,667,151.625
2012-01-23,620,1217.5,619.75,295.5,321,51.41999816894531,673.5,151.89999389648438
2012-01-24,630.25,1220,633.5,294.5,323.5,51.349998474121094,686,152.3249969482422
2012-01-25,634.5,1213.5,641.25,298.25,321.1000061035156,51.38999938964844,697,152.52499389648438
2012-01-26,634.5,1222.75,653.5,300.75,323.6000061035156,51.939998626708984,709,153
2012-01-27,641.75,1219,647.25,298.75,322.20001220703125,51.59000015258789,700,154.60000610351563
2012-01-30,631.75,1185.25,644.75,292,312.70001220703125,50.25,697.5,154.35000610351563
2012-01-31,639,1199,666,298,319.29998779296875,50.869998931884766,715.5,155.52499389648438
2012-02-01,642,1215.25,674.25,305,322.29998779296875,51.18000030517578,722.5,155.85000610351563
2012-02-02,643,1217,662.75,308,323.3999938964844,51.189998626708984,717.75,155.375
2012-02-03,644.5,1232.5,660.75,314.25,328.6000061035156,51.650001525878906,712.75,154.4499969482422
2012-02-06,644.25,1233,668.5,327,327.5,52.15999984741211,719,154.125
2012-02-07,642.25,1232,662.25,327.75,325.3999938964844,52.16999816894531,712,155
2012-02-08,642.5,1231.5,660.75,328,321.70001220703125,52.58000183105469,710,155.27499389648438
2012-02-09,637,1227.5,646,318,321,52.540000915527344,692,155.14999389648438
2012-02-10,631.75,1229,630,318,320,52.529998779296875,673,153.625
2012-02-13,639.5,1252,641.25,325,330.5,53.04999923706055,683.25,154.72500610351563
2012-02-14,633.5,1255,635,323.25,330.1000061035156,53.02000045776367,675.5,156.25
2012-02-15,627,1261,626,324.5,332.79998779296875,53.349998474121094,670,156.625
2012-02-16,636.25,1258.25,628.75,323.75,330.79998779296875,53.04999923706055,683,156.8249969482422
2012-02-17,641.75,1267.5,644,323.75,332.5,53.400001525878906,689.5,158.4250030517578
2012-02-21,629.5,1271,633,320.5,330.20001220703125,54.060001373291016,677,158.60000610351563
2012-02-22,638.25,1272.25,644.5,319.25,331.29998779296875,54.220001220703125,685,158.4250030517578
2012-02-23,639.5,1276.75,641.75,320.5,332.8999938964844,54.20000076293945,680,157.64999389648438
2012-02-24,640.75,1279,641,319.5,333.6000061035156,54.290000915527344,681,157.6750030517578
2012-02-27,644.5,1293.75,645.75,320,340.8999938964844,54.459999084472656,685,156.4499969482422
2012-02-28,653.5,1305.25,662.25,320.75,346.5,54.41999816894531,699.5,155.75
2012-02-29,656.5,1313.5,664.25,330,351.20001220703125,54.09000015258789,699,157.22500610351563
2012-03-01,653.75,1316.75,659.25,327.25,353.70001220703125,53.939998626708984,697,158.5749969482422
2012-03-02,659,1328.25,670.75,328,357.29998779296875,53.7599983215332,710.5,158.10000610351563
2012-03-05,666.25,1319.25,667.75,332,356.20001220703125,53.40999984741211,705.5,156.4499969482422
2012-03-06,658,1329.75,654,323,363.1000061035156,52.91999816894531,687.5,154.14999389648438
2012-03-07,643.75,1321.5,633,323,360.8999938964844,52.61000061035156,677.75,153.89999389648438
2012-03-08,645,1332.5,630.5,312.5,363.20001220703125,53.02000045776367,673.25,154.97500610351563
2012-03-09,654,1331.75,638.75,311,358.6000061035156,53.95000076293945,679.5,153.9250030517578
2012-03-12,671.5,1330.5,652.75,328.25,358.3999938964844,53.630001068115234,691.5,154.35000610351563
2012-03-13,674,1348.75,651.5,331.5,363.79998779296875,54.52000045776367,685,155.52499389648438
2012-03-14,669.5,1356,651.75,326,362,54.5099983215332,678.5,155.1999969482422
2012-03-15,669,1369,664.75,329,371.3999938964844,55.47999954223633,704.5,154.375
2012-03-16,673,1374,672,334.25,374.3999938964844,55.5,705.5,153.39999389648438
2012-03-19,663.5,1366.5,652.25,334.25,370.8999938964844,55.400001525878906,691.5,152.9499969482422
2012-03-20,647.5,1345,642.5,331,365.6000061035156,54.33000183105469,680.5,152.72500610351563
2012-03-21,642,1355,636.25,325.5,369.79998779296875,54.380001068115234,675,153.3000030517578
2012-03-22,644.5,1349.5,646.25,328.25,370.1000061035156,53.959999084472656,684,153.4499969482422
2012-03-23,646.5,1365.75,654.25,333,373,54.880001068115234,694.5,153.3000030517578
2012-03-26,637.75,1379.5,659.5,332.75,377.8999938964844,55.43000030517578,699,153.64999389648438
2012-03-27,630.75,1369.75,639.75,340,376,55.099998474121094,679,153.8249969482422
2012-03-28,620.25,1367.5,630.75,342.25,377.70001220703125,54.599998474121094,670,153.8000030517578
2012-03-29,604,1355.5,612.5,335.5,375,53.59000015258789,654,154.25
2012-03-30,644,1403,660.75,341.25,388.70001220703125,55.099998474121094,697.5,148.8249969482422
2012-04-02,655,1421,657,334.75,391.20001220703125,56.15999984741211,690,149.52499389648438
2012-04-03,658.25,1416.75,658,336,386.5,55.900001525878906,690,149.25
2012-04-04,656.75,1419.5,639.25,335,388.20001220703125,56.02000045776367,669.5,148.6750030517578
2012-04-05,658.25,1434,638.5,337,391.8999938964844,56.63999938964844,662,148.72500610351563
2012-04-09,649,1431,643,338.25,388.79998779296875,56.709999084472656,660,148.14999389648438
2012-04-10,634.75,1426,625.75,333,389.79998779296875,56.970001220703125,641,147.0749969482422
2012-04-11,636,1422,628,329.25,386.79998779296875,56.45000076293945,644,148.60000610351563
2012-04-12,637.5,1441,639.25,334,394.6000061035156,57.22999954223633,653,151.10000610351563
2012-04-13,629.25,1436.75,623.5,327.75,395.79998779296875,56.52000045776367,643,150.52499389648438
2012-04-16,623.25,1420,616.25,323,391.3999938964844,55.65999984741211,630.5,150.35000610351563
2012-04-17,616.75,1425.75,615.5,320.75,393.79998779296875,55.7599983215332,632,151.35000610351563
2012-04-18,601.75,1407.75,610.75,320.75,390.6000061035156,55.189998626708984,626,151.39999389648438
2012-04-19,621,1415.75,624.75,322.75,391.8999938964844,55.16999816894531,637.5,150.875
2012-04-20,612.5,1446.75,615.75,322.25,406,55.83000183105469,626,150.125
2012-04-23,622.5,1437.25,625,326,399.79998779296875,55.09000015258789,635.25,149.4250030517578
2012-04-24,618.25,1461.25,624.5,340.25,412.1000061035156,55.290000915527344,633,148.39999389648438
2012-04-25,611,1473.5,616.5,339.25,413.8999938964844,55.650001525878906,632,148.85000610351563
2012-04-26,624,1481.25,626,337.75,419.6000061035156,55.369998931884766,639.25,149.10000610351563
2012-04-27,653,1496.75,642.25,335.75,427.3999938964844,55.18000030517578,646.5,148.77499389648438
2012-04-30,660.25,1503,647.75,336.75,434.29998779296875,54.65999984741211,649.25,149.8249969482422
2012-05-01,659.75,1497.75,633.75,336.25,432.5,54.52000045776367,645.5,150.1750030517578
2012-05-02,642.25,1480,607,330.25,428.5,54.33000183105469,618.25,149.97500610351563
2012-05-03,650.75,1468.75,608.25,336,425.20001220703125,53.79999923706055,620.75,152.625
2012-05-04,662.25,1475,603.75,331.5,432.1000061035156,53.29999923706055,613.75,152.5500030517578
2012-05-07,665,1463.5,606.25,331.5,425.20001220703125,53.209999084472656,619.25,152.77499389648438
2012-05-08,666,1437.75,609,332.25,416.6000061035156,52.900001525878906,625,151.375
2012-05-09,641.25,1427.75,591.25,332,414.8999938964844,52.459999084472656,608,150.64999389648438
2012-05-10,625.5,1452.25,594.75,333.25,423.8999938964844,53.150001525878906,609.5,150.35000610351563
2012-05-11,608,1404,592.75,332,411,51.900001525878906,601,149.6999969482422
2012-05-14,608,1390,597.75,329.5,406.79998779296875,50.79999923706055,605.5,149.4250030517578
2012-05-15,597.25,1413,608.5,330.25,417.20001220703125,51.470001220703125,627.5,149.4250030517578
2012-05-16,620,1422,638.75,337.5,425,50.43000030517578,656,149.85000610351563
2012-05-17,625,1438,657.75,338.5,428,50.720001220703125,672,150.625
2012-05-18,635.5,1405,695.25,340,417.8999938964844,50.31999969482422,705,151.3000030517578
2012-05-21,633,1412.5,704,342,416.5,50.91999816894531,715,151.875
2012-05-22,597,1382.25,685.5,333.5,405,50.459999084472656,701.5,152.52499389648438
2012-05-23,603.5,1362.5,665.5,325,405.79998779296875,48.90999984741211,686.5,152.4250030517578
2012-05-24,578.5,1376,663,305,410.79998779296875,49.41999816894531,687,152.39999389648438
2012-05-25,578.5,1382,680,296.25,409.29998779296875,50.119998931884766,700,158.5
2012-05-29,562.5,1386.75,656.75,280.5,412.5,50.16999816894531,678,157.5749969482422
2012-05-30,559.5,1373.25,653.75,270.75,409.8999938964844,49.689998626708984,679,156.0749969482422
2012-05-31,555.25,1340,643.75,280.75,394.5,49.20000076293945,665,156.8000030517578
2012-06-01,551.5,1344.25,612.25,285,394.5,48.59000015258789,637,157.375
2012-06-04,568,1340,627.75,287.5,396.1000061035156,48.310001373291016,655,158.47500610351563
2012-06-05,567.5,1349.5,613.25,289,400,48.5,638,159.1750030517578
2012-06-06,586.25,1386.25,624.25,294.25,414.6000061035156,49.25,655,157.9499969482422
2012-06-07,594,1428,641.75,300,425.5,50.38999938964844,668.5,159.10000610351563
2012-06-08,598,1426.25,630.25,303.25,429.79998779296875,49.459999084472656,656,159.375
2012-06-11,592,1424.75,630.5,295.25,428,49.7400016784668,653,160.25
2012-06-12,584,1435,616,295.75,433,49.720001220703125,640.75,161.14999389648438
2012-06-13,592.5,1408.25,616,305.75,422,49.099998474121094,640.5,158.35000610351563
2012-06-14,601.5,1386,623.5,305.75,416.5,48,646,156.1999969482422
2012-06-15,579.5,1376,609.5,307.75,410.1000061035156,48.439998626708984,630,156.02499389648438
2012-06-18,599.5,1384.25,630.25,316,412.8999938964844,48.7599983215332,650.5,156.125
2012-06-19,612.5,1433.75,649.5,324.5,427.8999938964844,50.439998626708984,670,153.60000610351563
2012-06-20,611.75,1446.5,664,325,427.3999938964844,50.810001373291016,686.5,152.75
2012-06-21,586.5,1438.5,661.75,314.25,429,49.810001373291016,683,152.64999389648438
2012-06-22,591,1442.5,673.25,328.75,422,49.7400016784668,686,152.8000030517578
2012-06-25,631,1482.5,724.25,348.75,432.79998779296875,51.27000045776367,733,149.8000030517578
2012-06-26,646,1470.5,729,358.75,427.20001220703125,50.880001068115234,735.75,147.6999969482422
2012-06-27,649.5,1471,732,347.75,428,51.36000061035156,744,148.85000610351563
2012-06-28,652,1466,726,334,426.6000061035156,50.91999816894531,735,150.4499969482422
2012-06-29,672.5,1512.75,739,336,436,52.209999084472656,738.5,151.4499969482422
2012-07-02,692.5,1532.25,754.5,346,442.5,52.18000030517578,759.5,149.64999389648438
2012-07-03,718.75,1572.25,782.25,348.75,454.1000061035156,52.95000076293945,785,147.39999389648438
2012-07-05,768,1626.5,822.5,356,474.29998779296875,54.150001525878906,827.25,145.9499969482422
2012-07-06,743.25,1619.75,791.25,351.5,471.6000061035156,53.27000045776367,789.5,146.52499389648438
2012-07-09,775.25,1665,810.75,374.75,485.5,54.43000030517578,817.5,144.27499389648438
2012-07-10,761,1648.75,804.75,375.75,482.20001220703125,54.209999084472656,812,143.35000610351563
2012-07-11,750.75,1623,807.75,361.5,478,53.619998931884766,821,144.22500610351563
2012-07-12,771.25,1625.75,832.75,367.75,478.79998779296875,53.150001525878906,837,141.22500610351563
2012-07-13,755.75,1642,842,365.25,488.8999938964844,53.56999969482422,841,139
2012-07-16,776.75,1633.75,884.5,380.25,487.29998779296875,54.650001525878906,884.5,136
2012-07-17,779.5,1639,885,377.75,494,54.13999938964844,893,134.1999969482422
2012-07-18,795,1683.5,903.25,380,514,54.0099983215332,906,137.1999969482422
2012-07-19,807.75,1733.75,935,383.5,532,54.400001525878906,938,139.10000610351563
2012-07-20,824.5,1757.5,943.25,387,543,54.36000061035156,941,136.10000610351563
2012-07-23,814,1698.5,912.75,380.5,523,53.75,914,135.64999389648438
2012-07-24,790,1649.25,878.75,362.5,509.79998779296875,51.58000183105469,880.5,137.6750030517578
2012-07-25,794.5,1694.25,903.25,372.75,529.79998779296875,52.2400016784668,904,134.6750030517578
2012-07-26,781.25,1655.75,884,369.5,518.79998779296875,51.68000030517578,890,136
2012-07-27,798.5,1684.25,898,377,527.70001220703125,52.040000915527344,906,137.75
2012-07-30,820,1725.75,914.5,384.25,546.29998779296875,52.56999969482422,917,138.25
2012-07-31,806.5,1721,888.25,380.25,544.70001220703125,52.54999923706055,892.5,138.625
2012-08-01,800.5,1682.25,879.5,371,537.20001220703125,51.72999954223633,884,139.77499389648438
2012-08-02,794,1653,865,371.75,523.70001220703125,51.540000915527344,869,139.75
2012-08-03,810,1656.25,891.25,378,531.5,52.040000915527344,896,138.9499969482422
2012-08-06,803,1607.5,893.25,373.5,518.20001220703125,51.47999954223633,896,138.4250030517578
2012-08-07,796,1605.25,889,370.25,512.29998779296875,51.290000915527344,896,138.64999389648438
2012-08-08,810.75,1630,899.25,375.75,521.9000244140625,51.58000183105469,903.75,139.77499389648438
2012-08-09,818.25,1694.5,913,389.5,538.70001220703125,52.38999938964844,915,139.10000610351563
2012-08-10,800,1709.5,885.25,388.25,544.5,53.599998474121094,893,139.47500610351563
2012-08-13,782.75,1656.25,856.75,372.25,526.29998779296875,52.95000076293945,868,141.4499969482422
2012-08-14,779.75,1680,839.75,368.5,530.79998779296875,52.83000183105469,852,142.9250030517578
2012-08-15,794,1659.75,846.75,376.25,520,53.06999969482422,858,142.0749969482422
2012-08-16,797.75,1656.25,861.75,383.5,516.5,53.040000915527344,872.5,140.3249969482422
2012-08-17,798.5,1671,874.5,383.75,522.70001220703125,53.11000061035156,885.5,140.4250030517578
2012-08-20,815.25,1703.75,879.5,388.5,532.5999755859375,53.88999938964844,891,140.5500030517578
2012-08-21,831.25,1753.5,900.5,396.75,543.5999755859375,55.56999969482422,908.25,139.8000030517578
2012-08-22,830.25,1748,896.5,393,535.70001220703125,56.16999816894531,905.25,140.22500610351563
2012-08-23,808.75,1727.25,874.5,387.5,527.79998779296875,56.119998931884766,883,141.27499389648438
2012-08-24,802.25,1737.5,867.5,388.5,533.4000244140625,56.2400016784668,876.25,140.5
2012-08-27,794.5,1729.75,862,379,531.79998779296875,55.90999984741211,873,140.27499389648438
2012-08-28,789.5,1732.5,854.75,374,534.20001220703125,55.72999954223633,867.5,140.3000030517578
2012-08-29,810.25,1763.25,885.5,387.25,543.29998779296875,56.63999938964844,896.25,140.39999389648438
2012-08-30,811.5,1770.25,883.5,387.5,548.0999755859375,56.59000015258789,889.75,140.1750030517578
2012-08-31,802.75,1764.5,870,388.5,547.0999755859375,56.41999816894531,880.75,144.60000610351563
2012-09-04,807,1771,866,386.25,541.4000244140625,57.56999969482422,881.25,145
2012-09-05,789.75,1748,845.75,381,532,57.36000061035156,863,145.0500030517578
2012-09-06,797.25,1744.5,872,386,531.79998779296875,56.779998779296875,887.5,144.625
2012-09-07,795,1731.75,884.75,385.75,531.5999755859375,56.06999969482422,899.25,144.3000030517578
2012-09-10,781,1713,868.25,379.5,527.20001220703125,55.959999084472656,884.5,144.9499969482422
2012-09-11,782.25,1696.5,860,383.5,523.9000244140625,55.310001373291016,884,144.64999389648438
2012-09-12,771,1740.75,867,380.5,535.4000244140625,55.90999984741211,892.75,144.9499969482422
2012-09-13,776.75,1743.5,879,384.75,533.5,56.459999084472656,903.75,145
2012-09-14,777.5,1736.5,897.5,388.75,524.5999755859375,56.63999938964844,929,145
2012-09-17,748,1669,878,384.5,503.5,54.97999954223633,901.25,145.3249969482422
2012-09-18,740,1640,863.5,374,491.3999938964844,54.90999984741211,889,145.27499389648438
2012-09-19,756.5,1669.5,881.5,375.75,499.70001220703125,55.83000183105469,910,144.8249969482422
2012-09-20,746,1618.75,879.5,373.25,482.29998779296875,54.630001068115234,909.5,144.125
2012-09-21,748.25,1621.75,897.25,376,484.5,54.45000076293945,926.25,143.8000030517578
2012-09-24,744.75,1610,892,376.5,481.6000061035156,53.7599983215332,913.25,143.77499389648438
2012-09-25,743.75,1611.5,886.5,378.25,485.20001220703125,53.09000015258789,911,143.1999969482422
2012-09-26,724.75,1573,869.25,375,475.1000061035156,51.650001525878906,894.5,143.4499969482422
2012-09-27,716.25,1570.75,855.5,368.25,473.1000061035156,52.11000061035156,878.25,143.27499389648438
2012-09-28,756.25,1601,902.5,370.5,487,52.18000030517578,927.5,143.8000030517578
2012-10-01,756.75,1560.25,884.25,366.5,474.6000061035156,50.720001220703125,907,144.6750030517578
2012-10-02,758.25,1530.5,871.5,360.25,463.3999938964844,50.27000045776367,892.25,145.375
2012-10-03,756.75,1531.75,873,363.25,465.5,50.33000183105469,891,145.3000030517578
2012-10-04,757,1551.5,869.25,370.75,470.79998779296875,51,886.75,144.47500610351563
2012-10-05,748,1551.5,857.5,367.25,474.70001220703125,50.7599983215332,878.75,144.8249969482422
2012-10-08,742,1551,861,370.5,478.5,50.47999954223633,882.75,144.8249969482422
2012-10-09,742,1550,864.25,378,478.1000061035156,50.81999969482422,888.75,144.6999969482422
2012-10-10,736.75,1523.25,869.75,383.5,470.1000061035156,50.16999816894531,897.5,144.72500610351563
2012-10-11,773.25,1548.5,886,388.5,482.70001220703125,50.880001068115234,918,142.75
2012-10-12,752.75,1522.5,856.75,392,474.29998779296875,49.88999938964844,890.25,143.10000610351563
2012-10-15,737.25,1492.5,848.25,388,456.1000061035156,50.0099983215332,881.25,144.35000610351563
2012-10-16,738.25,1493.75,847.75,392.5,452.79998779296875,50.470001220703125,882.75,146.10000610351563
2012-10-17,745.5,1509.25,856.25,395.75,454.70001220703125,51.029998779296875,894,146.9499969482422
2012-10-18,760.75,1545.5,868.5,394,463.29998779296875,52.29999923706055,904.75,146.85000610351563
2012-10-19,761.5,1534.25,872.5,394.25,463.79998779296875,51.58000183105469,908,146.14999389648438
2012-10-22,761.25,1546.5,878.25,395.5,471,51.65999984741211,915.5,145.6750030517578
2012-10-23,756,1553.25,868.75,386,476.20001220703125,51.31999969482422,907.75,145.4250030517578
2012-10-24,754.5,1570.5,884,386.75,481.8999938964844,51.84000015258789,921.25,145.4250030517578
2012-10-25,742,1564,872.75,387.75,481.3999938964844,51.45000076293945,914.25,145.3000030517578
2012-10-26,737.75,1561.25,863.75,389.75,483.3999938964844,50.959999084472656,909.25,145.3249969482422
2012-10-31,755.75,1547,864.5,389,482.20001220703125,50.15999984741211,904,146.3000030517578
2012-11-01,751,1558.5,868.5,380.25,484.29998779296875,50.43000030517578,908.5,144.64999389648438
2012-11-02,739.5,1527,864.5,367,475.8999938964844,49.2599983215332,908.75,144.89999389648438
2012-11-05,735.5,1504.25,866,358,469,48.31999969482422,909,144.89999389648438
2012-11-06,741,1516.75,877,360,472.70001220703125,48.68000030517578,919.5,144.85000610351563
2012-11-07,744.25,1508.75,894,365.25,469.5,48.619998931884766,931.5,144.1999969482422
2012-11-08,741.25,1499.25,902.5,363.75,462.8999938964844,48.77000045776367,937,144.5
2012-11-09,738.75,1452,886.5,363.5,449.70001220703125,47.77000045776367,922.25,144.1999969482422
2012-11-12,718,1411,857.75,359.25,431.3999938964844,47.38999938964844,890.5,144
2012-11-13,723.5,1427,851,363.75,433.1000061035156,47.02000045776367,887.75,143.52499389648438
2012-11-14,725.75,1432.75,848.75,367.5,436,47.66999816894531,889.75,143.1999969482422
2012-11-15,721.25,1402,845.5,364.5,430.5,47.459999084472656,886.5,143.39999389648438
2012-11-16,727,1383.25,838,364.5,424.6000061035156,47.04999923706055,876,145.60000610351563
2012-11-19,738.75,1394.75,841.75,375.5,424.6000061035156,47.88999938964844,876,146
2012-11-20,743.25,1412.75,845,376.5,429.6000061035156,48.31999969482422,877.5,146.0500030517578
2012-11-21,741,1408.25,845.25,370,427.8999938964844,48.529998779296875,876.25,147.375
2012-11-23,745.5,1418.75,847.75,369,428.6000061035156,49.040000915527344,878.25,147.875
2012-11-26,747.25,1424.75,849,368.75,431.70001220703125,49.27000045776367,884.25,147.35000610351563
2012-11-27,760,1449.25,873,373,439.29998779296875,50.119998931884766,915.75,146.9250030517578
2012-11-28,760.25,1446.25,876,370.75,439.8999938964844,50.11000061035156,918.25,146.0749969482422
2012-11-29,751.5,1448,869.25,360.75,442.70001220703125,49.77000045776367,917.25,146.75
2012-11-30,748,1438.75,844.75,360.75,442.3999938964844,49.40999984741211,897.5,145.625
2012-12-03,749,1453.75,842,366.75,445.20001220703125,49.900001525878906,892.75,145.60000610351563
2012-12-04,746.5,1455.5,838.5,367.25,447.79998779296875,49.7400016784668,887.75,145.5749969482422
2012-12-05,753.25,1479.25,842.25,380,453.20001220703125,50.65999984741211,893,146.39999389648438
2012-12-06,747.75,1491.25,845.25,381.25,458,50.869998931884766,898,148.25
2012-12-07,732.75,1472.25,844.25,374.75,450.5,50.81999969482422,896,148.77499389648438
2012-12-10,726.75,1474.75,832.75,374,452.3999938964844,50.83000183105469,890,149.77499389648438
2012-12-11,724.25,1472,805.75,372.75,455,49.869998931884766,868.75,152.0749969482422
2012-12-12,721,1473.5,794.75,369.25,459.5,49.18000030517578,853.25,152.75
2012-12-13,712.25,1476.5,793,369.75,460.5,48.619998931884766,850.75,153.125
2012-12-14,718.75,1496,801,374.75,460.1000061035156,49.630001068115234,852.25,153.0749969482422
2012-12-17,724,1496.25,808,389.25,455.3999938964844,49.790000915527344,856.25,154.25
2012-12-18,720,1466,811.25,380.5,444.8999938964844,49.16999816894531,860.5,152.1999969482422
2012-12-19,703,1437,805.75,375.25,436.5,48.40999984741211,858,153.47500610351563
2012-12-20,696.5,1408.75,790.5,359.75,427.70001220703125,47.90999984741211,843.75,152.27499389648438
2012-12-21,702,1430.75,792,364.75,433.79998779296875,48.709999084472656,842,152.14999389648438
2012-12-24,704.25,1439.75,793.75,365,434.79998779296875,48.939998626708984,844.5,151.5
2012-12-26,693.25,1424.5,774.5,360,431.29998779296875,48.290000915527344,824.5,152.0749969482422
2012-12-27,691.5,1418.75,772.25,353,429.79998779296875,48.290000915527344,823.25,151.27499389648438
2012-12-28,694,1424,778.75,349,427.70001220703125,48.939998626708984,826,152.02499389648438
2012-12-31,698.25,1418.75,778,347.5,420.6000061035156,49.15999984741211,831,151.39999389648438
2013-01-02,690.75,1405.5,755.25,335.5,407.1000061035156,50.52000045776367,811,151.1999969482422
2013-01-03,689.25,1403,755.5,337.75,405.6000061035156,50.209999084472656,811.25,152.35000610351563
2013-01-04,680.25,1389,747.25,332.75,398.20001220703125,49.41999816894531,804.5,153.1750030517578
2013-01-07,685.5,1410.75,751.25,331.5,408.5,49.5,807.5,153.25
2013-01-08,688.75,1413.75,750.5,331.75,410.6000061035156,49.13999938964844,808.75,152.72500610351563
2013-01-09,694.25,1419.75,745.5,336.5,411.29998779296875,49.2400016784668,801.25,151.5
2013-01-10,698.75,1417.5,744.5,339.5,408.70001220703125,49.38999938964844,796.5,150.85000610351563
2013-01-11,708.75,1424.75,754.75,346.75,403.1000061035156,48.880001068115234,807,149.875
2013-01-14,724,1459.75,767,354,417.8999938964844,50.16999816894531,823.5,149.4499969482422
2013-01-15,730.5,1413.5,782.75,356.5,411.8999938964844,50.869998931884766,838.25,148.3249969482422
2013-01-16,731.25,1436.5,785,357.25,419.1000061035156,51.310001373291016,842.5,147.0749969482422
2013-01-17,724.5,1430.25,781.25,355,414,51.4900016784668,837,144.39999389648438
2013-01-18,727.5,1429.25,791.25,355.5,414.3999938964844,51.68000030517578,843.75,143.89999389648438
2013-01-22,728.5,1451.75,779.25,359,421.6000061035156,52.43000030517578,830.75,144.39999389648438
2013-01-23,720.75,1437,774.75,359.75,416.5,52.029998779296875,830.25,144.1999969482422
2013-01-24,724.25,1435.25,768.5,361,414.70001220703125,52.11000061035156,821.5,144.60000610351563
2013-01-25,720.75,1441,776.5,363,416.3999938964844,52.099998474121094,829.5,144.6999969482422
2013-01-28,729.25,1447.75,779.25,361.25,420.29998779296875,51.88999938964844,832.75,145.8000030517578
2013-01-29,729.5,1451.75,777,360,423.70001220703125,51.709999084472656,830.75,145.8000030517578
2013-01-30,740.25,1478.75,787,362,432.70001220703125,52.599998474121094,840.75,145.8249969482422
2013-01-31,740.5,1468.5,779.5,360,426.3999938964844,52.86000061035156,837.75,146.3000030517578
2013-02-01,736,1474.25,765,359.25,428.20001220703125,52.9900016784668,822,149.1999969482422
2013-02-04,734.25,1488.75,763,359.75,434.29998779296875,53.11000061035156,817,148.875
2013-02-05,729,1495.5,757.5,366.25,438.5,52.97999954223633,807.25,148.52499389648438
2013-02-06,722.5,1487.5,761.5,377.75,437.1000061035156,52.45000076293945,809.75,147.5500030517578
2013-02-07,710.75,1486.75,756,381.5,437.6000061035156,51.849998474121094,801,147.1999969482422
2013-02-08,709,1452.5,756.25,385.75,422.3999938964844,51.43000030517578,799.75,145
2013-02-11,702.25,1431.5,741.5,381,413,51.2400016784668,788.75,144.8000030517578
2013-02-12,696.25,1420.75,732,377.75,410.29998779296875,51.099998474121094,778,143.25
2013-02-13,695.5,1423,735.5,380,408.1000061035156,51.65999984741211,780.25,141.35000610351563
2013-02-14,694.75,1418,732,380,407.20001220703125,51.70000076293945,775,142.6750030517578
2013-02-15,698.75,1424.5,742.25,379,409.3999938964844,51.619998931884766,777.5,143.375
2013-02-19,695.25,1470.25,732.25,377.75,425.29998779296875,52.529998779296875,769,143.1750030517578
2013-02-20,700.5,1482.75,738.5,387.75,433.6000061035156,52.06999969482422,777.25,140.72500610351563
2013-02-21,690.75,1487.75,721.25,389.5,437.29998779296875,51.310001373291016,757.25,140.6999969482422
2013-02-22,690.25,1461.25,715,388,426.8999938964844,50.349998474121094,749.75,141.25
2013-02-25,693.5,1451.25,699.25,377.5,425.6000061035156,50.06999969482422,731.5,140.8000030517578
2013-02-26,705,1447.75,705.75,380,427.70001220703125,49.02000045776367,732.75,141.1750030517578
2013-02-27,709.5,1457.5,704.25,382.75,429.29998779296875,49.27000045776367,734.25,141.4499969482422
2013-02-28,719.5,1474.25,707.75,391.75,434.79998779296875,48.81999969482422,747,142
2013-03-01,724.25,1464.5,713.25,402.5,427.29998779296875,49.470001220703125,756,141.5500030517578
2013-03-04,723,1490.25,696,403.5,432.20001220703125,50.04999923706055,737,142.52499389648438
2013-03-05,732,1496.5,696.25,397.5,434.8999938964844,49.91999816894531,736.25,141.75
2013-03-06,708,1484.5,676.25,394.75,434.20001220703125,50.060001373291016,729.5,140.9250030517578
2013-03-07,711.5,1503.5,686.75,395,436,50.400001525878906,740,140.47500610351563
2013-03-08,725.25,1508.5,690,404.25,436.1000061035156,50.15999984741211,738.25,138.97500610351563
2013-03-11,734.5,1514.75,694,423,438.1000061035156,50.2400016784668,738.25,138.1999969482422
2013-03-12,741,1489.75,700.5,425,436.3999938964844,49.83000183105469,735,138.8000030517578
2013-03-13,741.25,1475,707.25,423.25,427,49.36000061035156,729.25,139
2013-03-14,732.75,1457.25,714.25,428.5,422.79998779296875,49.09000015258789,742.75,138.27499389648438
2013-03-15,717,1426,723,401.75,418.79998779296875,49.90999984741211,751.5,136.6750030517578
2013-03-18,720,1409.5,712.75,395.5,413.29998779296875,49.68000030517578,744.25,136.6999969482422
2013-03-19,728.5,1406.75,722,396,411.6000061035156,49.47999954223633,751.75,136
2013-03-20,732.5,1419.75,736,399.25,413.79998779296875,49.84000015258789,766.25,135.10000610351563
2013-03-21,733,1449,728.75,395,422.8999938964844,50.41999816894531,760.5,135.14999389648438
2013-03-22,726.25,1440.5,729.75,396.25,419.29998779296875,50.43000030517578,761.5,134.64999389648438
2013-03-25,733.25,1437.25,727.25,401,417.79998779296875,50.439998626708984,759,134.72500610351563
2013-03-26,730.25,1447.75,731.5,399.75,420.20001220703125,50.81999969482422,768.5,134.85000610351563
2013-03-27,735.25,1453.75,736.75,412.5,423.1000061035156,50.81999969482422,774,135.27499389648438
2013-03-28,695.25,1404.75,687.75,396.25,404.6000061035156,50.11000061035156,726.75,NA
2013-04-01,642.25,1390.75,664,376.25,398.5,50.060001373291016,709.75,145.52499389648438
2013-04-02,640.5,1394,670.75,367.5,402.1000061035156,49.59000015258789,716.75,144.72500610351563
2013-04-03,641.5,1380.25,696.5,362,398,49.150001525878906,735.25,144.5500030517578
2013-04-04,630,1372,694,359,397.1000061035156,48.54999923706055,721.75,143.89999389648438
2013-04-05,629,1361.75,699,359.5,391.79998779296875,48.83000183105469,726,142.5749969482422
2013-04-08,633.5,1378,712.5,363.75,393.29998779296875,49.52000045776367,745,142.75
2013-04-09,644.25,1395.5,708.75,367.5,394.79998779296875,49.97999954223633,746.5,142.625
2013-04-10,649,1392.75,696.75,369.25,392.8999938964844,50.029998779296875,730,140.5
2013-04-11,651.25,1402,697.75,373.75,395,49.77000045776367,738.75,139.22500610351563
2013-04-12,658.5,1413,714.75,380.5,400.20001220703125,49.22999954223633,753,137.9250030517578
2013-04-15,646.75,1395,693.75,368.5,393.29998779296875,48.18000030517578,732.5,136.60000610351563
2013-04-16,663.25,1411.5,703.5,374.75,401.29998779296875,48.97999954223633,741.75,136.9499969482422
2013-04-17,660.5,1422.25,703.75,386.5,407.29998779296875,49.38999938964844,742,136.52499389648438
2013-04-18,644.5,1430.5,702.75,388.5,411,49.65999984741211,743.75,134.4499969482422
2013-04-19,652,1428.25,709,392,412.3999938964844,49.15999984741211,746,134.02499389648438
2013-04-22,645.75,1417.25,702.25,400.5,410,48.619998931884766,739.5,133.625
2013-04-23,638.5,1419.75,697.5,397,411.70001220703125,48.56999969482422,737.25,133.75
2013-04-24,639.5,1404,691.75,390.25,405.8999938964844,49.18000030517578,739,133.75
2013-04-25,645.25,1423.5,701.25,394.5,414.29998779296875,49.77000045776367,763.75,134.02499389648438
2013-04-26,644,1430.75,688.75,390.75,417.8999938964844,49.65999984741211,756.5,141.8000030517578
2013-04-29,684,1471.75,709.75,411,431.3999938964844,49.459999084472656,780.75,140.4250030517578
2013-04-30,683.25,1467.75,721.75,415.5,428.29998779296875,49.130001068115234,798,139.5500030517578
2013-05-01,681.75,1437.5,710.5,390.25,415.6000061035156,48.63999938964844,794.25,139.5
2013-05-02,697.5,1441,718.75,416.25,418.6000061035156,48.41999816894531,802.25,140.60000610351563
2013-05-03,699.5,1455,711.25,421.5,417.79998779296875,49.15999984741211,790,138.77499389648438
2013-05-06,678.75,1444.5,693,412.5,413.1000061035156,48.689998626708984,768.75,138.39999389648438
2013-05-07,676.5,1463.5,699.5,407.75,416.29998779296875,49.09000015258789,769.75,136.875
2013-05-08,675,1479,696.75,408.75,425.29998779296875,48.65999984741211,771.75,135.60000610351563
2013-05-09,694.5,1491.25,716.25,413,440.1000061035156,49.06999969482422,792,135.75
2013-05-10,687.75,1488.25,696.75,409,444.29998779296875,49.16999816894531,771.5,135.375
2013-05-13,718,1521,701.5,412.5,457.8999938964844,49.61000061035156,760.5,134.85000610351563
2013-05-14,706.75,1524.5,701.5,415.25,461,49.2599983215332,760,135.5
2013-05-15,650.75,1412.75,693.75,379.5,410.5,49.349998474121094,751.75,135.0749969482422
2013-05-16,641.5,1427.5,687.75,377.75,414.8999938964844,49.52000045776367,743.5,135.02499389648438
2013-05-17,652.75,1448.5,683.25,375.5,425.1000061035156,49.52000045776367,737.25,133.89999389648438
2013-05-20,649.5,1464.5,685.25,363.25,435.29998779296875,49.20000076293945,745,132.52499389648438
2013-05-21,640,1478.25,680.5,355,438.70001220703125,49.47999954223633,738.5,131.89999389648438
2013-05-22,658.5,1494.25,688.5,366.5,440.6000061035156,49.63999938964844,743.25,131.625
2013-05-23,662,1499.5,703.25,370.25,437,49.65999984741211,754.5,131.625
2013-05-24,657.25,1476.25,697.5,365,428.20001220703125,49.2400016784668,745.75,144.5500030517578
2013-05-28,666.5,1509.25,693.75,366.25,442.29998779296875,49.540000915527344,743.5,145.47500610351563
2013-05-29,665,1501.75,702.75,363,444.29998779296875,48.630001068115234,747.75,145.625
2013-05-30,654.25,1495.75,698.75,368,440.79998779296875,48.58000183105469,746,144.1750030517578
2013-05-31,662,1510,705.5,374.25,447.20001220703125,48.380001068115234,751,144.3249969482422
2013-06-03,655.75,1532.5,708.75,379.5,454.3999938964844,48.65999984741211,751.5,144.4250030517578
2013-06-04,660.5,1528.75,709,381.75,452.5,48.59000015258789,750.75,145.5749969482422
2013-06-05,660.75,1532,701.5,384.5,455.8999938964844,48.29999923706055,743.25,144.60000610351563
2013-06-06,663.25,1527.25,697.75,398.5,454,48.15999984741211,738.5,144.64999389648438
2013-06-07,666.25,1528.25,696.25,407.5,452.5,48.529998779296875,735,143.625
2013-06-10,650,1511.75,689.75,410,448.29998779296875,48.06999969482422,726,143.4250030517578
2013-06-11,659.5,1540.5,696.75,403.25,463.3999938964844,48.040000915527344,730,144.6750030517578
2013-06-12,650.75,1540.75,683,403.25,461.3999938964844,48.11000061035156,716.5,145.9250030517578
2013-06-13,643.5,1510.25,685.5,408.25,452.6000061035156,47.84000015258789,718.5,145.47500610351563
2013-06-14,655,1516.5,680.75,399.5,450.70001220703125,48.47999954223633,711.5,143.39999389648438
2013-06-17,668.5,1512.5,680.5,396.5,449.1000061035156,48.84000015258789,713.75,144.52499389648438
2013-06-18,673.25,1510.75,687.5,397.75,451.79998779296875,48.810001373291016,719.25,143.8000030517578
2013-06-19,682.25,1523,707,403.25,453.6000061035156,49.349998474121094,739.75,144.64999389648438
2013-06-20,673.25,1497.5,700.5,394.75,445.6000061035156,48.400001525878906,737,144.4250030517578
2013-06-21,661.75,1493.25,698,395.5,447.70001220703125,48.02000045776367,736.5,146.9250030517578
2013-06-24,653.25,1512,679,392.25,451,47.54999923706055,715.25,147.6750030517578
2013-06-25,656.75,1525.25,675.75,387.25,458.79998779296875,47.13999938964844,704.25,147.875
2013-06-26,664.5,1534.25,667,383.75,463.29998779296875,46.630001068115234,694.25,148.9250030517578
2013-06-27,667.25,1548.5,663.5,385.25,479.6000061035156,46.400001525878906,686.5,149.6999969482422
2013-06-28,679.25,1564.5,648.5,401.25,490.29998779296875,46.41999816894531,676.25,149.4499969482422
2013-07-01,655.5,1570.5,645.75,395.25,484.79998779296875,46.849998474121094,676.75,151.22500610351563
2013-07-02,672.75,1573,649.5,390.25,487,46.91999816894531,674,150.89999389648438
2013-07-03,678.25,1583.5,657.75,392,490.6000061035156,47.220001220703125,683.5,150.9499969482422
2013-07-05,684.75,1588,656,399.25,489.1000061035156,47.22999954223633,676.5,151.8000030517578
2013-07-08,691.75,1609.25,660,396,511.1000061035156,47.0099983215332,691.25,151.60000610351563
2013-07-09,704,1613.25,675.5,398,520.79998779296875,47.08000183105469,706.75,151.14999389648438
2013-07-10,709.75,1591.75,672,393.5,520.5,46.97999954223633,712,150.5500030517578
2013-07-11,716.75,1601.25,679.25,393.25,525.70001220703125,46.4900016784668,711.5,150.125
2013-07-12,701.5,1563.25,675.5,390,535.5,46.09000015258789,712.75,150.125
2013-07-15,536.25,1453.75,669.5,353.25,451.5,45.84000015258789,701,152.64999389648438
2013-07-16,545.25,1475.25,669.5,354.25,466.79998779296875,45.709999084472656,703.75,152.5500030517578
2013-07-17,538.5,1477.5,665,353.25,469.1000061035156,45.790000915527344,702.75,150.97500610351563
2013-07-18,541,1469.25,660.5,353.25,470.3999938964844,45.52000045776367,702.25,152.0749969482422
2013-07-19,544,1490.75,664.5,355,482.3999938964844,45.5,705.25,152.25
2013-07-22,540.75,1520.25,659.75,357,502.3999938964844,45.40999984741211,702,152.9250030517578
2013-07-23,522.5,1462.5,653.75,352.75,487.79998779296875,44.779998779296875,699,153.60000610351563
2013-07-24,508.25,1392.5,653.25,345.75,467.79998779296875,44.2599983215332,697.25,153.02499389648438
2013-07-25,496,1355.25,649.25,338,447.79998779296875,43.810001373291016,692.25,152.35000610351563
2013-07-26,492,1349.75,650.25,331.25,430.29998779296875,43.58000183105469,691.5,152.60000610351563
2013-07-29,489.25,1367.5,651.5,336,438.8999938964844,42.470001220703125,690.25,153.27499389648438
2013-07-30,495.5,1350,655.25,338,429.20001220703125,42.11000061035156,696.25,153.25
2013-07-31,499,1374,664.25,340.25,435.1000061035156,42.09000015258789,706.75,153.4250030517578
2013-08-01,487.5,1357.75,658,339.75,425.3999938964844,42.4900016784668,706.75,153.75
2013-08-02,476,1331,660.5,338.75,412.1000061035156,42.380001068115234,706.75,153.72500610351563
2013-08-05,469.25,1329.75,645.25,335.75,402.6000061035156,42.720001220703125,695.5,153.97500610351563
2013-08-06,472.25,1324.25,650.5,339.75,396,42.11000061035156,702,154.25
2013-08-07,468.25,1327.75,643.5,352.25,400.29998779296875,41.63999938964844,699,152.5749969482422
2013-08-08,473.5,1355.75,641.25,362,422.5,41.650001525878906,702,154.25
2013-08-09,465.75,1340.75,633.5,359,420.5,41.400001525878906,697.25,153.85000610351563
2013-08-12,472,1373.75,635,362.25,425.70001220703125,42.31999969482422,700.25,153.5
2013-08-13,455.25,1359.75,628.25,360.75,426.8999938964844,42.58000183105469,696.25,153.85000610351563
2013-08-14,464.75,1368,630.5,365.75,433.8999938964844,42.369998931884766,698.75,153.60000610351563
2013-08-15,481.5,1288.25,637.5,382.75,409.79998779296875,43.119998931884766,703,154.10000610351563
2013-08-16,473.75,1283.25,631,377.5,408.79998779296875,42.810001373291016,698.25,154.77499389648438
2013-08-19,493.25,1322,641.5,384.75,420.29998779296875,43.45000076293945,703.25,154.89999389648438
2013-08-20,483.75,1309.25,634.25,382.25,413.79998779296875,42.880001068115234,696.75,155.39999389648438
2013-08-21,498,1333,638.75,384,421.5,42.81999969482422,699.5,155.5749969482422
2013-08-22,487.5,1322,630.5,382.5,413.29998779296875,42.43000030517578,694.25,155.4499969482422
2013-08-23,495.5,1365.25,634.5,363,433.20001220703125,42.63999938964844,695.5,155
2013-08-26,515.75,1427.75,654.75,353.75,458.6000061035156,44.439998626708984,708.25,154.39999389648438
2013-08-27,499.75,1414,650.75,363.75,455.8999938964844,44.060001373291016,707.25,154.72500610351563
2013-08-28,504.25,1433,646.5,375.75,463.29998779296875,44.310001373291016,706.25,154.72500610351563
2013-08-29,497.25,1430,641.25,394.75,467.3999938964844,43.779998779296875,701,155.0500030517578
2013-08-30,495,1424,643.25,391.5,468.20001220703125,43.88999938964844,700.75,156.9250030517578
2013-09-03,498,1435.5,636.5,379,485.3999938964844,43.81999969482422,696.75,157.1750030517578
2013-09-04,494,1397.75,634.25,377,468.6000061035156,43.560001373291016,705,157.02499389648438
2013-09-05,489.5,1423,627.25,374.5,479.5,43.189998626708984,701.25,156.75
2013-09-06,491.5,1437,635,368.5,482.1000061035156,43.36000061035156,708.5,156.5749969482422
2013-09-09,477.25,1404.25,628.75,362.75,465.79998779296875,42.810001373291016,701.5,156.60000610351563
2013-09-10,474.75,1403.75,633.75,367.5,462.5,42.72999954223633,706.75,156.39999389648438
2013-09-11,479.75,1405.25,635,371,460.8999938964844,42.650001525878906,708.25,156.375
2013-09-12,479,1442,641.75,367,480.8999938964844,42.689998626708984,706.75,157.02499389648438
2013-09-13,450,1488.75,627.75,360.75,496.20001220703125,42.220001220703125,685,157.3000030517578
2013-09-16,456.5,1348.25,641.25,311.5,431.20001220703125,42.130001068115234,689.75,157.60000610351563
2013-09-17,454,1342.5,643,306.75,428.79998779296875,42,690.25,156.60000610351563
2013-09-18,456.25,1347.75,646.5,303.75,427,42.470001220703125,692.5,157.14999389648438
2013-09-19,459.5,1339.5,657,312,421.6000061035156,42.709999084472656,702,157.14999389648438
2013-09-20,451,1315.25,646.25,308.75,413.3999938964844,42.09000015258789,692.75,157.10000610351563
2013-09-23,453.25,1307.75,653.5,309.5,411.1000061035156,41.970001220703125,697.75,157.625
2013-09-24,448.75,1312.5,658.25,310.5,414.1000061035156,41.84000015258789,705,157.9499969482422
2013-09-25,454.75,1321.75,670.5,313.75,418.6000061035156,41.81999969482422,718.25,158.6750030517578
2013-09-26,456.75,1316.75,678.25,318.5,416.3999938964844,41.790000915527344,727.25,159.5500030517578
2013-09-27,454,1319.75,683,316.75,419.8999938964844,41.5099983215332,731.75,164.125
2013-09-30,441.5,1282.75,678.5,319.25,409.8999938964844,40.83000183105469,739.5,164.10000610351563
2013-10-01,439,1268,681.25,315,408.5,40.0099983215332,745,164.39999389648438
2013-10-02,439,1273.75,686,313.75,417.6000061035156,39.119998931884766,754.5,164.5749969482422
2013-10-03,439.25,1288.25,689.25,317,427.79998779296875,40.0099983215332,755.5,164.10000610351563
2013-10-04,443.25,1295,687,318.25,431.29998779296875,39.9900016784668,750.25,164.4499969482422
2013-10-07,449.25,1296.5,694.75,317.5,433.70001220703125,39.650001525878906,756.5,164
2013-10-08,441.75,1288.75,693.5,316.75,428.70001220703125,40.20000076293945,760.5,164.8000030517578
2013-10-09,443.5,1287.75,690.5,318,425.20001220703125,40.54999923706055,759,164.5500030517578
2013-10-10,438.25,1288,685.5,320.25,424.3999938964844,41.040000915527344,755.5,165.9250030517578
2013-10-11,433.25,1266.75,692.25,316.75,422,40.11000061035156,760.25,167.47500610351563
2013-10-14,437,1273,692.5,317,423.20001220703125,40.189998626708984,761.5,167.375
2013-10-15,443.5,1267,685.75,331,402.3999938964844,40.65999984741211,756.25,165.6999969482422
2013-10-16,442.75,1276.5,681.5,336,403.79998779296875,41.369998931884766,744.75,166
2013-10-17,443,1293.25,686,331.75,413,41.119998931884766,749,165.85000610351563
2013-10-18,441.5,1291.25,705.75,335.75,410.1000061035156,41.68000030517578,768.75,166.0749969482422
2013-10-21,444,1303.25,699.75,336.5,415.70001220703125,41.63999938964844,761.25,165.8249969482422
2013-10-22,438.25,1302.25,700.75,341.25,416.1000061035156,41.52000045776367,765.5,166.0500030517578
2013-10-23,442.75,1310,701.75,344.5,421.3999938964844,41.5,770.75,166.14999389648438
2013-10-24,440.25,1309.75,696.5,344.25,426,41.130001068115234,764.25,165.5500030517578
2013-10-25,440,1300,690.75,333.25,423.5,40.72999954223633,759,165.5500030517578
2013-10-28,430.75,1271.25,681,328.25,414.70001220703125,40.36000061035156,750.75,165.97500610351563
2013-10-29,432,1279,681.25,325.75,410.79998779296875,40.970001220703125,751.75,165.4250030517578
2013-10-30,430.25,1287.5,675,333.25,411.79998779296875,41.619998931884766,747.75,165.22500610351563
2013-10-31,428.25,1280.25,667.5,330.25,403.6000061035156,41.33000183105469,740.5,165.3249969482422
2013-11-01,427.25,1266,667.75,329.5,394.8999938964844,41.59000015258789,733.5,163.5
2013-11-04,426.25,1264,662.75,332.25,396.8999938964844,41.25,729.25,163.60000610351563
2013-11-05,425,1259.25,656,340,392.79998779296875,41.150001525878906,722.25,164.77499389648438
2013-11-06,421.25,1263,653.25,343.5,396.79998779296875,41.13999938964844,716.5,164.85000610351563
2013-11-07,420.5,1278.75,653,339,403.79998779296875,40.7400016784668,712.5,164.625
2013-11-08,426.75,1306,649.75,334.5,422.29998779296875,40.2400016784668,708.5,164.4250030517578
2013-11-11,434.75,1308,646.25,340.25,422.1000061035156,40.41999816894531,706.25,164.1999969482422
2013-11-12,432.25,1319.25,645.25,336.5,427.70001220703125,40.75,703.25,164.64999389648438
2013-11-13,429.75,1319.75,645.5,336.25,423.29998779296875,40.959999084472656,702,164.85000610351563
2013-11-14,426.5,1317.25,644.75,340.25,424.6000061035156,40.970001220703125,703,165.02499389648438
2013-11-15,422,1280.5,644.5,343,410.5,40.470001220703125,698.25,165.14999389648438
2013-11-18,412,1287.5,642.25,344,415.79998779296875,40.11000061035156,694,164.85000610351563
2013-11-19,417.75,1276.25,650.25,354.5,408.8999938964844,39.9900016784668,698.5,164.375
2013-11-20,417,1273.75,647.25,360.25,407,40.31999969482422,695.5,164.5749969482422
2013-11-21,423,1291.5,648.75,359.25,411,41.540000915527344,694.75,164.8000030517578
2013-11-22,422.25,1319.5,649.5,369,427.79998779296875,41.15999984741211,701.75,163.5
2013-11-25,424.75,1329.25,652.5,381.25,437.20001220703125,40.65999984741211,703.5,162.8000030517578
2013-11-26,418.5,1329.25,646.5,384,450.20001220703125,40.349998474121094,704.25,164.375
2013-11-27,417.25,1320,651.25,357.75,445.8999938964844,40,713,165.3249969482422
2013-11-29,415.25,1336.5,655,365.25,456.6000061035156,40.220001220703125,713.25,165.47500610351563
2013-12-02,416.5,1321.25,649.75,359.5,447,40.34000015258789,705,165.35000610351563
2013-12-03,422,1319.75,653.75,367.5,446.1000061035156,39.900001525878906,711.75,164.85000610351563
2013-12-04,425.5,1329.5,647.25,366.5,447.8999938964844,40.13999938964844,709.25,165.0500030517578
2013-12-05,422.75,1328,638,364.25,446.1000061035156,40.380001068115234,705,164.125
2013-12-06,424,1325.5,637.25,366,447.29998779296875,40.279998779296875,705.25,164.47500610351563
2013-12-09,428.5,1343.75,639,371.75,461.6000061035156,40.04999923706055,703.5,165.14999389648438
2013-12-10,427.5,1338.25,629.5,376,464.1000061035156,39.90999984741211,694.5,165.5500030517578
2013-12-11,431.25,1344,630.25,379.75,464.6000061035156,40.20000076293945,696.5,165.6750030517578
2013-12-12,428.25,1323.75,622.5,386.5,459.3999938964844,39.79999923706055,669.25,167.0749969482422
2013-12-13,420.5,1327.5,618.25,398.5,462.8999938964844,39.470001220703125,657,167.0749969482422
2013-12-16,423.25,1337.75,621.75,345.5,439,39.75,665.5,168.39999389648438
2013-12-17,426.75,1346.5,619.75,354.75,448,39.310001373291016,660.5,167.14999389648438
2013-12-18,425,1324,612.75,354.5,441.20001220703125,39.060001373291016,653.75,166.0500030517578
2013-12-19,430.5,1327,610.75,348.25,442.1000061035156,39.33000183105469,652.75,166.8000030517578
2013-12-20,433.25,1339,613.5,348.75,446.6000061035156,39.439998626708984,657.25,166.97500610351563
2013-12-23,434.25,1328.5,609.5,351.75,444.20001220703125,39.279998779296875,648.5,166.6750030517578
2013-12-24,434.5,1333.75,606.25,354.25,447.3999938964844,39.099998474121094,646.5,166.25
2013-12-26,426.25,1318.75,606,352.75,441,38.869998931884766,644.5,166.60000610351563
2013-12-27,427.5,1331.5,609,356,445.70001220703125,39.02000045776367,644.25,167
2013-12-30,423.5,1328.25,600.5,353.75,450.29998779296875,38.619998931884766,635.75,167.27499389648438
2013-12-31,422,1312.5,605.25,354.25,437.70001220703125,38.81999969482422,640.5,166.6999969482422
2014-01-02,420.5,1287,597,351,423.79998779296875,38.5099983215332,631.25,167
2014-01-03,423.5,1289.25,605.75,344.25,424.5,38.34000015258789,642.5,167.625
2014-01-06,427.75,1296.75,605.75,350.75,428.79998779296875,37.869998931884766,644,168.02499389648438
2014-01-07,426,1299.5,602.5,363.5,434.6000061035156,37.70000076293945,645.25,168.0500030517578
2014-01-08,417,1300.75,588.75,376.5,430.6000061035156,37.43000030517578,637,168.47500610351563
2014-01-09,412,1296.25,584.25,394.75,433,37.7400016784668,639,169.14999389648438
2014-01-10,432.75,1303.75,569,386.5,435.20001220703125,37.95000076293945,626,168.64999389648438
2014-01-13,434.5,1326.75,573.5,393,446.8999938964844,37.56999969482422,619.75,167.8249969482422
2014-01-14,431.5,1339,579.25,390.25,452.5,37.400001525878906,632,168.60000610351563
2014-01-15,425.75,1318,567.75,393,434.5,37.9900016784668,620.5,169.39999389648438
2014-01-16,428,1315,572.75,399.75,432,38.04999923706055,629.5,169.8000030517578
2014-01-17,424,1316.5,563.5,399.5,434.5,37.7400016784668,623.25,170
2014-01-21,425,1280.5,562.25,399.25,416.5,38.099998474121094,621.25,169.8000030517578
2014-01-22,426.25,1279.5,561.25,399.5,419.3999938964844,37.84000015258789,624.75,170.47500610351563
2014-01-23,429,1277,570,389.25,418.70001220703125,37.86000061035156,632.25,170.375
2014-01-24,429.5,1284.75,565.25,396.25,425.70001220703125,37.540000915527344,627.25,170.6999969482422
2014-01-27,431.75,1287.75,563.5,400.75,430.8999938964844,37.060001373291016,622.5,170.97500610351563
2014-01-28,432,1285.5,566,416.75,428.6000061035156,37.400001525878906,622,171.4250030517578
2014-01-29,427.5,1269.25,551.5,421.25,423.29998779296875,37.099998474121094,608.75,171.8000030517578
2014-01-30,433.5,1275,553.5,412,425.20001220703125,37.06999969482422,610.75,171.6750030517578
2014-01-31,434,1282.75,555.75,405.75,426.1000061035156,37.63999938964844,615.5,169.4250030517578
2014-02-03,435.75,1292.75,563.75,414.75,434,37.45000076293945,624.25,168
2014-02-04,441.75,1313.25,584.5,424.5,447,37.709999084472656,646.5,166.97500610351563
2014-02-05,443.25,1316.25,587.5,443.25,442,38.22999954223633,651.25,166.9250030517578
2014-02-06,443,1325.75,580.75,456.5,446,38.65999984741211,648.75,167
2014-02-07,444.25,1331.5,577.5,436.5,446.3999938964844,38.560001373291016,649.25,167.8000030517578
2014-02-10,443,1325.5,584.75,422,444,38.72999954223633,662.75,167.89999389648438
2014-02-11,441.5,1334.75,590.25,437.25,449.20001220703125,38.849998474121094,665.5,168.77499389648438
2014-02-12,440,1323,587,418.5,443.5,38.9900016784668,663,168.5
2014-02-13,440.5,1344.25,595.5,410.75,452.79998779296875,39.540000915527344,672.75,170.72500610351563
2014-02-14,445.25,1337.5,598.5,421.75,450,39.150001525878906,674.5,170.47500610351563
2014-02-18,449.5,1361,612,428.75,456.8999938964844,40.36000061035156,685.75,171.6999969482422
2014-02-19,453.75,1354.25,620.25,448.75,453,40.2400016784668,692.5,171.1750030517578
2014-02-20,455.75,1358.25,616.25,468.5,450.8999938964844,40.56999969482422,691.75,171.125
2014-02-21,453,1370.75,609.75,465.5,455.79998779296875,40.95000076293945,682.75,170.6999969482422
2014-02-24,451.5,1386.5,617.75,483,465.8999938964844,40.75,689,170.1999969482422
2014-02-25,455.75,1399,615,503,469.6000061035156,40.58000183105469,690.5,171.0749969482422
2014-02-26,455.5,1407.25,600,506.75,468.29998779296875,41.20000076293945,679,172
2014-02-27,448,1393.5,582.25,510.5,464,40.900001525878906,662.25,171.8249969482422
2014-02-28,457.5,1414.25,599,510.5,467.8999938964844,41.52000045776367,677,171.6999969482422
2014-03-03,464,1407.25,626.75,528.5,461.29998779296875,42.11000061035156,701.25,171.77499389648438
2014-03-04,476.75,1418,639.75,542,458.79998779296875,43.459999084472656,704.25,172.89999389648438
2014-03-05,475.25,1420,637.25,521.25,457.70001220703125,43.18000030517578,703.25,172.22500610351563
2014-03-06,485.75,1437.5,641.5,515,458.3999938964844,44.27000045776367,706.25,171.39999389648438
2014-03-07,481,1457.5,646.25,490,465,44.09000015258789,715.25,172.375
2014-03-10,472,1419.25,645,469,452.70001220703125,43.63999938964844,704.75,173.6999969482422
2014-03-11,478,1411.5,663.25,478,452.29998779296875,43.5099983215332,722,173.9250030517578
2014-03-12,484.25,1381.75,688,557.75,448.29998779296875,43.20000076293945,741.25,173.97500610351563
2014-03-13,484.25,1390.75,679,553.25,449.6000061035156,42.77000045776367,730.25,173.97500610351563
2014-03-14,472.25,1376,690.25,555.25,449,42.02000045776367,744,174.60000610351563
2014-03-17,479,1391.75,674.5,457.5,446.6000061035156,41.88999938964844,743.5,174.75
2014-03-18,486.25,1418.25,692.5,441.25,455.79998779296875,42.27000045776367,763.25,174.125
2014-03-19,487.75,1431.25,715.75,430,462,42.099998474121094,788.25,174.39999389648438
2014-03-20,478.5,1433.75,703.75,410,466.5,41.310001373291016,782,173.625
2014-03-21,479,1408.75,693.25,415,455.8999938964844,41.02000045776367,771.25,175.02499389648438
2014-03-24,490,1425.5,714.5,417.5,462,40.84000015258789,794.5,176.6999969482422
2014-03-25,486.5,1428,708.25,402.25,463.70001220703125,40.7400016784668,791.75,177.22500610351563
2014-03-26,484.5,1440,696.75,404.5,469.1000061035156,40.72999954223633,771.25,177.9499969482422
2014-03-27,492,1436.5,710.5,406.75,470.5,40.43000030517578,783.75,178.5500030517578
2014-03-28,492,1436.5,695.5,402,468.3999938964844,40.47999954223633,763.5,178.35000610351563
2014-03-31,502,1464,697.25,399,479.29998779296875,40.41999816894531,764,177.02499389648438
2014-04-01,507.5,1484.5,685.25,411.25,482.70001220703125,41.400001525878906,753.5,176.4499969482422
2014-04-02,495.75,1462.25,669.25,408.5,476.5,40.849998474121094,738.75,177.22500610351563
2014-04-03,500,1475.25,676,414.75,480.1000061035156,41.66999816894531,744,178.8249969482422
2014-04-04,501.75,1473.75,669.75,410.75,479.1000061035156,41.56999969482422,733.75,177.6999969482422
2014-04-07,499.25,1464.25,676.25,419,474.29998779296875,41.43000030517578,739.5,177.5
2014-04-08,507,1482.5,681,435,478.1000061035156,42.11000061035156,741.5,178.3000030517578
2014-04-09,502.25,1495.25,669,424,482.1000061035156,42.90999984741211,733.25,178.875
2014-04-10,501.25,1482.25,662.25,405,479.5,42.5,722.5,178.27499389648438
2014-04-11,498.5,1463,660.25,403.5,472.8999938964844,42.099998474121094,719.5,179.5
2014-04-14,503,1476.25,678.75,403.5,479.1000061035156,42.2599983215332,742,180
2014-04-15,503.75,1501.25,701.75,399,487.3999938964844,42.83000183105469,765.5,179.22500610351563
2014-04-16,497.5,1518.75,688,405,491,43.709999084472656,754.5,179.25
2014-04-17,494.75,1514,691.25,404,488.29998779296875,43.40999984741211,758,178.5500030517578
2014-04-21,488.5,1498.75,668.25,395.25,485.70001220703125,43,734,NA
2014-04-22,496.25,1479.75,673,406.25,479.79998779296875,42.7400016784668,741.25,NA
2014-04-23,503.5,1468.5,676.5,409,478.1000061035156,42.5,745.75,NA
2014-04-24,501.25,1472,689,401.75,480.20001220703125,42.59000015258789,759.5,NA
2014-04-25,507,1498,700.25,402.5,490.6000061035156,42.91999816894531,775.75,180
2014-04-28,507.75,1508.25,700.25,422.5,496.8999938964844,42.619998931884766,783.25,181.10000610351563
2014-04-29,515.75,1524,708,422,499.8999938964844,42.77000045776367,797.25,180.5749969482422
2014-04-30,514,1530.75,713,418.5,503.8999938964844,41.880001068115234,809.75,181.1999969482422
2014-05-01,503.25,1473.5,698.75,418,486.70001220703125,40.91999816894531,806.25,183.9499969482422
2014-05-02,494,1480.75,707.75,407.5,491.20001220703125,41.290000915527344,831.75,183.5
2014-05-05,503.25,1472,721.25,408.25,489.1000061035156,40.97999954223633,838.75,182.64999389648438
2014-05-06,513,1464,731.75,407.5,486.6000061035156,40.90999984741211,843,183.47500610351563
2014-05-07,510.25,1451,729.75,408.75,481.29998779296875,40.66999816894531,836.5,183.02499389648438
2014-05-08,513.25,1474.25,726.75,409,490.6000061035156,40.939998626708984,832.5,183.5
2014-05-09,505,1501,714,409.25,497.5,40.97999954223633,819,184.5749969482422
2014-05-12,497.5,1483.75,705.5,410,489.5,40.779998779296875,824,184.60000610351563
2014-05-13,503.25,1502.25,700,408.5,497.70001220703125,41,824.25,184.72500610351563
2014-05-14,494.75,1496.25,681,410.25,497.8999938964844,41.189998626708984,807.5,185.39999389648438
2014-05-15,484.25,1470.25,678.25,350.5,481.3999938964844,41.040000915527344,778.75,186.14999389648438
2014-05-16,483.5,1465,674.25,337,480.20001220703125,40.75,767.75,187.3000030517578
2014-05-19,477.25,1485.25,674.5,333.5,490.5,40.41999816894531,768.75,188.47500610351563
2014-05-20,473.5,1469.75,670.5,334.25,486.70001220703125,40.06999969482422,768.25,189.0500030517578
2014-05-21,474.5,1505.25,664.25,340.5,498.1000061035156,40.470001220703125,761.5,189.1999969482422
2014-05-22,476.75,1518.75,659.25,346,501.5,40.86000061035156,751.75,189.0749969482422
2014-05-23,478,1515.5,652.5,345.5,502.6000061035156,40.380001068115234,745,192.85000610351563
2014-05-27,469.75,1488.75,641,339.75,494.20001220703125,39.939998626708984,738.25,193.5
2014-05-28,472.5,1497.75,638.75,349.75,498.5,39.630001068115234,736,195.5749969482422
2014-05-29,469.5,1499,632.5,361.5,498.3999938964844,39.40999984741211,730.5,197.0500030517578
2014-05-30,465.75,1493.25,627.25,371,500.20001220703125,38.5,723,197.0500030517578
2014-06-02,465.5,1500.5,620.75,371.25,506,38.310001373291016,718.75,197.5749969482422
2014-06-03,458.25,1481.25,612.5,359,499.6000061035156,38.349998474121094,707.75,198.3000030517578
2014-06-04,456.25,1482.5,614.5,360.75,496.5,39.25,713.5,198.77499389648438
2014-06-05,449,1460.5,605.75,356.25,490.6000061035156,38.689998626708984,714,199.8249969482422
2014-06-06,459,1457,618.25,356.75,487.6000061035156,39.0099983215332,735.5,200.52499389648438
2014-06-09,451,1457,612.5,343,482.20001220703125,39.279998779296875,733.75,203.52499389648438
2014-06-10,445.5,1462.5,601.25,347.5,484.5,38.939998626708984,726,205.1750030517578
2014-06-11,441,1445.5,589.25,346.25,482.29998779296875,38.41999816894531,704.25,202.875
2014-06-12,444,1415.25,585.25,344.5,469.20001220703125,38.58000183105469,705.5,205.85000610351563
2014-06-13,447,1425.75,586,347.25,467.8999938964844,39.689998626708984,713.25,208.14999389648438
2014-06-16,441,1421.75,581,342.75,462.3999938964844,39.5,708.25,208.6999969482422
2014-06-17,438.75,1398.25,581.75,338.25,450.70001220703125,39.68000030517578,712.5,207.85000610351563
2014-06-18,441.5,1409,587,342.75,453.20001220703125,40.130001068115234,727.75,204.85000610351563
2014-06-19,450.5,1420.75,593.5,347.25,451.20001220703125,40.61000061035156,729.25,207.5500030517578
2014-06-20,453.25,1415.75,585.25,340,459.20001220703125,40.130001068115234,720.75,206.875
2014-06-23,444.5,1424.75,579.75,336.75,455.79998779296875,40.68000030517578,714,207.89999389648438
2014-06-24,443,1413.5,571,339.5,448.3999938964844,40.970001220703125,705.5,210.625
2014-06-25,441,1415.75,575.5,334.5,451.70001220703125,40.650001525878906,714,212.125
2014-06-26,442.75,1437,582.25,336.25,465.5,40.5099983215332,721,215.125
2014-06-27,443,1432,585.25,331.5,469.79998779296875,39.97999954223633,726,214.3249969482422
2014-06-30,424.25,1400.5,564.75,338,458.29998779296875,38.849998474121094,710.5,212.77499389648438
2014-07-01,422.75,1400,559.75,346,456.1000061035156,38.869998931884766,700,215.77499389648438
2014-07-02,418.5,1392.5,561.75,366.75,452.29998779296875,38.470001220703125,683,216.1999969482422
2014-07-03,417,1387.75,568,391,447,38.560001373291016,697,217.625
2014-07-07,409.25,1363,545,381,443.70001220703125,38.36000061035156,678.5,218
2014-07-08,408.25,1329.75,545.25,390,437.29998779296875,37.79999923706055,675,215.89999389648438
2014-07-09,404,1334.5,539.5,357.75,439.5,37.040000915527344,660.75,213.60000610351563
2014-07-10,400.5,1329.75,536.75,356.75,434.29998779296875,37.38999938964844,655.5,210.60000610351563
2014-07-11,399.75,1295.75,514.75,348.75,421.79998779296875,36.709999084472656,634.25,210.375
2014-07-14,390.25,1295,549.75,349,421.5,36.75,652.5,210.6750030517578
2014-07-15,374,1180.5,537.75,334.25,379.1000061035156,36.900001525878906,639,211.52499389648438
2014-07-16,378.25,1187.25,538,339,383.70001220703125,36.83000183105469,637.25,209.8249969482422
2014-07-17,379.5,1174.75,550.75,337.25,380.5,36.369998931884766,649,211.60000610351563
2014-07-18,371.25,1176.75,532.25,331.5,380.29998779296875,36.56999969482422,633.75,211.64999389648438
2014-07-21,364,1175.75,530,331.75,380.70001220703125,36.13999938964844,628,213.02499389648438
2014-07-22,360.25,1184,524.5,330,381.79998779296875,35.93000030517578,621.25,216.02499389648438
2014-07-23,362.5,1201,530.75,333,391.5,36.20000076293945,623.5,217.25
2014-07-24,361.5,1207.5,528.75,337,395.29998779296875,36.2400016784668,620.5,217.3249969482422
2014-07-25,363,1212.25,538,348,398,36.09000015258789,631.25,218.25
2014-07-28,367.75,1236.5,534.75,366.5,402.79998779296875,36.52000045776367,625.5,220.1750030517578
2014-07-29,361.5,1226.5,520,356.5,395.3999938964844,36.25,611.5,221.4250030517578
2014-07-30,361.75,1220.5,527.25,353.5,387.6000061035156,36.04999923706055,617,223.02499389648438
2014-07-31,357,1224.5,530.25,354.5,391.29998779296875,36.11000061035156,625.75,220.6750030517578
2014-08-01,352.5,1215,534.25,350.75,387.5,35.45000076293945,632.75,220.27499389648438
2014-08-04,358.75,1232.5,544,351,388.20001220703125,36.02000045776367,638.5,220.97500610351563
2014-08-05,356.25,1222.75,552.5,360,382.20001220703125,35.470001220703125,642.75,221.25
2014-08-06,363.25,1237,568,366,388,35.790000915527344,656.25,221.3249969482422
2014-08-07,359.5,1250,561.5,359,390.6000061035156,35.619998931884766,646.25,218.3249969482422
2014-08-08,351.75,1284.75,549.25,357.75,397.5,35.439998626708984,629.25,215.3249969482422
2014-08-11,356.75,1314.75,546.5,359,400.3999938964844,34.880001068115234,623.75,217.47500610351563
2014-08-12,358.5,1290,538,359.25,400.20001220703125,34.619998931884766,613.25,214.5500030517578
2014-08-13,358,1264.5,528,369.5,418.70001220703125,33.95000076293945,604,214.375
2014-08-14,362,1224.5,537.25,359.25,464.20001220703125,33.599998474121094,608,215.125
2014-08-15,365.75,1102.5,551.25,365,388.29998779296875,32.869998931884766,619.75,217.22500610351563
2014-08-18,360.75,1115.5,542.5,370.75,392.1000061035156,32.959999084472656,617.75,218.02499389648438
2014-08-19,362.5,1120.25,546,370.25,399.79998779296875,32.65999984741211,624.5,217.14999389648438
2014-08-20,359.5,1119.75,539.5,363,402.6000061035156,32.86000061035156,618.75,214.9499969482422
2014-08-21,362.25,1136.25,546.25,376.25,413.79998779296875,32.779998779296875,622,215.1999969482422
2014-08-22,365.5,1166,552,384,433.29998779296875,32.36000061035156,633.5,216.10000610351563
2014-08-25,360,1125.75,542.5,377,406.1000061035156,32.7400016784668,622.75,217.39999389648438
2014-08-26,356,1075.5,541.5,359.75,388.70001220703125,33.029998779296875,621,217.52499389648438
2014-08-27,356,1085.75,547.25,359.75,416.5,32.66999816894531,628,218.14999389648438
2014-08-28,361.75,1073.75,556.5,361,433.20001220703125,32.63999938964844,635,218.52499389648438
2014-08-29,359,1089.5,550.25,362.25,439.5,32.040000915527344,626.25,218.64999389648438
2014-09-02,355.75,1097.25,543.5,370,450.1000061035156,32.0099983215332,617.5,220.25
2014-09-03,341.25,1080.75,523.5,362.5,447.20001220703125,31.729999542236328,600.75,222.6999969482422
2014-09-04,335.75,1064.25,525.25,364.25,431.3999938964844,31.969999313354492,608.25,223.8000030517578
2014-09-05,346.5,1085.5,531.5,368.25,436.1000061035156,32.349998474121094,619.75,225.72500610351563
2014-09-08,339.25,1090.75,533.5,377,446.20001220703125,32.029998779296875,625,227.14999389648438
2014-09-09,336.25,1076.5,527.5,379,453.70001220703125,31.59000015258789,613,228.625
2014-09-10,338.75,1071,518.75,386.75,442.79998779296875,31.579999923706055,605.25,228.85000610351563
2014-09-11,331.75,1061.5,503,383.75,426.70001220703125,31.440000534057617,595.75,228.0500030517578
2014-09-12,339,1091,498.25,371.5,408,32.15999984741211,572.25,229.47500610351563
2014-09-15,343,989.5,500.75,354.5,338.79998779296875,33.27000045776367,586.25,229.25
2014-09-16,343.75,980.75,496.25,350.75,338.29998779296875,32.810001373291016,583.25,229.60000610351563
2014-09-17,341.75,982.5,499.25,346.5,336.3999938964844,33.38999938964844,582.25,230.3000030517578
2014-09-18,338.25,971.5,488.5,342.25,328.79998779296875,32.720001220703125,569.75,229.89999389648438
2014-09-19,331.5,957,474.5,337.25,324.1000061035156,32.459999084472656,560.25,230.60000610351563
2014-09-22,330.25,938.25,476.75,336.5,319.3999938964844,32,560.25,230.3000030517578
2014-09-23,325.5,936.25,476,332.75,317.1000061035156,32.22999954223633,562,230.89999389648438
2014-09-24,329.5,936.75,480.25,340.5,316.3999938964844,32.619998931884766,564.25,231.0749969482422
2014-09-25,326,922.75,474,331.25,312.3999938964844,32.619998931884766,564.25,230.875
2014-09-26,323,910.25,474.25,328.75,307.20001220703125,31.920000076293945,563.75,233.10000610351563
2014-09-29,325.75,923.5,481.25,334,308.1000061035156,32.790000915527344,566.5,234.64999389648438
2014-09-30,320.75,913.25,477.75,335.5,304.6000061035156,32.27000045776367,558,235.4250030517578
2014-10-01,321.25,916.75,479,338.75,305.29998779296875,32.65999984741211,557.5,238.4250030517578
2014-10-02,322.75,924.5,482.75,344.5,308.70001220703125,32.66999816894531,561.5,241.10000610351563
2014-10-03,323.25,912.25,485.75,342.25,308,32.290000915527344,568,240.875
2014-10-06,332.5,942.25,491.5,350.5,320.29998779296875,33.31999969482422,575.5,240
2014-10-07,340.5,940.75,506.25,351.25,327,32.959999084472656,588.25,241.47500610351563
2014-10-08,343.25,935,507.75,343.25,329.79998779296875,32.880001068115234,586.5,242.3249969482422
2014-10-09,344.75,942,493.25,343.75,333,32.880001068115234,572.75,241.64999389648438
2014-10-10,334,922.5,498.5,342.75,339.29998779296875,32.279998779296875,577.75,240.5
2014-10-13,346,945.25,505.25,344.75,343.3999938964844,32.880001068115234,584.25,241.3000030517578
2014-10-14,357,964.75,509.25,345.25,366,32.439998626708984,590.25,238.72500610351563
2014-10-15,347.5,952.5,506,343.5,327.29998779296875,31.979999542236328,592,237.39999389648438
2014-10-16,352.25,966.5,517,347,334.6000061035156,32.36000061035156,605,240.1999969482422
2014-10-17,348,951.75,516,347.75,330.5,32.02000045776367,601.75,238.4499969482422
2014-10-20,348.25,944.25,513.5,350.5,329.3999938964844,31.700000762939453,601,240.75
2014-10-21,356,964.25,519.25,351,342.8999938964844,31.760000228881836,602.25,238.9499969482422
2014-10-22,353,962.75,522.25,354,338,32.13999938964844,605.25,239.4499969482422
2014-10-23,359.75,993.25,526.75,360.5,352.3999938964844,32.66999816894531,605.25,240.22500610351563
2014-10-24,353,977.5,517.75,351.75,350.20001220703125,32.38999938964844,593.75,237.89999389648438
2014-10-27,363,1006,522.75,360.5,376.79998779296875,32.22999954223633,594.75,238.3249969482422
2014-10-28,364.5,1008,530.75,356,375.1000061035156,32.790000915527344,602,238.27499389648438
2014-10-29,375.25,1043,538.25,350.5,397.20001220703125,34.18000030517578,606.5,238.85000610351563
2014-10-30,374,1024.25,536,338.5,380,34.310001373291016,602,239.75
2014-10-31,376.75,1046.5,532.5,336.25,389,34.79999923706055,593.75,234.14999389648438
2014-11-03,373.5,1028.75,538.25,347.25,372.70001220703125,34.029998779296875,597.5,235.5749969482422
2014-11-04,364.5,1010,530.5,342.5,372.5,33.06999969482422,590.25,237.125
2014-11-05,370.25,1020.5,524.75,340.5,375.29998779296875,32.720001220703125,584.5,235.77499389648438
2014-11-06,371.25,1031,520.25,335.75,391.70001220703125,32.529998779296875,579,236.52499389648438
2014-11-07,367.5,1040.25,514.5,338.75,390.3999938964844,32.400001525878906,569.25,238.52499389648438
2014-11-10,369.25,1027.5,517.25,336,380.8999938964844,32.36000061035156,573,239.02499389648438
2014-11-11,373.75,1066.5,525.25,336,400.6000061035156,32.869998931884766,578.5,238.85000610351563
2014-11-12,377.75,1048.25,542.75,338,395,32.220001220703125,599.25,239.35000610351563
2014-11-13,386.25,1050.5,553.75,338.75,393.5,32.06999969482422,605.25,239.35000610351563
2014-11-14,381.75,1021,560.5,339.5,379.8999938964844,32.20000076293945,605.5,240
2014-11-17,377.5,1036.25,551.75,339.5,387.1000061035156,32.45000076293945,596.5,240.02499389648438
2014-11-18,372,1023.25,549,334,378,32.650001525878906,593.5,240.4250030517578
2014-11-19,363.25,1004.75,537.75,326.5,370.3999938964844,32.5099983215332,586.25,240.5500030517578
2014-11-20,373.25,1020.5,547.25,325.75,370.79998779296875,32.66999816894531,602.25,240.4250030517578
2014-11-21,372.75,1039,547.25,326.75,378.3999938964844,32.689998626708984,604,236.35000610351563
2014-11-24,367.5,1033.75,542.25,305.5,374.8999938964844,33.20000076293945,604.25,233.35000610351563
2014-11-25,374.25,1051,551.5,299,390.6000061035156,33.41999816894531,617.25,231.375
2014-11-26,378.25,1047,562,295,401.6000061035156,33.47999954223633,621,230.5
2014-11-28,375.75,1016,577.25,294.5,391.1000061035156,32.18000030517578,637,231.0749969482422
2014-12-01,375.5,1017,606.75,295.75,384.3999938964844,32.220001220703125,660.25,234.0749969482422
2014-12-02,367.75,995.75,605.25,296,383.1000061035156,31.170000076293945,648.75,235.5500030517578
2014-12-03,368.75,998.25,597,295.25,381.1000061035156,31.860000610351563,631.75,234.8249969482422
2014-12-04,376,1010.5,599.75,298.75,385.70001220703125,31.600000381469727,627.25,235.9499969482422
2014-12-05,381.5,1036,609,299.5,394.20001220703125,32.0099983215332,632.5,234.875
2014-12-08,377.5,1043.75,610,304.75,401.5,31.770000457763672,634,231.875
2014-12-09,383,1049.25,600.5,301,411.6000061035156,31.90999984741211,617,232.77499389648438
2014-12-10,382.5,1032,593.25,304.5,405.20001220703125,31.670000076293945,614.75,231.60000610351563
2014-12-11,390,1042.25,610.25,304.75,406.1000061035156,31.93000030517578,623.5,228.60000610351563
2014-12-12,396.25,1047.25,627.5,300.75,378.8999938964844,31.969999313354492,634,225.60000610351563
2014-12-15,408.5,1039.5,619,313.75,365.3999938964844,32.27000045776367,647,222.60000610351563
2014-12-16,406,1023.5,623.25,314,356.6000061035156,31.770000457763672,654.75,219.60000610351563
2014-12-17,408.25,1027,648.5,315,359.29998779296875,31.770000457763672,681.5,216.60000610351563
2014-12-18,411,1035,655.25,316.25,365.29998779296875,31.889999389648438,683.75,217.0749969482422
2014-12-19,410.5,1030.5,632.25,310.5,363.5,31.969999313354492,666,220.14999389648438
2014-12-22,411.75,1038.25,625.75,309.75,368.3999938964844,32.040000915527344,657.75,220.5
2014-12-23,414,1038.5,635.5,309,371.29998779296875,32.220001220703125,664.75,217.125
2014-12-24,407.75,1028.75,611.5,307.75,371.3999938964844,31.93000030517578,644,214.75
2014-12-26,414.75,1047.5,610.75,306,379.70001220703125,32.459999084472656,644.25,213.72500610351563
2014-12-29,412.75,1041.75,615.5,303.25,377.3999938964844,32.790000915527344,647.5,217.4499969482422
2014-12-30,406.5,1037.75,602,305,369.5,32.88999938964844,636,218.3249969482422
2014-12-31,397,1019.25,589.75,303.75,364.6000061035156,31.969999313354492,626.5,219.4499969482422
2015-01-02,395.75,1002.5,581.25,302.25,356.5,31.950000762939453,617,223.9499969482422
2015-01-05,406,1039.75,589,306,369,32.70000076293945,624.75,225.6750030517578
2015-01-06,405,1051,591.75,304.5,370.79998779296875,32.689998626708984,631.25,224.6999969482422
2015-01-07,396.25,1052.75,579.5,301.75,368.5,32.97999954223633,620,225.64999389648438
2015-01-08,394.25,1045,567,302.25,361.29998779296875,33.58000183105469,607.75,225.625
2015-01-09,400.25,1051.5,563.75,303.25,363.79998779296875,33.540000915527344,600.5,222.4250030517578
2015-01-12,402,1013.5,555.5,298.25,356.5,32.45000076293945,590.5,223.39999389648438
2015-01-13,385.75,1000,548,293.25,349.70001220703125,32.38999938964844,581.75,221.5500030517578
2015-01-14,381,992.5,537.75,282.75,328.8999938964844,32.56999969482422,575,220.14999389648438
2015-01-15,380,991,532.75,281.75,326.70001220703125,32.9900016784668,573,215.64999389648438
2015-01-16,387,991.75,532.75,288.75,326.20001220703125,33.38999938964844,577,214.10000610351563
2015-01-20,390.25,982,537,290.25,326.5,32.84000015258789,577.75,214.47500610351563
2015-01-21,388,983.5,536.75,290.75,330.5,32.40999984741211,572.25,215.6999969482422
2015-01-22,383.75,976.75,533.75,291,330.1000061035156,31.969999313354492,564.75,215.97500610351563
2015-01-23,386.75,972.75,530,290.5,331.5,31.600000381469727,564,213.6999969482422
2015-01-26,384,983.5,520.5,290.75,338.8999938964844,31.079999923706055,554.5,211.64999389648438
2015-01-27,381.25,973.75,519,289.25,336.6000061035156,31.170000076293945,550.25,210.77499389648438
2015-01-28,373.25,970.25,505.25,287.5,337.3999938964844,30.34000015258789,535.75,212.4499969482422
2015-01-29,371.5,968.25,507.75,282.5,337.8999938964844,29.540000915527344,544,212.39999389648438
2015-01-30,370,961,502.75,275.5,329.8999938964844,30,540.25,205.1999969482422
2015-02-02,369.75,959.5,492.75,269.25,327.8999938964844,30.40999984741211,534.5,200.6999969482422
2015-02-03,385.75,987,513.75,280,340.6000061035156,30.799999237060547,559,199.5
2015-02-04,383.5,972,511,281,332.70001220703125,30.59000015258789,552.75,196.72500610351563
2015-02-05,385.25,981.25,525.75,287.75,331.3999938964844,31.709999084472656,564,195.64999389648438
2015-02-06,385.75,973.5,527,283.5,329.3999938964844,31.81999969482422,561.75,199.4499969482422
2015-02-09,391.25,978.5,529.75,279.5,329.6000061035156,32.0099983215332,563.5,203.625
2015-02-10,388,969,521.75,275,326.8999938964844,31.450000762939453,554,202.02499389648438
2015-02-11,385.75,977.75,525.75,273.5,329.6000061035156,31.75,559.25,198.75
2015-02-12,383,983.75,521.25,273.25,330.5,32.0099983215332,554,200.3000030517578
2015-02-13,387.25,990.5,533,278.5,332.29998779296875,32.400001525878906,562.75,203.85000610351563
2015-02-17,389.5,1007.75,534.75,278,342.29998779296875,32.31999969482422,562.25,201.4499969482422
2015-02-18,383.75,995.75,527.75,274.25,338.6000061035156,32.0099983215332,548,203.10000610351563
2015-02-19,389.75,1007.25,527.75,277,347.5,31.829999923706055,544.5,202.5500030517578
2015-02-20,385.25,999.25,510.25,273.5,347.5,31.479999542236328,533.25,199.1750030517578
2015-02-23,378.75,999.25,505.75,272,348.29998779296875,31.139999389648438,531.25,198.0749969482422
2015-02-24,377.5,1016,505.75,274.5,356.8999938964844,31.420000076293945,535.75,195.60000610351563
2015-02-25,375.75,1007.75,497.75,275.5,350.5,31.709999084472656,528.25,196.97500610351563
2015-02-26,380,1024,503.25,281.5,354.6000061035156,31.84000015258789,527.25,200.3000030517578
2015-02-27,384.5,1030.75,517.5,290.5,353.70001220703125,32.79999923706055,534.5,201.89999389648438
2015-03-02,378.75,1011.25,508,289.75,344.29998779296875,32.650001525878906,521,204.10000610351563
2015-03-03,382,1008.75,508.75,292.75,341.79998779296875,32.79999923706055,530.5,202.72500610351563
2015-03-04,381.5,989,493.5,292.75,334.1000061035156,32.029998779296875,523.5,207.22500610351563
2015-03-05,382.75,979.25,481.25,293.25,334.3999938964844,31.43000030517578,514,206.5749969482422
2015-03-06,379.25,979.25,485.75,295.25,337,31.139999389648438,520.75,209.72500610351563
2015-03-09,383.25,988.25,494.25,284.25,343.8999938964844,30.8799991607666,529,209.6999969482422
2015-03-10,382.25,980,496.5,288.75,342,30.84000015258789,534.75,212.22500610351563
2015-03-11,384,989,503,280.5,345.70001220703125,30.969999313354492,538.5,214.60000610351563
2015-03-12,382.25,986.5,513.25,279.75,343.5,30.760000228881836,546.5,214.6750030517578
2015-03-13,374,968.25,508.75,274.75,338,30.190000534057617,541.75,213.125
2015-03-16,379,969.25,514,278,323.70001220703125,30.389999389648438,555,212.4250030517578
2015-03-17,371,954.5,503.5,271,317.5,30.040000915527344,542.75,211.5749969482422
2015-03-18,374.75,965,510.75,273.25,320.79998779296875,30.6299991607666,553,214.25
2015-03-19,373.5,961.75,512,273,319.29998779296875,30.6200008392334,550.25,214.0500030517578
2015-03-20,385,973.75,530,279,324,30.68000030517578,569.5,214.875
2015-03-23,390.25,983.5,534,281.5,327.29998779296875,31.149999618530273,574.5,216.97500610351563
2015-03-24,393.25,981.75,523.5,282,326.29998779296875,31.110000610351563,565.25,217.1750030517578
2015-03-25,395,978.75,519,282.25,324.5,31.040000915527344,563,217.6999969482422
2015-03-26,391.25,974.5,499.25,277.75,322.3999938964844,31.170000076293945,543,217.4499969482422
2015-03-27,391,967.25,507.75,272.25,321.3999938964844,30.600000381469727,553,219.27499389648438
2015-03-30,394.5,967.75,530.25,269.75,323.20001220703125,30.489999771118164,576.25,218.625
2015-03-31,376.25,973.25,511.75,264.75,326.79998779296875,30.389999389648438,559.25,218.125
2015-04-01,381.75,989.75,528.5,262,331.8999938964844,30.690000534057617,572,218.625
2015-04-02,386.5,986,536.25,269,327.29998779296875,31.040000915527344,582.75,220.375
2015-04-06,385,978.5,527.75,269,323,31.260000228881836,572,219.8000030517578
2015-04-07,383,971,526,273,319.70001220703125,31.030000686645508,565.25,217.6750030517578
2015-04-08,379.25,971.5,526.25,270,319.8999938964844,30.950000762939453,561.25,216.22500610351563
2015-04-09,378,953.5,518.75,269,312.1000061035156,30.84000015258789,551.5,216.47500610351563
2015-04-10,377,951.5,526.5,266.5,309.20001220703125,31.09000015258789,558.75,212.4499969482422
2015-04-13,370.5,948.75,502.25,264,308.79998779296875,31.040000915527344,529,212.25
2015-04-14,373.5,960.25,497,263.75,313.6000061035156,31.299999237060547,521.75,213.1999969482422
2015-04-15,376,965,490.75,261.25,311.5,31.799999237060547,514.5,215.22500610351563
2015-04-16,376.25,966,494.5,258,312.3999938964844,31.760000228881836,508.25,215.8000030517578
2015-04-17,379.75,968.75,494.5,262.5,315,31.520000457763672,509.25,213
2015-04-20,378,977.5,498.75,262.75,318.5,31.59000015258789,512.5,211.8249969482422
2015-04-21,373,975.25,500.75,259.5,315.79998779296875,31.81999969482422,513.75,212.64999389648438
2015-04-22,372.5,970.5,498.75,258.75,315.5,31.559999465942383,512,212.5500030517578
2015-04-23,370.75,978.25,497.75,251.25,316.6000061035156,32.02000045776367,516.5,214.27499389648438
2015-04-24,364.5,969.75,486,241.5,314.6000061035156,31.670000076293945,502.25,214.85000610351563
2015-04-27,360.75,973,470.25,237.75,315.1000061035156,31.65999984741211,490.75,214.89999389648438
2015-04-28,361,977.5,471.5,235.5,318.70001220703125,31.229999542236328,497.25,215.97500610351563
2015-04-29,363.75,988.5,477.25,233.25,324.20001220703125,31.469999313354492,500.75,216.52499389648438
2015-04-30,362.5,978.5,467,239.75,318.8999938964844,31.510000228881836,490.25,217.5500030517578
2015-05-01,359.75,968.5,470,229,314.70001220703125,31.440000534057617,493.25,213.625
2015-05-04,358.75,983,469.25,229.25,315.79998779296875,32.470001220703125,493.75,215.14999389648438
2015-05-05,361.25,993.5,464,227.25,318.1000061035156,32.880001068115234,486.25,215.375
2015-05-06,366.5,990.5,475.75,237.5,317.6000061035156,32.75,501.25,214.5
2015-05-07,357.75,981.5,465.75,229.5,317.3999938964844,32.310001373291016,498.75,214.89999389648438
2015-05-08,358.5,984.5,476.5,236.25,315.20001220703125,32.79999923706055,510.5,215.875
2015-05-11,358.25,983,476.25,232,312.1000061035156,33.040000915527344,509.5,216.77499389648438
2015-05-12,357,967,479.25,240,302.5,32.810001373291016,508.25,217.6999969482422
2015-05-13,356,975,481,233.75,301.70001220703125,33.11000061035156,510,218.75
2015-05-14,361,963,501.75,240.5,310.6000061035156,33,535,219.25
2015-05-15,365.5,953.25,511,248.5,303.29998779296875,33.06999969482422,541.75,219
2015-05-18,368,954.5,521.75,253.5,308,32.779998779296875,555,218.97500610351563
2015-05-19,362,946.25,510.25,248,307.1000061035156,32.18000030517578,540,219.35000610351563
2015-05-20,360,941.25,513,241,304.5,32.20000076293945,545,219.72500610351563
2015-05-21,365,938.5,522,244.25,304.1000061035156,32.25,557.75,220.10000610351563
2015-05-22,360,924.25,515.25,242.5,304.20001220703125,31.639999389648438,546.5,219
2015-05-26,355,922.5,493.5,238.5,301.8999938964844,32.13999938964844,524.5,219.60000610351563
2015-05-27,349.5,927,487.75,236.5,308.1000061035156,31.729999542236328,512,221.4250030517578
2015-05-28,353.5,926,488.75,240,304.79998779296875,32.060001373291016,510.25,224.9499969482422
2015-05-29,351.5,934,477,234,305.70001220703125,33.33000183105469,498.75,222.9499969482422
2015-06-01,352.25,926,493.75,244.5,296.6000061035156,34.5099983215332,514.25,223.5500030517578
2015-06-02,359,940.75,512.5,252.75,301.79998779296875,34.16999816894531,535.5,223.3249969482422
2015-06-03,359,935.25,510.75,251.75,302.70001220703125,34.72999954223633,529.25,221.89999389648438
2015-06-04,363.5,946.5,523.75,254,305.70001220703125,34.529998779296875,541.25,222.5749969482422
2015-06-05,360.5,937.75,517,258.75,304.8999938964844,34.779998779296875,535.25,221.89999389648438
2015-06-08,365.25,944.25,528,264.75,309.5,34.099998474121094,544.5,222.85000610351563
2015-06-09,365,951.5,532.25,257,316.5,33.93000030517578,548.25,224.22500610351563
2015-06-10,357.25,949.5,513.5,255.75,314.3999938964844,33.869998931884766,530.5,226.77499389648438
2015-06-11,356.5,940,504.25,259.75,313.3999938964844,33.290000915527344,523.25,226.25
2015-06-12,353,940,503.75,255.5,317.3999938964844,33.13999938964844,526,223.4499969482422
2015-06-15,348.25,937.75,489.25,252.25,313.20001220703125,32.689998626708984,508.75,223.89999389648438
2015-06-16,354,957.5,488.75,252.5,320.79998779296875,32.900001525878906,506.5,224.85000610351563
2015-06-17,359.25,969,491.25,255,323.70001220703125,32.849998474121094,505.5,224.72500610351563
2015-06-18,358,977.75,488,250.75,326.6000061035156,32.25,498.25,221.9250030517578
2015-06-19,353.25,971.5,488.5,244,323.1000061035156,32.54999923706055,503.25,223.4250030517578
2015-06-22,360,989.5,501.25,250,333.6000061035156,32.91999816894531,512,225.77499389648438
2015-06-23,367.5,987.5,521.5,254.25,331.8999938964844,32.81999969482422,530.25,225.35000610351563
2015-06-24,366.5,981.75,518,256.5,328,33.27000045776367,524.5,223.5500030517578
2015-06-25,376.5,1000.25,532,260.75,336.70001220703125,33.36000061035156,535.25,219.0500030517578
2015-06-26,385,1002,562.25,259.5,341.29998779296875,33.220001220703125,559.25,217.25
2015-06-29,383.25,1002.5,580.5,246,341.8999938964844,33.04999923706055,571.5,219.0749969482422
2015-06-30,414,1056.25,614.75,253.25,359.5,33.560001373291016,593.25,214.72500610351563
2015-07-01,413.75,1044,587.5,245,359.79998779296875,33.0099983215332,576,218.5
2015-07-02,419.75,1045.25,585.75,250,357.3999938964844,33.36000061035156,576,217.4499969482422
2015-07-06,418.5,1033.75,588.5,252.5,354.3999938964844,32.63999938964844,576.25,216.97500610351563
2015-07-07,415.75,1002,579.5,251.25,349.8999938964844,31.40999984741211,570.75,217.125
2015-07-08,416.25,1006.25,572.25,246,350.79998779296875,31.600000381469727,568.25,213.625
2015-07-09,421.25,1037.75,572.25,245.75,364,32.27000045776367,565,211.75
2015-07-10,427.25,1043.5,581.5,249.25,366,32.310001373291016,557.5,211.25
2015-07-13,433.5,1045.25,586.75,247.75,368,32.650001525878906,558,211.22500610351563
2015-07-14,424,1039,583.5,240.5,374.79998779296875,32.31999969482422,550,214.3000030517578
2015-07-15,429.5,1025,566.75,255.5,362.20001220703125,31.649999618530273,559,215.3249969482422
2015-07-16,430,1019,562.25,256.25,363.6000061035156,31.459999084472656,553.25,214.47500610351563
2015-07-17,420.25,1014.75,554,250.25,361.1000061035156,31.780000686645508,546.5,215.1999969482422
2015-07-20,405,1007.75,532.75,241.25,356,31.68000030517578,525.5,216.3249969482422
2015-07-21,406.5,1018.75,524.75,240,359.8999938964844,31.93000030517578,518,213.0749969482422
2015-07-22,402.75,1020.75,516.75,236.25,363.5,31.350000381469727,512.25,212.375
2015-07-23,403.25,1010,521.5,236.5,359,31.190000534057617,517,209.77499389648438
2015-07-24,392.5,991.25,511.75,228.75,354.79998779296875,30.479999542236328,507.25,209.6750030517578
2015-07-27,373,961.25,502.5,226,344.20001220703125,30.110000610351563,499.25,208.75
2015-07-28,375,974.75,510.75,230.5,345.20001220703125,30.65999984741211,504.75,211.25
2015-07-29,367.75,983,496.25,228.5,350,30.209999084472656,495.25,211.47500610351563
2015-07-30,373.25,990.25,496.5,235,357.1000061035156,30.280000686645508,491,211.22500610351563
2015-07-31,371,980.75,499.25,241.25,354.6000061035156,29.979999542236328,492.25,210.72500610351563
2015-08-03,366.5,977.5,499,234.25,351.3999938964844,29.850000381469727,489,213.85000610351563
2015-08-04,368.75,976,493.5,235.75,350.70001220703125,29.829999923706055,485,213.9499969482422
2015-08-05,372.75,991.75,502,235,355.1000061035156,29.6299991607666,489.5,214.125
2015-08-06,369.75,985.5,507,236,350.1000061035156,29.65999984741211,489.5,214.97500610351563
2015-08-07,372.75,1009,510.5,236,352.6000061035156,30.030000686645508,493,214.125
2015-08-10,390.25,1044.75,525.5,233.75,362.5,30.40999984741211,504.5,214.25
2015-08-11,376.5,1014,507.25,226.75,347.8999938964844,30.079999923706055,488,214.0749969482422
2015-08-12,357.25,951,492.25,226.75,335.8999938964844,29.030000686645508,475.25,213.875
2015-08-13,363.75,993,503.25,228,344.1000061035156,28.90999984741211,485.25,214.02499389648438
2015-08-14,364,978.5,506.5,227.5,330.8999938964844,28.780000686645508,489.75,213.89999389648438
2015-08-17,363.25,927,500.5,223.25,325.3999938964844,29.059999465942383,482.25,214.39999389648438
2015-08-18,366.25,913.25,494.25,225,324.6000061035156,28.31999969482422,476,214.5500030517578
2015-08-19,367.25,903.5,496.25,223.25,324,27.889999389648438,474.25,213.8000030517578
2015-08-20,371,921.5,506.25,221.5,330.8999938964844,27.979999542236328,481.25,213.1999969482422
2015-08-21,365.25,905.25,499.5,214.25,326.8999938964844,27.360000610351563,471,212
2015-08-24,368.75,892.75,503.25,215.75,326.3999938964844,26.549999237060547,475.75,210.8249969482422
2015-08-25,365.5,894.25,495,212.75,327.6000061035156,26.81999969482422,466,210.89999389648438
2015-08-26,361.75,877.75,489.75,210.75,324.3999938964844,26.1200008392334,466.5,210.27499389648438
2015-08-27,363.75,886.25,484.25,217,322.8999938964844,26.889999389648438,464.5,210
2015-08-28,363.25,893.25,477,234.5,321.3999938964844,27.790000915527344,457.75,202.39999389648438
2015-08-31,363.75,897.5,482.5,235.5,320.8999938964844,27.920000076293945,463.75,201.8249969482422
2015-09-01,356,884.75,484,224,317.8999938964844,27.219999313354492,458.5,200.27499389648438
2015-09-02,354,883.75,473,224.5,318.1000061035156,26.760000228881836,448,200.75
2015-09-03,347.75,879.75,456.5,222.75,316.5,26.760000228881836,441.5,202.5500030517578
2015-09-04,349.5,877.25,457.75,223.25,313.8999938964844,26.440000534057617,448.5,201.35000610351563
2015-09-08,355,890.75,465.25,233.5,312,26.850000381469727,452,204.3000030517578
2015-09-09,356.5,882.75,462,239.25,312.5,26.600000381469727,448.25,203.8249969482422
2015-09-10,361.75,884.5,468,238,311.3999938964844,26.8700008392334,453.5,203.9499969482422
2015-09-11,374.5,887.75,475.5,236,314.1000061035156,26.579999923706055,459,200.6999969482422
2015-09-14,379,882.75,485.75,230,312.70001220703125,26.889999389648438,470.75,200.14999389648438
2015-09-15,390.5,889,494.75,235.75,318.6000061035156,26.469999313354492,492.5,198.3249969482422
2015-09-16,386,887.25,488.25,233.75,316.29998779296875,26.68000030517578,486.5,194.125
2015-09-17,379.75,884.5,481.5,231.75,313.20001220703125,26.670000076293945,479.25,193.1999969482422
2015-09-18,377.25,867.25,486.75,230.5,309,26.049999237060547,482.25,192.8000030517578
2015-09-21,384.5,874.25,496.75,231.75,309.6000061035156,26.5,490.5,194.6999969482422
2015-09-22,380.5,861.75,495.5,226.5,304.8999938964844,26.1299991607666,488,195.6999969482422
2015-09-23,383.25,863.75,507.5,230,303.1000061035156,26.329999923706055,501.75,194.9499969482422
2015-09-24,381.5,868,497.25,226.25,302.3999938964844,26.979999542236328,490,194.22500610351563
2015-09-25,389,889.25,507.75,231.25,308.70001220703125,27.719999313354492,500.25,184.60000610351563
2015-09-28,386.75,876.75,505.5,229.25,304.70001220703125,27.18000030517578,497.5,185.27499389648438
2015-09-29,389,884.25,503.75,226.5,305.70001220703125,27.459999084472656,494.75,180.8249969482422
2015-09-30,387.75,892,512.75,226.75,308.29998779296875,27.100000381469727,501.75,178.1750030517578
2015-10-01,388.75,877.25,518.25,221,302.6000061035156,27.09000015258789,507.5,177.39999389648438
2015-10-02,389.25,874.25,513.25,212.25,298.5,27.84000015258789,500.5,179.5
2015-10-05,393.5,884.25,515.5,216,301,28.479999542236328,502,178.125
2015-10-06,398.25,888,526.25,219,301.79998779296875,28.510000228881836,515.75,182.52499389648438
2015-10-07,395.75,891,516.75,219.25,305.20001220703125,28.420000076293945,508,184.9499969482422
2015-10-08,391.25,881.25,511.5,218.75,303.79998779296875,28.170000076293945,503.5,187.875
2015-10-09,382.75,885.75,509.25,227.25,306.8999938964844,28.170000076293945,500.25,188.97500610351563
2015-10-12,380.75,887.5,506.75,228.5,309.29998779296875,28.010000228881836,497.75,189.375
2015-10-13,384.5,914,519,232,320.70001220703125,28.600000381469727,511,189.6999969482422
2015-10-14,379,910.5,508.25,231.75,317.79998779296875,28.770000457763672,500.75,190.8000030517578
2015-10-15,375.5,905.25,502.5,234.5,314,28.579999923706055,496.25,189.77499389648438
2015-10-16,376.75,898.25,492.25,230.75,312,28.600000381469727,483.5,193.8000030517578
2015-10-19,373,891,485.75,227,310.79998779296875,28.139999389648438,472.25,195
2015-10-20,376.75,896,491.25,224.75,309.5,28.65999984741211,476.5,194.875
2015-10-21,380.75,905.25,494.75,227.75,310.5,29.18000030517578,480.5,194.25
2015-10-22,378.25,898.75,490.75,225,307.79998779296875,28.850000381469727,475.5,195.5500030517578
2015-10-23,379.75,895.5,490.5,227.75,305.1000061035156,28.56999969482422,475.5,195.0500030517578
2015-10-26,384.5,885,509,228.75,302.20001220703125,27.780000686645508,492.25,193.6750030517578
2015-10-27,380,891.25,509.25,227.25,304.70001220703125,27.889999389648438,488,192.60000610351563
2015-10-28,376,881.5,506,227,299.8999938964844,28.110000610351563,485.5,193.5
2015-10-29,380,878.75,515,227,301.6000061035156,27.8799991607666,488.25,193.14999389648438
2015-10-30,382.25,883.75,522,227.25,304.3999938964844,28.200000762939453,493.75,190.89999389648438
2015-11-02,376.5,877.75,508,222.5,302.20001220703125,27.850000381469727,482.75,192.27499389648438
2015-11-03,380.5,878.5,516.5,225,301.29998779296875,28.149999618530273,487.5,190.64999389648438
2015-11-04,380.5,882,526.25,226,301.79998779296875,28.5,492.75,186.14999389648438
2015-11-05,374.5,867.75,526.25,224.5,296.3999938964844,27.829999923706055,486,181.625
2015-11-06,373,871.25,523.25,223.75,295.70001220703125,28.040000915527344,490.25,181.625
2015-11-09,366.75,873.5,501.75,224,295,27.770000457763672,474,177.125
2015-11-10,359,864.5,490.75,226.5,292.20001220703125,27.270000457763672,460.75,171.5500030517578
2015-11-11,362.25,868.5,494.75,234.75,294,27.18000030517578,464.25,174.85000610351563
2015-11-12,362,869.25,498,230,291.3999938964844,27.440000534057617,463.75,175.375
2015-11-13,358.25,859,495.75,231.5,288.79998779296875,27.040000915527344,465.5,175.0749969482422
2015-11-16,360,859.5,494,235,288.79998779296875,27.290000915527344,467.5,172.3000030517578
2015-11-17,362,864,487.5,237.75,288.5,27.469999313354492,463.25,173.47500610351563
2015-11-18,361.75,857.75,483.25,242.75,285.6000061035156,27.440000534057617,458.75,174.875
2015-11-19,364.25,860,490.75,247.75,286.6000061035156,27.549999237060547,462.5,175.22500610351563
2015-11-20,363.25,857.5,488.5,251,283,27.899999618530273,457,163.64999389648438
2015-11-23,367.25,864.25,495,243.75,285.29998779296875,27.90999984741211,464.5,165.39999389648438
2015-11-24,364.25,863.75,484.25,249.5,283.79998779296875,28.309999465942383,457.5,164.6750030517578
2015-11-25,366,875.25,479.25,244.25,284.79998779296875,28.889999389648438,457.25,164.97500610351563
2015-11-27,359.25,873,465.75,232.75,282.3999938964844,28.75,450,166.02499389648438
2015-11-30,365,881,460,248.75,284.6000061035156,29.100000381469727,457,162.75
2015-12-01,367,889.25,456.5,257.5,285.70001220703125,29.780000686645508,451.5,164.39999389648438
2015-12-02,364,892.25,452.25,264.25,286.29998779296875,30.270000457763672,448.25,160.72500610351563
2015-12-03,370.25,897.5,464.75,265,287.1000061035156,30.59000015258789,458.75,159.75
2015-12-04,376.25,906,471.25,260.5,285.1000061035156,31.799999237060547,463.5,159.4499969482422
2015-12-07,368.5,882.25,470.25,259.75,278.8999938964844,30.979999542236328,461.5,156.4499969482422
2015-12-08,370,876.75,470.75,266,276.6000061035156,31.229999542236328,459.25,153.85000610351563
2015-12-09,371.75,876.75,478,262.25,278.79998779296875,30.860000610351563,467.25,150.625
2015-12-10,377.25,878.25,484.5,261.5,274.20001220703125,31.510000228881836,475.75,153.0500030517578
2015-12-11,373,870.75,482.75,256.5,272.20001220703125,31.079999923706055,468.25,152.125
2015-12-14,381.75,874.25,487.75,248.5,277.79998779296875,31.299999237060547,472.5,148.14999389648438
2015-12-15,377.25,867.25,494.25,227.75,271.79998779296875,30.700000762939453,492.25,148.52499389648438
2015-12-16,369.75,862.5,483.5,223,269.8999938964844,30.3700008392334,481,147.6999969482422
2015-12-17,374.25,877,484,228,275.8999938964844,30.06999969482422,480.5,144.25
2015-12-18,374.5,892.25,486.75,226.5,281,30.530000686645508,482.25,148.75
2015-12-21,372,891.25,479,225,279,30.770000457763672,473.75,155.5
2015-12-22,366.25,885.25,471.75,225,276.8999938964844,30.440000534057617,470.5,158.64999389648438
2015-12-23,365.5,881.75,469.5,221.75,272.3999938964844,30.520000457763672,469,163.0749969482422
2015-12-24,364.5,875.25,467.5,219.5,269,30.8700008392334,467.5,163.47500610351563
2015-12-28,361,865,466.5,223.75,267.29998779296875,30.200000762939453,466,162.64999389648438
2015-12-29,362.5,870,475.75,220.5,268.5,30.520000457763672,473.25,162.47500610351563
2015-12-30,359,875.5,469.75,218.25,265.79998779296875,30.84000015258789,465.5,165.9499969482422
2015-12-31,358.75,871.25,470,217.25,264.29998779296875,30.549999237060547,468.5,166.89999389648438
2016-01-04,351.5,864.5,458.25,210.5,263.20001220703125,29.93000030517578,454.25,167.625
2016-01-05,353,867.75,461.25,210.25,265.29998779296875,29.6299991607666,460,167.77499389648438
2016-01-06,353.25,875.75,462.75,212,266.8999938964844,29.59000015258789,461,168.3249969482422
2016-01-07,353,877,468.5,208.75,266.20001220703125,29.440000534057617,462.75,163.8249969482422
2016-01-08,357,879.5,478.5,210.75,267.8999938964844,29.450000762939453,472.75,159.4250030517578
2016-01-11,351.75,881,469,199,268.79998779296875,29.079999923706055,462.25,159.4499969482422
2016-01-12,356.75,890.75,481.25,205.5,274.70001220703125,29.010000228881836,480.75,160.22500610351563
2016-01-13,358,899,478,205,272.8999938964844,29.360000610351563,476,160.77499389648438
2016-01-14,358,896,468.75,200.25,269.70001220703125,29.68000030517578,468.5,158.8000030517578
2016-01-15,363.25,879,473.75,198.75,270.70001220703125,29.649999618530273,474,154.3000030517578
2016-01-19,367.75,883.5,474.5,207.5,271.29998779296875,30.030000686645508,472.75,156.5500030517578
2016-01-20,368.75,874,471.5,204.5,269.79998779296875,29.809999465942383,467.25,155
2016-01-21,367,878.5,475,203.75,272.20001220703125,29.940000534057617,471.5,158.6750030517578
2016-01-22,370.25,876.5,475.5,205.5,268.5,30.5,470.75,159.4250030517578
2016-01-25,369.75,880.5,481.5,205.25,272.5,30.440000534057617,474,160.22500610351563
2016-01-26,369.25,876.5,484.75,201.5,269.8999938964844,30.739999771118164,476.75,161.10000610351563
2016-01-27,369.25,883,476.5,201,272.5,30.8700008392334,467.5,160.9250030517578
2016-01-28,365.5,867.75,472.25,199,266.8999938964844,30.690000534057617,464.75,161.3000030517578
2016-01-29,372,882.25,479.25,200.75,272.3999938964844,30.8799991607666,472,157.25
2016-02-01,371.25,880.75,475.25,197.25,271,30.760000228881836,466.75,157.77499389648438
2016-02-02,372.5,886.25,475.25,200.25,274.6000061035156,30.790000915527344,465.25,157.85000610351563
2016-02-03,371,876.75,480,196.5,270.1000061035156,30.979999542236328,468.5,157.9499969482422
2016-02-04,368.5,874.5,472.75,196.25,267.6000061035156,31.239999771118164,459.75,156.52499389648438
2016-02-05,365.75,867.5,466.75,197,265,31.229999542236328,454,153.8249969482422
2016-02-08,362.25,862.5,458.5,199,264.5,30.75,445.5,149.3249969482422
2016-02-09,361,863.25,457.5,195.75,263.1000061035156,30.700000762939453,445,149
2016-02-10,360.25,862.25,461.25,189.25,261,31.010000228881836,444.75,151.22500610351563
2016-02-11,360.25,873.5,458.25,191.5,263.70001220703125,31.59000015258789,444,150.25
2016-02-12,358.75,872.75,457.5,196.25,262,31.799999237060547,444.25,150.02499389648438
2016-02-16,363,879.75,464.25,199.25,264.79998779296875,31.610000610351563,450.75,154.5
2016-02-17,367.25,882.5,468.5,200.5,263.6000061035156,31.989999771118164,454,156
2016-02-18,365.5,879.75,462.25,198.5,263.5,31.829999923706055,453.25,156.47500610351563
2016-02-19,365.5,878.25,461.75,192,264.5,31.389999389648438,457,155.875
2016-02-22,367.5,881,458.5,187.75,264.8999938964844,31.489999771118164,453.75,155.1750030517578
2016-02-23,362,869.25,448,182.75,263.20001220703125,30.75,446.25,157.02499389648438
2016-02-24,359.75,867.5,442.75,178,262.8999938964844,30.920000076293945,442.75,157.9499969482422
2016-02-25,355.5,859,445.25,170.5,260,30.649999618530273,446.25,159.10000610351563
2016-02-26,354.5,855,443.25,171,257.20001220703125,31.030000686645508,442.5,158.64999389648438
2016-02-29,353.5,853,445,169.25,259.29998779296875,30.639999389648438,445,158.14999389648438
2016-03-01,353.75,850.75,438.5,165.25,258.1000061035156,30.31999969482422,437.5,158.0500030517578
2016-03-02,354.5,854.25,442.75,167.5,261.20001220703125,30.170000076293945,443,158.3000030517578
2016-03-03,353.75,856.25,453.25,174,262,30.40999984741211,454.5,157.60000610351563
2016-03-04,354.5,870.5,454.75,170.25,267.70001220703125,30.729999542236328,457.75,158.5
2016-03-07,355,873.5,457.75,176.25,268.5,30.950000762939453,459.75,157.9499969482422
2016-03-08,358.75,877.5,461.25,177,270.79998779296875,30.920000076293945,460.25,158.97500610351563
2016-03-09,359,880,463.75,176,269.6000061035156,31.520000457763672,465.25,159.0500030517578
2016-03-10,362.5,881.75,471.5,177.75,270.20001220703125,31.40999984741211,472.75,161.5500030517578
2016-03-11,366,888,469.75,181,272,31.93000030517578,472.5,162.39999389648438
2016-03-14,366.75,888,471.5,185.5,268.1000061035156,32.25,477,162.0500030517578
2016-03-15,368.5,892,477.25,196,268.20001220703125,32.4900016784668,489,163.97500610351563
2016-03-16,368.25,894.5,470.75,195.5,267.70001220703125,32.689998626708984,483.75,164.4499969482422
2016-03-17,368.5,897.75,462.5,191.25,267,33.40999984741211,470.75,163.72500610351563
2016-03-18,367,897.5,463,188,266.6000061035156,33.41999816894531,469.5,163.22500610351563
2016-03-21,369.5,902,466.5,190.75,268.79998779296875,33.58000183105469,474.75,162.375
2016-03-22,370,910.25,466.75,190.25,271,33.93000030517578,476.75,161.5500030517578
2016-03-23,368.5,905.25,463,187.5,270.8999938964844,33.36000061035156,472.25,161.39999389648438
2016-03-24,370,910.5,463,187,275.29998779296875,33.18000030517578,471.75,160.97500610351563
2016-03-28,370.5,909,471,190,272.1000061035156,33.630001068115234,477,NA
2016-03-29,373,916,476.75,189.75,273.20001220703125,34.04999923706055,481.75,NA
2016-03-30,367,909,464,185.25,271.8999938964844,33.790000915527344,465.75,NA
2016-03-31,351.5,910.75,473.5,185.5,270.29998779296875,34.220001220703125,476.25,NA
2016-04-01,354,918.25,475.75,185,272.29998779296875,34.45000076293945,477.75,156.1999969482422
2016-04-04,354.5,913.5,474.75,187,268.20001220703125,34.689998626708984,475.25,156.6750030517578
2016-04-05,356.75,904.75,474,184.25,268.70001220703125,33.9900016784668,473.5,152.625
2016-04-06,358,908,463,183.5,267.8999938964844,34.2599983215332,461.25,153.1750030517578
2016-04-07,361.5,904.5,457,186.25,266.79998779296875,34.099998474121094,454.25,154.14999389648438
2016-04-08,362.25,916.75,460.25,187,273.70001220703125,33.939998626708984,460,155.89999389648438
2016-04-11,356.75,928.25,447.25,184.75,280.1000061035156,33.900001525878906,443.75,155.5500030517578
2016-04-12,362.75,936.25,452.5,187.5,285.1000061035156,33.689998626708984,447.25,155.27499389648438
2016-04-13,373.5,955.75,461.5,192,292.70001220703125,33.959999084472656,454.5,154.8000030517578
2016-04-14,374,948,459.75,193,290.1000061035156,33.689998626708984,455,154.9250030517578
2016-04-15,378.5,956,459.75,189.5,295.8999938964844,33.380001068115234,457.75,155.0749969482422
2016-04-18,381,954.25,472.75,190.75,293,33.95000076293945,464.75,150.5749969482422
2016-04-19,384.5,985.5,486.25,195.75,305.1000061035156,34.779998779296875,476.75,150.1750030517578
2016-04-20,394.75,1009.75,504.25,207,318.8999938964844,34.63999938964844,493.25,149.39999389648438
2016-04-21,384.5,1018.75,495.75,201.25,325.20001220703125,34.209999084472656,488.5,149.4499969482422
2016-04-22,371.75,987,467,197.5,311.70001220703125,33.9900016784668,461.75,147.9499969482422
2016-04-25,377,999.75,471.25,197,316.3999938964844,33.900001525878906,462.5,146.02499389648438
2016-04-26,382.25,1017.75,479.75,195.75,323.29998779296875,33.939998626708984,466.25,146.5749969482422
2016-04-27,380.75,1019,474.25,196,325.20001220703125,33.619998931884766,464,146.3000030517578
2016-04-28,387,1018,475.5,194.25,330.6000061035156,33.04999923706055,461,145.52499389648438
2016-04-29,390.25,1021,478,193.5,332.1000061035156,32.880001068115234,465.25,140.4250030517578
2016-05-02,390.25,1035.5,477,192.25,345.29998779296875,32.189998626708984,461,141.4250030517578
2016-05-03,378.25,1021.5,459.75,186.75,339.5,32.130001068115234,442,143.39999389648438
2016-05-04,373.25,1024.5,460.5,183,343,32.20000076293945,444,144.9250030517578
2016-05-05,371.75,1003.5,453,180.75,335,32.0099983215332,440.25,147.9499969482422
2016-05-06,376,1026.25,453.25,181.25,341.20001220703125,32.810001373291016,441,147.375
2016-05-09,367.75,1018.75,447,177.25,340.20001220703125,32.540000915527344,433.75,150.8000030517578
2016-05-10,378.5,1076,451.5,181.25,360.3999938964844,33.130001068115234,436.75,150.1999969482422
2016-05-11,374,1069.75,449.5,176.75,364.3999938964844,33.08000183105469,431.5,149
2016-05-12,385.25,1064.5,458.5,180,366.79998779296875,32.29999923706055,438.75,147.8249969482422
2016-05-13,382,1055,465,179,361,32.16999816894531,444.75,147.0500030517578
2016-05-16,394,1064.5,474.75,197,361.20001220703125,32.790000915527344,453.5,148.64999389648438
2016-05-17,397,1080.25,481.75,196.5,369.1000061035156,32.779998779296875,457.75,149.52499389648438
2016-05-18,399.5,1075.25,480,193.5,372.70001220703125,32.45000076293945,456.75,149.5
2016-05-19,390,1071.5,468.75,188.25,378.1000061035156,31.90999984741211,448,148.27499389648438
2016-05-20,394.5,1074.25,467.75,189.5,392.70001220703125,31.270000457763672,449,148.625
2016-05-23,397.75,1058.5,462,189.5,387.70001220703125,31.149999618530273,447,147
2016-05-24,397.5,1054.75,464,188.75,388.8999938964844,30.889999389648438,446.5,146
2016-05-25,404.75,1085.5,466,190,407.20001220703125,31.34000015258789,451,145.47500610351563
2016-05-26,408.25,1079.75,481.25,191.25,409.6000061035156,31.040000915527344,462.25,145.89999389648438
2016-05-27,412.75,1086.5,481.5,193,402.6000061035156,31.479999542236328,459.75,146.6999969482422
2016-05-31,404.75,1078.5,464.5,189,396.6000061035156,31.81999969482422,447.25,147.10000610351563
2016-06-01,413.75,1099.75,473.75,190.25,399.1000061035156,32.189998626708984,456,146.4250030517578
2016-06-02,415.25,1144.25,485.5,190.75,418.29998779296875,32.2599983215332,464.5,146.39999389648438
2016-06-03,418.25,1132,497.25,188,414.29998779296875,32.2599983215332,474,146.6750030517578
2016-06-06,427.25,1138.25,507.5,193.75,411.70001220703125,32.5099983215332,481.25,145.52499389648438
2016-06-07,427.75,1141.25,509,196.5,407.79998779296875,32.290000915527344,485,145.4499969482422
2016-06-08,431.25,1177.75,519.5,205.75,417.1000061035156,32.88999938964844,492.75,147.375
2016-06-09,426.5,1176,510.25,205.25,413.5,33.029998779296875,484.25,147.3000030517578
2016-06-10,423,1178.25,495,201.75,414,32.7599983215332,468.5,145.5500030517578
2016-06-13,430,1169,491.25,205.25,408.3999938964844,32.5099983215332,460.75,141.0500030517578
2016-06-14,436.5,1169.5,485,206.5,408.6000061035156,32.52000045776367,458.5,142.14999389648438
2016-06-15,429,1156,477.5,204.5,407.20001220703125,31.959999084472656,456.75,140.25
2016-06-16,425.25,1134.5,472.5,204.5,397.70001220703125,31.15999984741211,450.75,139.625
2016-06-17,437.75,1159.5,481.25,208.25,407.3999938964844,31.93000030517578,460.75,137.4250030517578
2016-06-20,421.25,1143.5,473,208.25,402.70001220703125,31.639999389648438,451.25,136.6750030517578
2016-06-21,396.25,1133.25,458.5,206.5,393.29998779296875,31.360000610351563,435,139.27499389648438
2016-06-22,393,1137.5,458.75,206.5,391,31.549999237060547,433,140.1750030517578
2016-06-23,387.25,1124.5,454.25,207.25,383.20001220703125,31.75,427.75,142.375
2016-06-24,384.5,1103,454.75,209,375.6000061035156,30.989999771118164,422.75,139.4499969482422
2016-06-27,385.25,1133,446.75,204,384,31.260000228881836,412.75,140.1750030517578
2016-06-28,385.25,1150.5,443.75,206,392.3999938964844,31.110000610351563,408.75,140.6750030517578
2016-06-29,372.75,1144.5,429.5,203.75,397.1000061035156,30.81999969482422,400,143.0500030517578
2016-06-30,358.75,1175,431.25,205.25,405.29998779296875,31.3799991607666,404.25,144.3000030517578
2016-07-01,353,1168.75,416.25,205.5,404.79998779296875,31.030000686645508,394.25,142.4499969482422
2016-07-05,344,1117,419.5,216,385.3999938964844,30.81999969482422,402,144.0749969482422
2016-07-06,335.75,1106.25,415.75,218,386,30.25,400.5,144.5749969482422
2016-07-07,335.5,1054.25,412,227.5,370,29.729999542236328,396.5,143.625
2016-07-08,349.75,1089.75,420.75,228.25,378.70001220703125,30.270000457763672,405.25,143.4499969482422
2016-07-11,343.75,1082.75,416.25,236.5,373.70001220703125,30.25,401,139.4499969482422
2016-07-12,349.75,1107.25,424,236.5,378.29998779296875,30.709999084472656,407.75,138.60000610351563
2016-07-13,365.75,1128,426.25,237.75,388.5,30.649999618530273,407.75,139.27499389648438
2016-07-14,362.25,1111.5,421.75,217,381.29998779296875,31.1200008392334,406,141.6999969482422
2016-07-15,352.25,1072.5,424.75,204.25,369.3999938964844,30.889999389648438,413.75,139.5749969482422
2016-07-18,357,1078.25,429.5,207,373,30.940000534057617,420,141.1750030517578
2016-07-19,341.75,1044,418,204.25,359.70001220703125,30.65999984741211,410.5,139.89999389648438
2016-07-20,337.5,1027,413,205.75,352.3999938964844,30.709999084472656,406.75,138.625
2016-07-21,334.25,1032.5,417.75,207.75,352.5,31.059999465942383,407.5,134.39999389648438
2016-07-22,335,1006.5,425.25,207.5,346.70001220703125,30.209999084472656,419,137.1999969482422
2016-07-25,334.75,983.75,429,204.25,338.8999938964844,29.459999084472656,423.25,141.6999969482422
2016-07-26,332.5,993.5,415,200.25,341.3999938964844,29.559999465942383,412,142.4499969482422
2016-07-27,335.75,1010.5,414.75,197,344.79998779296875,29.530000686645508,412.5,142.27499389648438
2016-07-28,331.25,1003.5,410.25,198.25,341.5,29.489999771118164,409,140.47500610351563
2016-07-29,334.5,1032.5,407.75,200.5,350,30.350000381469727,409.75,140.0500030517578
2016-08-01,325.75,996,406,199.75,334,29.75,409.25,144.5500030517578
2016-08-02,324.25,985.25,401.25,195.5,328.3999938964844,30.059999465942383,406.5,145.47500610351563
2016-08-03,325,990.5,410.25,196.25,330.5,30.299999237060547,412.25,147.47500610351563
2016-08-04,320.75,990.5,403.25,185,329.70001220703125,30.540000915527344,405.75,147.5749969482422
2016-08-05,324.25,1003.75,416,178.75,335.79998779296875,30.520000457763672,411.75,149.64999389648438
2016-08-08,325.25,1018.75,417,176.5,337.8999938964844,30.93000030517578,409.75,149.125
2016-08-09,322.25,1022,417,175.25,339.20001220703125,31.170000076293945,410,150.1750030517578
2016-08-10,322.5,1017,421.75,172,336.20001220703125,31.5,411.75,149.72500610351563
2016-08-11,321,1022.25,416.25,169,333.8999938964844,31.709999084472656,412.25,148.72500610351563
2016-08-12,322.25,1003.25,422.5,167,332.8999938964844,31.899999618530273,416.25,149.0749969482422
2016-08-15,326.5,1023.75,422,172,339.6000061035156,33.209999084472656,411.75,148.64999389648438
2016-08-16,327.5,1019.5,423.5,172.5,336.70001220703125,33.380001068115234,411.25,147.125
2016-08-17,330.25,1030.5,426,170.5,336.70001220703125,34.0099983215332,418.25,146.72500610351563
2016-08-18,332,1032.25,427,170,334.3999938964844,34.189998626708984,421,145.02499389648438
2016-08-19,334.25,1027,427,169.75,330,34.13999938964844,418.75,146.0749969482422
2016-08-22,333.25,1035.25,415.25,172.25,334.20001220703125,33.88999938964844,413.75,147.02499389648438
2016-08-23,328.5,1034.25,407.75,171.5,332.3999938964844,33.88999938964844,407.25,146.4499969482422
2016-08-24,327.5,1030.75,404,169.25,331.5,33.56999969482422,407.75,146.64999389648438
2016-08-25,323.5,998.25,401.25,172.75,324.29998779296875,32.90999984741211,405.5,146.72500610351563
2016-08-26,316.25,990.75,383.5,169,321.20001220703125,32.95000076293945,389.75,139.9250030517578
2016-08-29,311.75,983.25,370.5,162,319.5,32.810001373291016,374.25,139.14999389648438
2016-08-30,304,965.5,363.25,161.75,313.79998779296875,32.72999954223633,367.75,142.52499389648438
2016-08-31,301.5,960,361,161,312.20001220703125,32.470001220703125,371.25,140.52499389648438
2016-09-01,311,959,368.25,166.25,313.1000061035156,32.20000076293945,379.75,137.3000030517578
2016-09-02,316.5,968.5,373.25,161,313.70001220703125,32.65999984741211,386.5,134.875
2016-09-06,316.75,974.25,371,158.5,317.1000061035156,32.7599983215332,384,130.5
2016-09-07,321,991.75,375.25,163.75,323.79998779296875,32.810001373291016,384.75,133.14999389648438
2016-09-08,327,992,377,165,325.1000061035156,32.939998626708984,392.5,131.60000610351563
2016-09-09,330,997.25,376,164.25,323.29998779296875,33.029998779296875,393.5,134.22500610351563
2016-09-12,329.25,984.5,383.25,162,318.29998779296875,32.310001373291016,399.75,134.9250030517578
2016-09-13,319.25,968.25,374.75,163.75,310.3999938964844,31.549999237060547,392.25,133.375
2016-09-14,322.25,972,376.75,166.5,315.70001220703125,31.5,394.75,132.6750030517578
2016-09-15,330,950.5,399.5,173,308.6000061035156,32.040000915527344,416,133.97500610351563
2016-09-16,337,966,403.25,175.75,313.70001220703125,31.979999542236328,417.25,135.5
2016-09-19,337.25,972.5,404,173,311.8999938964844,32.83000183105469,416.5,135.4499969482422
2016-09-20,340.5,989.75,406,175,313.1000061035156,33.83000183105469,418.5,135.3249969482422
2016-09-21,340,975.5,407.75,176.25,308.70001220703125,33.400001525878906,422.25,136.35000610351563
2016-09-22,336.75,976.5,405.5,177.25,307.8999938964844,33.959999084472656,420.75,137
2016-09-23,336.5,955,404.75,177,303.29998779296875,33.310001373291016,421.5,136.8249969482422
2016-09-26,329,945.25,396,173.25,297.6000061035156,33.119998931884766,414,136.0500030517578
2016-09-27,331.75,952.5,404,174.5,299.29998779296875,33.119998931884766,419.25,134.8249969482422
2016-09-28,329.25,945.5,403.25,174,299.70001220703125,32.63999938964844,421.25,135.1750030517578
2016-09-29,329.25,950.25,399,176,297.8999938964844,33.09000015258789,417.25,134.22500610351563
2016-09-30,336.75,954,402,178.25,297.8999938964844,33.2400016784668,415.5,123.1500015258789
2016-10-03,346,973,395.5,183,305.8999938964844,33.04999923706055,407,123.9749984741211
2016-10-04,348.25,963.5,395.5,181.25,304.5,32.88999938964844,403,128
2016-10-05,347.75,956.75,405,184,303.79998779296875,32.65999984741211,415,127.44999694824219
2016-10-06,340.5,958.5,395.75,187.75,301.5,33.099998474121094,405,127.82499694824219
2016-10-07,339.75,956.75,394.75,190.75,298.6000061035156,33.11000061035156,403,127.625
2016-10-11,345.5,954.25,407.25,199,297.6000061035156,33.15999984741211,406.25,124.125
2016-10-12,337,945.5,396.75,198,294.5,33.13999938964844,398.5,122
2016-10-13,349.5,956.25,416,195.75,299.79998779296875,33.15999984741211,414,119.44999694824219
2016-10-14,354.25,962.5,421,198.75,299.79998779296875,34.150001525878906,417.75,120.375
2016-10-17,354,978.25,423.75,200,303.5,35.439998626708984,422,121.69999694824219
2016-10-18,353.75,972.5,420,203.75,303.3999938964844,35.06999969482422,421.75,122.0250015258789
2016-10-19,357.5,981.5,420.25,209,306.3999938964844,35.400001525878906,425.25,119.0250015258789
2016-10-20,351,975.5,417,210.5,304.6000061035156,35.04999923706055,423,121.75
2016-10-21,352.5,983,414.5,218.25,306.5,35.119998931884766,421.5,121.875
2016-10-24,348.25,992,402.5,213.25,307.29998779296875,35.9900016784668,412.5,122.375
2016-10-25,349.25,990.75,404.25,212,308.20001220703125,35.79999923706055,413.5,121.55000305175781
2016-10-26,354,1010,411.5,215,319.1000061035156,35.720001220703125,417,121.9749984741211
2016-10-27,357.5,1014.25,414.5,232,327.6000061035156,35.11000061035156,417,121.92500305175781
2016-10-28,355,1001.25,408.5,223.75,317.5,35.40999984741211,411.25,121.55000305175781
2016-10-31,354.75,1002.25,416.25,220.5,316.1000061035156,35.16999816894531,414.75,121.8499984741211
2016-11-01,349,984.25,414.25,219.5,309.5,34.849998474121094,413.75,126.17500305175781
2016-11-02,346.25,976.75,417.75,224.5,306.70001220703125,34.97999954223633,415.5,126.57499694824219
2016-11-03,348,979.75,412,222,306.3999938964844,35.099998474121094,410.5,125.8499984741211
2016-11-04,348.75,981.5,414.25,228.25,309,34.709999084472656,411.5,125.625
2016-11-07,346.25,989.25,410,228,311.8999938964844,34.790000915527344,410,124.07499694824219
2016-11-08,354.25,1001.75,415.25,225.75,315.70001220703125,35.310001373291016,417.5,124.4000015258789
2016-11-09,340.75,982,406.75,222.5,311.3999938964844,34.310001373291016,410.25,124.55000305175781
2016-11-10,343.5,989,404.75,220.75,311.3999938964844,34.77000045776367,408.75,125.19999694824219
2016-11-14,337.25,971,394,227.75,309.8999938964844,33.95000076293945,402.75,126.0250015258789
2016-11-15,341.5,989.5,399,233,310.1000061035156,34.209999084472656,408,126.5999984741211
2016-11-16,338.5,985.75,397,233.5,308.3999938964844,34.099998474121094,403.5,126.9749984741211
2016-11-17,342,989.5,403,235,311.5,33.70000076293945,408.75,126.9749984741211
2016-11-18,345.5,993.75,408,232.5,310.3999938964844,34.04999923706055,413.75,124.9749984741211
2016-11-21,349.75,1020.25,410.25,224.75,319.70001220703125,34.63999938964844,414.5,124.17500305175781
2016-11-22,351,1030,407.25,221.5,324.8999938964844,34.47999954223633,416.5,124.05000305175781
2016-11-23,350.75,1034.25,401.5,216.75,316.3999938964844,36.849998474121094,415.5,124.9000015258789
2016-11-25,349.25,1046,395.75,209,320.79998779296875,36.65999984741211,411.25,127.2249984741211
2016-11-28,348.5,1056,389.5,202.25,325.8999938964844,36.709999084472656,411.5,126.80000305175781
2016-11-29,336.75,1042.5,384,198.5,321.70001220703125,36.36000061035156,398.75,126.9749984741211
2016-11-30,336.75,1032.25,380.5,199.25,316.3999938964844,36.790000915527344,391.25,128.4250030517578
2016-12-01,331.75,1029.75,371.5,200.25,310.8999938964844,37.63999938964844,384,127.7750015258789
2016-12-02,337.5,1027.5,387.5,200.25,310.70001220703125,37.5099983215332,390,124.5999984741211
2016-12-05,349.5,1043.5,389.25,199.25,317.70001220703125,37.4900016784668,390.25,124.32499694824219
2016-12-06,351,1047.75,389.5,209.5,320.20001220703125,37.619998931884766,387,126.8499984741211
2016-12-07,350.5,1049,386.25,213.5,319.20001220703125,37.720001220703125,382,126.9749984741211
2016-12-08,346.5,1027,390.75,214,312.3999938964844,37.04999923706055,387,126.5999984741211
2016-12-09,352.5,1037.5,400.25,214,317.3999938964844,36.7400016784668,395.5,125.94999694824219
2016-12-12,354.5,1031,401.25,215.75,314.79998779296875,36.7599983215332,397.5,128.5500030517578
2016-12-13,356.25,1028,398,218.25,313.5,36.56999969482422,399.25,128.97500610351563
2016-12-14,351.75,1023.75,391.5,216,311.1000061035156,36.72999954223633,400.5,127.69999694824219
2016-12-15,356.5,1029,409.25,225.25,314,36.7400016784668,412.75,127.69999694824219
2016-12-16,356.25,1036.75,409.25,224,317.1000061035156,36.7400016784668,414.75,129.89999389648438
2016-12-19,353.25,1021.5,405,225.5,312.20001220703125,36.560001373291016,414,130.875
2016-12-20,350.25,1005.25,403.25,223.75,308.79998779296875,36.060001373291016,412.75,130
2016-12-21,347.25,1006.75,399.5,223.25,309.5,36.040000915527344,409.25,130.22500610351563
2016-12-22,347.25,994.5,397,218,309.29998779296875,34.790000915527344,408,131.125
2016-12-23,345.75,989,393.5,218.5,308,34.599998474121094,406.25,130.72500610351563
2016-12-27,355,1014.75,409.5,228.5,317.79998779296875,35.119998931884766,418.75,129.9499969482422
2016-12-28,348.25,1006.75,401.5,227.75,316.20001220703125,34.86000061035156,409.5,131.72500610351563
2016-12-29,349.75,1003.25,404.75,226.5,314.79998779296875,34.52000045776367,415.25,131.9250030517578
2016-12-30,352,996.5,408,228.5,312.8999938964844,34.41999816894531,418.5,130.4499969482422
2017-01-03,355.75,986.75,406.5,235.5,308.29998779296875,34.56999969482422,414,130.1999969482422
2017-01-04,359.75,1006.25,418.5,237.75,315.29998779296875,34.97999954223633,426.5,128.5
2017-01-05,361.25,1003.5,426.25,236.5,314.3999938964844,35,434.5,128.25
2017-01-06,358,986,423.25,228,307.5,34.77000045776367,433.5,128.3249969482422
2017-01-09,360,996.5,427.25,225.5,309.79998779296875,35.27000045776367,438.5,129.27499389648438
2017-01-10,358.25,1005.5,426.75,226.5,313.3999938964844,35.43000030517578,438.25,132.6999969482422
2017-01-11,357.25,1003,418.75,231.75,310.70001220703125,35.790000915527344,431.75,132.0500030517578
2017-01-12,358.25,1032,426.25,235.75,324.20001220703125,35.849998474121094,444.75,130.3249969482422
2017-01-13,358.5,1042.5,426,242.5,332.5,35.369998931884766,449,130.4499969482422
2017-01-17,365.5,1069.25,433.5,249.25,348.79998779296875,35.560001373291016,452,130.9250030517578
2017-01-18,365,1075,431,257,351.1000061035156,35.58000183105469,452.25,131
2017-01-19,366.25,1070.25,423.5,258,348.20001220703125,35.439998626708984,442.25,131.9499969482422
2017-01-20,369.75,1067.5,428.25,262.75,348.70001220703125,35.150001525878906,443,133.10000610351563
2017-01-23,369.5,1057.75,433.25,260,343.5,35.130001068115234,444.75,132.77499389648438
2017-01-24,363.25,1058.5,426.75,256.75,343,35.279998779296875,441.75,132.4250030517578
2017-01-25,366.25,1055.25,424.5,260,343.29998779296875,34.869998931884766,437.75,132.375
2017-01-26,363.75,1049.5,427,255.25,342.3999938964844,34.470001220703125,440.25,131.8249969482422
2017-01-27,362.5,1049.25,420.5,253.25,343,34.27000045776367,434.25,127.44999694824219
2017-01-30,357.75,1022.75,414,243.75,334.3999938964844,33.61000061035156,425.75,123.9000015258789
2017-01-31,359.75,1024.5,420.75,244.25,334.6000061035156,33.849998474121094,429.5,122.7750015258789
2017-02-01,368.25,1036.75,433.75,250.75,336,34.310001373291016,440.5,122.07499694824219
2017-02-02,367.5,1037.25,434.5,255,333.79998779296875,34.59000015258789,443.5,123.75
2017-02-03,365.25,1027,430.25,258.75,331.6000061035156,33.86000061035156,440.5,123.57499694824219
2017-02-06,363.75,1036,422.5,261.25,332.79998779296875,34.439998626708984,435.75,123.5250015258789
2017-02-07,368.5,1042.75,430.75,257.5,335.8999938964844,34.29999923706055,439.5,124.2249984741211
2017-02-08,370.75,1058.75,432.5,254,341.20001220703125,34.689998626708984,442,122.30000305175781
2017-02-09,369.5,1050.5,443.5,254.5,338.3999938964844,34.66999816894531,451.25,123.625
2017-02-10,374.5,1059,449,254.5,342.1000061035156,34.61000061035156,460.5,122.07499694824219
2017-02-13,375.5,1054.25,452.25,254.75,343.20001220703125,34.16999816894531,466.75,121.82499694824219
2017-02-14,374.25,1045,449.5,254,339.5,34.13999938964844,465.25,124
2017-02-15,378.75,1061.25,454.75,250.5,346.8999938964844,33.939998626708984,469.25,124.2750015258789
2017-02-16,373.5,1043.75,447.75,255.75,342,33.52000045776367,458,123.82499694824219
2017-02-17,368.25,1032.5,441,256.75,339.6000061035156,32.88999938964844,456.25,124.07499694824219
2017-02-21,369.25,1026.25,436,252.5,337.3999938964844,32.66999816894531,452.25,124.55000305175781
2017-02-22,371,1022.75,441.25,253,335,32.720001220703125,457.75,125.0999984741211
2017-02-23,365.5,1011.5,438,253.25,330.79998779296875,32.31999969482422,457.75,125.1500015258789
2017-02-24,364,1013.5,431.25,251.75,331.29998779296875,32.38999938964844,453.75,121.69999694824219
2017-02-27,360.25,1011,418.75,249.5,331.1000061035156,32.349998474121094,444,123.8499984741211
2017-02-28,366.75,1025,424.75,258,332.6000061035156,33.689998626708984,451.25,125.07499694824219
2017-03-01,375.75,1041.25,435.5,260.75,335.1000061035156,34.4900016784668,465.5,124.5
2017-03-02,372.75,1026.75,432,257.25,330.79998779296875,33.880001068115234,460.25,123.44999694824219
2017-03-03,374.75,1027,433.75,260.5,328.79998779296875,34.130001068115234,462,124.2249984741211
2017-03-06,372.75,1026.75,438.25,264,329.20001220703125,34.02000045776367,464.25,124.07499694824219
2017-03-07,369.5,1014.75,436,265.5,326.8999938964844,33.470001220703125,463.25,123.94999694824219
2017-03-08,365.25,1011,427.5,267.25,326.5,33.290000915527344,457,124.375
2017-03-09,359.75,1000.25,426,264,324.1000061035156,32.869998931884766,453.25,126.1500015258789
2017-03-10,358,996.25,422.75,269.75,324.6000061035156,32.439998626708984,445.25,127.4749984741211
2017-03-13,354.5,996.25,412.25,269.5,326.8999938964844,31.8700008392334,432.5,128.60000610351563
2017-03-14,353.75,987.25,412,253,323.29998779296875,31.850000381469727,433.25,127.8499984741211
2017-03-15,363.5,998,436,257.25,327.6000061035156,32.220001220703125,447.25,129.22500610351563
2017-03-16,366,1001.5,436,249.25,329.29998779296875,32.2599983215332,450,130.5500030517578
2017-03-17,367.5,1000,436.25,250,328.8999938964844,32.29999923706055,453.5,131.3249969482422
2017-03-20,363.5,999.5,430.25,250.75,326.6000061035156,32.7400016784668,445.25,131.47500610351563
2017-03-21,361.25,1001.5,426.5,253.75,325.79998779296875,33.13999938964844,438.25,132
2017-03-22,358.75,999.75,422.25,251.5,323.5,33.52000045776367,432.5,134
2017-03-23,356.75,991,421,248,320.70001220703125,33.220001220703125,428,133.6999969482422
2017-03-24,356.25,975.75,424.75,246.25,318.20001220703125,32.22999954223633,428,133.375
2017-03-27,355.75,971.5,420.75,240.5,315.29998779296875,32.290000915527344,421.25,132.14999389648438
2017-03-28,357.75,972,424.5,235,315.29998779296875,32.470001220703125,424,132.35000610351563
2017-03-29,358.5,969,425.5,231.25,315.79998779296875,32.209999084472656,423.5,133.3000030517578
2017-03-30,357.5,963,421,227.25,314.8999938964844,32.0099983215332,417.25,132.6750030517578
2017-03-31,364.25,946,426.5,224.25,308.3999938964844,31.780000686645508,420.5,133.9499969482422
2017-04-03,367.75,938.25,427.75,225.5,307.6000061035156,31.420000076293945,419,133.0749969482422
2017-04-04,363,937.75,427,222.75,308.1000061035156,31.43000030517578,421.75,131.02499389648438
2017-04-05,364.75,944.25,429.75,222.5,309.79998779296875,31.829999923706055,425,130.52499389648438
2017-04-06,360.75,941.5,423.25,218.75,308.70001220703125,31.3700008392334,420,131.9499969482422
2017-04-07,359.5,942,424,216.5,307.3999938964844,31.6200008392334,421.75,133.75
2017-04-10,367,941.75,428.75,216.5,309.1000061035156,31.350000381469727,425.5,135.3000030517578
2017-04-11,366.5,939.25,433.25,219.75,309.29998779296875,31.06999969482422,429.75,137.1750030517578
2017-04-12,369,947.75,433.25,224.5,312.70001220703125,31.239999771118164,430,137.5
2017-04-13,371,955.5,429.75,225.5,317.5,31.190000534057617,427.25,137.8000030517578
2017-04-17,366.5,953.25,421,219.25,313.3999938964844,31.799999237060547,416.25,139.0500030517578
2017-04-18,361.75,946,422.5,218.75,312.20001220703125,31.139999389648438,419.25,138.6750030517578
2017-04-19,361.75,950.25,419,218.25,310.79998779296875,31.579999923706055,416.75,138.6750030517578
2017-04-20,357.75,946.75,406.25,221.75,307.8999938964844,31.920000076293945,402.75,137.89999389648438
2017-04-21,357,951,405,217.5,309.6000061035156,31.940000534057617,404.5,138.5500030517578
2017-04-24,359.25,961.25,402.5,218.75,316.3999938964844,31.690000534057617,401.75,138.25
2017-04-25,365,954.5,408.75,222.5,313.5,31.579999923706055,412,138.72500610351563
2017-04-26,359,945.75,407.75,220.75,309.6000061035156,31.90999984741211,412.25,139.85000610351563
2017-04-27,362,945.75,413.5,223,310.5,31.700000762939453,420.75,140.85000610351563
2017-04-28,358,945.25,418.5,237.5,311.70001220703125,31.450000762939453,424.75,149.5500030517578
2017-05-01,369.25,959,442.75,243.25,314.29998779296875,31.889999389648438,452.75,148.60000610351563
2017-05-02,364,958,441.5,245.25,310.79998779296875,32.349998474121094,454.75,149.625
2017-05-03,366.25,965.5,443,246.25,314.6000061035156,32.31999969482422,450.5,153.3000030517578
2017-05-04,358,965.25,426,249.25,314.1000061035156,32.33000183105469,432.5,148.27499389648438
2017-05-05,361.75,963,427.5,254,312.29998779296875,32.709999084472656,438,143.77499389648438
2017-05-08,356.75,956.25,418,252.75,309.5,32.72999954223633,432.5,148.3000030517578
2017-05-09,358.25,965.25,421.75,250,314.20001220703125,32.650001525878906,427,144.52499389648438
2017-05-10,365.25,961.75,424,248.5,313.79998779296875,32.06999969482422,427.75,144.5
2017-05-11,360.5,956,426,250.25,311.1000061035156,32.27000045776367,429.75,142.375
2017-05-12,361.75,954,425,247,309.70001220703125,32.630001068115234,429,144.5500030517578
2017-05-15,367.75,965.25,423.25,230.25,312.5,33.02000045776367,428.5,142.52499389648438
2017-05-16,367.75,976.25,424.25,229.75,317,33.0099983215332,424.5,140.9499969482422
2017-05-17,371.5,975.75,427,235.5,315.29998779296875,33.150001525878906,426.5,141.97500610351563
2017-05-18,366,944.75,425.75,236,307.5,32.439998626708984,426,142.27499389648438
2017-05-19,372.5,953,435.25,241.75,307,33.040000915527344,438,143.35000610351563
2017-05-22,375,956.5,434.25,246.75,307.79998779296875,32.939998626708984,436,144.25
2017-05-23,369.5,948.25,429.5,241.25,306.29998779296875,32.34000015258789,430.5,144.25
2017-05-24,371.25,948.25,432.5,238.5,306.3999938964844,32.279998779296875,432.75,144
2017-05-25,369.25,939.5,430.75,242,304.70001220703125,32.040000915527344,431.25,143.52499389648438
2017-05-26,374.25,926.5,438.25,244.25,301.79998779296875,31.600000381469727,437.5,146.9499969482422
2017-05-30,367,912.75,429.5,242.25,297.6000061035156,31.420000076293945,433.25,149.9250030517578
2017-05-31,372,916,429.25,247.5,298.1000061035156,31.34000015258789,431.75,152.5749969482422
2017-06-01,370.5,912.25,429,255,297.5,31.25,430.75,157.0749969482422
2017-06-02,372.75,921.25,429.5,246,301.8999938964844,31.010000228881836,433.25,158.72500610351563
2017-06-05,373,922,429.5,242.25,300.6000061035156,31.309999465942383,430,159.875
2017-06-06,377.25,923.5,435.75,256.25,301.1000061035156,31.389999389648438,438,155.375
2017-06-07,384.75,930.75,444.75,260.5,304.8999938964844,31.360000610351563,446,154.8000030517578
2017-06-08,385.75,938,449.25,245,306.1000061035156,31.850000381469727,453.75,153.9499969482422
2017-06-09,387.75,941.5,445.75,252.25,305.8999938964844,32.290000915527344,451.5,154.1750030517578
2017-06-12,377.25,931.25,434,249.75,301.79998779296875,31.940000534057617,442.75,151.5500030517578
2017-06-13,381,932.5,445,253.25,301.5,32.09000015258789,457,149.9499969482422
2017-06-14,377,931.75,443,255.5,301.79998779296875,32.09000015258789,457.5,146.125
2017-06-15,379.5,934.75,453.75,261.25,300.6000061035156,32.7400016784668,465.25,147.0749969482422
2017-06-16,384,939,465.25,269.25,300.8999938964844,33.11000061035156,473.5,147.875
2017-06-19,375.25,937.75,467,268.25,301.5,32.81999969482422,472.5,145
2017-06-20,370,927.75,472.5,261.25,300.8999938964844,32.02000045776367,474.25,143.9250030517578
2017-06-21,368.75,918.75,464.5,258.75,297.8999938964844,31.850000381469727,467.75,144.64999389648438
2017-06-22,362.75,904,461.25,257.25,293.79998779296875,31.549999237060547,467.75,143.4499969482422
2017-06-23,357.75,904.5,459.75,254.5,293.6000061035156,31.610000610351563,464.25,144.9499969482422
2017-06-26,359,906.75,450,249.75,294.1000061035156,31.520000457763672,453,149.4499969482422
2017-06-27,359.25,911.25,453.25,246.5,294,32.08000183105469,457.25,144.875
2017-06-28,356.75,914,457.25,266.5,294.6000061035156,32.119998931884766,461.5,146.39999389648438
2017-06-29,359.75,915.5,480.25,265.5,294.3999938964844,32.41999816894531,480.5,147.1750030517578
2017-06-30,370.5,942.25,511,290,304.3999938964844,32.93000030517578,511.25,147.9250030517578
2017-07-03,378,964.75,536.75,284.5,311.8999938964844,33.130001068115234,541.25,146.10000610351563
2017-07-05,381.75,976.25,539.25,279.75,316.5,33.150001525878906,551.25,142.22500610351563
2017-07-06,380.25,980.75,519,272.75,320,32.83000183105469,530.5,144.625
2017-07-07,382.25,996,515.25,282.5,328.5,32.779998779296875,526.5,145.02499389648438
2017-07-10,391.75,1020.25,530.5,306,336.3999938964844,33.619998931884766,541,144.6750030517578
2017-07-11,392.25,1025.25,535.5,308.25,336.79998779296875,33.72999954223633,541,147.25
2017-07-12,376.25,1016.75,522.5,300.25,334.3999938964844,33.43000030517578,528,151.75
2017-07-13,361,972.5,495.5,294.5,316.79998779296875,33.0099983215332,499.75,153.02499389648438
2017-07-14,365.25,985.25,494.75,298,322.29998779296875,33.060001373291016,499,154.27499389648438
2017-07-17,375,985,506,285.5,321.79998779296875,33.0099983215332,506.5,154.4250030517578
2017-07-18,377,989.5,503.75,291.75,323.5,33.16999816894531,502.75,151.60000610351563
2017-07-19,382.5,999.75,503,293,326.6000061035156,33.459999084472656,500.25,154.5
2017-07-20,391,1013.25,505.75,295.75,330.5,33.970001220703125,503.75,152.27499389648438
2017-07-21,379.75,1009,499.25,295.75,329.70001220703125,33.79999923706055,496,152.9499969482422
2017-07-24,377.25,997.5,488.75,288.75,325.8999938964844,33.61000061035156,487.5,148.4499969482422
2017-07-25,368.75,981.5,474,282,318.29998779296875,33.5,472.75,146.52499389648438
2017-07-26,372.75,988.75,477.75,288.5,319.79998779296875,33.72999954223633,475.5,146.47500610351563
2017-07-27,374.25,994.75,479.75,291.75,322.29998779296875,33.849998474121094,481,147.8249969482422
2017-07-28,374.25,1000.75,481,290.25,321,34.61000061035156,481,146.0500030517578
2017-07-31,370.75,994.5,474.5,284.25,318.6000061035156,34.709999084472656,474.75,146.1750030517578
2017-08-01,362.5,959.5,461.25,280.25,308.29998779296875,33.86000061035156,465.25,149.1750030517578
2017-08-02,365,966.5,460.75,289.5,309,34.150001525878906,464.5,150.25
2017-08-03,363.5,950.5,457.75,285.25,306.29998779296875,33.380001068115234,459.75,150.64999389648438
2017-08-04,366.5,949.25,454.75,283.75,303.5,33.599998474121094,459.5,149.9499969482422
2017-08-07,372.25,959.75,463.5,274.25,308,33.5099983215332,466.75,146.25
2017-08-08,369.75,963,457,273.5,307.79998779296875,33.79999923706055,460.5,146.02499389648438
2017-08-09,372.25,963,459.5,270.5,306.6000061035156,34.130001068115234,463.75,141.52499389648438
2017-08-10,357.25,930.75,440.5,266,294.20001220703125,33.7400016784668,448.25,141.1750030517578
2017-08-11,360.75,935.5,439.25,264,298.1000061035156,33.529998779296875,441.25,141.77499389648438
2017-08-14,362.75,925.5,441,261.5,296.29998779296875,32.97999954223633,436.75,142.3000030517578
2017-08-15,355.25,921.75,429.5,258.25,295.79998779296875,32.709999084472656,426.5,145.35000610351563
2017-08-16,352.5,921.75,419.25,260,294.6000061035156,32.849998474121094,419.5,142.25
2017-08-17,350.5,930.25,414,258.25,296.1000061035156,33.209999084472656,414.25,140.47500610351563
2017-08-18,352,937.5,416,254.75,297.20001220703125,33.61000061035156,414.5,140.5
2017-08-21,349,932.5,409.5,243.75,295.79998779296875,33.79999923706055,407.75,139.8000030517578
2017-08-22,346,933.75,402.25,239,295.29998779296875,34.060001373291016,399,142.0749969482422
2017-08-23,342,935,403.25,238.75,293.29998779296875,34.720001220703125,397.75,141.625
2017-08-24,342,941.25,409,239.25,297.6000061035156,34.779998779296875,405.5,141.60000610351563
2017-08-25,338.75,939,409.5,241.25,296.3999938964844,34.61000061035156,404.5,141.375
2017-08-28,336,935.25,400,238.5,295.5,34.59000015258789,396.75,142.4250030517578
2017-08-29,333.5,930.75,402.75,235,294.6000061035156,34.279998779296875,397.25,142.60000610351563
2017-08-30,329.5,923,403.5,228.25,292.3999938964844,34.33000183105469,400.25,142.89999389648438
2017-08-31,342.25,936.25,410.25,223.5,294.29998779296875,34.709999084472656,408.75,142.72500610351563
2017-09-01,340,942,420.5,223.5,293.20001220703125,35.310001373291016,412.5,142.72500610351563
2017-09-05,344.25,960.5,430.5,218.5,302.79998779296875,35.099998474121094,419.5,142.0500030517578
2017-09-06,347,964.5,421.75,235,303.6000061035156,35.209999084472656,423.25,143.3000030517578
2017-09-07,341.75,963.25,413.5,235,302.3999938964844,35.08000183105469,415.5,145.5500030517578
2017-09-08,344.25,956.5,413.75,233.25,300.8999938964844,34.59000015258789,415.5,147.875
2017-09-11,345.5,954.75,412.25,235.5,298.8999938964844,34.790000915527344,409.25,148.4499969482422
2017-09-12,340,944.25,419.5,235.5,295.1000061035156,34.84000015258789,416,147.97500610351563
2017-09-13,338.5,953,420.75,239,300.29998779296875,34.720001220703125,418.25,148.60000610351563
2017-09-14,341.75,967.25,428.25,242.75,308.70001220703125,34.65999984741211,420.75,148.8000030517578
2017-09-15,354.75,968.75,449,236,308,34.560001373291016,446,150.22500610351563
2017-09-18,351.5,967.75,443.5,239.75,309,34.189998626708984,442.25,150.8000030517578
2017-09-19,348.25,965.5,443,240.25,305,34.52000045776367,442,151.5749969482422
2017-09-20,350,970,449.75,246.25,306.29998779296875,34.66999816894531,448,153.97500610351563
2017-09-21,350.25,970.75,452.5,250,309,34.099998474121094,449.5,153.1750030517578
2017-09-22,353.5,984.25,449.5,248,315,33.9900016784668,450.25,153.39999389648438
2017-09-25,353.75,971.25,454,250.75,310.1000061035156,33.779998779296875,454,150.47500610351563
2017-09-26,352.25,963.5,453.75,250.25,308.79998779296875,33.22999954223633,452.25,150.5749969482422
2017-09-27,354,965.5,461.5,248,308.79998779296875,33.02000045776367,459,152.39999389648438
2017-09-28,352.5,959.5,455,249.5,306.79998779296875,32.59000015258789,453,152.77499389648438
2017-09-29,355.25,968.25,448.25,251.25,311.5,32.56999969482422,442.75,152.22500610351563
2017-10-02,351.5,957.25,444.75,252.5,309.1000061035156,32.279998779296875,439.25,150.35000610351563
2017-10-03,349.5,955.25,448,251.25,307.29998779296875,32.5099983215332,441.75,152.4250030517578
2017-10-04,348.25,958.25,442,246.25,306.8999938964844,32.9900016784668,436,152.10000610351563
2017-10-05,349.5,968.25,440.75,247.25,312.8999938964844,32.77000045776367,434.25,153.5749969482422
2017-10-06,350,972.25,443.5,251,315,32.709999084472656,436.75,153.9499969482422
2017-10-09,349.5,966.75,436,248.25,311.5,33.02000045776367,430.75,153.77499389648438
2017-10-10,349.25,966,435.25,249.5,312.5,32.86000061035156,431.25,154.0749969482422
2017-10-11,346,965.25,433.25,252.75,311.20001220703125,32.90999984741211,428.25,154.14999389648438
2017-10-12,349,992,430.5,261.75,322.70001220703125,33.06999969482422,426.25,153.5500030517578
2017-10-13,352.75,1000.25,439.5,266.75,324.5,33.4900016784668,436.25,154.0500030517578
2017-10-16,350.5,991,436.5,259.5,324.5,33.59000015258789,433.75,154
2017-10-17,350,984.75,434.75,264.75,321.6000061035156,33.59000015258789,433.25,152.14999389648438
2017-10-18,348.5,984.25,430,267.75,321.79998779296875,33.40999984741211,428,152.52499389648438
2017-10-19,349,986.5,432.75,269.5,321.3999938964844,33.83000183105469,429.25,153.14999389648438
2017-10-20,344.5,978.75,426,269.75,317.1000061035156,34.15999984741211,422.75,153.625
2017-10-23,351.25,980.75,436.75,273.5,315.8999938964844,34.630001068115234,433.5,153.625
2017-10-24,352.75,975.5,438,277,314.20001220703125,34.34000015258789,434,155.125
2017-10-25,351,975.5,435.5,276.25,315.3999938964844,34.2599983215332,433.5,154.85000610351563
2017-10-26,350.5,971.25,431.75,262.5,312.1000061035156,34.5,428.25,155.4250030517578
2017-10-27,348.75,975.25,427.25,265.25,312.1000061035156,34.84000015258789,425.25,156.47500610351563
2017-10-30,348.75,972.75,424.75,263.25,312.29998779296875,34.68000030517578,421.75,158.3249969482422
2017-10-31,345.75,973.75,418.5,264.75,311.79998779296875,34.75,416.5,159.4250030517578
2017-11-01,348.25,981,418,271.5,313.6000061035156,34.900001525878906,415.75,159.6999969482422
2017-11-02,350.5,989,426,264.5,317.3999938964844,34.86000061035156,425.75,157.9250030517578
2017-11-03,348.25,977,425.75,263,313.8999938964844,34.41999816894531,426.75,160.875
2017-11-06,348,984,430.75,269,316.1000061035156,34.72999954223633,430,160.14999389648438
2017-11-07,347.75,986,427.25,270.5,315.5,35.02000045776367,426.5,159.875
2017-11-08,348.25,988,426.75,269.5,315.20001220703125,35.369998931884766,427.5,157.3249969482422
2017-11-09,341.5,975.25,429,273,311.79998779296875,35.13999938964844,429,158.47500610351563
2017-11-10,343.5,977.25,431.5,272,314.5,34.810001373291016,433.25,158.47500610351563
2017-11-13,342.25,963.5,424.25,273.5,311.29998779296875,34.33000183105469,427.5,158.6999969482422
2017-11-14,337.5,959,428,276.25,310.29998779296875,34.0099983215332,428,157.625
2017-11-15,338.25,976.25,420,269.25,311.29998779296875,34.75,417.75,158
2017-11-16,336.5,972,421.5,262.25,310.5,34.43000030517578,417,157.77499389648438
2017-11-17,343,990.5,427.25,257,318.20001220703125,34.439998626708984,422,151.72500610351563
2017-11-20,345,990,422,255,319.79998779296875,33.95000076293945,416,149.5500030517578
2017-11-21,345,989,424.75,255.75,318.29998779296875,34.16999816894531,420.25,151.625
2017-11-22,345.25,997.25,422.75,250.75,324.3999938964844,34.04999923706055,421,152.72500610351563
2017-11-24,342.25,993.25,415.75,249.25,323.79998779296875,33.939998626708984,414.5,153.3000030517578
2017-11-27,338.75,996,409.5,250.5,327.1000061035156,33.599998474121094,407.25,154.4499969482422
2017-11-28,336.25,993,410.75,244.75,323.5,34,409.25,154.5
2017-11-29,339,992.5,416.5,246.5,325,33.95000076293945,413.25,155.5749969482422
2017-11-30,341.75,985.75,409.25,247.75,324.5,33.75,414.5,154.1750030517578
2017-12-01,344.75,994.25,414.5,247.25,328.20001220703125,33.599998474121094,420.5,150.3249969482422
2017-12-04,339.5,998.5,410.25,241.25,335.3999938964844,33.36000061035156,420,149.9499969482422
2017-12-05,339.75,1008.5,406,239,341.29998779296875,33.40999984741211,414.25,147.8249969482422
2017-12-06,339.25,1002.75,398.5,232,340.3999938964844,33.09000015258789,406,146.02499389648438
2017-12-07,338.75,992,394.25,229,333.5,33.25,403,146.3249969482422
2017-12-08,340,989.75,392,226.25,330,33.540000915527344,400.75,145.22500610351563
2017-12-11,336.5,982.5,387.75,227.5,326,33.400001525878906,395.25,145.4499969482422
2017-12-12,335.75,975.75,387.25,227.25,322.8999938964844,33.36000061035156,394,147.10000610351563
2017-12-13,336.75,979.25,392.25,234,325.1000061035156,33.11000061035156,399,145.64999389648438
2017-12-14,336.25,967.75,395,238.75,321.20001220703125,33.02000045776367,402.5,146.25
2017-12-15,347.5,967.25,418.25,254.25,320.6000061035156,33.15999984741211,417.5,147.75
2017-12-18,347,961.5,420.5,251.5,318.5,33.02000045776367,419.25,147.64999389648438
2017-12-19,347.5,956,419.5,246.5,315.20001220703125,33.220001220703125,420,145.1999969482422
2017-12-20,349.25,954,423.5,245,315.70001220703125,32.959999084472656,422.5,141.77499389648438
2017-12-21,351.25,948.75,427,244,314.20001220703125,32.66999816894531,424.25,142.9250030517578
2017-12-22,352,949.5,424.75,242.5,312.79998779296875,32.7400016784668,422.25,141.5500030517578
2017-12-26,352.75,959.25,422.25,243.25,315.20001220703125,33.20000076293945,420,144.39999389648438
2017-12-27,353.75,955.5,428,242.75,314.20001220703125,33.06999969482422,425.5,145.1750030517578
2017-12-28,352,945.75,427.75,243,311.79998779296875,32.5,426.75,145.60000610351563
2017-12-29,350.75,951.75,427,241,312.6000061035156,33.08000183105469,427.25,146
2018-01-02,353.25,955,433.5,242.5,313.5,33.380001068115234,434.75,149.52499389648438
2018-01-03,353,959.75,436,244.5,314.3999938964844,33.7599983215332,441,149.375
2018-01-04,351,959.25,434,245.75,315.79998779296875,33.7400016784668,439.75,149.02499389648438
2018-01-05,351.25,961.5,430.75,248.5,317.8999938964844,33.650001525878906,437.5,146.625
2018-01-08,347.25,958.25,427.75,250,317.5,33.43000030517578,433.25,146.4499969482422
2018-01-09,349,955.75,432.25,249,314.5,33.54999923706055,439,145.47500610351563
2018-01-10,349,947,434.25,251,312.8999938964844,33.290000915527344,440.5,144.375
2018-01-11,348.75,940.5,433.25,250.5,309.6000061035156,32.970001220703125,440.25,143.8249969482422
2018-01-12,346.25,944,420.5,249.5,309.79998779296875,32.93000030517578,426.25,144.35000610351563
2018-01-16,348.25,968,416.5,250,322.79998779296875,32.790000915527344,422,145.60000610351563
2018-01-17,353,968.75,421.5,254.25,324.29998779296875,32.5099983215332,427,147.875
2018-01-18,351.5,973,425.25,259.75,328.3999938964844,32.22999954223633,429.5,149.1750030517578
2018-01-19,352.5,977.25,422.75,258,331.6000061035156,32.279998779296875,427.5,147.9499969482422
2018-01-22,352,984.25,425.75,265,338.6000061035156,32.15999984741211,428.5,147.89999389648438
2018-01-23,351.25,986.25,421.5,270,339.6000061035156,32.52000045776367,423.25,148.625
2018-01-24,356.5,992.25,433,275.5,342,32.68000030517578,433,148.14999389648438
2018-01-25,355.25,992.25,434.5,261,340.3999938964844,32.5,435,147.85000610351563
2018-01-26,356.5,985.5,441,266,335.70001220703125,32.790000915527344,443,146.72500610351563
2018-01-29,358.75,991.5,449.25,269.5,337.3999938964844,32.869998931884766,453,147
2018-01-30,361.5,1000.25,457.25,270,340.5,33.08000183105469,469.75,147.1750030517578
2018-01-31,361.5,995.75,451.75,265.5,337.79998779296875,33.06999969482422,467.25,145.0500030517578
2018-02-01,361.75,985,451,267.25,334,32.900001525878906,467,149.5500030517578
2018-02-02,361.5,978.75,446.75,267.5,331.3999938964844,32.5099983215332,463.25,150.9250030517578
2018-02-05,358.75,969.75,440.25,267.25,327,32.5,461.75,149.6750030517578
2018-02-06,363.5,986.25,446.25,269,331.70001220703125,33.15999984741211,469,148.72500610351563
2018-02-07,365.25,983,460.5,273.25,335.3999938964844,32.560001373291016,481,148.3000030517578
2018-02-08,365.75,987.75,456.25,269.5,341.70001220703125,32.209999084472656,474.5,147.25
2018-02-09,362,983,449,266.5,343.79998779296875,31.959999084472656,465.5,146.1999969482422
2018-02-12,367,1001.75,464,275,357.79998779296875,31.850000381469727,477.5,147.6750030517578
2018-02-13,366.75,1011.75,460.75,273.5,365.20001220703125,31.56999969482422,474.5,147.27499389648438
2018-02-14,367.25,1017.25,455.75,265.75,369.8999938964844,31.799999237060547,469.75,148.1750030517578
2018-02-15,367.75,1024.25,461.75,268.5,373.70001220703125,31.700000762939453,478,149.8249969482422
2018-02-16,367.5,1021.5,457.75,267.75,373.29998779296875,31.540000915527344,478.5,149.72500610351563
2018-02-20,365.5,1026.5,449.25,266.25,376.5,31.860000610351563,471.75,149.8000030517578
2018-02-21,365.75,1034.25,447.25,258.25,378,32.06999969482422,465.75,146.64999389648438
2018-02-22,366.75,1032,451.25,257.75,376.8999938964844,32.040000915527344,470.75,146
2018-02-23,366.25,1036.25,452.25,260,375.5,32.36000061035156,469,146
2018-02-26,368.5,1034.25,459.5,262.5,377.20001220703125,32.619998931884766,477.75,145.5500030517578
2018-02-27,370.5,1038,463.25,260,386.5,32.189998626708984,489,146.5500030517578
2018-02-28,374.5,1045,484.5,263,394.20001220703125,31.959999084472656,508.25,144.75
2018-03-01,378.75,1057.5,505.5,269,394,32.119998931884766,531,145.0500030517578
2018-03-02,377.25,1060.75,492,265,390.20001220703125,32.060001373291016,522,143.6750030517578
2018-03-05,378.25,1066.75,502.25,264.75,389.29998779296875,32.0099983215332,533.5,145.14999389648438
2018-03-06,379.75,1064.5,502,262,384.5,32.29999923706055,529.25,144.3000030517578
2018-03-07,379.25,1055,493,259.5,380.20001220703125,31.93000030517578,521,143.77499389648438
2018-03-08,385.75,1053.75,494.75,260.75,380.6000061035156,31.670000076293945,519.75,141.75
2018-03-09,383,1029.25,489,259.5,371.70001220703125,31.420000076293945,508,142.52499389648438
2018-03-12,384.25,1033.25,489.75,258.75,369.79998779296875,31.559999465942383,509,142.1750030517578
2018-03-13,385.5,1040.5,485.5,258,372.29998779296875,32.02000045776367,507,141.5500030517578
2018-03-14,383.5,1028.5,495.75,253.25,368.29998779296875,31.780000686645508,511.75,142.0500030517578
2018-03-15,386.75,1040.75,478.75,251,371,32.060001373291016,513.5,140.625
2018-03-16,382.75,1049.5,467.75,242.25,372.8999938964844,31.979999542236328,499.5,139.97500610351563
2018-03-19,375,1022.5,450.75,235,358.6000061035156,32.060001373291016,470.25,138.4499969482422
2018-03-20,374.5,1028.25,453,235.5,361.70001220703125,31.739999771118164,470,137.77499389648438
2018-03-21,375,1029.75,453.5,231.5,364.5,32.369998931884766,465.5,136.77499389648438
2018-03-22,376,1029.75,455.75,228.75,368,31.8799991607666,471,137.52499389648438
2018-03-23,377.25,1028.25,460.25,226.25,377.8999938964844,31.420000076293945,479.25,135.6999969482422
2018-03-26,374,1025.5,454.25,226.5,375,31.459999084472656,468.25,134.9250030517578
2018-03-27,374,1019.5,449,226,372.3999938964844,31.579999923706055,464,135.4250030517578
2018-03-28,373.5,1018,445.5,221.75,371.29998779296875,31.6200008392334,461,135.97500610351563
2018-03-29,387.75,1044.75,451,225,384,31.8700008392334,467.25,135.60000610351563
2018-04-02,387.25,1035.5,446.25,231.75,377.29998779296875,32.040000915527344,467.5,131.875
2018-04-03,388.5,1038,457.5,232.5,380,32.34000015258789,484.75,130.52499389648438
2018-04-04,381,1015.25,455.75,230,381.79998779296875,31.68000030517578,486,134.5
2018-04-05,389.5,1031.25,464.75,232.75,383.6000061035156,31.780000686645508,498.5,137.47500610351563
2018-04-06,388.5,1033.75,472.25,233.25,386.29998779296875,31.530000686645508,506.75,135.3249969482422
2018-04-09,390.75,1047,490.75,237.25,389.6000061035156,31.520000457763672,522.75,134.4499969482422
2018-04-10,389.25,1050,492,236.5,383.8999938964844,31.850000381469727,521.75,134.8249969482422
2018-04-11,387,1047.75,487.25,237.5,380.20001220703125,31.530000686645508,516.75,135.27499389648438
2018-04-12,388.75,1060.75,481,237.5,383.3999938964844,31.6299991607666,507.5,138.875
2018-04-13,386.25,1054.25,472.5,234.25,382.79998779296875,31.479999542236328,495.75,139.375
2018-04-16,382.5,1042,462.25,230.5,377.79998779296875,31.18000030517578,478,139.22500610351563
2018-04-17,380.25,1046,466.25,228.75,381.1000061035156,31.190000534057617,480.5,138.72500610351563
2018-04-18,383,1041.75,475.25,236,376.6000061035156,31.43000030517578,488.75,138.75
2018-04-19,382,1037.25,476.75,234.5,373.29998779296875,31.40999984741211,495.25,137.22500610351563
2018-04-20,376.5,1028.75,463.25,232.5,374.1000061035156,31.299999237060547,482.75,137.3000030517578
2018-04-23,378.5,1020.75,461.5,226.75,371.79998779296875,31.040000915527344,483.25,139.02499389648438
2018-04-24,381.25,1022.25,472.5,224.25,372.1000061035156,31.010000228881836,492.5,139.10000610351563
2018-04-25,386.5,1027.5,486.25,222.75,376.20001220703125,30.790000915527344,507,139.85000610351563
2018-04-26,386,1028,480.75,220.75,379.20001220703125,30.809999465942383,501.75,140.1750030517578
2018-04-27,389.5,1045,495.5,221.5,393.20001220703125,30.43000030517578,512.25,142.02499389648438
2018-04-30,392.5,1037.75,512.5,225.5,392.1000061035156,30.350000381469727,518.5,140.1750030517578
2018-05-01,396.75,1042.5,529.75,227.75,403,30.079999923706055,532.25,137.89999389648438
2018-05-02,396,1032.75,525.75,225.5,400,30.3700008392334,535.75,138.625
2018-05-03,399.5,1043.25,540.5,225.75,398.3999938964844,30.579999923706055,547.5,140.8000030517578
2018-05-04,398.75,1027.25,527.5,223.75,394.3999938964844,30.559999465942383,535.75,140.39999389648438
2018-05-07,393.25,1002.25,514,225.25,384.79998779296875,30.670000076293945,519.75,137.625
2018-05-08,395.5,1011.25,517.75,229,388.70001220703125,30.489999771118164,518.5,137.72500610351563
2018-05-09,394.75,1007.25,514.5,228.75,389.20001220703125,30.8700008392334,512,137.14999389648438
2018-05-10,394.75,1013.25,507.75,232,390.5,30.979999542236328,507.5,138.60000610351563
2018-05-11,389.75,994.75,489.5,223.5,382.70001220703125,31.170000076293945,501.75,138.4250030517578
2018-05-14,389,1013,480.5,229,389.79998779296875,31.1200008392334,496.75,135.39999389648438
2018-05-15,402.25,1018.75,493.5,240.25,382.29998779296875,31.1200008392334,509.75,133.5500030517578
2018-05-16,399.25,999.75,494.25,241.25,376.6000061035156,30.59000015258789,514,132.72500610351563
2018-05-17,395.25,995,497.5,241,375.1000061035156,30.940000534057617,519,133.10000610351563
2018-05-18,402.5,998.5,518.25,242,376.29998779296875,30.979999542236328,538.75,132.22500610351563
2018-05-21,402.75,1025.25,507.25,245.25,379.1000061035156,31.420000076293945,526.5,133.9250030517578
2018-05-22,404.75,1030.5,521.5,249.75,377.5,31.510000228881836,540.5,133.9499969482422
2018-05-23,408.5,1039.25,531,252,380.70001220703125,31.700000762939453,551.75,134.89999389648438
2018-05-24,404.25,1035.75,530.25,244,377.29998779296875,31.709999084472656,549,136.39999389648438
2018-05-25,406,1041.5,543,248.75,380.29998779296875,31.34000015258789,564,144.9250030517578
2018-05-29,400,1030.5,536.5,244,380.20001220703125,31.209999084472656,556.5,144.97500610351563
2018-05-30,393.5,1023,522,238.75,376.8999938964844,31.479999542236328,540.75,148.5500030517578
2018-05-31,394,1018.5,526.25,244.75,375.29998779296875,31.1200008392334,542.5,147.39999389648438
2018-06-01,391.5,1021.25,523.25,246,374.20001220703125,31.190000534057617,540.75,146.3249969482422
2018-06-04,380.75,1001.75,505.25,241.25,368.8999938964844,30.93000030517578,521.5,144.85000610351563
2018-06-05,383.75,1001.25,510,244,367.29998779296875,30.790000915527344,529,146.125
2018-06-06,378.25,994.25,519.75,240.75,365,30.649999618530273,539.75,146.75
2018-06-07,376.25,974.25,526.75,239,358.3999938964844,30.600000381469727,544.5,146.0749969482422
2018-06-08,377.75,969.25,520,240.75,357.79998779296875,30.520000457763672,538.25,147.27499389648438
2018-06-11,367.25,953.75,514.5,242.5,351.20001220703125,30.579999923706055,534.75,145.9499969482422
2018-06-12,377.5,954,534.5,242.25,353.5,30.049999237060547,553.5,145.8000030517578
2018-06-13,376,936,516.5,233,347.70001220703125,30.079999923706055,539,145.64999389648438
2018-06-14,363,927.25,501.5,230,343.20001220703125,30.139999389648438,522.25,143.6750030517578
2018-06-15,361.25,905.5,499.5,233.5,338.8999938964844,29.5,519.75,147.97500610351563
2018-06-18,356,908.5,490,233.25,335.5,29.56999969482422,499.5,148.97500610351563
2018-06-19,353.75,889,477.75,235,334.5,28.850000381469727,483,149.625
2018-06-20,354.25,889.5,488.25,238.75,333.20001220703125,29.3700008392334,488.75,149.4250030517578
2018-06-21,357,880.5,495.25,242,331.79998779296875,29.190000534057617,493.25,148.47500610351563
2018-06-22,357.25,894.5,491.25,244.5,339.1000061035156,29.209999084472656,488.75,149.1999969482422
2018-06-25,350.5,874.5,476.75,241,332.8999938964844,28.940000534057617,469.75,145.77499389648438
2018-06-26,352.5,867.25,469.5,241.25,333.70001220703125,28.940000534057617,458,146.10000610351563
2018-06-27,352.5,867.5,479.5,254,333.8999938964844,29.010000228881836,460.25,145.77499389648438
2018-06-28,345,861.25,479.5,243,331.3999938964844,29.010000228881836,453.25,146.8249969482422
2018-06-29,350.25,858.5,497.5,250.5,332.79998779296875,29.1200008392334,470.75,151.3249969482422
2018-07-02,337.5,848.5,480.25,245.5,329.5,28.770000457763672,449.5,151.9250030517578
2018-07-03,342.75,844,491.5,254,327.79998779296875,28.6200008392334,462.25,152.8000030517578
2018-07-05,343.5,835.5,504,258.25,328.20001220703125,28.469999313354492,482,152.5749969482422
2018-07-06,351.75,874,512.75,254.25,339.79998779296875,28.899999618530273,492.25,152.1999969482422
2018-07-09,345.75,851.75,507.75,258.75,331.79998779296875,28.739999771118164,487.5,151.4499969482422
2018-07-10,339.75,852.25,489.5,256,334.3999938964844,28.8799991607666,483.75,151.85000610351563
2018-07-11,331.25,829.75,469.75,256,333,28.329999923706055,463,149.39999389648438
2018-07-12,336.5,830,482.5,257.5,333.3999938964844,28.170000076293945,470.25,151.02499389648438
2018-07-13,330.25,814,481.5,258,328.79998779296875,27.799999237060547,469.25,150.72500610351563
2018-07-16,341.75,829.5,488.5,231.5,329.1000061035156,27.639999389648438,484.5,152.375
2018-07-17,346.25,839.5,497.75,231.5,329.1000061035156,27.729999542236328,490.75,151.27499389648438
2018-07-18,347.25,842.25,494.5,234,328.20001220703125,28.06999969482422,487.75,154.4499969482422
2018-07-19,351.25,846,504.25,232,328.79998779296875,27.829999923706055,496.5,154.4499969482422
2018-07-20,355.25,849.75,516,233.25,326.8999938964844,28.219999313354492,508.5,153.6750030517578
2018-07-23,357.25,847.75,513.75,231.5,328,27.969999313354492,510.75,153.25
2018-07-24,352,858,510.25,230.5,328.8999938964844,28.239999771118164,509.75,152.75
2018-07-25,359.25,860.75,542.75,232.25,330,28.40999984741211,540.75,152.8249969482422
2018-07-26,361.5,861.25,536.5,232.5,332.6000061035156,28.149999618530273,534,151.4250030517578
2018-07-27,362,870.5,530.5,232,332.70001220703125,28.559999465942383,532.5,152.3000030517578
2018-07-30,367.25,875,546.5,232.75,333.8999938964844,28.309999465942383,547.75,151.5
2018-07-31,372.25,903.75,553.75,235.75,341.20001220703125,28.729999542236328,556.5,149.3249969482422
2018-08-01,365,886.75,558.25,239,336.5,28.450000762939453,563.75,151.8249969482422
2018-08-02,366.75,882.5,560.5,243,332.79998779296875,28.1200008392334,569.25,151.1999969482422
2018-08-03,369.75,886.25,556.25,249.75,332.5,28.350000381469727,567.25,152.85000610351563
2018-08-06,371,877.25,574.5,261.5,330,28.290000915527344,586,151.85000610351563
2018-08-07,370.75,889.25,568.25,255.25,332.70001220703125,28.59000015258789,579.5,149.85000610351563
2018-08-08,371.25,893.75,570,263.75,337.1000061035156,28.450000762939453,584.25,150.64999389648438
2018-08-09,369.25,887.75,564.5,261.5,334,28.420000076293945,578.5,149.35000610351563
2018-08-10,357.75,846,546.75,256.75,323.5,27.989999771118164,559.75,149.89999389648438
2018-08-13,356.5,853.5,533.5,258,327.79998779296875,28.239999771118164,540.75,148.64999389648438
2018-08-14,362.25,864.5,541.75,260.25,335,28.09000015258789,545.75,148.9250030517578
2018-08-15,361.5,857.5,532.25,249.75,329.5,27.8799991607666,535.25,149.0500030517578
2018-08-16,365.25,885.5,542.25,253.75,334.6000061035156,28.149999618530273,547.5,150.27499389648438
2018-08-17,364.25,881.5,560.5,258.75,330.1000061035156,28.229999542236328,565,150.9499969482422
2018-08-20,362,881.75,542.25,260.75,328.20001220703125,28.540000915527344,547.25,149.625
2018-08-21,359.75,874.5,527.25,257,324.8999938964844,28.59000015258789,534.5,149.1750030517578
2018-08-22,352.5,858.25,526,259.75,321.1000061035156,28.219999313354492,530,148.6999969482422
2018-08-23,346.75,842,522,263.25,313.70001220703125,28.030000686645508,527.25,149.02499389648438
2018-08-24,348.5,842,514.75,259.5,312.70001220703125,28.149999618530273,519.25,149.1999969482422
2018-08-27,346.75,834.75,499.25,247.25,306.29998779296875,28.3700008392334,501.75,150.22500610351563
2018-08-28,341,820.5,498.25,247.25,300.70001220703125,28.18000030517578,499.25,149.35000610351563
2018-08-29,341.25,823.25,515.75,251.75,302.1000061035156,28.030000686645508,519.75,149.3249969482422
2018-08-30,341,819.5,508,239.5,301.3999938964844,28.280000686645508,512.25,149.47500610351563
2018-08-31,351,833,518.5,243.5,303.70001220703125,28.3700008392334,523,149.4499969482422
2018-09-04,354.5,832,502.75,234,308.29998779296875,28.389999389648438,508,151.72500610351563
2018-09-05,351.75,825.5,493.75,233.75,306.20001220703125,28.18000030517578,501.75,151.72500610351563
2018-09-06,353.5,826.75,486,234.25,311,28.15999984741211,490.5,151.77499389648438
2018-09-07,354.25,832,486.25,234.5,314.20001220703125,27.940000534057617,488.5,152.97500610351563
2018-09-10,355.5,833.5,504,238.75,315.8999938964844,28.030000686645508,503.75,152.52499389648438
2018-09-11,355.25,820.25,493.75,233.75,314.20001220703125,27.729999542236328,494.25,152.125
2018-09-12,341.5,829,481.75,234,315.70001220703125,27.6299991607666,482.5,154.625
2018-09-13,336.25,822.75,471.75,229.75,311.29998779296875,27.440000534057617,477.5,154.9499969482422
2018-09-14,337,821.5,480,229.75,307.29998779296875,27.43000030517578,479,157.4250030517578
2018-09-17,348,823.5,506.25,243,302.8999938964844,27.43000030517578,512.75,157.3249969482422
2018-09-18,343.25,814,510.5,245.75,300.5,27.1200008392334,516,155.8249969482422
2018-09-19,345.75,830,522.5,249.25,306.3999938964844,27.25,526.25,155.52499389648438
2018-09-20,352.5,850.25,524,249,311.3999938964844,27.600000381469727,527,155.6750030517578
2018-09-21,357.25,847.25,521.75,253,305.8999938964844,28.09000015258789,525.25,156.9499969482422
2018-09-24,360.5,841,527,259.25,304.70001220703125,28.260000228881836,529,156.4499969482422
2018-09-25,363.75,845.75,520.75,257,306.20001220703125,28.3700008392334,522,156.625
2018-09-26,363,850,517.5,258.5,307.70001220703125,28.479999542236328,521,157.0500030517578
2018-09-27,364.75,855,513,260.25,308.20001220703125,28.860000610351563,517.25,157.3000030517578
2018-09-28,356.25,845.5,509,264.75,305.3999938964844,28.68000030517578,511.25,158.1750030517578
2018-10-01,365.75,857.75,509.5,269.75,310.5,29.010000228881836,511.5,158.64999389648438
2018-10-02,367.5,866,519.25,273,311.20001220703125,29.360000610351563,522.5,159.0749969482422
2018-10-03,364.75,861.5,515.25,275,307.5,29.520000457763672,518.75,157.875
2018-10-04,367.5,859.25,518,288,308.3999938964844,29.280000686645508,522.25,156.97500610351563
2018-10-05,368.25,869,521,287,315.6000061035156,29.079999923706055,524.25,157.77499389648438
2018-10-08,366.5,869.75,514,282.25,314.20001220703125,29.329999923706055,517.5,157.6750030517578
2018-10-09,364.5,863,515,286,313.5,28.969999313354492,519.5,156.9499969482422
2018-10-10,362.75,852.25,510.5,284.25,312,28.649999618530273,516.25,155.89999389648438
2018-10-11,369.25,858.25,508,286.5,312.79998779296875,28.729999542236328,513.75,156.72500610351563
2018-10-12,373.75,867.5,517.25,288,312.3999938964844,29.040000915527344,524.25,154.6999969482422
2018-10-15,378.25,891.5,525,300.25,327,29.760000228881836,531.75,155.10000610351563
2018-10-16,375.25,884.75,523.5,302.25,322.29998779296875,29.65999984741211,528,154.02499389648438
2018-10-17,374.25,885.75,517.5,295.25,323.70001220703125,29.559999465942383,521,154.0749969482422
2018-10-18,370.75,863.5,513,295.25,316.29998779296875,29.020000457763672,514.75,155.25
2018-10-19,367,856.75,514.75,295.25,313.1000061035156,29.139999389648438,516.25,154.64999389648438
2018-10-22,369.5,858.5,508,295.5,312.79998779296875,29.149999618530273,507.75,155.64999389648438
2018-10-23,370.25,857.5,509,297,310.70001220703125,28.760000228881836,507.5,155.0749969482422
2018-10-24,368.25,850.25,499.5,291.75,306.1000061035156,28.610000610351563,497,154.625
2018-10-25,361,841.75,487.25,285.75,304.29998779296875,28.389999389648438,486.5,153.97500610351563
2018-10-26,367.75,845,505.25,292,307.29998779296875,28.15999984741211,500.25,154.8000030517578
2018-10-29,366.75,839,507.25,286.5,308.20001220703125,27.889999389648438,501.5,153.89999389648438
2018-10-30,364.75,833.5,499.75,279.75,305.1000061035156,28,494.75,152.1750030517578
2018-10-31,363.25,839,500.5,276.5,306.3999938964844,28.020000457763672,493.25,153.47500610351563
2018-11-01,366.75,869,508,281.25,313.3999938964844,28.31999969482422,501.25,153.3000030517578
2018-11-02,371.25,875.25,508.75,284.25,311,28.200000762939453,504.25,152.5
2018-11-05,374,873,507.25,292.75,310.6000061035156,27.899999618530273,504.75,149.5
2018-11-06,373.25,872,512,293.75,311.3999938964844,27.899999618530273,508,149.97500610351563
2018-11-07,372.25,867.75,510.25,287.25,308,28.200000762939453,502.25,149.9250030517578
2018-11-08,373.5,867.5,507.75,286.75,306.1000061035156,28.020000457763672,497.25,150.1750030517578
2018-11-09,369.75,875.25,502,285,305.6000061035156,27.6200008392334,487.5,149
2018-11-12,371.25,871.75,519.75,285,305.6000061035156,27.709999084472656,493.5,148.375
2018-11-13,366.5,867.25,507.75,284.5,303.8999938964844,27.549999237060547,486.5,148.97500610351563
2018-11-14,367,870.5,503,288.5,305.70001220703125,27.56999969482422,481,148.97500610351563
2018-11-15,367.5,888.75,505.5,292.25,305.3999938964844,27.690000534057617,480,148.625
2018-11-16,364.75,892.25,506.75,298.25,310.8999938964844,27.3700008392334,482.75,146.52499389648438
2018-11-19,362.25,873.75,498.5,304.5,305.5,27.31999969482422,474.25,147.27499389648438
2018-11-20,361.25,881,500.75,303.75,307.1000061035156,27.34000015258789,473,146.875
2018-11-21,361.75,883,498.75,291.5,306.6000061035156,27.799999237060547,469,148.625
2018-11-23,359,881,499.75,286.5,305.79998779296875,27.649999618530273,461.25,149.375
2018-11-26,356,862.25,507.5,277.75,303,26.959999084472656,464.5,149.14999389648438
2018-11-27,356.5,875.5,498,269.5,304.8999938964844,27.15999984741211,458.5,148.4250030517578
2018-11-28,360.5,890.5,497.5,289.5,307.8999938964844,27.729999542236328,467,147.6999969482422
2018-11-29,360.25,887.25,496.5,278.5,306.8999938964844,27.68000030517578,466,145.97500610351563
2018-11-30,366.5,894.75,515.75,288.25,308.29998779296875,27.81999969482422,486.5,145.22500610351563
2018-12-03,371.25,905.75,515.75,286.75,312.1000061035156,28.309999465942383,484,144.5
2018-12-04,374.25,911.75,519.25,283.5,312.70001220703125,28.639999389648438,483.75,144.39999389648438
2018-12-06,372,909.5,505.25,284,310,28.469999313354492,468.75,144.1999969482422
2018-12-07,374,916.75,519.5,281.5,309.1000061035156,28.5,484.5,144.375
2018-12-10,374.25,909.75,514.75,282.5,307.8999938964844,28.520000457763672,482.75,145.02499389648438
2018-12-11,375,915,509.75,285.5,308.8999938964844,28.709999084472656,477.25,147.3000030517578
2018-12-12,376.25,920,515.25,283,310.79998779296875,28.799999237060547,483.75,147.5749969482422
2018-12-13,375.5,907,527.75,282,309.3999938964844,28.639999389648438,492.5,147.97500610351563
2018-12-14,376.75,900.5,527.75,278.5,309.3999938964844,28.389999389648438,492.5,147.5749969482422
2018-12-17,NA,904.75,535.25,288,309.1000061035156,28.170000076293945,522,145.375
2018-12-18,NA,907.75,532.75,287,310.3999938964844,28.40999984741211,517.25,146.1999969482422
2018-12-19,381.75,900,522.5,286.5,307.79998779296875,28.459999084472656,508.5,146.1999969482422
2018-12-20,375.25,893.5,523.5,278.25,307.70001220703125,28.200000762939453,509.5,147.4250030517578
2018-12-21,378.5,884.75,514,277.25,305.6000061035156,27.889999389648438,502.75,147.35000610351563
2018-12-24,377.75,884,516.5,275.75,307.5,27.739999771118164,502.5,147.375
2018-12-26,373.25,870,510,275.5,303.3999938964844,27.360000610351563,495.5,148.10000610351563
2018-12-27,374.5,869,510.5,273.5,303.8999938964844,27.309999465942383,495,149
2018-12-28,375.5,882.75,511.5,273.5,308.8999938964844,27.520000457763672,496,149.0749969482422
2018-12-31,375,882.5,503.25,275.25,306.20001220703125,27.549999237060547,488.75,148.85000610351563
2019-01-02,375.75,894.75,506.75,278.25,311,27.899999618530273,492.5,147.9499969482422
2019-01-03,379.75,900.25,513.75,278.5,312.70001220703125,28.18000030517578,503.5,146.52499389648438
2019-01-04,383,909.5,517,280,315.1000061035156,28.40999984741211,506,144.89999389648438
2019-01-07,382.25,912.25,516.75,279.5,318.20001220703125,28.260000228881836,503,146
2019-01-08,380,906.25,517.75,282.75,317.6000061035156,28.18000030517578,505,147.625
2019-01-09,382,911.5,520,285.75,319,28.31999969482422,505.5,146.8249969482422
2019-01-10,376.25,895.5,513.75,288.75,312.6000061035156,27.940000534057617,498.75,146.75
2019-01-11,378.25,899.25,519.5,294.75,310.3999938964844,28.170000076293945,504.5,146.125
2019-01-14,378.5,890.75,514.25,300,306.8999938964844,28.110000610351563,499,144.85000610351563
2019-01-15,371.25,893.25,511,292.5,309.29998779296875,28.239999771118164,495.5,144.75
2019-01-16,374,894.5,512.5,295.5,310.1000061035156,28.229999542236328,495.5,143.77499389648438
2019-01-17,380,907.75,517.75,295.75,312.20001220703125,28.770000457763672,504,141.4250030517578
2019-01-18,381.75,916.75,517.75,298.75,315.1000061035156,29.010000228881836,506,141.4499969482422
2019-01-22,379,909.25,521.25,297,313,29.059999465942383,509.75,141.0500030517578
2019-01-23,378.75,915,526,294.75,312.8999938964844,29.3799991607666,515,143.02499389648438
2019-01-24,377,916,521.5,290.75,312.29998779296875,29.510000228881836,511.5,143.77499389648438
2019-01-25,380.25,925.25,520,291,313.8999938964844,30.030000686645508,509.5,143.375
2019-01-28,379.75,923.25,518.75,285.5,312.20001220703125,30.299999237060547,506.75,143.47500610351563
2019-01-29,377.25,919,513.25,282,311.79998779296875,30.110000610351563,500.25,142.64999389648438
2019-01-30,381.25,921,516.75,282.25,311.1000061035156,30.420000076293945,502.25,142.375
2019-01-31,376.5,915.25,516.5,282.5,310,30.170000076293945,499,142.10000610351563
2019-02-01,378.25,917.75,524.25,288.5,311.79998779296875,29.889999389648438,508.75,142.52499389648438
2019-02-04,379.25,918.5,525.75,289,310.6000061035156,30.1299991607666,510.5,144.22500610351563
2019-02-05,380.75,920.25,527.25,291.25,309.5,30.3799991607666,511.25,143.8249969482422
2019-02-06,380,921.75,526,287.5,309,30.899999618530273,509.25,143.1750030517578
2019-02-07,376.5,913.25,513.25,286.25,305.5,30.809999465942383,496.25,143.25
2019-02-08,374.25,914.5,517.25,284.25,306.1000061035156,30.8700008392334,494.25,144.10000610351563
2019-02-11,372.75,905,518.25,282.25,304.8999938964844,30.239999771118164,493.75,144.6750030517578
2019-02-12,378.25,917.5,520,287,309.20001220703125,30.329999923706055,492,144.39999389648438
2019-02-13,378.75,916.5,522.25,281.75,310.1000061035156,29.989999771118164,494,143.52499389648438
2019-02-14,374.75,903.5,507,282,305.5,29.889999389648438,481.5,144.0749969482422
2019-02-15,374.75,907.5,504.25,275.75,306.5,29.950000762939453,476.5,142.60000610351563
2019-02-19,369.75,900.75,489.75,270,305.3999938964844,29.739999771118164,460.75,143.75
2019-02-20,370.75,902.5,480.75,269.75,305.20001220703125,29.959999084472656,450,143.875
2019-02-21,375.5,911,486.5,270,305.8999938964844,30.489999771118164,455.25,143.22500610351563
2019-02-22,375.25,910.25,486.75,271,305.6000061035156,30.510000228881836,458.5,142.89999389648438
2019-02-25,370.5,911.75,466.75,269,305.3999938964844,30.360000610351563,442.25,142.5
2019-02-26,366.25,903.75,460.25,265.5,303.20001220703125,30.09000015258789,435.75,143.4499969482422
2019-02-27,363.75,903.5,461,256.25,305,29.799999237060547,438.75,143.875
2019-02-28,362,897.5,452.5,252,302.29998779296875,29.959999084472656,441,142.875
2019-03-01,364,899.25,454,253,303.29998779296875,29.950000762939453,440.75,141.22500610351563
2019-03-04,365,903.25,446.75,255.5,306.29998779296875,29.780000686645508,434.25,141.1999969482422
2019-03-05,366,901.25,454.25,256.25,305.6000061035156,29.729999542236328,444,140.875
2019-03-06,362.5,889.75,440.5,259.75,301.79998779296875,29.510000228881836,431.25,140.64999389648438
2019-03-07,356,890.75,431.5,256,302,29.40999984741211,420.25,142.89999389648438
2019-03-08,354.75,883.75,432.75,254.25,299.1000061035156,29.389999389648438,424.75,143.9250030517578
2019-03-11,352.5,877.75,422.25,253.25,296.70001220703125,29.399999618530273,414.25,142.3000030517578
2019-03-12,356.5,884.75,446.25,258.75,298.29998779296875,29.780000686645508,435.75,141.3000030517578
2019-03-13,357.25,889,440.25,260,300.20001220703125,29.690000534057617,429.75,141.5500030517578
2019-03-14,361.5,889.5,448.25,260,301.79998779296875,29.399999618530273,429.75,141.10000610351563
2019-03-15,373.25,909.25,462.25,277,310.79998779296875,29.43000030517578,443,141.3249969482422
2019-03-18,371.5,905.75,456.75,278,309.79998779296875,29.440000534057617,436.5,141.64999389648438
2019-03-19,371.25,904,456.5,273,310.79998779296875,29.239999771118164,435.75,142.25
2019-03-20,371.5,906,464.75,274.5,311.6000061035156,29.270000457763672,444,142.25
2019-03-21,376.25,910.5,466.5,280.75,315.29998779296875,29.100000381469727,447,142.77499389648438
2019-03-22,378.25,903.75,466,278.5,315,28.65999984741211,445,143
2019-03-25,379.75,906.5,469.5,275.25,315.1000061035156,28.81999969482422,449.25,142.1750030517578
2019-03-26,377.25,900.75,469.25,273,311,28.649999618530273,443.25,142.75
2019-03-27,373.75,887.5,469.5,269.75,304.3999938964844,28.81999969482422,444.5,142.125
2019-03-28,374,889.5,464.5,264.75,306.5,28.6299991607666,438.75,141.97500610351563
2019-03-29,356.5,884.25,457.75,269,306.5,28.360000610351563,430,145.25
2019-04-01,361.75,895.5,462.75,278.5,309.3999938964844,28.56999969482422,434.5,145.4499969482422
2019-04-02,361.5,900,464,278,310.6000061035156,28.959999084472656,433.25,144.85000610351563
2019-04-03,362.75,898.75,471,285.25,311,28.799999237060547,436.75,144.75
2019-04-04,365.25,906.5,470.75,288.5,311.8999938964844,29.200000762939453,439.5,146.3249969482422
2019-04-05,362.5,899,467.75,287.5,308,29.149999618530273,431.25,146.14999389648438
2019-04-08,360,898.75,465.25,287.5,309.20001220703125,28.8799991607666,431.5,146.72500610351563
2019-04-09,360,898.75,459.5,281.25,309.1000061035156,29.040000915527344,427.5,146.14999389648438
2019-04-10,361.75,902,458,279,310.1000061035156,29.06999969482422,426.25,145.1750030517578
2019-04-11,360,895.25,460.5,280,307.20001220703125,28.979999542236328,430.5,145.4250030517578
2019-04-12,361,895.25,464.5,287.25,307.8999938964844,28.950000762939453,434.25,145.4250030517578
2019-04-15,362.75,898.75,459.5,289.25,311,28.809999465942383,427.25,145.6750030517578
2019-04-16,359,888,445,294.75,306.5,28.719999313354492,417,145.6750030517578
2019-04-17,358.25,879,447,299.75,303.8999938964844,28.459999084472656,420.5,145.3249969482422
2019-04-18,358.5,880.5,444.25,292,303.20001220703125,28.799999237060547,420,145.6999969482422
2019-04-22,354.75,877,435.75,293,302.5,28.700000762939453,411.75,150.8000030517578
2019-04-23,351.25,862,438.75,294.5,301,28.059999465942383,414.5,149.625
2019-04-24,346.75,855.25,432.25,297.5,300.3999938964844,27.920000076293945,404.5,146.52499389648438
2019-04-25,347.5,859.25,434.75,301,306,27.639999389648438,404.25,143.5500030517578
2019-04-26,351.25,853.75,435,308.75,299.8999938964844,27.520000457763672,399.75,143.9499969482422
2019-04-29,352,847.5,426.75,317.25,297.20001220703125,27.8799991607666,389.75,143.39999389648438
2019-04-30,353.25,841.25,418.5,305,296,27.579999923706055,386.25,141.60000610351563
2019-05-01,360,839.5,425,304.25,296,27.3799991607666,389.25,141.375
2019-05-02,362,830.5,433.25,297.75,292.3999938964844,27.229999542236328,393,138.97500610351563
2019-05-03,363,829.5,428,301.25,293.6000061035156,27.06999969482422,393,137.14999389648438
2019-05-06,355.75,817.5,428,295.5,291.79998779296875,26.84000015258789,394.25,136.02499389648438
2019-05-07,358,817.75,430.5,295.25,288.3999938964844,26.809999465942383,394.75,137.3000030517578
2019-05-08,355.25,814.25,431.25,295,288.70001220703125,26.709999084472656,394.25,135.77499389648438
2019-05-09,344.5,800.25,421.75,298.5,285.29998779296875,26.34000015258789,390,136.25
2019-05-10,342.5,797,419,302.75,284.1000061035156,26.5,379.25,137.625
2019-05-13,347.5,791,431.25,299.75,284,26.350000381469727,397,135.0500030517578
2019-05-14,360.5,817.75,439.25,270,294,26.729999542236328,401.75,136
2019-05-15,369.5,835.5,448.75,287.75,299.79998779296875,27.239999771118164,402,135.9250030517578
2019-05-16,379,839.75,467,294.25,301.8999938964844,27.719999313354492,416.75,134.22500610351563
2019-05-17,383.25,821.75,465,294,294.29998779296875,27.219999313354492,420.25,134.52499389648438
2019-05-20,389,831.75,478.25,296.5,297.29998779296875,27.5,434.5,134.14999389648438
2019-05-21,394.25,822,478.75,308.5,295.29998779296875,27.139999389648438,436,134.375
2019-05-22,394.5,828.5,472.75,310.25,298.29998779296875,27.309999465942383,432.25,135.4499969482422
2019-05-23,389.75,821.5,470.25,304.5,297.20001220703125,26.780000686645508,425.25,135.60000610351563
2019-05-24,404.25,829.75,489.5,308.5,300.5,27.010000228881836,442,143.22500610351563
2019-05-28,420.25,856,504.75,316.75,312.79998779296875,27.290000915527344,460.75,142.22500610351563
2019-05-29,418.75,872,490.5,315,319,27.729999542236328,453.25,142.72500610351563
2019-05-30,436.25,889,514.5,318,327.3999938964844,27.780000686645508,479,138.22500610351563
2019-05-31,427,877.75,503,314.5,321.29998779296875,27.59000015258789,473,133.125
2019-06-03,424.25,879,519.75,305.25,320.5,27.34000015258789,486.75,133.5
2019-06-04,425.25,881.75,507.25,304,321,27.489999771118164,468.5,137.4499969482422
2019-06-05,414.75,869.75,490.75,291.75,317.70001220703125,27.219999313354492,445.75,139.4499969482422
2019-06-06,420.5,868.75,510,300.25,315.8999938964844,27.760000228881836,455.25,139.27499389648438
2019-06-07,415.75,856.25,504.5,296,312.29998779296875,27.3799991607666,449,137.25
2019-06-10,415.75,858.5,507.5,295,313.3999938964844,27.3799991607666,453,139.8249969482422
2019-06-11,427.75,859.25,518,303.75,314.3999938964844,27.219999313354492,457.5,138.125
2019-06-12,430,878,526.25,300.5,319.5,27.559999465942383,462.75,137.8000030517578
2019-06-13,442,888,535.5,304.5,321.70001220703125,28.020000457763672,468.25,136.22500610351563
2019-06-14,453,896.75,538.5,302.75,323.5,27.610000610351563,476.25,135.52499389648438
2019-06-17,454.75,912.75,539.5,297.5,324.29998779296875,28.139999389648438,475.5,136.9250030517578
2019-06-18,449.75,913.5,531.5,297.5,322,28.329999923706055,465.25,137.25
2019-06-19,441,903.25,522.25,285.5,316.8999938964844,28.3700008392334,457.5,136.52499389648438
2019-06-20,450,915.5,526.5,283.75,323,28.59000015258789,460.5,134.6999969482422
2019-06-21,442.25,902.75,526,279,315.6000061035156,28.440000534057617,452.5,133.6750030517578
2019-06-24,446.75,909,538,270.5,317.6000061035156,28.350000381469727,465.5,131.77499389648438
2019-06-25,447.5,903.5,535.75,271.5,315.70001220703125,28,465.25,131.3249969482422
2019-06-26,443.25,894.25,543.75,277.25,313.3999938964844,27.809999465942383,469,135.8249969482422
2019-06-27,440,887.75,547.5,278,312.20001220703125,27.809999465942383,468,135.8000030517578
2019-06-28,420.25,899.75,528,273,313.1000061035156,28.239999771118164,451.5,136.85000610351563
2019-07-01,412,885.5,514,281.25,304.79998779296875,27.979999542236328,434.75,137.02499389648438
2019-07-02,413.5,876.25,503.5,285,303.5,27.65999984741211,424,138.375
2019-07-03,433,885.25,518,284.5,306,28.020000457763672,436,136.5749969482422
2019-07-05,434,872.25,519.25,275,303.79998779296875,27.440000534057617,439,138.8249969482422
2019-07-08,438.5,875.25,516.75,276.5,304.20001220703125,27.860000610351563,442,138.89999389648438
2019-07-09,431.75,882.75,509.75,274,307.8999938964844,27.8799991607666,440.5,142.875
2019-07-10,434.25,893,511.75,275.75,309.1000061035156,27.969999313354492,441.25,142.35000610351563
2019-07-11,447.75,896.25,536.25,281,311.6000061035156,28.06999969482422,461.25,142.625
2019-07-12,449.5,906.75,536.25,281,313.29998779296875,28.110000610351563,461.25,141.60000610351563
2019-07-15,441,901.75,507.75,281.25,311.6000061035156,28.280000686645508,449,141.64999389648438
2019-07-16,435.25,887.75,507.5,275.75,308.3999938964844,27.989999771118164,446.25,141.0500030517578
2019-07-17,436,882.5,505.5,278.25,307.5,27.68000030517578,441.75,140.5749969482422
2019-07-18,424.5,881.25,493.5,274.75,307,27.639999389648438,432.75,139.4250030517578
2019-07-19,430.75,901.5,502.5,271.75,311.20001220703125,28.100000381469727,440,139.97500610351563
2019-07-22,422.25,888.25,487.25,266.75,308.3999938964844,27.729999542236328,429.25,142.1750030517578
2019-07-23,425.5,885.75,487.25,266,306.3999938964844,28.010000228881836,431.5,142.1999969482422
2019-07-24,424,891,497.75,264.75,306.29998779296875,28.299999237060547,439.5,142.8249969482422
2019-07-25,418.5,882.5,499.5,263.5,303.8999938964844,28.270000457763672,437.5,142.8000030517578
2019-07-26,414.5,883.25,496,257.5,303.1000061035156,28.469999313354492,432,143.72500610351563
2019-07-29,417,885.75,503.5,258.75,304.20001220703125,28.43000030517578,436.5,142.3000030517578
2019-07-30,411.25,878.75,497.25,257.5,300.29998779296875,28.309999465942383,433.5,143.10000610351563
2019-07-31,400.25,864,487.25,256,298.20001220703125,27.75,422.75,141.52499389648438
2019-08-01,392.75,847,475.75,258.5,293.20001220703125,27.68000030517578,415.75,141.22500610351563
2019-08-02,399.5,850.25,490.75,265.5,292.3999938964844,28.190000534057617,421.75,139.625
2019-08-05,405.25,850.25,494.5,265.75,294.8999938964844,27.760000228881836,426.75,140.52499389648438
2019-08-06,404,847.75,484,265.75,295.1000061035156,27.479999542236328,418,139.97500610351563
2019-08-07,406.5,848.75,488.25,269,293,27.959999084472656,417.75,139.5500030517578
2019-08-08,411,865,498.5,274.75,294.79998779296875,28.959999084472656,418.5,139.85000610351563
2019-08-09,410.25,873.75,499.5,274.75,296.70001220703125,29.510000228881836,417,138.89999389648438
2019-08-12,385.25,861.5,471.75,271.75,291.8999938964844,29.639999389648438,392.25,134.39999389648438
2019-08-13,366,872,472,271.75,297.79998779296875,29.170000076293945,383.5,127.7249984741211
2019-08-14,359,861,473.75,276.75,293,29.100000381469727,384.75,134.47500610351563
2019-08-15,360.75,858,469,274.75,291.79998779296875,29.06999969482422,389.75,135.77499389648438
2019-08-16,371,867.25,470.75,280.25,294.8999938964844,29.1299991607666,394.25,134.5749969482422
2019-08-19,365,854,465.5,270.25,292,28.68000030517578,391.25,135.6750030517578
2019-08-20,359.5,855.75,460,272.75,294,28.43000030517578,386.75,136.3000030517578
2019-08-21,362.5,860.5,462.5,271.5,294.70001220703125,28.739999771118164,386.25,137.375
2019-08-22,363.25,856,467.25,265.25,293.70001220703125,28.540000915527344,393.25,138.39999389648438
2019-08-23,359.75,843.25,475.25,264.75,289.8999938964844,28.34000015258789,391.5,137.35000610351563
2019-08-26,358.5,853.75,473,263,293,28.329999923706055,389,138.64999389648438
2019-08-27,357,846.25,473.75,256.25,291.5,28.010000228881836,392.75,138.5500030517578
2019-08-28,362.75,852.75,472.25,254,294,28.110000610351563,392.25,138.75
2019-08-29,359.75,856.25,469.75,280.25,292,28.3700008392334,387.25,138.75
2019-08-30,358,857,451.25,262.25,289.29998779296875,28.639999389648438,378.25,132.39999389648438
2019-09-03,349.75,856.5,447.25,258.5,288,28.8700008392334,362,134.14999389648438
2019-09-04,346,862.5,456.25,264,292.20001220703125,28.790000915527344,374,135.5500030517578
2019-09-05,346.5,849.75,464,275,288.70001220703125,28.469999313354492,382,134.39999389648438
2019-09-06,342.5,845,460.25,276.25,287.20001220703125,28.479999542236328,375.25,133.35000610351563
2019-09-09,340.75,845,474.5,276.5,288.5,28.260000228881836,380,132.8249969482422
2019-09-10,348.5,859.25,484.5,281.75,292.8999938964844,28.3799991607666,382,133.89999389648438
2019-09-11,348.25,854,477.5,287,289.6000061035156,28.729999542236328,376.75,136.0749969482422
2019-09-12,354.5,883,485.75,290.25,296.1000061035156,29.020000457763672,380,136.85000610351563
2019-09-13,355.5,884.75,485.75,290.25,298.20001220703125,28.940000534057617,383.5,136.5
2019-09-16,374,900,488.75,281,295.20001220703125,30.139999389648438,409,136.5500030517578
2019-09-17,368,893.75,484.25,281.25,294.1000061035156,29.850000381469727,402.25,139.1750030517578
2019-09-18,371.25,888.75,489.5,277.75,291.6000061035156,29.8700008392334,409.75,139.875
2019-09-19,372.75,893,488,276.75,292.20001220703125,29.809999465942383,409.5,139.9499969482422
2019-09-20,370.75,882.75,484.25,275.75,291.1000061035156,29.280000686645508,407.5,140.3249969482422
2019-09-23,373.25,892.5,483,279.75,294.5,29.190000534057617,406.5,141.60000610351563
2019-09-24,374.75,894.25,481.75,273.5,295.3999938964844,29.200000762939453,405,141.25
2019-09-25,374.25,889.25,477.25,272.25,293.20001220703125,29.040000915527344,404,141.5749969482422
2019-09-26,372.5,888.5,484.25,270.25,290.79998779296875,29.010000228881836,408.25,141.5
2019-09-27,371.5,883,487.25,270,289.8999938964844,28.6200008392334,407.5,144.3249969482422
2019-09-30,388,906,495.75,275.75,295.8999938964844,28.989999771118164,415,142.39999389648438
2019-10-01,392.5,919.5,498.75,282,304.1000061035156,28.829999923706055,411.5,140.97500610351563
2019-10-02,387.75,913.75,489,282.75,300.29998779296875,29.059999465942383,405.75,142.0749969482422
2019-10-03,388.75,911.75,488.75,287,298,29.799999237060547,405.75,142.35000610351563
2019-10-04,384.75,916.25,490.5,286,298.79998779296875,29.790000915527344,404,141.97500610351563
2019-10-07,387,915.25,489.25,281.5,297.3999938964844,30.010000228881836,402.25,141.6999969482422
2019-10-08,395.75,920.5,500.25,284.5,302.29998779296875,29.770000457763672,410.25,142.02499389648438
2019-10-09,394.25,923.75,500.25,284.5,305.3999938964844,29.6299991607666,413.25,144.5
2019-10-10,380.25,923.5,493,285.75,304.1000061035156,29.700000762939453,403.25,144.3000030517578
2019-10-11,397.75,936,508,289.25,306.8999938964844,29.829999923706055,419.5,144.10000610351563
2019-10-14,397.75,940.5,511,297.75,306,29.899999618530273,425.75,145.5500030517578
2019-10-15,393.25,934,507,296.5,307.79998779296875,30.389999389648438,421.25,145
2019-10-16,391.75,928,513.25,302.5,304.79998779296875,30.399999618530273,425,145.22500610351563
2019-10-17,394.75,931.5,525.5,298.75,306.79998779296875,30.389999389648438,431.25,144.1999969482422
2019-10-18,391,934,532.25,294.25,308.5,30.360000610351563,433.75,143.5
2019-10-21,387.25,933.25,523.5,288.5,307.70001220703125,30.479999542236328,425.5,143.4250030517578
2019-10-22,388,934,518,296.75,306.8999938964844,30.850000381469727,421.25,143.6999969482422
2019-10-23,387.75,933.75,520.75,296.75,308.6000061035156,30.579999923706055,423.25,145.02499389648438
2019-10-24,386.75,933.25,516,302.25,305.6000061035156,31.34000015258789,419.5,145.22500610351563
2019-10-25,386.75,920.25,517.75,302.5,303.29998779296875,30.959999084472656,422.75,145.6999969482422
2019-10-28,384,920.75,511.75,296.5,304,30.780000686645508,417,145.39999389648438
2019-10-29,386.25,918.25,511.5,300.5,303,31,419,145.4250030517578
2019-10-30,390.75,916,509.25,296.75,302.20001220703125,30.979999542236328,418.25,146.02499389648438
2019-10-31,390,916.75,508.75,297.25,304.3999938964844,30.75,419.75,145.9499969482422
2019-11-01,389.25,924.25,516,306,303.8999938964844,31.030000686645508,426,149.125
2019-11-04,383.25,925.75,509.75,297.75,302.3999938964844,31.8700008392334,423,149.0749969482422
2019-11-05,381.75,921.75,515.25,300.75,302.70001220703125,31.56999969482422,428.5,147.85000610351563
2019-11-06,378.75,915,516.75,307,298.8999938964844,31.75,427.75,146.8000030517578
2019-11-07,375.25,925,512.5,305.25,305.6000061035156,31.43000030517578,424.75,146.77499389648438
2019-11-08,377.25,919.5,510.25,304.25,304.8999938964844,31.5,421.5,147
2019-11-11,373.25,905,505.75,312.25,300.6000061035156,31.420000076293945,422.75,147.5749969482422
2019-11-12,377.75,905.75,517,307.75,302.29998779296875,31.030000686645508,438.75,147.8000030517578
2019-11-13,375.25,902.5,509,305.5,304.1000061035156,30.530000686645508,424.75,145.5749969482422
2019-11-14,375.75,900.25,507.75,308.75,303.1000061035156,30.780000686645508,422.25,146.625
2019-11-15,371.25,918.25,502.75,309,307.1000061035156,30.43000030517578,417,146.25
2019-11-18,367.75,910.25,507.25,302.25,301.20001220703125,30.639999389648438,418.5,146.375
2019-11-19,370,911.5,512,306.5,302,30.959999084472656,425.75,146.60000610351563
2019-11-20,366.75,905,515.5,313.75,299.79998779296875,31.200000762939453,426,146.60000610351563
2019-11-21,368.5,901,509,313.5,301,30.690000534057617,421,145.52499389648438
2019-11-22,368.75,897,515.25,311.5,299,30.8799991607666,424,139.27499389648438
2019-11-25,370.5,892.5,531,314.75,298.29998779296875,30.440000534057617,435.5,141.97500610351563
2019-11-26,367.5,884.25,530.25,316,294.70001220703125,30.219999313354492,432.5,141.625
2019-11-27,362.75,882,528.5,312.5,293.79998779296875,30.3700008392334,426.75,143.3249969482422
2019-11-29,371.25,876.75,547.5,321.25,290.8999938964844,30.420000076293945,438.75,142.27499389648438
2019-12-02,373.5,870.5,543.25,325.25,291.29998779296875,29.959999084472656,437.25,142.14999389648438
2019-12-03,372,871,530.5,320.25,292.5,29.989999771118164,422.5,142.375
2019-12-04,368.75,878,535,322.75,294.6000061035156,30.270000457763672,425.25,140.875
2019-12-05,365.5,884.25,532,316.25,299.5,30.290000915527344,420.25,140.5500030517578
2019-12-06,366.5,889.5,532.5,313.75,297.3999938964844,31.010000228881836,415,141.5500030517578
2019-12-09,365.75,897.25,532,316.75,296.70001220703125,31.360000610351563,411.5,141.52499389648438
2019-12-10,363.25,901.25,534.75,316.25,296.8999938964844,31.469999313354492,416,141.64999389648438
2019-12-11,357.75,893.5,530.75,315.25,293.29998779296875,31.229999542236328,415.5,142.77499389648438
2019-12-12,367,898.25,539.25,324.25,292.6000061035156,32.029998779296875,427.5,142.5500030517578
2019-12-13,366.25,907.5,539.25,324.25,295.5,32.27000045776367,427.5,145.6750030517578
2019-12-16,388,922,549.75,307.5,301.29998779296875,33.13999938964844,462,145.25
2019-12-17,390,928.75,556.25,306.5,302.29998779296875,33.81999969482422,467,145.14999389648438
2019-12-18,387,928.5,548.25,299.5,302.8999938964844,33.43000030517578,462.25,144.5500030517578
2019-12-19,386.5,924.5,545.25,297.25,298.3999938964844,33.790000915527344,460.5,144.72500610351563
2019-12-20,387.75,928.25,542.25,292,297.8999938964844,33.790000915527344,462.25,144.27499389648438
2019-12-23,388.75,934,539.5,288.5,301.3999938964844,33.779998779296875,458.5,143.52499389648438
2019-12-24,387.5,936.5,541,285.75,301.79998779296875,33.880001068115234,460.5,143.5749969482422
2019-12-26,388.5,937.75,549,283,299.5,34.380001068115234,470.5,145.4499969482422
2019-12-27,390,929.5,556.25,288.5,295.3999938964844,34.72999954223633,479.75,145.5500030517578
2019-12-30,388.25,939.5,556,290.5,297.5,35.16999816894531,480.5,145.4250030517578
2019-12-31,387.75,943,558.75,292,299.8999938964844,34.4900016784668,486,145.3249969482422
2020-01-02,391.5,944.25,560.25,298,300.6000061035156,34.970001220703125,485.25,144.64999389648438
2020-01-03,386.5,930.5,554.5,290.75,296.1000061035156,34.810001373291016,475,143.35000610351563
2020-01-06,384.75,932.75,550,294.25,297.70001220703125,34.2400016784668,477.25,147.4250030517578
2020-01-07,384.5,935,550.25,293.25,296.3999938964844,34.459999084472656,475,145.89999389648438
2020-01-08,384.25,938.25,552.75,299,296.8999938964844,34.27000045776367,480,146.8249969482422
2020-01-09,383.25,933.75,562.25,302,296.20001220703125,34.349998474121094,490.25,146.9250030517578
2020-01-10,385.75,935,564.5,308.5,298.70001220703125,34.06999969482422,494.75,147.60000610351563
2020-01-13,389.5,929.25,562.25,311,299,33.63999938964844,492.75,146.02499389648438
2020-01-14,389,928.5,568.5,313,297.20001220703125,33.650001525878906,497,145.89999389648438
2020-01-15,387.5,928.75,573.25,305.75,300.1000061035156,33.29999923706055,496.5,145.4250030517578
2020-01-16,375.5,924,565.25,305.5,300.6000061035156,33.029998779296875,484.75,145.4250030517578
2020-01-17,389.25,929.75,570.5,311.75,300.6000061035156,33.349998474121094,494.25,145.35000610351563
2020-01-21,387.5,916,581.5,314.75,299.1000061035156,32.75,500,145.0749969482422
2020-01-22,388.75,913.75,577.75,313.25,297.8999938964844,33.02000045776367,492.5,143.9250030517578
2020-01-23,393.75,909.5,580.5,316.5,298.8999938964844,32.47999954223633,492.25,142.77499389648438
2020-01-24,387.25,902,573.5,303.25,298.29998779296875,32.02000045776367,486,141.85000610351563
2020-01-27,380.5,897.25,572.25,300.5,297.79998779296875,31.520000457763672,486.5,141.89999389648438
2020-01-28,386.5,895,569.75,307,297.6000061035156,31.459999084472656,482,142.0500030517578
2020-01-29,384.25,893,562.25,307.75,296.1000061035156,31.520000457763672,472,142.10000610351563
2020-01-30,379.5,876.25,560.5,305.5,291.5,30.6299991607666,471,142.4499969482422
2020-01-31,381.25,872.5,553.75,303.75,291,29.940000534057617,465.5,136.0749969482422
2020-02-03,378.75,877,555.5,300.25,289.79998779296875,30.290000915527344,466.75,136.64999389648438
2020-02-04,382.25,879.5,557.25,308,288.5,30.729999542236328,467.25,137.5
2020-02-05,380.75,880,562,304.5,287.3999938964844,31.31999969482422,473.75,135.6750030517578
2020-02-06,379.25,881,556.25,304.75,288.20001220703125,31.239999771118164,467.75,135.89999389648438
2020-02-07,383.5,882,558.75,303,289.29998779296875,30.969999313354492,472.5,135.1999969482422
2020-02-10,381.75,884.25,552,301.75,291.3999938964844,30.6200008392334,472.5,135.6999969482422
2020-02-11,379.75,884.75,542,299.25,290.79998779296875,30.719999313354492,468.25,134.6750030517578
2020-02-12,383,892.5,547.5,304,291.70001220703125,31.030000686645508,471,135.0500030517578
2020-02-13,379.5,896.25,544.25,295.75,291.8999938964844,30.719999313354492,466,136.3249969482422
2020-02-14,377.75,893.75,542.75,296,291.1000061035156,30.56999969482422,465.5,138.52499389648438
2020-02-18,383,892.25,566.75,303.5,292.20001220703125,30.479999542236328,485.75,139.3000030517578
2020-02-19,380.5,897.25,565.25,301.25,293,30.34000015258789,479.75,140.77499389648438
2020-02-20,378.5,892.75,560,298.5,292.8999938964844,30.1200008392334,473.75,140.8000030517578
2020-02-21,377,890.5,551,296,289.20001220703125,30.639999389648438,468.5,140.1999969482422
2020-02-24,372.25,874.25,536.25,286,286.1000061035156,29.489999771118164,452.25,136.02499389648438
2020-02-25,372.5,879,539,285,286.5,29.229999542236328,455,132.97500610351563
2020-02-26,370.5,881,540.25,278.75,291.29998779296875,29.06999969482422,452.25,134.0749969482422
2020-02-27,364.5,886.25,529.25,273.5,296.8999938964844,28.829999923706055,443.25,132.5749969482422
2020-02-28,366.5,883.5,529,268.75,298.6000061035156,28.309999465942383,445.5,131.27499389648438
2020-03-02,374.75,890.5,526.25,259,302.20001220703125,28.56999969482422,451,133.72500610351563
2020-03-03,381.75,893,528.75,258,303.79998779296875,28.84000015258789,452,133.52499389648438
2020-03-04,387,898.75,521.5,264.25,305.20001220703125,29.440000534057617,446.25,134.85000610351563
2020-03-05,384.5,889,524.25,264,300.3999938964844,29.100000381469727,439.25,133.625
2020-03-06,377.25,883.25,521.25,261.75,301.29998779296875,28.479999542236328,439.25,130.6999969482422
2020-03-09,374.25,863.5,522.25,261,296.6000061035156,27.309999465942383,436.5,126.19999694824219
2020-03-10,380,873,526.75,268.5,295.8999938964844,27.440000534057617,443.25,127.75
2020-03-11,379.25,867.75,517.25,268,295.8999938964844,27.299999237060547,434,123.32499694824219
2020-03-12,369.75,855,508.25,268.5,298.6000061035156,26.149999618530273,431.25,118.82499694824219
2020-03-13,370.75,846.75,514.75,268.5,295.8999938964844,26.110000610351563,431.25,113
2020-03-16,354.75,821.75,498,259.5,296.29998779296875,24.989999771118164,423.75,108.5
2020-03-17,344,824.25,499.25,253.5,298.29998779296875,25.239999771118164,432.25,113.55000305175781
2020-03-18,335.25,825.5,508.25,255.25,304,25.040000915527344,446.5,112.57499694824219
2020-03-19,345.5,843.25,535,261.25,314.79998779296875,25.479999542236328,465.5,117.07499694824219
2020-03-20,343.75,862.5,539.25,262,325.20001220703125,25.639999389648438,469,120.7249984741211
2020-03-23,343.5,884,562.5,268.5,333.6000061035156,26.139999389648438,489.5,125.2249984741211
2020-03-24,347.25,886.75,561.5,269.5,332.1000061035156,26.549999237060547,490.75,130.22500610351563
2020-03-25,348.5,881.5,580,266,321.70001220703125,26.639999389648438,501,132.0749969482422
2020-03-26,348.75,880.25,569,261,322.8999938964844,26.5,487.25,130.8000030517578
2020-03-27,346,881.5,571.25,265.5,323.1000061035156,26.850000381469727,486.75,120.5999984741211
2020-03-30,341.25,882.25,569.5,261.5,325.5,26.8700008392334,486.75,120.05000305175781
2020-03-31,340.75,886,568.75,264.25,321.5,27.010000228881836,493,121.92500305175781
2020-04-01,334.75,862.75,550.25,260.25,314.8999938964844,26.049999237060547,475,117.42500305175781
2020-04-02,333.5,858.75,541.75,264.5,309.1000061035156,26.239999771118164,464,110.67500305175781
2020-04-03,330.75,854.25,549.25,272.75,303.20001220703125,26.43000030517578,472,108.25
2020-04-06,327.75,855.5,555.75,273.5,297,26.829999923706055,475.75,110.42500305175781
2020-04-07,331.5,854.75,549.25,274.25,293.79998779296875,27.479999542236328,473.25,114.92500305175781
2020-04-08,330,854.5,548.25,275.5,292.79998779296875,27.18000030517578,478,119.875
2020-04-09,331.75,863.5,556.5,274.25,292.5,27.40999984741211,492,119.5250015258789
2020-04-13,331.5,854.25,555,274.75,288.6000061035156,26.899999618530273,494,115.0250015258789
2020-04-14,326,847,548.75,277.25,287.5,26.739999771118164,483.75,116.4000015258789
2020-04-15,319.25,842,540.25,285.5,292.20001220703125,26.549999237060547,479.5,115.80000305175781
2020-04-16,319.75,836.75,529.75,289.25,291.79998779296875,26.299999237060547,470,118.25
2020-04-17,322.25,832.5,533.5,288,288.20001220703125,26.290000915527344,478.75,119.5250015258789
2020-04-20,314.25,826.5,548.75,293.25,285.6000061035156,25.979999542236328,495.25,118.32499694824219
2020-04-21,309.25,830.75,546.75,296.75,289.1000061035156,25.350000381469727,496.75,117.9000015258789
2020-04-22,317.5,834.75,543,303.25,288.29998779296875,25.56999969482422,490,118.4749984741211
2020-04-23,319.25,839.25,547,295,288.70001220703125,25.610000610351563,485.5,119.42500305175781
2020-04-24,315.75,832.25,526.75,303,287.70001220703125,25.049999237060547,474.75,119.80000305175781
2020-04-27,305.5,829,521,305,285.29998779296875,24.989999771118164,470.5,120.4000015258789
2020-04-28,302.75,826,526.75,305.75,281.79998779296875,25.299999237060547,474.5,119.625
2020-04-29,304.5,831.75,519.5,306.5,283.20001220703125,25.780000686645508,467.75,119.55000305175781
2020-04-30,311.5,850.25,529.75,307,289.6000061035156,26.229999542236328,482.25,119.17500305175781
2020-05-01,311.5,847.25,521.5,309.25,287.3999938964844,26.139999389648438,482,117.82499694824219
2020-05-04,310.75,834,524.25,315,283.29998779296875,25.799999237060547,483.75,119.07499694824219
2020-05-05,313,838.25,525.5,315,284.79998779296875,25.969999313354492,483,119.5999984741211
2020-05-06,311.75,830.5,524.75,310.25,283.1000061035156,25.520000457763672,476.5,124.0999984741211
2020-05-07,316,841.5,529,315.25,283.6000061035156,25.940000534057617,477.5,130.27499389648438
2020-05-08,319,848.75,529.5,315.5,286.70001220703125,26.229999542236328,504,127.9000015258789
2020-05-11,318.5,852.25,524.75,318.75,286.29998779296875,26.190000534057617,496,123.6500015258789
2020-05-12,323.75,849.25,521.75,320.75,288.6000061035156,25.979999542236328,483.5,127.30000305175781
2020-05-13,320.25,836,510.5,322,285.20001220703125,25.6299991607666,458,125.30000305175781
2020-05-14,320.25,835.25,510.5,322,285.20001220703125,25.920000076293945,458,123.80000305175781
2020-05-15,319.25,838.5,500.25,312,287.5,26.579999923706055,452.25,124.7249984741211
2020-05-18,320.75,845,497,318.75,285.1000061035156,27.31999969482422,446.25,126.5999984741211
2020-05-19,321.25,842.5,498.75,315.75,284.6000061035156,27.09000015258789,441.5,127.42500305175781
2020-05-20,319.5,846.75,513.75,318,285.5,27.360000610351563,453.25,126
2020-05-21,317.75,835,516,319.75,282.5,27.110000610351563,454.5,126.0250015258789
2020-05-22,318,833.25,508.75,323.5,284.1000061035156,26.639999389648438,444.5,128.8000030517578
2020-05-26,319,847,506.75,331.25,283.8999938964844,27.270000457763672,447.25,133.3000030517578
2020-05-27,320.5,848.5,504.5,327.5,282,27.600000381469727,451.75,134.02499389648438
2020-05-28,327.5,847,514.5,328.5,284.29998779296875,27.389999389648438,464,135.5
2020-05-29,325.75,840.75,520.75,324.25,283.20001220703125,27.3799991607666,470.5,135.35000610351563
2020-06-01,323.25,840.5,515.25,329.75,283.1000061035156,27.600000381469727,462.5,136.125
2020-06-02,324.25,850.5,508,328.25,283.70001220703125,27.940000534057617,450.75,133.4250030517578
2020-06-03,324,857.5,512,331.75,286.29998779296875,27.860000610351563,457.75,134.22500610351563
2020-06-04,329,867.75,523.75,345.5,289.79998779296875,27.81999969482422,472.25,134.72500610351563
2020-06-05,331.25,867.75,515.25,328.25,289.1000061035156,28.139999389648438,461.25,134.1750030517578
2020-06-08,333.75,864.75,511.5,314.5,288.3999938964844,28.100000381469727,460.5,133.0749969482422
2020-06-09,327.5,863.25,504.5,317.25,287.1000061035156,28.229999542236328,457.75,134.25
2020-06-10,326.25,865.5,506.25,313.5,288.79998779296875,28,457.5,132.6750030517578
2020-06-11,329.75,866,499.25,319,289.70001220703125,27.5,447,132.1750030517578
2020-06-12,330,871.25,502,317,289,27.5,448.5,131.10000610351563
2020-06-15,329.25,869,504.75,319,288.3999938964844,27.739999771118164,445.75,131.1750030517578
2020-06-16,329,867,496,302.75,287.8999938964844,27.989999771118164,438.25,132.875
2020-06-17,330.25,871.25,488.75,305,287.79998779296875,28.100000381469727,432.5,133.5749969482422
2020-06-18,331,873,483.5,306,288.79998779296875,28.059999465942383,428.5,132.97500610351563
2020-06-19,332.5,876.5,481.25,306,287,28.520000457763672,428.25,132.5500030517578
2020-06-22,328.25,876.25,485,303,286.5,28.350000381469727,431.25,131.75
2020-06-23,325,875,486,304.25,286.29998779296875,28.170000076293945,435,133.1999969482422
2020-06-24,324.25,870.75,481.25,304.75,286.70001220703125,27.649999618530273,431.25,132.875
2020-06-25,317.25,869.25,486.75,311.5,285.5,27.540000915527344,429.75,133.25
2020-06-26,317,865,474,329,282.1000061035156,27.200000762939453,421.25,132.60000610351563
2020-06-29,326.25,866.5,485.5,336.75,280.5,27.6200008392334,428.75,133.5
2020-06-30,338.5,884.25,490,333.5,286.29998779296875,27.979999542236328,435.5,132.85000610351563
2020-07-01,348.25,893.75,498.75,337.25,292.70001220703125,28.209999084472656,442.5,133.0749969482422
2020-07-02,342.5,892.5,490,338.5,293.5,27.959999084472656,427.25,134.875
2020-07-06,346.5,898.5,489.5,339.75,295.3999938964844,28.420000076293945,432.75,136.14999389648438
2020-07-07,345,895.25,492.25,337.75,293.29998779296875,28.760000228881836,436,134.9250030517578
2020-07-08,348.25,894.75,517.5,343.5,291.6000061035156,28.459999084472656,452,134.0500030517578
2020-07-09,351.25,898.25,526.25,341,295.1000061035156,28.190000534057617,452,134.52499389648438
2020-07-10,340.5,891.5,535.75,339.25,290.79998779296875,28.110000610351563,447.25,135.75
2020-07-13,334,876.5,524.75,341,283.1000061035156,27.969999313354492,440.5,137.0500030517578
2020-07-14,334.75,882.25,524.75,341,283.70001220703125,28.479999542236328,438.25,136.72500610351563
2020-07-15,326.25,886.25,550.75,276.25,285.79998779296875,28.799999237060547,459.5,139.4250030517578
2020-07-16,330.25,893.5,535.25,283.5,287,29.270000457763672,448.75,142.60000610351563
2020-07-17,333,898,534.75,280,286.5,29.920000076293945,448.75,142.6999969482422
2020-07-20,328.25,903,522,278.5,288.6000061035156,29.93000030517578,435,141.60000610351563
2020-07-21,322.75,896.5,527.75,279,285.6000061035156,30.06999969482422,442.5,141.3249969482422
2020-07-22,327.5,899.25,534.5,280.75,286.6000061035156,29.93000030517578,448.5,141.52499389648438
2020-07-23,328,906.25,529.5,284.5,290.3999938964844,29.790000915527344,441.25,142.02499389648438
2020-07-24,326.25,904.75,539.5,285.5,290.79998779296875,29.799999237060547,449.5,142.0500030517578
2020-07-27,325,906.5,527.75,286.75,292.5,29.600000381469727,439.5,139.35000610351563
2020-07-28,320,896.75,523.5,286,288.8999938964844,29.420000076293945,436.75,140.6999969482422
2020-07-29,315.5,891.5,532.75,282,286.8999938964844,29.670000076293945,445.75,141.97500610351563
2020-07-30,315.75,891.75,529.5,278,289.79998779296875,29.979999542236328,440,143.02499389648438
2020-07-31,316,897.5,531.25,276.25,289.29998779296875,30.90999984741211,442.5,144.6750030517578
2020-08-03,317.5,897.5,521,276.75,287.1000061035156,31.670000076293945,430.75,144.875
2020-08-04,308.25,883.75,508.25,273,283.70001220703125,31.530000686645508,422.25,144.6999969482422
2020-08-05,311,882,510.75,274.75,282.29998779296875,31.700000762939453,426.5,144.8000030517578
2020-08-06,311.25,880.75,501.25,274.5,280.70001220703125,31.520000457763672,417.25,143.47500610351563
2020-08-07,307.75,870.25,495.5,274.25,280,31.350000381469727,415.5,142.72500610351563
2020-08-10,310.5,876.5,491,270.25,282.20001220703125,31.190000534057617,414,143.5749969482422
2020-08-11,311.5,878,495,263.75,282,31.059999465942383,416.75,144.5
2020-08-12,314.5,890.5,491.25,265,282.20001220703125,32,417.75,145.25
2020-08-13,325.25,907.25,496.75,265,290.1000061035156,31.600000381469727,425,144.9499969482422
2020-08-14,324.5,903.5,500,264.25,289.70001220703125,31.530000686645508,425.25,143.9250030517578
2020-08-17,331,912.5,516.5,273.5,298.29998779296875,31.299999237060547,437.25,142.72500610351563
2020-08-18,327,912,507.5,272.5,296.20001220703125,31.579999923706055,430,143.22500610351563
2020-08-19,325,912.5,512,267.75,295.70001220703125,31.670000076293945,437.5,143.5500030517578
2020-08-20,324.5,903,519.5,271.75,293.79998779296875,31.299999237060547,441.5,143.4250030517578
2020-08-21,327,900.75,527.25,268.5,290.20001220703125,31.40999984741211,445.75,142.9250030517578
2020-08-24,331.75,899.75,520.75,273.75,289.1000061035156,31.65999984741211,435.25,142
2020-08-25,340.75,913.75,527.25,272.25,291.6000061035156,31.979999542236328,444.25,142.25
2020-08-26,340.5,919.5,532,263.25,291.5,32.2400016784668,450.25,142.47500610351563
2020-08-27,344.25,937.25,542.5,269.75,294.8999938964844,33.310001373291016,460.75,141.97500610351563
2020-08-28,346,950.5,539.25,267.5,301.6000061035156,33.38999938964844,461.75,140.02499389648438
2020-08-31,348.5,951.25,544.25,274.25,304.6000061035156,32.959999084472656,470.5,140.3000030517578
2020-09-01,349.5,955,555.75,278,302.79998779296875,33.119998931884766,483.5,140.125
2020-09-02,349.75,962.5,547.75,275,302.29998779296875,33.66999816894531,476.75,138.6999969482422
2020-09-03,344.5,968.75,543.25,271.75,305.20001220703125,33.470001220703125,475,137.60000610351563
2020-09-04,347.25,969.5,539.75,269.25,309.79998779296875,33.08000183105469,474.5,137.64999389648438
2020-09-08,351,973,533.25,267.75,307.20001220703125,33.56999969482422,471.5,138.9499969482422
2020-09-09,350,979.75,534,267,310.8999938964844,33.209999084472656,473.25,138.39999389648438
2020-09-10,357.25,985,540,271.5,311.1000061035156,33.130001068115234,476.25,139.1750030517578
2020-09-11,365,1005.5,533.75,269.75,318.3999938964844,33.7400016784668,473.5,140
2020-09-14,357.5,1019.25,548.5,269.75,316.20001220703125,34.279998779296875,474.75,141.5
2020-09-15,366,991.5,538.25,269.25,314.29998779296875,34.08000183105469,468,141.6750030517578
2020-09-16,371.75,1011.25,542,273,320.79998779296875,34.939998626708984,475,140.5
2020-09-17,375.25,1028.5,556.25,272.75,330.3999938964844,34.90999984741211,487.5,139.9250030517578
2020-09-18,378.5,1043.5,575,283.25,337.3999938964844,35.22999954223633,504.25,140.875
2020-09-21,369.75,1022.5,554.75,283.75,333.3999938964844,34.27000045776367,487.25,141.0749969482422
2020-09-22,369.25,1019.75,558,289.25,337.29998779296875,33.66999816894531,491.75,141.6999969482422
2020-09-23,368.5,1014.5,549,287.75,342.1000061035156,32.689998626708984,484.25,142
2020-09-24,363.5,1000,549.75,285.75,333.79998779296875,32.36000061035156,483,142.4499969482422
2020-09-25,365.25,1002.5,544.25,282.25,336.8999938964844,32.84000015258789,475.25,140.3249969482422
2020-09-28,366.75,996.25,550.25,275,332.6000061035156,33.290000915527344,482.75,140.9250030517578
2020-09-29,364.75,993,549.5,277.5,327.29998779296875,32.869998931884766,476,142.9250030517578
2020-09-30,379,1023.5,578,285.75,339.70001220703125,33.369998931884766,509.75,141.35000610351563
2020-10-01,382.75,1023.5,570.25,284,345,32.650001525878906,506.5,140.9250030517578
2020-10-02,379.75,1020.75,573.25,285.75,349.3999938964844,31.940000534057617,509.5,139.89999389648438
2020-10-05,379.5,1021.5,584.25,287.75,343.6000061035156,32.810001373291016,524.25,140.0500030517578
2020-10-06,385,1044,592.75,290.75,354.29998779296875,33.290000915527344,534.25,138.125
2020-10-07,388.75,1051,607.5,294,361,33.310001373291016,544.5,138.5
2020-10-08,387,1050,595.25,292.75,359.20001220703125,33.2400016784668,528.75,138.0500030517578
2020-10-09,395,1065.5,593.75,292.25,363.1000061035156,34.150001525878906,535.5,138.25
2020-10-12,389,1033.75,594.25,283.5,356.70001220703125,33.13999938964844,530.5,137.3000030517578
2020-10-13,391.25,1044,594,284.25,358.5,33.720001220703125,531.25,138.125
2020-10-14,396.5,1056.25,596.75,287.75,358.3999938964844,33.720001220703125,535.25,138.375
2020-10-15,403.75,1062.25,618.25,293.75,372.1000061035156,33.16999816894531,558,138.9250030517578
2020-10-16,402,1050,625.25,294.5,367.5,32.9900016784668,558.75,138.10000610351563
2020-10-19,405.25,1054.25,627,297.5,373.20001220703125,32.529998779296875,563,134.60000610351563
2020-10-20,408.75,1064,632,300,371.8999938964844,33.310001373291016,571,134.5
2020-10-21,413.75,1072,629.75,304,378.79998779296875,33.20000076293945,569.75,134.39999389648438
2020-10-22,416.25,1073.75,622.75,303.5,382.3999938964844,33.689998626708984,560.25,133.8249969482422
2020-10-23,419.25,1083.75,632.75,303.5,386.3999938964844,34.11000061035156,569.75,133.52499389648438
2020-10-26,417.75,1087.75,620,306.5,389.6000061035156,34.459999084472656,552,133.6999969482422
2020-10-27,416,1082.25,615.75,308,384,34.11000061035156,549.25,134.3000030517578
2020-10-28,401.5,1057.25,608.75,296,376.70001220703125,33.41999816894531,543.25,135.1750030517578
2020-10-29,398.5,1051.75,603.75,299.25,376.8999938964844,33.060001373291016,542,136.4499969482422
2020-10-30,398.5,1056.5,598.5,297.25,378.6000061035156,33.61000061035156,541.25,137.39999389648438
2020-11-02,397.5,1050.75,607.5,292.5,375.1000061035156,33.189998626708984,553,136.97500610351563
2020-11-03,401,1059,608,296,377.20001220703125,33.779998779296875,557,136.125
2020-11-04,405.25,1079,606,296.75,385.70001220703125,34.38999938964844,559.75,137.6999969482422
2020-11-05,409.25,1101.75,609.25,302,387.79998779296875,35.470001220703125,563,137.5749969482422
2020-11-06,406.75,1098.5,602,300.5,382.3999938964844,35.34000015258789,555.25,137.6999969482422
2020-11-09,407.5,1105,597.5,303.25,384.1000061035156,35.47999954223633,552.5,141.625
2020-11-10,423,1138.25,608.5,307.25,394.79998779296875,36.060001373291016,561.5,140.85000610351563
2020-11-11,417.25,1143.25,598,303.75,392.70001220703125,37.130001068115234,554.25,140.60000610351563
2020-11-12,408.25,1137,588.25,300,388.1000061035156,37.04999923706055,544,140.0749969482422
2020-11-13,410.5,1141.5,593.5,295.5,388.1000061035156,37.130001068115234,552,137.47500610351563
2020-11-16,416.25,1153.5,598,296.25,389.29998779296875,37.43000030517578,558,137.27499389648438
2020-11-17,420.25,1169.75,595.25,296.25,395.79998779296875,37.5,552.5,137.375
2020-11-18,425.75,1175.75,597.75,297.5,394.8999938964844,38.459999084472656,557.75,137.02499389648438
2020-11-19,422.5,1177.5,591.75,297.25,393.70001220703125,38.810001373291016,548.75,136.77499389648438
2020-11-20,423.25,1181,593.25,297.75,394.70001220703125,38.65999984741211,550.25,134.60000610351563
2020-11-23,426.5,1191.5,598.75,287.25,394.8999938964844,38.54999923706055,551.25,137.8249969482422
2020-11-24,425.75,1191.25,611.25,287.5,398.29998779296875,38.060001373291016,561,138.60000610351563
2020-11-25,420,1184,588.25,285.75,396.8999938964844,38.18000030517578,543.75,140.1750030517578
2020-11-27,425.5,1191.75,596.5,288.5,398.5,38.70000076293945,561.5,139.8249969482422
2020-11-30,419.75,1168.5,580.25,284.75,393.1000061035156,37.880001068115234,545.75,141.0500030517578
2020-12-01,414.75,1162,565.5,289.75,393.5,37.400001525878906,537.5,141.64999389648438
2020-12-02,419,1153,578,294.5,389.5,37.470001220703125,550.5,141.8000030517578
2020-12-03,422.5,1168.25,571.75,303.75,392.79998779296875,38.68000030517578,545,139.8000030517578
2020-12-04,417,1163,566.5,313.25,388.79998779296875,39.189998626708984,541.25,139.77499389648438
2020-12-07,419.5,1158.5,571.25,325,386.5,38.869998931884766,542.5,137.8000030517578
2020-12-08,417,1145.75,563.75,330.25,381.70001220703125,38.279998779296875,536.25,137.5749969482422
2020-12-09,422,1158.5,577,334.5,384.3999938964844,38.7599983215332,550.25,137.02499389648438
2020-12-10,420.25,1152.75,590.25,339,381,38.959999084472656,562.75,137.60000610351563
2020-12-11,424.25,1160.5,608.25,344.75,384.1000061035156,39.58000183105469,579,139.72500610351563
2020-12-14,419.25,1169.5,593.5,344.75,380.79998779296875,40.11000061035156,579,140.02499389648438
2020-12-15,424.75,1184.25,599.75,334,388.20001220703125,39.189998626708984,566,140.10000610351563
2020-12-16,427.25,1183.75,598.5,336,394.5,39.04999923706055,561.5,140.85000610351563
2020-12-17,432.5,1201.25,608.75,336.75,397.8999938964844,39.93000030517578,570,140.97500610351563
2020-12-18,437.5,1220,608.25,337.75,405.5,40.06999969482422,569.25,140.4499969482422
2020-12-21,440,1243.25,611.25,337.75,412.29998779296875,39.959999084472656,574.5,140.625
2020-12-22,443.5,1247.25,617,336.75,415,40.54999923706055,579.25,139.89999389648438
2020-12-23,447.25,1258.75,629.75,336.25,421.20001220703125,41.349998474121094,588,140.27499389648438
2020-12-24,451,1263.5,627,335.5,416.79998779296875,41.84000015258789,589,140.9250030517578
2020-12-28,456.5,1255.25,614.25,336.75,415.29998779296875,41.720001220703125,577,141
2020-12-29,466,1295.5,618.5,339,427,42.47999954223633,585,139.625
2020-12-30,474.5,1303.75,640.75,349,432.3999938964844,42.66999816894531,601.25,138.52499389648438
2020-12-31,484,1315.25,640.5,360.75,434.3999938964844,43.33000183105469,603.5,138.9499969482422
2021-01-04,483.75,1316.5,642,356,427.20001220703125,42.93000030517578,599.5,134.9499969482422
2021-01-05,491.75,1350,654,363.25,435.3999938964844,44.36000061035156,609.25,136.6750030517578
2021-01-06,495,1365.25,647.5,359.75,443.29998779296875,44.38999938964844,603.5,135.77499389648438
2021-01-07,494,1360.5,642.25,355.25,438,44.349998474121094,598.5,136.6999969482422
2021-01-08,496.25,1375.75,638.75,357.75,444.79998779296875,43.7599983215332,594.75,135.8249969482422
2021-01-11,492.25,1374.5,634.75,354.75,451.79998779296875,43.130001068115234,594,136
2021-01-12,517.25,1422,665,362,471.20001220703125,43.130001068115234,622.5,133.22500610351563
2021-01-13,524.5,1411,660.5,361.75,462.3999938964844,42.68000030517578,625.75,133.5749969482422
2021-01-14,534.25,1436.5,670,367.75,464.8999938964844,43.27000045776367,636.5,132.60000610351563
2021-01-15,531.5,1416.75,675.5,366,463.20001220703125,41.849998474121094,643,134.5749969482422
2021-01-19,526,1385.75,672.25,362.5,450.5,41.70000076293945,644,134.39999389648438
2021-01-20,522,1369.5,667.75,364,442.3999938964844,42.540000915527344,637,135.3000030517578
2021-01-21,524.25,1370.25,660.75,360.5,438.20001220703125,43.43000030517578,635.75,135.875
2021-01-22,500.5,1311.75,634.5,345.25,421.6000061035156,42.27000045776367,613.25,137.25
2021-01-25,511.5,1343.5,648.5,354.5,429.6000061035156,42.939998626708984,627.25,136.5500030517578
2021-01-26,532.25,1370.25,665.25,354.75,436.5,43.90999984741211,641,135.64999389648438
2021-01-27,534,1374.75,658.25,352.5,436.6000061035156,44.52000045776367,636.75,135.625
2021-01-28,534.5,1353.25,647,346.75,427.1000061035156,44.650001525878906,626,135.6999969482422
2021-01-29,547,1370,663,349.5,431,44.619998931884766,638,137.72500610351563
2021-02-01,549.25,1365.25,651,347.5,430.5,44.970001220703125,625.25,137.9250030517578
2021-02-02,543,1354.75,644.75,345.5,428,44.31999969482422,619,139.125
2021-02-03,552,1371.25,648.25,349,435.5,44.47999954223633,625.5,138.52499389648438
2021-02-04,550,1372.5,637.5,349.75,433.1000061035156,44.939998626708984,618.75,139.5
2021-02-05,548.5,1366.75,641.25,349.25,430.5,44.65999984741211,625.25,138.27499389648438
2021-02-08,563.75,1387.75,655.75,355,436.6000061035156,45.630001068115234,639.5,137.4499969482422
2021-02-09,556.25,1401.75,649.5,354,438.70001220703125,46.52000045776367,633.5,138.64999389648438
2021-02-10,534.5,1354,635.5,348.25,422.29998779296875,45.689998626708984,614,139.5
2021-02-11,541,1367.5,633.5,350.5,428.8999938964844,45.630001068115234,611,139.14999389648438
2021-02-12,538.75,1372,636.75,350.75,427.20001220703125,46.040000915527344,616.75,140.85000610351563
2021-02-16,552.25,1384.75,657.5,353.25,428.3999938964844,47.27000045776367,637.5,140.77499389648438
2021-02-17,553,1383.75,644,352.75,431.70001220703125,46.77000045776367,624.5,138.4250030517578
2021-02-18,550.25,1375,662.5,353.25,425.8999938964844,46.90999984741211,636.75,138.1999969482422
2021-02-19,542.75,1377.25,650.75,348.5,424.29998779296875,47.54999923706055,631.75,139.125
2021-02-22,551,1383.75,664,351.25,423.1000061035156,47.900001525878906,644.5,139.3249969482422
2021-02-23,553.75,1406,665.75,363,426.5,49.2599983215332,641,138.5749969482422
2021-02-24,559.25,1423.75,680.25,367.25,428.29998779296875,51.13999938964844,656,140.375
2021-02-25,554.75,1406,671.75,368.75,424.1000061035156,50.959999084472656,644.25,140.4250030517578
2021-02-26,555.5,1405.25,655,376.5,423.20001220703125,51.34000015258789,624.75,138.6750030517578
2021-03-01,547.5,1392.5,643.75,373.5,420.20001220703125,50.77000045776367,614.25,137.1999969482422
2021-03-02,560.75,1414,663.25,374.5,423.29998779296875,51.27000045776367,627,136.52499389648438
2021-03-03,550.25,1410.75,652,372,420.20001220703125,51.349998474121094,617.5,137
2021-03-04,546.25,1415.25,649.75,376,418.1000061035156,52.380001068115234,612.75,135.10000610351563
2021-03-05,562,1434.25,654,381.25,420,53.380001068115234,617.25,134.60000610351563
2021-03-08,565,1437.75,646.5,390,418.29998779296875,54.060001373291016,613.25,135.35000610351563
2021-03-09,562,1441.25,656.5,389.25,419.20001220703125,55.150001525878906,618,137.14999389648438
2021-03-10,547.75,1411.5,650.75,381.75,410.1000061035156,55.36000061035156,608,136.1999969482422
2021-03-11,555,1415.5,636.25,381.75,402,56.459999084472656,595.75,135.25
2021-03-12,549.25,1415.75,631.75,381.75,396.29998779296875,56.88999938964844,595,136.35000610351563
2021-03-15,549.5,1419.5,645,376.5,407.3999938964844,55.09000015258789,606.75,137.02499389648438
2021-03-16,554.25,1423.25,647,374,406.1000061035156,55.09000015258789,608.25,136.5749969482422
2021-03-17,558,1417.75,640,371.5,404.8999938964844,54.599998474121094,601,136.9250030517578
2021-03-18,546.5,1392.25,630.5,366.25,398.20001220703125,53.52000045776367,587,135.52499389648438
2021-03-19,557.75,1416.25,627,366,407.8999938964844,53.869998931884766,585.5,134.6750030517578
2021-03-22,549,1417.5,627.25,368.5,396.6000061035156,56.369998931884766,578.25,135.0749969482422
2021-03-23,551.25,1423.25,634.75,378.25,398.79998779296875,57.02000045776367,582,135.4499969482422
2021-03-24,553.25,1432.75,624.75,381.5,401,57.47999954223633,576.25,135.77499389648438
2021-03-25,546.5,1414.25,612.5,374.25,404.6000061035156,54.97999954223633,566.75,136.14999389648438
2021-03-26,552.5,1400.5,613.25,375,404,52.47999954223633,568.25,145.125
2021-03-29,546.75,1393,616.75,373.5,398.1000061035156,52.959999084472656,569.5,147.0749969482422
2021-03-30,539.25,1366.75,601.75,368.5,398.20001220703125,50.459999084472656,558.5,146.8249969482422
2021-03-31,564.25,1436.75,618,378.75,423.20001220703125,52.91999816894531,575.75,143.875
2021-04-01,559.75,1402,611,372,410.20001220703125,52.130001068115234,565,143.875
2021-04-05,553.25,1412.75,618,373,406.29998779296875,52.810001373291016,563,146.4499969482422
2021-04-06,554.25,1418.75,615.5,374,406.3999938964844,53.91999816894531,555.5,146.47500610351563
2021-04-07,560.5,1408.75,616.25,371.5,409.1000061035156,52.849998474121094,563.25,147.625
2021-04-08,579.75,1415.25,628.75,376.75,406.79998779296875,53.380001068115234,576.5,147.125
2021-04-09,577.25,1403,638.75,373.75,401.20001220703125,52.849998474121094,586.5,144.75
2021-04-12,569,1382,628,372.25,401.8999938964844,51.45000076293945,579,144.5
2021-04-13,580,1389.5,629.75,375.5,395,53.029998779296875,584.75,142.4499969482422
2021-04-14,594,1410,648,382.5,398.20001220703125,54.2400016784668,603.5,141.14999389648438
2021-04-15,590,1418.25,653.75,382,401.8999938964844,54.88999938964844,607.75,140.0500030517578
2021-04-16,585.5,1433.25,652.5,380.75,402.20001220703125,56.33000183105469,609.25,139.625
2021-04-19,592,1449.75,652.25,380.75,407.5,56.27000045776367,612,137.72500610351563
2021-04-20,606.5,1472,659.75,385.25,410.3999938964844,58.31999969482422,620.75,137.5749969482422
2021-04-21,625.5,1497.25,673.25,391.75,412.29998779296875,60.189998626708984,630.75,135.10000610351563
2021-04-22,650.5,1533.25,710.25,402.25,422,62.52000045776367,667.5,132.25
2021-04-23,655.5,1539.75,710.25,399,422.3999938964844,62.709999084472656,673.25,133.85000610351563
2021-04-26,680.5,1569,739.5,405.75,428.79998779296875,65.20999908447266,701.75,132.75
2021-04-27,695.5,1549.75,733.75,403.5,425.5,66.44999694824219,704.25,134.1999969482422
2021-04-28,686.25,1557.75,725.25,398.75,421.29998779296875,68.94999694824219,689.25,133.875
2021-04-29,702,1542.5,737.5,396.25,422.6000061035156,65.98999786376953,688.5,134.47500610351563
2021-04-30,740,1571,742.5,401,426,68.45999908447266,698.25,133.60000610351563
2021-05-03,732.25,1560.25,725.5,399.25,416.20001220703125,68.30999755859375,682.5,133.0500030517578
2021-05-04,744.75,1577,737,401.5,423.5,67.94999694824219,691,129.75
2021-05-05,753.25,1582,755.75,406.75,424.29998779296875,66.73999786376953,709.75,131.47500610351563
2021-05-06,759.5,1605.5,764.25,409.25,427.70001220703125,66.25,717.75,130.47500610351563
2021-05-07,772.75,1621,773.5,405.5,442.5,66.37999725341797,727.75,131.72500610351563
2021-05-10,748,1620,742.5,403,444.3999938964844,66.0999984741211,695.5,135.4499969482422
2021-05-11,759.5,1637.5,759.75,400.25,449.5,67.05999755859375,702.5,135.3249969482422
2021-05-12,757.5,1660.5,754.75,380.75,450.8999938964844,68.660003662109375,682.75,136.75
2021-05-13,719,1612.25,726.5,363.75,423.5,68.04000091552734,652.25,137.4499969482422
2021-05-14,685,1603.75,727.25,363.75,423.5,68.410003662109375,651.75,137.5500030517578
2021-05-17,652.5,1587.5,699.75,360.5,414.8999938964844,68.970001220703125,652.25,137.9250030517578
2021-05-18,658.25,1574.25,698,356.5,410.79998779296875,68.66999816894531,647.75,137.1999969482422
2021-05-19,658.25,1538.25,679.25,353.75,403.20001220703125,66.470001220703125,633.75,136.5749969482422
2021-05-20,664.5,1533.25,675.25,358.25,401.1000061035156,65.76000213623047,625,135.75
2021-05-21,659.5,1526.25,674.25,356,398.8999938964844,65.48999786376953,624,137.22500610351563
2021-05-24,657.25,1522.75,662.25,357.25,400.20001220703125,65.12999725341797,615.25,136.27499389648438
2021-05-25,620.25,1511.75,656.5,360.75,386.29998779296875,66.69000244140625,604.5,136.625
2021-05-26,624.5,1503.5,648.5,364.75,383.79998779296875,65.68000030517578,598.75,136.5
2021-05-27,664.5,1537,676.25,372.75,390.29998779296875,66.80999755859375,626.25,136.3000030517578
2021-05-28,656.75,1530.5,663.5,377.5,395.5,65.79000091552734,613.25,151.35000610351563
2021-06-01,688.75,1548.5,693.5,384.75,398.70001220703125,67.38999938964844,637.5,149.14999389648438
2021-06-02,675,1562.5,687.5,384,394,70.37999725341797,633.75,152.3249969482422
2021-06-03,662,1549.25,676.25,380,391.6000061035156,68.8499984741211,624.25,152.9499969482422
2021-06-04,682.75,1583.75,687.75,394.75,396.20001220703125,71.339996337890625,636.5,149.9250030517578
2021-06-07,679.25,1560.25,680,402.25,386.8999938964844,70.83000183105469,630,150.1999969482422
2021-06-08,680,1580,685,408,389.79998779296875,72.08000183105469,632.5,149.25
2021-06-09,690.75,1562.5,682.25,396,386.3999938964844,71.589996337890625,635.75,148.27499389648438
2021-06-10,699,1544,683.75,388.25,381.6000061035156,70.45999908447266,640.25,148.39999389648438
2021-06-11,684.5,1508.5,680.75,381.25,383.29998779296875,66.9800033569336,638,151.1750030517578
2021-06-14,659.25,1472.25,674.5,368.75,373.8999938964844,65.95999908447266,628,154.60000610351563
2021-06-15,667.5,1465.75,661.5,365.5,372.3999938964844,65.56999969482422,612.75,156.8249969482422
2021-06-16,673,1448.5,662.75,375.25,379.20001220703125,62.06999969482422,610.75,157.6999969482422
2021-06-17,633,1329.75,639,365.75,361.5,56.56999969482422,585.25,157.39999389648438
2021-06-18,655.25,1396,662.75,370,373.3999938964844,58.119998931884766,606.5,155.02499389648438
2021-06-21,659.25,1415,661.5,363.5,373.1000061035156,60.33000183105469,599.75,155.10000610351563
2021-06-22,659.75,1394.5,651,360.25,363.29998779296875,60.66999816894531,596.5,158.35000610351563
2021-06-23,664.25,1385,661.25,365.5,354.20001220703125,62.130001068115234,612,155.6999969482422
2021-06-24,653.25,1371.25,651.25,376.5,345.79998779296875,62.70000076293945,606,157.14999389648438
2021-06-25,636.5,1329.75,637,377.5,347.20001220703125,59.709999084472656,600.25,159.5500030517578
2021-06-28,675.5,1357,646,385.25,351.6000061035156,62.310001373291016,618,156.35000610351563
2021-06-29,694.5,1359.75,639.75,377.25,348.3999938964844,64.1500015258789,619,157.39999389648438
2021-06-30,720,1450,671.5,384,375.5,65.160003662109375,650.25,154.625
2021-07-01,719.75,1446.75,658.5,393.5,381.79998779296875,65.04000091552734,631.5,156.3249969482422
2021-07-02,697.25,1451.75,645.75,394.5,379.8999938964844,66.81999969482422,611.25,157.0500030517578
2021-07-06,656,1363.75,620,378.25,355,63.83000183105469,575.5,160.625
2021-07-07,652.5,1386.5,614.75,381,357.20001220703125,64.76000213623047,581,159
2021-07-08,638,1390.25,612.25,385.75,355.29998779296875,64.25,590.25,157.3249969482422
2021-07-09,629.75,1404,608.5,396.25,352.5,62.40999984741211,599,159.1750030517578
2021-07-12,669.25,1432.5,635,409,354.8999938964844,64.98999786376953,616,158.14999389648438
2021-07-13,677,1438,628.75,425.25,355.1000061035156,66.62999725341797,612.5,158.8249969482422
2021-07-14,683,1467.75,645,425.25,366.6000061035156,66.62999725341797,617.5,156.9499969482422
2021-07-15,564.25,1447.5,672,439.5,362.70001220703125,67.30999755859375,640.25,157.375
2021-07-16,556,1454.75,692.5,436,363.20001220703125,68.30999755859375,651.5,155.625
2021-07-19,556,1428,697.75,431.75,359.79998779296875,66.69000244140625,652.25,157.375
2021-07-20,571.75,1443.5,700.5,450.75,365.5,67.0199966430664,660.25,155.52499389648438
2021-07-21,571.75,1439.25,710.75,454.75,369.79998779296875,65.45999908447266,668.75,156.77499389648438
2021-07-22,564.5,1416.25,692.25,454.5,363.20001220703125,65,653.75,158.1999969482422
2021-07-23,547.25,1401,684,461.5,353.6000061035156,65.660003662109375,646,160.0749969482422
2021-07-26,549.75,1412.75,677,462,353.6000061035156,66.43000030517578,639,162.1999969482422
2021-07-27,548.75,1418.25,674.5,465.75,358.79998779296875,66.26000213623047,641.5,160.6999969482422
2021-07-28,549.25,1432,688.75,466.25,356.1000061035156,66.55000305175781,659.5,160.1750030517578
2021-07-29,558,1434.25,705.25,463.75,356.5,66.93000030517578,674.5,158.5
2021-07-30,547,1414.75,703.75,446.75,352.6000061035156,65.81999969482422,673.25,158.1750030517578
2021-08-02,558.75,1418.75,729.5,447,357.20001220703125,64.62000274658203,703.5,158.25
2021-08-03,550.5,1392.25,724.5,445,347.79998779296875,63.27000045776367,707.5,158.89999389648438
2021-08-04,545.75,1403.5,717.25,444,353.1000061035156,62.77000045776367,694.25,159.1999969482422
2021-08-05,555.75,1402.5,712.75,460.5,356.8999938964844,62.470001220703125,691.5,157.64999389648438
2021-08-06,555,1422.25,719,467.25,358.79998779296875,63.40999984741211,705.75,159.85000610351563
2021-08-09,550.25,1433.75,711.25,468.75,359.6000061035156,65.720001220703125,701.5,159.3000030517578
2021-08-10,549.25,1447.5,727,467.25,360.29998779296875,65.410003662109375,714.25,159.3249969482422
2021-08-11,556.25,1405.5,727,460.5,355.3999938964844,63.529998779296875,710.25,158.77499389648438
2021-08-12,567,1401.5,753.5,469.25,355.3999938964844,63.5099983215332,738.75,158.6999969482422
2021-08-13,568.25,1424.25,762.25,494.25,358.1000061035156,63.5099983215332,742.25,158.0500030517578
2021-08-16,564.75,1376,760.5,500,359.3999938964844,63.290000915527344,736.5,157.1999969482422
2021-08-17,558.25,1369,734.5,507.5,360.1000061035156,62.540000915527344,716.75,156.5749969482422
2021-08-18,561.75,1358.25,737.25,494.25,357.6000061035156,61.93000030517578,723.75,158.85000610351563
2021-08-19,550,1323,727.5,492.25,351.5,60.599998474121094,715.5,158.27499389648438
2021-08-20,538.75,1293.75,714.25,495,353.29998779296875,57.4900016784668,702,159.02499389648438
2021-08-23,538,1294,719.75,509.5,346.6000061035156,59.25,704.25,158.1999969482422
2021-08-24,544.5,1337,718,509,354.8999938964844,61.09000015258789,704.25,158.5749969482422
2021-08-25,551.25,1346,711.25,515.75,352.29998779296875,61.88999938964844,702,159.3000030517578
2021-08-26,552.75,1367.5,725.25,509.25,356.5,61.33000183105469,715.5,159.4499969482422
2021-08-27,558,1359.25,718.5,518,354.20001220703125,61.29999923706055,712.25,164.64999389648438
2021-08-30,540.25,1304.75,708.75,509.25,347.6000061035156,60.279998779296875,704.25,164.0500030517578
2021-08-31,534,1298.75,706.75,496.25,346.3999938964844,59.36000061035156,705.25,163
2021-09-01,515.5,1277.75,701,501.25,343.70001220703125,58.310001373291016,695.25,162.9250030517578
2021-09-02,516.25,1279.25,704,506.75,337.8999938964844,59.0099983215332,701.25,160.3000030517578
2021-09-03,508,1283,714.5,506.5,340.8999938964844,59,715.25,158.47500610351563
2021-09-07,495.75,1268.75,708.75,495.5,337.29998779296875,57.7599983215332,709.75,156.27499389648438
2021-09-08,498.25,1270.75,698.25,495,337.3999938964844,57.45000076293945,697,156.0500030517578
2021-09-09,496,1258.75,681.5,483.75,336.29998779296875,56.02000045776367,676.5,155.75
2021-09-10,502.75,1275.25,675,487.5,342,55.7400016784668,676.25,154.25
2021-09-13,496.75,1272.5,674.5,492.25,344.70001220703125,55.79999923706055,678.25,152.1999969482422
2021-09-14,503,1276.5,685,506,341.20001220703125,56.68000030517578,686.5,155.27499389648438
2021-09-15,533.5,1294.5,712.25,539.25,335.8999938964844,58.310001373291016,716,154.72500610351563
2021-09-16,529.5,1296,713,551.5,340.20001220703125,56.83000183105469,720.5,155.875
2021-09-17,527.25,1284,708.75,542.75,338.5,56.290000915527344,713,154.875
2021-09-20,521.75,1262.5,700.75,532.25,336.1000061035156,54.90999984741211,700,155
2021-09-21,517,1274,690.25,532.75,337.8999938964844,55.31999969482422,690.5,154.85000610351563
2021-09-22,525.5,1282.75,705.75,557.75,337.8999938964844,56.38999938964844,706,154.8000030517578
2021-09-23,529.25,1284.25,717.75,580,336.6000061035156,57.099998474121094,720,154.89999389648438
2021-09-24,526.75,1285,723.75,575.25,336.1000061035156,57.970001220703125,719.75,154.625
2021-09-27,539.5,1287.5,722.25,587,337.29998779296875,58.29999923706055,720.75,154.25
2021-09-28,532.5,1277,706.5,583.25,337.29998779296875,57.77000045776367,705,154.39999389648438
2021-09-29,539,1283.75,710.25,584.25,338.1000061035156,57.779998779296875,711.75,154.27499389648438
2021-09-30,536.75,1256,725.5,582.25,326.20001220703125,58.790000915527344,731.75,153.9250030517578
2021-10-01,541.5,1246.5,755.25,591,325,58.61000061035156,759.5,152.75
2021-10-04,540.75,1235.75,756.5,601,322.1000061035156,58.56999969482422,754.25,155
2021-10-05,537.5,1250.5,744.75,594.75,320.20001220703125,60.88999938964844,741,156.10000610351563
2021-10-06,532.25,1242,746,597.75,321.6000061035156,60.06999969482422,745,156.8000030517578
2021-10-07,534,1247.25,741.25,622.75,318.79998779296875,61.900001525878906,741.25,160.35000610351563
2021-10-08,530.5,1243,734,653.75,317.5,61.33000183105469,737.5,159.47500610351563
2021-10-11,533,1228.25,731.75,673,316.20001220703125,60.290000915527344,734.5,159.3249969482422
2021-10-12,522.5,1198.25,734,648,312.8999938964844,58.619998931884766,739.75,158.5749969482422
2021-10-13,512.25,1195.25,718.75,632.25,313.3999938964844,59.36000061035156,721.75,157.64999389648438
2021-10-14,516.75,1206.25,724.75,635.25,317.1000061035156,59.939998626708984,731,158.4250030517578
2021-10-15,525.75,1217.75,734,660.25,316.6000061035156,61.290000915527344,743.75,157.5749969482422
2021-10-18,532.75,1221.5,736.25,662,317.8999938964844,62.02000045776367,749,155.75
2021-10-19,530.25,1228,736,656,322.6000061035156,62.38999938964844,748.25,155.10000610351563
2021-10-20,539.25,1245.5,749.25,667,328.3999938964844,64.69999694824219,759.75,155.9250030517578
2021-10-21,532.25,1224,741.25,660,324,62.58000183105469,747.75,156.25
2021-10-22,538,1220.5,756,667.25,327.3999938964844,62.09000015258789,774,155.4250030517578
2021-10-25,538,1237.25,759.5,692.25,327.20001220703125,63.13999938964844,777.75,155.625
2021-10-26,543.5,1238,752.25,706.5,326.8999938964844,62.310001373291016,777.25,155.97500610351563
2021-10-27,557.25,1239.25,759.75,711,330.8999938964844,61.41999816894531,782.75,156.5
2021-10-28,562.75,1233.75,772.5,710.5,330.8999938964844,60.869998931884766,790,156.6750030517578
2021-10-29,568.25,1235.75,772.75,729.75,332.6000061035156,61.27000045776367,785.75,156.5749969482422
2021-11-01,579,1236.75,797.25,750.75,329.1000061035156,61.970001220703125,806.5,154.39999389648438
2021-11-02,573,1244,791.5,760.25,337.20001220703125,61.9900016784668,798.25,157.5749969482422
2021-11-03,564,1231.5,781,746.5,340.79998779296875,61.029998779296875,790.75,159.1750030517578
2021-11-04,559.25,1209.25,773.75,741,335.79998779296875,59.58000183105469,786,158.02499389648438
2021-11-05,553,1192.25,766.5,749,332.70001220703125,58.779998779296875,778.75,158.875
2021-11-08,551.5,1178,768,723.5,331.79998779296875,58.04999923706055,780.75,158.5749969482422
2021-11-09,554.75,1199.5,778.5,716.25,342.5,58.470001220703125,793.5,157.89999389648438
2021-11-10,569.25,1203.5,803,740,342.3999938964844,59.13999938964844,817.5,156.64999389648438
2021-11-11,569.5,1212.25,812.5,725,344.5,59.13999938964844,828,157.3249969482422
2021-11-12,577.25,1234,817,734,362.1000061035156,58.970001220703125,833,156.25
2021-11-15,576.5,1257.25,826.25,723.25,371.70001220703125,58.20000076293945,836,155.9250030517578
2021-11-16,571,1251.25,810.25,730.5,367.5,59.16999816894531,820.75,155.64999389648438
2021-11-17,575.25,1277,822.25,739.5,374.70001220703125,59.22999954223633,834,156.0749969482422
2021-11-18,573,1265.25,820,756.5,370.3999938964844,59.16999816894531,827.25,155.9250030517578
2021-11-19,570.75,1263.25,823,764.5,371.79998779296875,58.15999984741211,834.75,160.9250030517578
2021-11-22,576.75,1274.25,845.75,751,370,59.40999984741211,861.75,161.6999969482422
2021-11-23,580.5,1273,856,747.25,362.20001220703125,60.13999938964844,878.75,164.375
2021-11-24,579.75,1266.5,836.75,750.5,357.6000061035156,60.939998626708984,873.25,166.9250030517578
2021-11-26,586.75,1252.75,825.5,755,356.20001220703125,59.02000045776367,865,167.14999389648438
2021-11-29,581,1241.5,807.5,746.75,347.70001220703125,58.2599983215332,854,165.72500610351563
2021-11-30,567,1217.25,773.75,723,348.79998779296875,55.11000061035156,819,164.85000610351563
2021-12-01,572,1228.25,778.5,710,356.5,55.04999923706055,814.25,165.8249969482422
2021-12-02,577,1244.25,806.5,740.75,358,56.22999954223633,838.5,165.77499389648438
2021-12-03,586,1267.25,794.5,725,367.70001220703125,57.099998474121094,822,164.125
2021-12-06,583.5,1261.5,797,735,359.70001220703125,57.790000915527344,821.5,165.25
2021-12-07,586.25,1250.25,799.25,737.25,358.8999938964844,57.040000915527344,827.25,165.02499389648438
2021-12-08,584.75,1261,791.25,732,365.6000061035156,55.459999084472656,810.25,163.39999389648438
2021-12-09,588.5,1264.5,773.5,719.5,368.79998779296875,54.790000915527344,794.5,164.0749969482422
2021-12-10,588.5,1267.75,782,718,377.8999938964844,53.59000015258789,801.5,164.875
2021-12-13,584.25,1244,785.5,711.25,384,53.2400016784668,808.5,165.52499389648438
2021-12-14,588.75,1259.5,785.5,711.25,404.5,52.0099983215332,805.25,164.5749969482422
2021-12-15,585.75,1262.5,756,711,372.20001220703125,53.470001220703125,785.5,163.4250030517578
2021-12-16,591.25,1277.25,770.5,711.75,372.29998779296875,54.650001525878906,803.75,162.5749969482422
2021-12-17,593.25,1285.25,775,702.25,379.5,53.880001068115234,810,160.25
2021-12-20,591,1292.25,777.75,662.25,386.20001220703125,52.939998626708984,813.25,159.22500610351563
2021-12-21,598.25,1308,799,666.75,394,53.900001525878906,841.5,160.85000610351563
2021-12-22,602.5,1328.75,814,693.5,402.79998779296875,54.83000183105469,853.75,161.77499389648438
2021-12-23,605.75,1332,814.75,707,406.1000061035156,55.439998626708984,861.5,163.4499969482422
2021-12-27,614.75,1362.5,804,724,414.79998779296875,56.720001220703125,847,162.39999389648438
2021-12-28,604.75,1359.25,783.5,702.5,415.8999938964844,56.54999923706055,821.75,163.5500030517578
2021-12-29,605.5,1356.5,787.75,695.25,415.3999938964844,56.70000076293945,824.5,165.875
2021-12-30,596,1327.75,779.75,686.5,413.6000061035156,55.849998474121094,812.75,166.3249969482422
2021-12-31,593.25,1328.75,770.75,683,411.70001220703125,56.29999923706055,801.5,166.875
2022-01-03,589.25,1344,758,680.75,423.8999938964844,56.209999084472656,791.5,166.25
2022-01-04,609.5,1378.75,770,692,427.6000061035156,58.13999938964844,804,162.6750030517578
2022-01-05,602.25,1384.25,760.75,685,424.1000061035156,59.31999969482422,787,162.125
2022-01-06,603.75,1377.25,746,670.5,420.3999938964844,58.779998779296875,768.5,162.5749969482422
2022-01-07,606.75,1401.5,758.5,668.25,433.5,58.630001068115234,775,162.10000610351563
2022-01-10,599.75,1374.75,762,664,427.6000061035156,57.88999938964844,778.25,160.9250030517578
2022-01-11,601,1376.75,770.25,656,427.29998779296875,58.88999938964844,791.75,162.0749969482422
2022-01-12,599,1391.25,757.75,646,431,59.279998779296875,778,161.875
2022-01-13,587.5,1365.25,746.75,623,423.70001220703125,58.18000030517578,759.75,162.9250030517578
2022-01-14,596.25,1356.75,741.5,609,445,58.150001525878906,745,162.6999969482422
2022-01-18,599.5,1361.25,769,646.75,390.1000061035156,59.08000183105469,772.75,161.4499969482422
2022-01-19,610.5,1391.25,796.5,655.5,398.29998779296875,60.7599983215332,800,161.39999389648438
2022-01-20,611,1425.75,790.25,641,400.79998779296875,62.880001068115234,796.5,161.1750030517578
2022-01-21,616.25,1414.25,780,623,392.70001220703125,63,793.25,160.27499389648438
2022-01-24,621,1403,800.5,631.25,393.8999938964844,61.970001220703125,818,158.47500610351563
2022-01-25,620,1407.25,818,652.5,392,62.5099983215332,834.5,158.5500030517578
2022-01-26,627,1440,795,657.25,400.5,63.93000030517578,815.75,158.72500610351563
2022-01-27,625.25,1448.25,777,655,404.70001220703125,64.339996337890625,793.5,158.9250030517578
2022-01-28,636,1470,786.25,675.5,411.20001220703125,65.2699966430664,802.25,159.625
2022-01-31,626,1490.5,761.25,695.5,418.8999938964844,64.81999969482422,781.25,163.02499389648438
2022-02-01,634.75,1528.5,769,715,436,65.83000183105469,786.25,163.6999969482422
2022-02-02,622.5,1545.25,755,725,435.1000061035156,65.9800033569336,769.5,166.875
2022-02-03,616.75,1544.25,751.75,728.25,437.1000061035156,65.75,769,166.72500610351563
2022-02-04,620.5,1553.5,763.25,731,443.8999938964844,65.36000061035156,785.75,166.10000610351563
2022-02-07,635.25,1581.75,768.75,736,452.79998779296875,65.339996337890625,791.75,165.02499389648438
2022-02-08,632.25,1569,778.75,745.75,454.1000061035156,63.349998474121094,801.25,166.875
2022-02-09,646.75,1594.75,785,772.25,461.8999938964844,64.0999984741211,815,168.27499389648438
2022-02-10,641.75,1574.25,771.5,756.25,454,64.51000213623047,801,166.72500610351563
2022-02-11,651,1583,797.75,749.75,456.6000061035156,65.720001220703125,824.25,166.22500610351563
2022-02-14,655.75,1570,799.25,745.5,448.3999938964844,65.80999755859375,828.5,166.875
2022-02-15,638,1551.25,779.75,719.25,438.79998779296875,65.62999725341797,806,168.72500610351563
2022-02-16,647,1587.5,780.5,719.25,449.3999938964844,66.970001220703125,808,167.4499969482422
2022-02-17,650,1592,798,715,449.20001220703125,66.80999755859375,823,166.1999969482422
2022-02-18,654.25,1601.5,797,689.5,447.8999938964844,67.56999969482422,835.25,165.4250030517578
2022-02-22,674.75,1635,844.25,680.25,453.70001220703125,70.1500015258789,881.75,164.22500610351563
2022-02-23,683.75,1675,876,678.75,471.1000061035156,70.720001220703125,913.5,162.77499389648438
2022-02-24,695,1661.5,926,656,464.8999938964844,72,963,159.10000610351563
2022-02-25,659.5,1590.25,843,644.25,448.29998779296875,68.75,886.75,160.02499389648438
2022-02-28,697.5,1644.25,928,695.75,454.8999938964844,72.88999938964844,954.25,157.72500610351563
2022-03-01,739.75,1705.5,1001.75,731,463.70001220703125,76.80000305175781,1012,156.27499389648438
2022-03-02,739,1677.5,1058.5,716,457.70001220703125,79.54000091552734,1073.5,158.3000030517578
2022-03-03,751.25,1680.25,1289,726.25,461.3999938964844,78.30000305175781,1140.25,156.35000610351563
2022-03-04,756.5,1676.25,1348,725.25,468.8999938964844,76.80000305175781,1200.75,153.125
2022-03-07,749.25,1674.25,1425.25,702,467.8999938964844,78.1500015258789,1237.75,154.60000610351563
2022-03-08,754.5,1704.5,1273,702.75,489.8999938964844,79.68000030517578,1186,154.02499389648438
2022-03-09,735,1686.5,1199.5,695.5,495,80.06999969482422,1106.25,154.0500030517578
2022-03-10,757.75,1700,1073.75,717.75,506.79998779296875,80.8499984741211,1052.25,151.64999389648438
2022-03-11,764.5,1690.75,1090,722,493.1000061035156,82.18000030517578,1075.75,153.27499389648438
2022-03-14,728.25,1687.25,1090,722,521.9000244140625,78.7300033569336,1079.25,155.9499969482422
2022-03-15,758,1658.75,1154.25,661.5,484,73.68000030517578,1157.5,156.35000610351563
2022-03-16,730,1649.25,1069.25,664.75,478,73.55000305175781,1072.5,157.25
2022-03-17,754.5,1668.5,1098,680.25,474.1000061035156,74.62999725341797,1092.25,156.5500030517578
2022-03-18,741.75,1668,1063.75,695,477,72.29000091552734,1070.5,157
2022-03-21,756.25,1691,1119.25,727,481.29998779296875,73.70999908447266,1113.25,156.10000610351563
2022-03-22,753,1696.5,1118.25,724,476.79998779296875,74.54000091552734,1116.5,156.3249969482422
2022-03-23,757.75,1718.75,1105.75,722,485.1000061035156,75.970001220703125,1111.5,156.10000610351563
2022-03-24,748.25,1700.75,1085.75,703.25,485.8999938964844,74.29000091552734,1095,156.77499389648438
2022-03-25,754,1710.25,1102.25,738,487.8999938964844,74.75,1110.75,156.4250030517578
2022-03-28,748.5,1664.25,1057,756,478.8999938964844,72.44999694824219,1070.5,156.10000610351563
2022-03-29,726.25,1643,1014.25,719,466,71.660003662109375,1024.5,156.6999969482422
2022-03-30,738,1664,1027.25,730,473.1000061035156,72.220001220703125,1044.5,155.97500610351563
2022-03-31,748.75,1618.25,1006,727.5,467.5,69.94000244140625,1029.75,155.89999389648438
2022-04-01,735,1582.75,984.5,740,450,71.19999694824219,1013,161.5749969482422
2022-04-04,750.5,1602.25,1010.25,730.5,455.1000061035156,72.339996337890625,1037.75,158.375
2022-04-05,759.75,1631,1045.25,745.25,465.8999938964844,72.410003662109375,1082.75,156.125
2022-04-06,756.5,1619.5,1038.25,752.5,461.79998779296875,71.83000183105469,1085,157.10000610351563
2022-04-07,757.75,1645.5,1020,767.25,460.20001220703125,73.0199966430664,1070.75,156.39999389648438
2022-04-08,768.75,1689,1051.5,794.5,468.20001220703125,75.12000274658203,1106.75,156.5500030517578
2022-04-11,764.5,1655.25,1081.25,803,459.1000061035156,74.30000305175781,1141.5,156.64999389648438
2022-04-12,776.25,1670.25,1103.75,807,460.8999938964844,75.43000030517578,1162.25,157.75
2022-04-13,783.5,1676,1113.5,796.75,458.20001220703125,78.11000061035156,1174,158.5500030517578
2022-04-14,790.25,1682.25,1096.5,757,461.3999938964844,78.910003662109375,1154,158.1999969482422
2022-04-18,813.25,1714.75,1120.5,761.25,466,79.98999786376953,1185,155.77499389648438
2022-04-19,804,1716.5,1099,746.5,464.3999938964844,80.20999908447266,1171.5,156.64999389648438
2022-04-20,815.75,1746.75,1088,723.5,471.3999938964844,80.80999755859375,1163.25,157.5
2022-04-21,799.25,1748.25,1068,711.5,468.8999938964844,81.5,1137.75,158.4499969482422
2022-04-22,793,1716,1065.5,721.25,458.79998779296875,83.26000213623047,1142.75,157.9499969482422
2022-04-25,800.25,1703.5,1062,715.25,452.3999938964844,82.73999786376953,1145.25,156.5500030517578
2022-04-26,803.25,1705.25,1083.25,694,444.79998779296875,85.29000091552734,1157.75,156.1999969482422
2022-04-27,815.5,1726.5,1080,671.25,451,87.80000305175781,1148.25,156.1999969482422
2022-04-28,816,1706.5,1074,693,440.20001220703125,90.5999984741211,1136.25,155.9250030517578
2022-04-29,818.25,1708.25,1043.75,675.5,440.5,89.16999816894531,1094.25,156.35000610351563
2022-05-02,813,1674,1043.5,684,442.8999938964844,82.69999694824219,1086.75,161.4250030517578
2022-05-03,800.75,1659,1033.75,702.5,436.3999938964844,84.30000305175781,1081.75,162.39999389648438
2022-05-04,798.5,1669.75,1066,708.75,428.29998779296875,87.08000183105469,1112.5,162.25
2022-05-05,803.75,1678.5,1096,689.5,426.8999938964844,86.5,1165.75,160.3249969482422
2022-05-06,792.25,1655.5,1097,657.5,423.3999938964844,88.4000015258789,1159.25,159.5500030517578
2022-05-09,784.5,1621,1083.25,645.5,411.1000061035156,87.18000030517578,1153.25,159.8000030517578
2022-05-10,786.5,1630,1083.25,629.25,407.8999938964844,87.95999908447266,1168.25,158.9250030517578
2022-05-11,802.25,1650.25,1108.75,633.25,400.6000061035156,89.44999694824219,1186.25,158.14999389648438
2022-05-12,813.5,1660.25,1174.5,654.5,399.3999938964844,88.5199966430664,1254,156.875
2022-05-13,794.5,1723.25,1167.25,654.5,406.3999938964844,88.339996337890625,1252.75,157.875
2022-05-16,809.5,1656.5,1247.5,639.5,413.6000061035156,82.98999786376953,1352,157.39999389648438
2022-05-17,800.75,1678,1277.5,653.75,411.79998779296875,83.48999786376953,1367.75,157.1750030517578
2022-05-18,781.5,1662.75,1230.75,641.75,414,80.55000305175781,1324.5,155.85000610351563
2022-05-19,783.25,1690.5,1200.5,627.75,425.29998779296875,79.529998779296875,1295.25,154.125
2022-05-20,778.75,1705.25,1168.75,612.75,429.8999938964844,80.93000030517578,1252.75,153.39999389648438
2022-05-23,786.25,1687,1190,629.75,422.5,80.470001220703125,1276.5,153.4499969482422
2022-05-24,771.75,1693,1154.75,674.25,427.1000061035156,80.12000274658203,1237.75,154.5
2022-05-25,772.25,1681,1148.25,680.75,424.20001220703125,78.91999816894531,1233.25,154.60000610351563
2022-05-26,765,1726.5,1143.25,685.25,428.20001220703125,80.5199966430664,1228.5,154.5749969482422
2022-05-27,777.25,1732.25,1157.5,703.75,432.29998779296875,79.56999969482422,1235.25,166.3249969482422
2022-05-31,753.5,1683.25,1087.5,669.75,414.79998779296875,77.91999816894531,1165.5,165.125
2022-06-01,731.25,1690.25,1041.25,646.5,412.70001220703125,78.11000061035156,1128.25,169.72500610351563
2022-06-02,730.25,1729.25,1058.25,653.5,414.8999938964844,81.44000244140625,1143.5,172.9499969482422
2022-06-03,727,1697.75,1040,690.5,407.8999938964844,81.8499984741211,1121,173.875
2022-06-06,742.5,1699.25,1093,680.25,407.1000061035156,81.19000244140625,1170,171.97500610351563
2022-06-07,757,1728.25,1071.75,668,417.3999938964844,81.44000244140625,1149.25,172.4499969482422
2022-06-08,764.5,1740,1074.75,661.5,415.6000061035156,82.94000244140625,1155,175.64999389648438
2022-06-09,773,1769,1071.25,667.5,427.5,82.62999725341797,1153.75,176.02499389648438
2022-06-10,773.25,1745.5,1070.75,651.25,429.1000061035156,80.80999755859375,1162.5,174.47500610351563
2022-06-13,769.25,1707.5,1071,659.75,415.1000061035156,79.51000213623047,1161.75,171.3249969482422
2022-06-14,768.25,1698.5,1050.25,666.75,411,78.279998779296875,1142.25,171.3000030517578
2022-06-15,774,1693.75,1050,661.25,417.5,77.66999816894531,1133.25,173.27499389648438
2022-06-16,788.25,1709.5,1078.25,658.25,429.70001220703125,76.339996337890625,1148.5,171.3000030517578
2022-06-17,784.5,1702,1034.25,664.5,438.1000061035156,73.79000091552734,1105,172.9499969482422
2022-06-21,760.75,1681,975.25,636.5,431.29998779296875,73.37000274658203,1041.25,175.3000030517578
2022-06-22,768,1652.75,976.5,621.75,432.3999938964844,70.660003662109375,1039.25,173.14999389648438
2022-06-23,746.75,1593.25,937.25,598.25,426.70001220703125,67.70999908447266,1005,174.85000610351563
2022-06-24,750.25,1610.75,923.75,597,432.6000061035156,69.75,992.5,172.5
2022-06-27,744.25,1630.5,904,619,442.70001220703125,70.81999969482422,972.75,174.125
2022-06-28,759.5,1663.75,921.25,629.75,455.1000061035156,72.089996337890625,983.75,171.8249969482422
2022-06-29,770.25,1674.25,915.5,664,463.20001220703125,72.5999984741211,985.25,170.72500610351563
2022-06-30,743.75,1675,868.75,661.25,469.8999938964844,69.93000030517578,948.75,173.60000610351563
2022-07-01,754.5,1626,831.25,650.25,459.70001220703125,65.68000030517578,911,174.5
2022-07-05,736,1575.25,793.75,654,452.79998779296875,60.52000045776367,860.25,172.6999969482422
2022-07-06,744.25,1580.25,792.25,666.5,462.6000061035156,60.220001220703125,849.25,173.3000030517578
2022-07-07,747,1591.25,824.5,660.5,470,63.16999816894531,891,172.47500610351563
2022-07-08,778.25,1630.25,879.25,686.75,478.3999938964844,64.06999969482422,950.75,171.72500610351563
2022-07-11,781.25,1641,843.75,686.25,482.8999938964844,65.20999908447266,920.25,174.875
2022-07-12,732.75,1592.75,801.5,654,478.70001220703125,61.40999984741211,872.75,179.5749969482422
2022-07-13,740,1588.25,798.25,654.25,491.5,60.209999084472656,867.25,180.8000030517578
2022-07-14,695,1610,794.25,654.25,497.29998779296875,59.79999923706055,867.25,178.89999389648438
2022-07-15,604.25,1466,776.75,464.75,431,60.08000183105469,837.5,176.35000610351563
2022-07-18,612.25,1497.25,812.75,480,434.5,63.20000076293945,874,176.6750030517578
2022-07-19,596.75,1477.25,812.25,479.25,435,61.88999938964844,869.25,178.75
2022-07-20,592.25,1449,819.5,477.5,436.5,60.029998779296875,870.5,177.8249969482422
2022-07-21,575.75,1418.5,806.25,473.5,434.3999938964844,58.599998474121094,861.25,178.27499389648438
2022-07-22,564.25,1434.5,759,452.5,431.5,60.31999969482422,820.25,181.5500030517578
2022-07-25,580,1473,770,442.5,447.5,60.0099983215332,839.75,179.3000030517578
2022-07-26,597,1532.75,803.75,451.5,472.3999938964844,60.41999816894531,877,177.4250030517578
2022-07-27,600.25,1578.75,790.25,440.5,488.8999938964844,61.18000030517578,861.75,179.10000610351563
2022-07-28,615,1609.25,817,448,489.70001220703125,65.839996337890625,889.75,177.4250030517578
2022-07-29,616.25,1637,807.75,448,495.29998779296875,68.5999984741211,874.5,178.5749969482422
2022-08-01,607,1594.25,800.25,440.5,487,66.2300033569336,866.5,179.64999389648438
2022-08-02,591.25,1569.25,774.75,421,489.20001220703125,65.19999694824219,842.25,178.125
2022-08-03,591.5,1558,763.75,410.5,481.70001220703125,65.08000183105469,835.5,179.35000610351563
2022-08-04,602.25,1615,782.5,416,513.70001220703125,66.04000091552734,860.25,179.0749969482422
2022-08-05,610.25,1614.75,775.75,422.5,499.1000061035156,68.589996337890625,848.25,179.52499389648438
2022-08-08,608.5,1619.5,779.75,461,498.70001220703125,69.19999694824219,847.75,181.27499389648438
2022-08-09,615.5,1693.25,781.5,440,513.5999755859375,69.69000244140625,851.75,178.8000030517578
2022-08-10,621.25,1688.75,799.75,428.25,515.5999755859375,70.55999755859375,872.75,180.6750030517578
2022-08-11,629.25,1709.5,810.75,454.75,520.20001220703125,71.970001220703125,889.25,179.9499969482422
2022-08-12,639.75,1669.25,806,458.25,520.20001220703125,71.970001220703125,889.25,179.625
2022-08-15,626.75,1494,800.75,460.25,452.20001220703125,68.94000244140625,882.75,179.9250030517578
2022-08-16,611,1454.25,786,441.75,435.8999938964844,67.839996337890625,871.75,181.52499389648438
2022-08-17,615,1475.25,763.25,431.75,440.6000061035156,67.410003662109375,851,183.25
2022-08-18,619.75,1495.5,731.5,412.75,449.3999938964844,66.26000213623047,812.5,181.52499389648438
2022-08-19,626,1488.75,753.25,418.75,448.70001220703125,67.9000015258789,844.75,181.5
2022-08-22,633.5,1527,770.5,412.75,460.5,68.7699966430664,865.25,181.39999389648438
2022-08-23,660,1566.75,782.75,412.75,468.5,69.589996337890625,882.5,180.89999389648438
2022-08-24,665.75,1560.75,795,424,467.70001220703125,68.7699966430664,896.25,181.22500610351563
2022-08-25,657.5,1552.5,769.75,415,458,69.089996337890625,869,181.875
2022-08-26,668.75,1605.25,784.75,417.75,478.1000061035156,70.81999969482422,883.25,182.1999969482422
2022-08-29,683.75,1534.75,820,416.25,478.3999938964844,70.9800033569336,912.5,179.9250030517578
2022-08-30,679.75,1513,798.25,402.5,462.3999938964844,70.79000091552734,908.75,182.1750030517578
2022-08-31,673.75,1507.5,809,404.75,458.8999938964844,72.73999786376953,924.25,182.4499969482422
2022-09-01,658.25,1472.75,775.5,386,452,68.5199966430664,863.5,183.14999389648438
2022-09-02,669,1510.5,793,394.25,444.1000061035156,71.5,871.5,183.875
2022-09-06,680.75,1490,800,398.25,433.5,68.95999908447266,879,184.1750030517578
2022-09-07,676.75,1466.75,826.5,391,436.1000061035156,67.7300033569336,901.5,182.02499389648438
2022-09-08,674.5,1470.5,810.5,390.75,427.79998779296875,68.86000061035156,893,182.3249969482422
2022-09-09,698.5,1489.25,853.25,407.75,440.8999938964844,70.25,929.25,183
2022-09-12,712.25,1549.75,841.25,424.5,472.8999938964844,71.91999816894531,937.25,181.52499389648438
2022-09-13,709,1534.25,842.75,416.5,462.1000061035156,71.95999908447266,944,179.4499969482422
2022-09-14,709,1503.75,853.75,416.25,461.29998779296875,68.51000213623047,961.5,179.97500610351563
2022-09-15,677.5,1451.5,845,394.25,434.5,66.79000091552734,926.25,179.35000610351563
2022-09-16,677.25,1448.5,859.75,396,429.6000061035156,68.660003662109375,935.25,179.1999969482422
2022-09-19,678.25,1461.25,830.5,402.25,438.20001220703125,68,909.75,179.9499969482422
2022-09-20,692,1478.75,893.75,413.25,450.79998779296875,68.589996337890625,963,178.8000030517578
2022-09-21,685.5,1461.25,903.75,417.75,454.70001220703125,67.83000183105469,967,178.1750030517578
2022-09-22,688.25,1457,910.75,417,445.8999938964844,69.43000030517578,979.5,178.1999969482422
2022-09-23,676.75,1425.75,880.5,395,439.8999938964844,67,950.5,178.125
2022-09-26,666.25,1411.25,858,378.5,432.6000061035156,66.11000061035156,929.5,176.875
2022-09-27,667.5,1408,871.5,370,426.1000061035156,65.660003662109375,943.25,175.6999969482422
2022-09-28,670.5,1408.75,903.25,378,421.79998779296875,65.5199966430664,976,175.375
2022-09-29,669.5,1410.75,896.25,382.75,409.1000061035156,67.4800033569336,966.75,175.97500610351563
2022-09-30,677.5,1364.75,921.5,390,403.20001220703125,65.3499984741211,991.5,174.1750030517578
2022-10-03,680.75,1374,912,400.5,405.6000061035156,66.87999725341797,988.75,175.52499389648438
2022-10-04,683,1383.5,903,403.5,403,68.62999725341797,988.75,174.64999389648438
2022-10-05,684,1369.75,902,402.5,402.5,69.0199966430664,990.25,176.5500030517578
2022-10-06,675.5,1358,879,397,397.3999938964844,69.66999816894531,965,175.72500610351563
2022-10-07,683.25,1367,880.25,379,404.8999938964844,70.08000183105469,968.75,174.72500610351563
2022-10-10,698.25,1374,938,384.75,410.70001220703125,69.54000091552734,1024.25,172.10000610351563
2022-10-11,693,1376.25,901,392.25,410.3999938964844,68.9800033569336,990.75,175.0749969482422
2022-10-12,693,1396,882.25,402.5,421.79998779296875,69.16999816894531,970,175.5
2022-10-13,697.75,1395.75,892.25,407.5,418.5,70.01000213623047,982.25,174.75
2022-10-14,689.75,1383.75,859.75,397.75,418.5,69.56999969482422,952.25,173.8000030517578
2022-10-17,683.5,1385.25,861,389,411,66.839996337890625,952,174.75
2022-10-18,681,1372,849.5,387.25,401.79998779296875,68.73999786376953,944.5,174.8249969482422
2022-10-19,678.25,1372.5,841.25,374.75,401.70001220703125,70.63999938964844,941.75,175.22500610351563
2022-10-20,684,1391.5,849.25,375.5,413.29998779296875,70.41999816894531,949.75,175.5749969482422
2022-10-21,684.25,1395.5,850.75,376.25,417.8999938964844,71.5,948.25,175.27499389648438
2022-10-24,681.5,1372,838.75,362.25,408.70001220703125,71.87000274658203,938,175.6750030517578
2022-10-25,686.25,1382,834.75,357.5,415.6000061035156,72.279998779296875,934.5,176.60000610351563
2022-10-26,685,1381.75,840.5,356.5,408.70001220703125,73.41999816894531,940.75,176.4250030517578
2022-10-27,682.25,1382.25,838.5,358.5,415.3999938964844,72.30000305175781,932.25,175.97500610351563
2022-10-28,680.75,1387.75,829.25,366.5,425.3999938964844,71.79000091552734,925,177.875
2022-10-31,691.5,1407,882.25,389,428.1000061035156,73.20999908447266,978.75,177.625
2022-11-01,697.75,1435.75,902.5,399.5,424.79998779296875,73.37000274658203,990,176.9250030517578
2022-11-02,687.5,1440,846,391,424.5,75.61000061035156,940.25,178.9250030517578
2022-11-03,679.25,1426.75,840.5,384.5,414.29998779296875,75.29000091552734,941.25,178
2022-11-04,681,1451.5,847.75,390.75,420.3999938964844,77.16999816894531,953.25,177.8249969482422
2022-11-07,675.75,1440,845.75,385.25,419,76.33000183105469,957.25,178.22500610351563
2022-11-08,667.5,1444,827.75,380.75,419.29998779296875,75.029998779296875,945.75,178.27499389648438
2022-11-09,664.5,1459.75,806.5,380.5,417.6000061035156,75.54000091552734,930,177.72500610351563
2022-11-10,653.25,1430.5,803.5,378.25,404.1000061035156,76.089996337890625,925.25,178.625
2022-11-11,658,1455.5,813.75,387,407.3999938964844,76.970001220703125,943.5,176.9499969482422
2022-11-14,657.25,1441.75,818.5,394.25,406,76.279998779296875,956.25,176.9499969482422
2022-11-15,666.75,1457.25,828.25,398,409.8999938964844,76.9800033569336,963,175.6750030517578
2022-11-16,665.25,1429.25,817.5,395.5,406.6000061035156,74.08000183105469,955.5,175.6999969482422
2022-11-17,667.5,1417,806.75,394.5,405.70001220703125,72.12999725341797,938,175.85000610351563
2022-11-18,667.75,1428.25,803.25,396.25,410.3999938964844,72.73999786376953,934.25,180.77499389648438
2022-11-21,659.5,1436.75,799.25,398.75,411.3999938964844,73,934.25,182.625
2022-11-22,656.75,1429.75,791.5,399.75,408.6000061035156,73.839996337890625,925.5,181.6750030517578
2022-11-23,663.25,1436,793.5,394.75,409.70001220703125,74.910003662109375,930.25,179.25
2022-11-25,668,1436.25,775.5,390.25,408.79998779296875,74.5199966430664,922,178.3000030517578
2022-11-28,668.75,1457.25,756.75,387.5,413.6000061035156,76.06999969482422,904.75,176.875
2022-11-29,665.75,1459.5,757.75,392,408.5,76.54000091552734,901,178
2022-11-30,662,1469.5,771.5,393.5,417.70001220703125,75.2300033569336,913.25,180.47500610351563
2022-12-01,650,1429.75,758.75,378.75,420.8999938964844,68.4000015258789,903,181.0749969482422
2022-12-02,635,1438.5,737.25,361.25,424.5,67.589996337890625,882,182.4499969482422
2022-12-05,628.75,1437.75,715.5,339.25,432,64.9000015258789,854.75,183.77499389648438
2022-12-06,625.5,1455,705.5,340.5,449.20001220703125,63.869998931884766,845.75,181.8000030517578
2022-12-07,627.75,1472,727,336.25,462.20001220703125,63.150001525878906,864.5,180.89999389648438
2022-12-08,632,1486.25,724.25,333.5,469.29998779296875,63.5,860.5,183.47500610351563
2022-12-09,634.75,1483.75,712.75,354.5,471.70001220703125,62.20000076293945,850.75,183.9250030517578
2022-12-12,641.25,1460.5,733,361.25,448.29998779296875,64.38999938964844,880,183.64999389648438
2022-12-13,643.75,1479.75,728.75,361.25,450,66.30999755859375,883,184.22500610351563
2022-12-14,639,1482.25,728.25,410,456,66.30999755859375,869.75,183.60000610351563
2022-12-15,653.5,1473.5,757.25,341,455.29998779296875,63.81999969482422,860.5,183.0500030517578
2022-12-16,653,1480,753.5,338.5,463,63.36000061035156,844,183.77499389648438
2022-12-19,647.25,1460.75,748.5,333.25,449.1000061035156,64.410003662109375,843.5,182.10000610351563
2022-12-20,652,1478.5,750.5,336.5,452.3999938964844,66.05000305175781,847,183.625
2022-12-21,662.25,1481,767.75,346.25,456,66.30999755859375,864,183.8249969482422
2022-12-22,660.5,1467.75,762.25,354.5,452,65.80000305175781,866,183.97500610351563
2022-12-23,666.25,1479,776,363.5,455.29998779296875,65.93000030517578,874.75,184
2022-12-27,674.75,1482.25,774.5,370.5,451.79998779296875,67.6500015258789,879.25,183.10000610351563
2022-12-28,682.75,1506.5,785.5,376.5,466.29998779296875,65.80000305175781,882.25,183.47500610351563
2022-12-29,679.5,1508.75,774,370,464.1000061035156,66.4000015258789,866.5,183.8000030517578
2022-12-30,678.5,1519.25,792,367.25,478.5,63.810001373291016,888,183.6999969482422
2023-01-03,670.5,1487.25,775.5,363.5,476.79998779296875,63.15999984741211,869.25,182.6999969482422
2023-01-04,653.75,1478.25,745.5,357.75,482.5,63.11000061035156,840.75,185.22500610351563
2023-01-05,652.75,1466.75,746.75,345.75,488.70001220703125,62.939998626708984,839.75,183.8000030517578
2023-01-06,654,1501.5,743.5,344.25,503.1000061035156,63.72999954223633,832,182.6999969482422
2023-01-09,652.75,1503.5,741.5,339,496.70001220703125,63.90999984741211,828.5,183.625
2023-01-10,655,1510,731,341,500.8999938964844,63.130001068115234,811.75,184.3000030517578
2023-01-11,656,1515,740,349.25,505,62.38999938964844,822.25,183.125
2023-01-12,671,1529.5,742.75,361.25,513,63.25,835,182.125
2023-01-13,675,1538.25,743.75,364,513,63.25,843.75,181.25
2023-01-17,685.25,1539.75,751.75,371.5,481.20001220703125,63.84000015258789,855.75,179.64999389648438
2023-01-18,681.25,1524.5,742.5,370.5,478.1000061035156,64.12000274658203,841.5,179.5
2023-01-19,677.25,1514.75,734.5,368.25,471.20001220703125,63.150001525878906,832,178.10000610351563
2023-01-20,676.25,1506.5,741.5,371,463.70001220703125,61.970001220703125,848,177.9250030517578
2023-01-23,666.25,1490.25,720,370.75,461.8999938964844,62.040000915527344,819,179.1750030517578
2023-01-24,677,1488.5,734.5,375,459.79998779296875,60.97999954223633,833.75,178.9499969482422
2023-01-25,674.75,1502.5,741.25,378,465.5,60.540000915527344,843.25,179.39999389648438
2023-01-26,682.5,1523.5,752.5,386.25,477.1000061035156,60.790000915527344,864.75,179.5749969482422
2023-01-27,683,1509.5,750,388.25,473.5,60.619998931884766,869.25,183.47500610351563
2023-01-30,683.75,1535.25,752.5,391.5,488.70001220703125,61.31999969482422,873.75,183.9250030517578
2023-01-31,679.75,1538,761.25,394,484.20001220703125,62.33000183105469,878.75,186.14999389648438
2023-02-01,681,1520.25,759.75,393,484.70001220703125,60.790000915527344,884.25,183.25
2023-02-02,675.25,1534.25,761,389.25,491.79998779296875,60.939998626708984,880.75,185.9250030517578
2023-02-03,677.5,1532,756.75,383.5,496.5,59.060001373291016,873,186.10000610351563
2023-02-06,679,1521.25,750.25,383.75,489,59.310001373291016,876,187.6999969482422
2023-02-07,674,1515.25,749.75,384.75,481.3999938964844,60.88999938964844,885.75,187.1999969482422
2023-02-08,678.5,1519.75,764.75,386.5,481.8999938964844,60.58000183105469,896,186.4499969482422
2023-02-09,670.75,1519.25,757.25,381,495.5,59.040000915527344,879,186.8249969482422
2023-02-10,680.5,1542.5,786,376.75,499.3999938964844,60.540000915527344,909,186.39999389648438
2023-02-13,685,1542.75,792,373.25,504,60.13999938964844,912.25,187.1999969482422
2023-02-14,682.25,1537.5,786,365.75,501,60.400001525878906,906,186.64999389648438
2023-02-15,676.25,1525.75,769.25,357,491.1000061035156,61.2400016784668,894.5,187.3249969482422
2023-02-16,676,1526.5,765,363,491.3999938964844,61.900001525878906,898.5,186.22500610351563
2023-02-17,677.75,1527.25,765.5,363.75,491.1000061035156,61.5099983215332,906.5,186.52499389648438
2023-02-21,680.5,1548.75,750.5,364.25,497.70001220703125,62.77000045776367,904.25,186.875
2023-02-22,674,1539.5,736.5,364.25,492.6000061035156,62.83000183105469,876,187.97500610351563
2023-02-23,660.25,1534.25,738.25,371.25,493.1000061035156,62.040000915527344,861.75,189.22500610351563
2023-02-24,650,1529,708.25,379,497.1000061035156,61.11000061035156,841.75,189.0749969482422
2023-02-27,642.75,1518.25,696,378.25,498.70001220703125,60.040000915527344,823,189.1750030517578
2023-02-28,629.5,1490.5,691.5,359.75,487.6000061035156,59.75,815.75,189.8000030517578
2023-03-01,640.5,1504.25,697,353,490.3999938964844,60.540000915527344,821.25,188.3000030517578
2023-03-02,637.75,1519.75,701.25,338.25,489.29998779296875,61.38999938964844,832.25,188.5749969482422
2023-03-03,645.25,1530.5,695.75,336.5,498.1000061035156,60.61000061035156,822.5,190
2023-03-06,644.5,1541,682.5,321.25,507.8999938964844,59.880001068115234,804,192.0749969482422
2023-03-07,642,1525.25,684.75,337.75,501.5,58.15999984741211,805.5,192.125
2023-03-08,634.5,1526.75,674.5,345.25,498.3999938964844,58.4900016784668,806.5,193.75
2023-03-09,618.5,1520,653.5,344.75,498.8999938964844,56.56999969482422,786.25,193.0749969482422
2023-03-10,624.25,1513,666.75,343,498.79998779296875,56.099998474121094,811.25,191.47500610351563
2023-03-13,624.5,1500,672.25,345.75,492.20001220703125,55.34000015258789,813.5,190.8249969482422
2023-03-14,627.5,1499.75,686.5,340.25,492.20001220703125,55.84000015258789,813.5,189.9250030517578
2023-03-15,626.5,1489.25,702.75,347.5,478.3999938964844,56.34000015258789,819.75,188.1999969482422
2023-03-16,632.75,1491.5,699,346.5,474,57.72999954223633,819.75,189.5
2023-03-17,634.25,1476.5,710.5,348,466,57.459999084472656,835.75,188.85000610351563
2023-03-20,633,1486,700.75,355.75,462.70001220703125,57.9900016784668,829.75,188.1999969482422
2023-03-21,630,1467,683.25,359,460.6000061035156,56.2400016784668,820.25,188.77499389648438
2023-03-22,633.5,1448.5,663.5,362.5,451.6000061035156,54.63999938964844,811.25,188.25
2023-03-23,631.75,1419.5,662,361.5,438.29998779296875,52.16999816894531,819.75,189.02499389648438
2023-03-24,643,1428.25,688.5,368.5,445.1000061035156,53.27000045776367,848,189.64999389648438
2023-03-27,648.25,1442.25,698,377.25,446,54.54999923706055,860.25,192.35000610351563
2023-03-28,647.25,1467.75,699.75,379.25,457.8999938964844,55.04999923706055,872.5,191.72500610351563
2023-03-29,650.5,1477.25,704.75,376,458.20001220703125,55.380001068115234,870.5,191.4499969482422
2023-03-30,649.5,1474.5,692.25,372.75,459.8999938964844,54.369998931884766,871.5,192.39999389648438
2023-03-31,660.5,1505.5,692.25,364.25,466,55.4900016784668,877.75,200.8249969482422
2023-04-03,657.75,1522,693.5,348.25,464.20001220703125,56.68000030517578,875.25,198.9499969482422
2023-04-04,653.75,1517.5,691.5,341,457.3999938964844,55.7400016784668,872.5,197.9499969482422
2023-04-05,652.75,1511,682,338,450.6000061035156,55.220001220703125,861.5,197.8249969482422
2023-04-06,643.5,1492.5,675.5,340.25,454.29998779296875,54.529998779296875,864.5,200.625
2023-04-10,654,1487.25,678.5,340.5,450.70001220703125,54.47999954223633,876,200.9250030517578
2023-04-11,651,1497.25,674,340.25,457.79998779296875,54.88999938964844,868.25,202.10000610351563
2023-04-12,656,1504.25,679.5,335.75,460.20001220703125,54,863.5,202.22500610351563
2023-04-13,652.25,1501,667,332.25,463.6000061035156,53.720001220703125,845.25,202.6750030517578
2023-04-14,666.25,1500.5,682.5,336,459.70001220703125,53.65999984741211,878.75,203.39999389648438
2023-04-17,676.5,1517,696.5,342,465.70001220703125,54.56999969482422,889.75,205.5500030517578
2023-04-18,677.5,1519.25,698,347.5,461.1000061035156,55.36000061035156,881.25,205.9250030517578
2023-04-19,672.25,1506.5,681.75,347.25,454.3999938964844,55.02000045776367,861.75,204.6750030517578
2023-04-20,663.75,1497.5,667.75,342.5,451.29998779296875,54.43000030517578,840.25,205.02499389648438
2023-04-21,663.25,1483.5,661.75,333.5,445.70001220703125,53.400001525878906,840.75,203.77499389648438
2023-04-24,651.25,1465.25,643.5,328.75,439.5,52.560001373291016,833,202.5500030517578
2023-04-25,646.5,1445.25,638.75,330.25,434.79998779296875,51.709999084472656,818.25,202.0749969482422
2023-04-26,641.5,1436,627.25,322.5,426,52.08000183105469,793.5,202.6750030517578
2023-04-27,627,1426.75,614.75,306.25,427.8999938964844,50.779998779296875,778.75,202.6750030517578
2023-04-28,636,1444.25,619.75,302,435.29998779296875,51.61000061035156,807.25,210.97500610351563
2023-05-01,639.5,1454.75,603.75,294.75,435.29998779296875,51.54999923706055,788.25,209.6999969482422
2023-05-02,638,1439.5,595.5,291.5,429.79998779296875,51.38999938964844,771.25,205.9499969482422
2023-05-03,645.25,1448,626.25,299.25,427.79998779296875,52.369998931884766,828,203.4250030517578
2023-05-04,646.5,1448.5,631.5,311.75,427.29998779296875,52.27000045776367,845,203.64999389648438
2023-05-05,653.25,1469,647,319.75,428.8999938964844,54.09000015258789,879.75,202.52499389648438
2023-05-08,656.5,1468.75,641,330.5,425.5,53.34000015258789,891,203.4250030517578
2023-05-09,642.25,1451.75,630.5,329,416.3999938964844,52.720001220703125,906.5,205.9250030517578
2023-05-10,645.5,1436.5,628.25,331.75,417.8999938964844,51.849998474121094,905.5,205.375
2023-05-11,632.5,1443.25,614.25,328.25,426.6000061035156,50.90999984741211,891.75,204.125
2023-05-12,633.25,1435,624.5,328.25,428.1000061035156,49.88999938964844,891.75,205.47500610351563
2023-05-15,592.5,1400.75,660.75,340.75,430.8999938964844,49.689998626708984,898.25,206.5
2023-05-16,581.25,1364,647.5,345,426.8999938964844,47.45000076293945,895.25,205.6999969482422
2023-05-17,561.5,1337,625.5,343,425.29998779296875,46.40999984741211,885.5,204.5500030517578
2023-05-18,555.25,1333.25,611.75,337.75,414.1000061035156,47.290000915527344,857,206.10000610351563
2023-05-19,554.5,1307.25,605,322.25,409.1000061035156,47.27000045776367,824.25,206.27499389648438
2023-05-22,571,1341.25,606.25,314.5,412.20001220703125,48.77000045776367,825.75,206.5749969482422
2023-05-23,577.5,1322.5,622.25,321.5,406.3999938964844,47.7599983215332,841.5,207.8000030517578
2023-05-24,587.25,1324.5,606.25,329.75,402.20001220703125,48,812.25,208.97500610351563
2023-05-25,590.75,1324,604.25,336,397.20001220703125,48.52000045776367,818,208.97500610351563
2023-05-26,604,1337.25,616,343.5,402.20001220703125,48.81999969482422,819.25,233.9250030517578
2023-05-30,594,1296.5,591,346,392.6000061035156,46.20000076293945,783.75,237.77499389648438
2023-05-31,594,1299.75,594.25,339,393.3999938964844,46.20000076293945,790.5,239.1750030517578
2023-06-01,592.5,1329.5,610.75,339,401.3999938964844,47.86000061035156,802.5,241.64999389648438
2023-06-02,609,1352.5,619,337.5,397.79998779296875,49.5,812.25,241.89999389648438
2023-06-05,597.5,1350,624,343,401.20001220703125,49.2599983215332,822.25,242.60000610351563
2023-06-06,608,1353.25,627.75,346.75,396.70001220703125,50.91999816894531,820.25,243.25
2023-06-07,604.25,1360.75,616.75,344.25,405.20001220703125,50.470001220703125,788,239.10000610351563
2023-06-08,610.25,1363.25,626.25,356.25,404,52.5,804.75,238.64999389648438
2023-06-09,604.25,1386.5,630.25,358.5,397.20001220703125,54.59000015258789,797.75,239
2023-06-12,617.25,1372.75,633.75,366,397.3999938964844,53.97999954223633,796.5,239.0500030517578
2023-06-13,612.5,1399.25,636.25,377,397.5,55.43000030517578,791.75,240.4499969482422
2023-06-14,607.75,1388.25,630.25,389.25,389.70001220703125,55.959999084472656,785.75,235.89999389648438
2023-06-15,623.25,1428.25,661.5,403.25,394.20001220703125,58.43000030517578,812.75,234.125
2023-06-16,640.25,1466.5,688,404.5,416.3999938964844,59.689998626708984,842,234.9250030517578
2023-06-20,643.75,1477.25,695.75,397,412.79998779296875,59.630001068115234,836,232.14999389648438
2023-06-21,671,1514.75,734.5,397.75,439.20001220703125,55.630001068115234,873.75,227.72500610351563
2023-06-22,660.5,1500.5,739,397,424.70001220703125,55.77000045776367,871,230.6750030517578
2023-06-23,630.75,1494.5,733.25,385.5,410.70001220703125,57.939998626708984,859,233.9499969482422
2023-06-26,637.25,1521,724.25,391.25,414.6000061035156,59.5099983215332,866.5,233.6750030517578
2023-06-27,623,1495,685,385,407.29998779296875,60.54999923706055,837.75,238.5
2023-06-28,590,1451,655.75,377,401.79998779296875,59.619998931884766,800.75,240.25
2023-06-29,581,1483,653,367.75,403,60.83000183105469,794.25,242.375
2023-06-30,554.5,1557.25,636.25,377.25,419.20001220703125,65.01000213623047,801.25,247.5749969482422
2023-07-03,557.25,1562,628.5,379.25,418.6000061035156,67.0199966430664,798.75,247.89999389648438
2023-07-05,548.25,1547.25,662,402.5,417.8999938964844,68.58000183105469,849.25,244.6999969482422
2023-07-06,566.75,1525.75,647,416.75,415.6000061035156,65.94999694824219,843.25,242.27499389648438
2023-07-07,560.5,1485.5,639.5,406.25,409.6000061035156,66.55000305175781,817.5,245.4250030517578
2023-07-10,570.75,1508,636.25,414,412.29998779296875,69.220001220703125,810.5,246.25
2023-07-11,571.75,1520.5,649.5,414.75,422.29998779296875,68.529998779296875,818.25,247.14999389648438
2023-07-12,549.75,1488.5,621.25,394.75,421.3999938964844,68.68000030517578,804.25,246.5749969482422
2023-07-13,593.5,1518,627.5,394.75,430.8999938964844,69.66999816894531,807.25,245
2023-07-14,599.75,1495.75,641.5,391,430,67.88999938964844,809.25,246.64999389648438
2023-07-17,499.25,1484,653.75,406.5,434.3999938964844,64.76000213623047,815.25,249.25
2023-07-18,528.75,1492,670.75,431.5,442.70001220703125,64.05000305175781,827.25,248
2023-07-19,545.5,1491.5,727.75,439.75,443.79998779296875,66.05000305175781,866.75,246.8000030517578
2023-07-20,537.25,1495,727,443.75,440.5,67.63999938964844,874.75,245.10000610351563
2023-07-21,527,1501,697.5,438.5,442.79998779296875,69.4000015258789,860.25,245.9250030517578
2023-07-24,560.5,1523.25,757.5,450.25,447.29998779296875,71.98999786376953,918.5,243.25
2023-07-25,557.5,1515.5,760.25,439,453.79998779296875,72.55999755859375,912.75,243.22500610351563
2023-07-26,540.25,1546.25,720,427,464.70001220703125,70.2699966430664,865.25,244.1999969482422
2023-07-27,533.25,1532,712.75,425.5,464.5,68.61000061035156,866.5,244.64999389648438
2023-07-28,521,1486.75,704.25,424.75,455.20001220703125,67.5999984741211,856.25,245.60000610351563
2023-07-31,504,1445.75,665.75,436.25,451.20001220703125,65.58000183105469,812.75,245.60000610351563
2023-08-01,497,1446.75,652.25,435.5,456.1000061035156,67.089996337890625,804.5,248.47500610351563
2023-08-02,488.25,1429.75,640,434.25,451.79998779296875,67.30999755859375,787,246.8249969482422
2023-08-03,480.75,1428.75,627,424.5,451.20001220703125,66.98999786376953,767.5,247.9499969482422
2023-08-04,484.25,1444,633,419.75,444.1000061035156,68,752.5,249.52499389648438
2023-08-07,482.25,1414.5,657.5,407.25,446.20001220703125,66.660003662109375,769.75,246.97500610351563
2023-08-08,485.75,1430,656.25,410.75,433.20001220703125,66.58000183105469,770.5,246
2023-08-09,481,1431.5,635,414.5,426.29998779296875,66.79000091552734,761.5,247.14999389648438
2023-08-10,483.25,1412,637.75,415.75,429.6000061035156,66.5999984741211,767,248
2023-08-11,474.5,1401.25,626.75,419,436.8999938964844,66.339996337890625,755.75,247.75
2023-08-14,475.75,1391,616,427,462.29998779296875,66.31999969482422,750.5,246.22500610351563
2023-08-15,464,1323.25,598.5,429.5,403.79998779296875,65.9000015258789,737.5,245.875
2023-08-16,469.5,1334.75,597.75,440.75,404.5,66.7699966430664,743,245.375
2023-08-17,473,1336.75,589.5,437.75,399.6000061035156,67.76000213623047,733,244.27499389648438
2023-08-18,479.5,1362.75,613.25,438.5,403.8999938964844,68.29000091552734,753.5,245.5749969482422
2023-08-21,469.25,1370,599.25,441,409.79998779296875,67.98999786376953,741,246.77499389648438
2023-08-22,466.5,1351.5,601.75,441.25,406.29998779296875,65.20999908447266,740,245.5
2023-08-23,476.25,1359.5,612.5,444.5,413,66.1500015258789,755,245.02499389648438
2023-08-24,472.25,1365.75,604,466,422.70001220703125,65.54000091552734,753,246.5
2023-08-25,470.75,1381,593.25,478.25,422.79998779296875,66.7300033569336,754,247.625
2023-08-28,478.5,1395.25,588,482.5,425.70001220703125,66.9000015258789,737.5,250.25
2023-08-29,469.5,1382,569.75,491,419.29998779296875,66.55999755859375,714.5,250.6999969482422
2023-08-30,461.75,1381.25,576.75,474.75,423,65.54000091552734,719.25,250.0500030517578
2023-08-31,461,1360,573,469.5,418.70001220703125,65.5199966430664,726.5,249.10000610351563
2023-09-01,464.75,1356.25,567.5,463.5,412.70001220703125,66.55000305175781,720.5,251.85000610351563
2023-09-05,471,1349,572.5,464.75,406.29998779296875,66,721.25,251.375
2023-09-06,471.5,1360.25,581,475,408.1000061035156,65.3499984741211,746.5,253.14999389648438
2023-09-07,470.75,1345,571.5,472.5,403.3999938964844,63.86000061035156,733.75,255.5749969482422
2023-09-08,468.5,1349.5,567.25,477.25,411.8999938964844,63.150001525878906,725,255.35000610351563
2023-09-11,471.25,1352.5,556,470,412,63.150001525878906,718,256.2250061035156
2023-09-12,463.25,1331.75,560.25,472,405.20001220703125,62.720001220703125,723.25,255.3249969482422
2023-09-13,464,1336,569,469,401.8999938964844,64.43000030517578,737.25,253.5
2023-09-14,462.5,1343.75,567.5,461,401.8999938964844,64.43000030517578,711,255.1750030517578
2023-09-15,476.25,1340.25,604.25,479,393.6000061035156,63.380001068115234,746.5,257.375
2023-09-18,471.5,1316.75,591.25,454,390.3999938964844,62.38999938964844,735,254.25
2023-09-19,476.25,1315.5,584,434.75,391.5,61.7599983215332,731,253.5
2023-09-20,482.25,1320,588.75,436,397.20001220703125,60.68000030517578,729,254.1750030517578
2023-09-21,475.25,1293.75,575.75,419,390.29998779296875,59.650001525878906,710.5,253.27499389648438
2023-09-22,477.25,1296.25,579.5,424.75,388.20001220703125,60.849998474121094,711.25,254.10000610351563
2023-09-25,481.25,1297.75,589,433.5,392,58.75,714.5,253.875
2023-09-26,479.75,1302.75,589,433,394,58.86000061035156,710.5,252.60000610351563
2023-09-27,483.25,1303.25,579.5,437.25,390.1000061035156,59.61000061035156,694.5,251.52499389648438
2023-09-28,488.5,1300.5,578.75,444.5,392.3999938964844,58.529998779296875,685,252.3249969482422
2023-09-29,476.75,1275,541.5,432.5,375.8999938964844,57.439998626708984,663.75,252.47500610351563
2023-10-02,488.75,1277,564.75,434.5,367.6000061035156,59.849998474121094,676.75,253.3249969482422
2023-10-03,487.5,1272.75,568.5,436.5,363.20001220703125,59.45000076293945,683.25,248.60000610351563
2023-10-04,486,1273,560,429,368.70001220703125,58.43000030517578,666.5,247.77499389648438
2023-10-05,497.5,1280.75,578.25,432.75,373.6000061035156,57.86000061035156,690.5,247.5
2023-10-06,492,1266,568.25,423.75,367.6000061035156,57.290000915527344,673.75,248.375
2023-10-09,488.25,1264.25,572.75,420.5,370.8999938964844,56.130001068115234,686,246.89999389648438
2023-10-10,485.5,1271.5,558.5,409.25,372,53.9900016784668,671.25,247.9499969482422
2023-10-11,488,1252.5,556,395.75,374.29998779296875,53.52000045776367,667.25,250.1750030517578
2023-10-12,496,1290,571.5,383.5,387.6000061035156,54.470001220703125,675,252.02499389648438
2023-10-13,493.25,1280.25,579.75,383.25,387.6000061035156,55.349998474121094,669,249.875
2023-10-16,490,1286.25,577.25,381.75,390.20001220703125,55.900001525878906,668.75,248.3249969482422
2023-10-17,489,1296.75,570.5,374.25,399.79998779296875,55.349998474121094,666.75,248.8000030517578
2023-10-18,492,1311,580.25,371,413.79998779296875,54.86000061035156,670.5,247.125
2023-10-19,505,1315.5,594,374.75,423,53.11000061035156,676.25,243.5749969482422
2023-10-20,495.5,1302.25,586,382.5,423.8999938964844,53.38999938964844,670,241.8249969482422
2023-10-23,490.25,1286.75,587.25,385.5,420.5,51.939998626708984,670.75,237.625
2023-10-24,484,1295.25,580.5,389.75,434.20001220703125,51.31999969482422,663,239.4250030517578
2023-10-25,480,1288.25,568.5,393.25,429.20001220703125,52.599998474121094,649,239.97500610351563
2023-10-26,479.25,1279.5,579.5,397.25,429.5,51.7400016784668,654.75,240.5500030517578
2023-10-27,480.75,1297.25,575.5,402.25,442.3999938964844,52.27000045776367,643,236.89999389648438
2023-10-30,478.25,1282.75,566,403.75,426.5,52.38999938964844,645,237.6750030517578
2023-10-31,478.75,1287,556.25,389.25,431,51.41999816894531,629.25,237.6999969482422
2023-11-01,475,1291.25,561.75,379.5,430.3999938964844,49.900001525878906,640,238.5749969482422
2023-11-02,470,1304,565.5,376.5,426.29998779296875,50.31999969482422,641.5,242.625
2023-11-03,477.25,1327.5,572.5,372,442.1000061035156,49.36000061035156,643.5,240.60000610351563
2023-11-06,477.25,1340.5,575.75,368.25,437.5,50.79999923706055,645.75,237.1750030517578
2023-11-07,468.5,1348.75,570.25,352,447.3999938964844,49.4900016784668,632.5,232.22500610351563
2023-11-08,476,1349,592.25,341.75,449.79998779296875,49.95000076293945,655,234.5500030517578
2023-11-09,468,1327.75,580.75,333,449.8999938964844,50.45000076293945,647.25,229
2023-11-10,464,1333.5,575.25,346.75,449.3999938964844,51.20000076293945,640,229.72500610351563
2023-11-13,477.25,1368,579,356.25,469.1000061035156,51.540000915527344,641.5,230.72500610351563
2023-11-14,478.25,1368.75,572,356.25,473.6000061035156,52.75,639.75,230.0500030517578
2023-11-15,470.75,1385,560.5,351.75,469.20001220703125,53.04999923706055,639.75,229.4250030517578
2023-11-16,474.75,1360.25,553.5,351.25,466.79998779296875,51.630001068115234,627.25,229.375
2023-11-17,467,1340.25,550.75,345,453.29998779296875,52.0099983215332,618,228.5
2023-11-20,469.5,1367.25,543.5,347.25,460.20001220703125,53.11000061035156,610.5,229.85000610351563
2023-11-21,470,1377.25,555,358,459.20001220703125,54.189998626708984,615.75,228.3249969482422
2023-11-22,468.75,1356.5,555.75,369.5,458.1000061035156,53.599998474121094,614.5,227.125
2023-11-24,463.25,1330.75,548.75,373,457.3999938964844,51.529998779296875,602,219.3249969482422
2023-11-27,455.5,1329.75,534.25,365.25,458.70001220703125,51.90999984741211,590,212.8000030517578
2023-11-28,451.5,1346.5,543.75,358.5,450.29998779296875,53.34000015258789,613,221.0500030517578
2023-11-29,449.75,1347,556,359.75,444.29998779296875,52.68000030517578,640,222.1999969482422
2023-11-30,461.75,1342.75,570.25,374,442.20001220703125,52.290000915527344,643.25,219.9499969482422
2023-12-01,464.5,1325,577,394.75,425.29998779296875,51.380001068115234,645,214.4250030517578
2023-12-04,460.25,1306.25,595.75,405.5,422.29998779296875,51.189998626708984,656.25,210.52499389648438
2023-12-05,468.5,1305.5,620.75,402.25,433.70001220703125,50.220001220703125,657.5,214.6999969482422
2023-12-06,464.75,1295.5,615.75,382.5,424.3999938964844,49.290000915527344,650.75,210.14999389648438
2023-12-07,468.25,1311.75,626,372,424.5,51.11000061035156,662.25,210.27499389648438
2023-12-08,465.75,1304,615,366,424.20001220703125,50.150001525878906,655.75,215.3000030517578
2023-12-11,460.5,1336,591.25,356.25,430.70001220703125,51.060001373291016,627,217.9499969482422
2023-12-12,462.5,1323.75,607,354.25,429.20001220703125,50.38999938964844,651.5,219.25
2023-12-13,456.75,1307.5,585.25,364.75,421.1000061035156,49.81999969482422,626.75,217.375
2023-12-14,456.75,1314,594,364.75,421.1000061035156,49.279998779296875,626.75,219.35000610351563
2023-12-15,483,1315.75,629.25,375.5,405.6000061035156,49.9900016784668,642.75,220.89999389648438
2023-12-18,477,1327,617,383.5,412.79998779296875,50.63999938964844,627.75,223.1750030517578
2023-12-19,472.75,1312.5,622.75,385.25,403.20001220703125,50.72999954223633,641.5,221.89999389648438
2023-12-20,469.75,1308.25,610,378.75,399.8999938964844,50.560001373291016,625,224.0500030517578
2023-12-21,472.5,1297.25,612.5,363.5,395.3999938964844,49.040000915527344,626.75,221.6999969482422
2023-12-22,473,1299.75,616.25,359.5,399.6000061035156,48.529998779296875,623,222.75
2023-12-26,480.25,1313.25,636.25,368.25,403.20001220703125,47.90999984741211,642.75,223.5500030517578
2023-12-27,476.5,1316.75,623,373.25,398.8999938964844,48.2400016784668,635,224.47500610351563
2023-12-28,474.25,1305.25,631.5,387.25,393,47.4900016784668,643.75,222.47500610351563
2023-12-29,471.25,1293.5,628,385.75,386,47.84000015258789,642,222.3000030517578
2024-01-02,463.75,1274,606.75,375.75,378.8999938964844,47.790000915527344,629,225.4250030517578
2024-01-03,465.25,1269.5,600.25,367.75,381,48.099998474121094,621.5,226.0749969482422
2024-01-04,466.5,1262,613.5,365,381.20001220703125,47.880001068115234,625.75,224.6750030517578
2024-01-05,460.75,1249.75,616,353,368.6000061035156,47.16999816894531,628,223.125
2024-01-08,455,1239.5,596.25,361,368.1000061035156,47.439998626708984,615.25,223.875
2024-01-09,459.25,1241.5,610,379.5,366,48.119998931884766,627,223.77499389648438
2024-01-10,459.5,1228.75,610.75,385.5,361.29998779296875,47.86000061035156,624.5,224.625
2024-01-11,457.75,1231.25,603.75,383.5,361.3999938964844,48.369998931884766,616,226.27499389648438
2024-01-12,447,1205.75,596,368.75,351.29998779296875,47.75,615.25,226.5749969482422
2024-01-16,443.5,1227.25,582,352.5,371.1000061035156,47.25,601.5,227.5500030517578
2024-01-17,442.25,1205.75,582.5,353.5,358.70001220703125,47.70000076293945,594,228.4250030517578
2024-01-18,444,1213.5,585.5,366.75,361.29998779296875,47.619998931884766,605.25,230.9250030517578
2024-01-19,445.5,1213.25,593.25,379.75,356.5,46.900001525878906,608,230.10000610351563
2024-01-22,445.75,1224.25,596.5,378.5,355.79998779296875,48.15999984741211,607,229.8249969482422
2024-01-23,446.5,1239.5,596.5,370.25,361.1000061035156,48.209999084472656,617.5,231
2024-01-24,452.25,1240.25,610.75,365.75,363.29998779296875,47.31999969482422,625.75,231.8249969482422
2024-01-25,451.75,1223,612.25,364.5,358.20001220703125,46.529998779296875,637,232.02499389648438
2024-01-26,446.25,1209.25,600.25,363.75,349,46.93000030517578,624.75,239.6999969482422
2024-01-29,440.25,1194.25,593.5,365.25,354.29998779296875,45.54999923706055,618.25,238.625
2024-01-30,447.75,1218.75,605.5,377,363,46,630.75,241.3249969482422
2024-01-31,448.25,1222.25,595.25,382.5,368.29998779296875,46.02000045776367,622,240.14999389648438
2024-02-01,447.25,1203.25,601.5,384.25,361.70001220703125,45.599998474121094,620.75,244.875
2024-02-02,442.75,1188.5,599.75,371.75,356.79998779296875,44.72999954223633,625,244.8000030517578
2024-02-05,442.75,1196.25,590.25,367.5,361.1000061035156,45.33000183105469,614,242.75
2024-02-06,438.75,1199.5,595,378,358.79998779296875,45.939998626708984,618.5,246.6750030517578
2024-02-07,434.25,1189,602,382.5,351.20001220703125,46.7599983215332,618.25,245.5500030517578
2024-02-08,433.25,1193.5,588.5,378.75,347.1000061035156,47.939998626708984,601,246.85000610351563
2024-02-09,429,1183.5,596.75,375.25,346.79998779296875,47.2599983215332,601.5,247.14999389648438
2024-02-12,430.5,1193,597.5,378.25,348.8999938964844,46.900001525878906,598.75,248.8249969482422
2024-02-13,430.75,1186.25,597.5,381.75,344.79998779296875,47.29999923706055,594.5,248
2024-02-14,424.25,1170.5,585.5,382,343.29998779296875,46.349998474121094,587.75,246.22500610351563
2024-02-15,417.75,1162.25,567,382.25,339.5,46,575.75,247.10000610351563
2024-02-16,416.5,1172.25,560.5,383.25,345.6000061035156,45.59000015258789,567.25,251.02499389648438
2024-02-20,418.75,1179,582.75,380,347.6000061035156,45.40999984741211,585.75,251.375
2024-02-21,411,1160.75,583.25,370.25,342,44.83000183105469,577.25,251.35000610351563
2024-02-22,406,1147.75,583.25,363,334.8999938964844,44.209999084472656,574,252.0500030517578
2024-02-23,399.75,1133,573.5,364.5,331.5,44.02000045776367,568.75,254.5749969482422
2024-02-26,407,1136,577.25,375,334.3999938964844,44.400001525878906,583.75,253.0500030517578
2024-02-27,408.25,1131.25,586,373,327.79998779296875,44.90999984741211,593.5,253
2024-02-28,413.25,1134,571,375,331.29998779296875,44.65999984741211,595.5,249.60000610351563
2024-02-29,415.75,1128.25,577.5,377.5,333.29998779296875,44.65999984741211,602.75,249
2024-03-01,412.25,1143,560,378.25,334,44.619998931884766,580,252.97500610351563
2024-03-04,417.5,1147,563.5,375,335.20001220703125,44.650001525878906,602.5,251.5500030517578
2024-03-05,413.5,1140.75,545.75,368.5,331.20001220703125,44.5099983215332,591.5,252.3000030517578
2024-03-06,418,1140.25,521.25,363.5,334.8999938964844,44.779998779296875,576.25,251.02499389648438
2024-03-07,426,1157,520.75,365.75,339.8999938964844,45.83000183105469,594.75,251.02499389648438
2024-03-08,426.25,1170.5,526.75,369.75,341.29998779296875,45.599998474121094,608.5,249.1999969482422
2024-03-11,428.25,1165,537.5,377.75,337.1000061035156,46.04999923706055,618.5,248.25
2024-03-12,429,1182,535.5,379.75,333.79998779296875,47.22999954223633,623.25,248.97500610351563
2024-03-13,426.5,1181.75,532.25,380,331,47.9900016784668,613.5,250.27499389648438
2024-03-14,422.5,1180.75,519.5,385,333.20001220703125,47.939998626708984,613.5,247.47500610351563
2024-03-15,436.75,1198.25,528.5,365.75,334.70001220703125,49.41999816894531,566.25,249.27499389648438
2024-03-18,436,1187.75,542.75,358.5,331.8999938964844,48.70000076293945,573.75,251.1999969482422
2024-03-19,439.5,1185.5,552.5,356.5,333.8999938964844,48.13999938964844,582.75,250.6750030517578
2024-03-20,439,1209.5,545,353.25,342.5,49,580.5,250.25
2024-03-21,440.75,1212,546.75,353.5,344.29998779296875,48.790000915527344,581.75,250.875
2024-03-22,439.25,1192.5,554.75,358.25,339.1000061035156,47.63999938964844,590.5,249.9499969482422
2024-03-25,437.75,1209.25,555,361.25,341.70001220703125,49.02000045776367,589.5,249.4499969482422
2024-03-26,432.5,1199,543.5,357.5,339.79998779296875,48.41999816894531,577.25,247.72500610351563
2024-03-27,426.75,1192.5,547.5,355,339,47.66999816894531,578.25,248.0500030517578
2024-03-28,442,1191.5,560.25,357,337.70001220703125,47.95000076293945,585.25,247.75
2024-04-01,435.5,1185.75,557,355.75,333.3999938964844,48.2400016784668,575.5,240.4250030517578
2024-04-02,426.5,1174,545.25,352.75,328.29998779296875,48.599998474121094,563.25,243.5
2024-04-03,431.75,1182.25,556,344.25,330,48.849998474121094,580.5,240.9499969482422
2024-04-04,435.25,1180,556.25,336.25,333.5,48.150001525878906,577.5,242.6999969482422
2024-04-05,434.25,1185,567.25,331.25,333.1000061035156,48.88999938964844,582.25,237.6999969482422
2024-04-08,435.5,1181.5,565.75,329.75,336,47.900001525878906,585.25,239.3000030517578
2024-04-09,431.25,1174.5,557.75,329.75,335.6000061035156,47.52000045776367,577.25,240.6999969482422
2024-04-10,434.25,1164.75,558.5,337.75,330.8999938964844,47.599998474121094,594.5,238.27499389648438
2024-04-11,428.75,1159.25,551.75,347.75,335.6000061035156,46.02000045776367,583.25,239.1750030517578
2024-04-12,435.5,1174,556,351.5,344.3999938964844,45.88999938964844,589.75,237.60000610351563
2024-04-15,431.5,1158.25,551.75,357.75,338.5,45.470001220703125,584,239.5500030517578
2024-04-16,431,1145,549.75,346,335.29998779296875,44.90999984741211,587.5,240.35000610351563
2024-04-17,430.25,1149.5,537,349.25,338.70001220703125,45,572.75,240.4250030517578
2024-04-18,426.75,1134.25,536.75,354.75,338,44.119998931884766,577.25,241.60000610351563
2024-04-19,433.5,1150.5,550.25,358.75,343.70001220703125,44.380001068115234,581.5,241.3249969482422
2024-04-22,439.75,1161,570.25,362.5,344.29998779296875,45.040000915527344,597.5,242.89999389648438
2024-04-23,443,1167.5,585,367.25,345.20001220703125,45.310001373291016,608.75,243.75
2024-04-24,437.75,1166,594.5,367,346,44.65999984741211,624.25,243.10000610351563
2024-04-25,441,1162.75,602.25,367,343.8999938964844,44.81999969482422,632,244.875
2024-04-26,440,1159.5,603.25,373.75,340,44.93000030517578,646.25,248.6999969482422
2024-04-29,439.25,1160.75,590.25,371.25,348.29998779296875,43.689998626708984,643.75,248.02499389648438
2024-04-30,439.5,1145.5,585,371,346.29998779296875,42.290000915527344,622.75,244.5749969482422
2024-05-01,443.25,1155.75,581.5,379,342.6000061035156,42.56999969482422,625.5,241.4250030517578
2024-05-02,452,1190,586.5,388,357.1000061035156,42.56999969482422,637,243.60000610351563
2024-05-03,447,1201.75,606,396,366.5,42.41999816894531,660,243.3000030517578
2024-05-06,457,1234.75,632.25,395.25,381.20001220703125,43.16999816894531,685,241.39999389648438
2024-05-07,453.75,1232.25,624.75,397,377.3999938964844,43.849998474121094,673.75,242.14999389648438
2024-05-08,445.5,1212.75,616,396.25,374.79998779296875,43.150001525878906,658.25,240.1999969482422
2024-05-09,442.75,1192.75,619.75,395,368,42.0099983215332,675.75,238.64999389648438
2024-05-10,455.75,1205,645.75,399.5,367,43.810001373291016,697.25,238.8000030517578
2024-05-13,458.5,1205.5,670.25,413.75,361.6000061035156,44.52000045776367,724,239.375
2024-05-14,453.75,1199,657,410.75,363.6000061035156,42.68000030517578,724,243.27499389648438
2024-05-15,462.5,1213.5,665.75,397.75,371.70001220703125,43.54999923706055,675,243.14999389648438
2024-05-16,457,1216.25,663.25,386,367.70001220703125,44.52000045776367,673.25,244.85000610351563
2024-05-17,452.5,1228,651.25,365,368.79998779296875,45.27000045776367,661.75,246.72500610351563
2024-05-20,460.5,1248,688.75,365.75,374.1000061035156,46.31999969482422,696.75,246.6999969482422
2024-05-21,458,1236.25,697.5,362,372.29998779296875,45.810001373291016,701.5,248.9499969482422
2024-05-22,461.25,1246.25,693,366.25,378.20001220703125,45.880001068115234,699.5,250.375
2024-05-23,464,1239.25,698,369.5,376.70001220703125,45.189998626708984,710.75,250.3249969482422
2024-05-24,464.75,1248,697.25,375.75,386.5,44.95000076293945,721.25,260.2250061035156
2024-05-28,462.5,1229.5,700.25,377,376.6000061035156,45.52000045776367,731.25,264.6000061035156
2024-05-29,455.25,1214,692.75,384.5,369.1000061035156,45.880001068115234,719.75,260.25
2024-05-30,448.75,1209.75,681,385.75,363.6000061035156,45.720001220703125,709.5,259.07501220703125
2024-05-31,446.25,1205,678.5,387.5,364.70001220703125,45.52000045776367,708.75,256.3999938964844
2024-06-03,443.5,1184.5,672.75,374.75,359.5,44.13999938964844,700,256.20001220703125
2024-06-04,442.5,1179,658.25,365.5,355.1000061035156,43.619998931884766,687.25,256.0249938964844
2024-06-05,439.25,1177.25,646.75,352.5,359.5,43.130001068115234,676.25,254.8249969482422
2024-06-06,452,1200,639.5,359,362.79998779296875,44.349998474121094,678,252.85000610351563
2024-06-07,448.75,1179.25,627.5,348,360.70001220703125,43.630001068115234,665.75,254.9250030517578
2024-06-10,451.75,1188.25,607.5,333.5,368,43.65999984741211,643.75,258.6499938964844
2024-06-11,449.5,1178,626.5,334,359.29998779296875,43.66999816894531,655,257.6499938964844
2024-06-12,454.25,1177.25,617,330.75,360.20001220703125,43.790000915527344,637.25,257.57501220703125
2024-06-13,458.5,1189.5,620,328.5,368.29998779296875,43.86000061035156,636.75,257.4750061035156
2024-06-14,450,1179.75,612.75,328,368.3999938964844,43.68000030517578,627.5,261.9750061035156
2024-06-17,443.75,1157.75,591.5,317.5,360.29998779296875,43.72999954223633,605.5,261.32501220703125
2024-06-18,450,1174,582,328.25,364.6000061035156,44.29999923706055,600.75,259.95001220703125
2024-06-20,439.75,1155.25,572.75,319.25,357.6000061035156,43.970001220703125,592,259.82501220703125
2024-06-21,435,1160.5,561.5,307,361.79998779296875,43.939998626708984,581.25,258.375
2024-06-24,433.5,1175.25,552.5,308.5,372.79998779296875,43.4900016784668,581.5,258.8999938964844
2024-06-25,425.5,1163.25,541.75,304.75,365.29998779296875,42.7599983215332,576,259.04998779296875
2024-06-26,420,1162.75,541.25,294.5,360.8999938964844,43.45000076293945,580,261.7749938964844
2024-06-27,413.75,1152.25,559.75,304,361.1000061035156,43.4900016784668,592,260.6499938964844
2024-06-28,397.25,1150.5,553.5,309.75,360.5,43.77000045776367,587.5,259.29998779296875
2024-07-01,398.25,1159.5,569.25,316,365.70001220703125,45.83000183105469,602.75,257.375
2024-07-02,402,1165,561.5,314.5,368.8999938964844,46.93000030517578,593,261.1000061035156
2024-07-03,403.5,1176.5,554.5,311.25,370.5,48.599998474121094,581.5,263.375
2024-07-05,411.25,1188.5,572.25,317.25,387,49.619998931884766,595.25,261.4750061035156
2024-07-08,395.75,1174.25,553,312.5,379.5,49,573.5,259.17498779296875
2024-07-09,400.25,1161.5,554.25,308.25,376.20001220703125,46.86000061035156,581,255.72500610351563
2024-07-10,403.25,1141.25,543.5,310,376.29998779296875,46.2599983215332,573,254.35000610351563
2024-07-11,406.75,1142.75,554.25,325,378.3999938964844,47.11000061035156,591.25,256.1499938964844
2024-07-12,400,1134.5,538,327,368.5,47.54999923706055,604,258.6499938964844
2024-07-15,390.5,1078,532.5,317.75,333.79998779296875,46.41999816894531,555.5,258.7749938964844
2024-07-16,395.75,1090.5,530.75,312,335.3999938964844,46.70000076293945,550.25,258.625
2024-07-17,398,1097.25,539.25,324.75,339.1000061035156,46.209999084472656,561,258.54998779296875
2024-07-18,391.25,1098.5,535.25,330.5,337.20001220703125,46.45000076293945,562.75,256.2250061035156
2024-07-19,390.5,1097.25,542.75,336.75,336.79998779296875,46.560001373291016,570,255.60000610351563
2024-07-22,400.25,1117.75,548,345.25,343.6000061035156,47,571.75,256.3999938964844
2024-07-23,402.5,1117.5,542.75,341,342.70001220703125,46.65999984741211,566.75,258.75
2024-07-24,403.75,1111,547,332.75,343.3999938964844,46.02000045776367,567.5,257.125
2024-07-25,406,1116,537.75,329,352.3999938964844,45.810001373291016,561.5,258.625
2024-07-26,394.5,1077.5,523.5,322.25,353.29998779296875,43.65999984741211,545.5,259.70001220703125
2024-07-29,396.25,1054.75,531,323.25,355.5,42.84000015258789,553.5,256.42498779296875
2024-07-30,388.75,1027.25,524,326,352,42.75,550.25,256.9750061035156
2024-07-31,382.75,1028.5,527.25,326.25,354.1000061035156,43.29999923706055,549,257.25
2024-08-01,382,1022,532,322.5,355.8999938964844,42.869998931884766,554.5,253.14999389648438
2024-08-02,386.5,1029.25,539,325.75,361.5,41.709999084472656,559.75,249.64999389648438
2024-08-05,390.75,1044.25,539.5,323.25,360.70001220703125,41.040000915527344,560.25,244
2024-08-06,388.75,1028.5,543.25,330.25,347.70001220703125,40.869998931884766,561.5,243
2024-08-07,383.25,1020.25,538.25,328.75,340.79998779296875,42.25,555.5,242.625
2024-08-08,379.25,1009.75,537.5,329.75,335.29998779296875,42.36000061035156,551.5,242.375
2024-08-09,376.75,1028,542.5,322,326.29998779296875,42.7400016784668,554,246.5
2024-08-12,383.25,1012,536.75,320.25,318.29998779296875,41.61000061035156,548.25,244.39999389648438
2024-08-13,377.75,989,528.75,322.5,306.6000061035156,40.68000030517578,547.75,246.47500610351563
2024-08-14,381,979.75,534.75,320.75,320.6000061035156,40.04999923706055,546.25,247.89999389648438
2024-08-15,375,951.5,528.25,318.25,307.8999938964844,39.470001220703125,537,246.72500610351563
2024-08-16,370.5,938.75,530,319.5,303.3999938964844,39.95000076293945,539.75,242.77499389648438
2024-08-19,378,956.25,528.25,320.75,311.70001220703125,40.470001220703125,540.75,242.375
2024-08-20,375,957.25,533,330.5,312.29998779296875,40.709999084472656,546,238.1999969482422
2024-08-21,375.5,963,519.75,327,312.5,41,536.25,239.25
2024-08-22,371.5,941.25,511,321.25,306.3999938964844,40.439998626708984,529.25,241.97500610351563
2024-08-23,367.75,952,502.25,325,306.29998779296875,41.470001220703125,520,242.5749969482422
2024-08-26,362,959.75,498,321,312.1000061035156,41.70000076293945,525,244.5
2024-08-27,367.25,967.5,508.25,324,317.29998779296875,41.150001525878906,538.75,244.1999969482422
2024-08-28,365.25,958.5,514.25,340.25,310.79998779296875,41.79999923706055,544.75,243.5500030517578
2024-08-29,371.75,973.75,525,349,308.6000061035156,43.16999816894531,545.5,243.1750030517578
2024-08-30,378,982,532.75,328.75,311.6000061035156,43.13999938964844,552.5,240.47500610351563
2024-09-03,386.5,997,552,338,319.70001220703125,42.06999969482422,566.5,241.375
2024-09-04,390.5,1006,565.25,347.75,323.79998779296875,41.349998474121094,585.25,239.625
2024-09-05,390,1008.25,561,349.5,320.70001220703125,42.31999969482422,581,237.125
2024-09-06,383.75,989.25,553.25,343,318.3999938964844,40.77000045776367,569.75,234.3000030517578
2024-09-09,384.25,1000,555.5,352.25,317.79998779296875,41.61000061035156,574.75,237.72500610351563
2024-09-10,379.5,977.5,558.75,358.25,310.6000061035156,40.849998474121094,579.75,238.47500610351563
2024-09-11,380.5,979.75,563.75,358.75,313.29998779296875,40.31999969482422,580.75,240.5500030517578
2024-09-12,386.25,991.5,563,366.25,316.5,40.810001373291016,578.5,242.0500030517578
2024-09-13,390.75,986.75,571.25,366.25,315.3999938964844,40.689998626708984,578.5,241.89999389648438
2024-09-16,410.75,1004.5,578.5,363.25,320.1000061035156,39.75,580.5,241.3000030517578
2024-09-17,412.5,1006,575.75,351.25,318,40.54999923706055,580,243.3000030517578
2024-09-18,412.75,1014,575.75,355.25,317.8999938964844,40.9900016784668,578.5,242.8249969482422
2024-09-19,405.75,1013.25,565.5,364.5,319.8999938964844,41.75,564.5,245.27499389648438
2024-09-20,401.75,1012,568.5,367,317.3999938964844,42.15999984741211,564,244.8249969482422
2024-09-23,413.5,1039.25,582.5,368.75,326.5,42.619998931884766,577.25,245.10000610351563
2024-09-24,411.75,1042.25,578,365,323.6000061035156,43.95000076293945,571,244.9499969482422
2024-09-25,415.25,1053.25,589.25,371.25,326.1000061035156,44.380001068115234,581,245.375
2024-09-26,413.25,1041,584.25,380,324.20001220703125,42.91999816894531,579,245.39999389648438
2024-09-27,418,1065.75,580,384.75,343.70001220703125,42.18000030517578,576.75,247.0749969482422
2024-09-30,424.75,1057,584,392.5,344.29998779296875,43.5099983215332,583.75,246.1999969482422
2024-10-01,429,1057.25,599,388,350,42.90999984741211,598.25,246.14999389648438
2024-10-02,432.5,1056,615.25,389.75,341.3999938964844,43.720001220703125,619.25,249.72500610351563
2024-10-03,428.25,1046,603.5,383.75,332.79998779296875,44.689998626708984,611.5,248.97500610351563
2024-10-04,424.75,1037.75,589.75,388.25,330.5,44.040000915527344,598,249.625
2024-10-07,426,1034,592.5,395.75,324.79998779296875,44.560001373291016,603.25,248.85000610351563
2024-10-08,420.75,1016.25,594.75,389,323.6000061035156,43.369998931884766,603.75,250.3249969482422
2024-10-09,421,1020.25,599,387.25,322.5,43.2599983215332,608.75,249.27499389648438
2024-10-10,418.5,1014.75,603.75,384,317.5,43.869998931884766,611,250.27499389648438
2024-10-11,415.75,1005.5,599,379.75,316.5,43.439998626708984,604.5,249.75
2024-10-14,408.25,996,585.25,372.75,316.5,42.15999984741211,590,249.125
2024-10-15,401.25,991,579.5,377,311.79998779296875,42.45000076293945,583,246.52499389648438
2024-10-16,404.75,980,585,379,313.70001220703125,41.68000030517578,588.75,246.10000610351563
2024-10-17,406.75,988.75,589.5,388.25,318.1000061035156,42.59000015258789,596,246.72500610351563
2024-10-18,404.75,970,572.75,382.5,315.6000061035156,41.81999969482422,580.75,248.3249969482422
2024-10-21,409.5,981,572.25,379.5,318.29998779296875,42.38999938964844,582.25,247.5749969482422
2024-10-22,416.5,991.75,576,383,317.70001220703125,43.689998626708984,586.5,249.4250030517578
2024-10-23,419,997.5,578.5,380.5,315,43.38999938964844,585.5,248.5749969482422
2024-10-24,421.5,996.25,581.5,376.75,310.3999938964844,44.33000183105469,587,249.39999389648438
2024-10-25,415.25,987.75,569,380.25,305.79998779296875,44.150001525878906,572,249.625
2024-10-28,410.75,974,558.75,379.75,304.79998779296875,42.689998626708984,561.5,250.0749969482422
2024-10-29,413.75,965.25,570.5,384,301.79998779296875,42.79999923706055,574.25,250.02499389648438
2024-10-30,411.5,976.5,573.25,390.75,301.6000061035156,43.810001373291016,575.75,250.9499969482422
2024-10-31,410.75,982.5,570.5,394.5,299.5,45.13999938964844,569.25,251.97500610351563
2024-11-01,414.5,982.5,568,399.25,295.29998779296875,46.29999923706055,566.75,246.875
2024-11-04,416.5,987.25,568.75,390,299.6000061035156,45.560001373291016,571,246.35000610351563
2024-11-05,418.5,993.75,572.5,391.25,299.5,44.9900016784668,576.75,246.14999389648438
2024-11-06,426.25,994.5,573.25,391.75,298.3999938964844,46.34000015258789,574,247.6999969482422
2024-11-07,427.5,1015.5,571.5,383.25,298.5,48.31999969482422,569,247.64999389648438
2024-11-08,431,1016.75,572.5,361.5,296.20001220703125,48.77000045776367,564.25,245.4250030517578
2024-11-11,430,1011.75,565.5,345.75,295.1000061035156,48.13999938964844,559.5,246.14999389648438
2024-11-12,428.5,1003.5,552.25,345,292.8999938964844,46.22999954223633,546.5,246.8249969482422
2024-11-13,426.5,1004.25,541,342,291.6000061035156,45.18000030517578,540.75,246.47500610351563
2024-11-14,419,985.75,530.25,348.5,287,44.439998626708984,533,247.625
2024-11-15,424,998.5,536.5,356.75,289.6000061035156,45.349998474121094,540,251.10000610351563
2024-11-18,429.25,1009.75,547.25,363.75,290.29998779296875,45.52000045776367,555.25,251.8249969482422
2024-11-19,427.25,998.5,549.75,344.75,288.6000061035156,44.84000015258789,558.25,254.25
2024-11-20,430.25,990.5,552.5,344.75,289.3999938964844,43.279998779296875,561.75,254.8000030517578
2024-11-21,426.75,977.75,548.75,346.25,287.70001220703125,42.18000030517578,555.5,255.125
2024-11-22,425.5,983.5,544.25,349.25,289.20001220703125,41.77000045776367,554.25,254.3000030517578
2024-11-25,424.75,985.75,535.75,345,293.70001220703125,41.209999084472656,546.5,255.47500610351563
2024-11-26,420,983.5,539.5,347.75,288.1000061035156,42.59000015258789,550.5,258.1000061035156
2024-11-27,415.75,988.75,537.75,334.25,290.5,40.75,526.25,258.7749938964844
2024-11-29,423,989.5,532.25,337.5,287.1000061035156,41.61000061035156,520.75,259.4750061035156
2024-12-02,424.5,985.25,537.5,348.5,283.3999938964844,41.27000045776367,523.75,256.8500061035156
2024-12-03,423.25,991.75,536.75,356.75,286,41.95000076293945,524.75,259.29998779296875
2024-12-04,422,983.75,538,356,288,41.22999954223633,527.75,256.95001220703125
2024-12-05,426.5,993.75,546.75,341.5,287.3999938964844,42.119998931884766,536,254.9250030517578
2024-12-06,430.75,993.75,542.5,336.75,283.79998779296875,42.779998779296875,537.25,255.8249969482422
2024-12-09,434,990,541.25,332,286.1000061035156,42.630001068115234,542.25,255.8000030517578
2024-12-10,440.5,994.75,542,331.25,288.79998779296875,42.560001373291016,549.25,257.32501220703125
2024-12-11,438,995.5,543.5,334.75,288,42.2599983215332,550.75,259.04998779296875
2024-12-12,431.75,995.75,538.75,339.25,286.5,42.470001220703125,546.25,258.3500061035156
2024-12-13,430,988.25,526.5,340.5,284.1000061035156,42.279998779296875,538.75,257.6499938964844
2024-12-16,445,982,550,368,286.8999938964844,41.720001220703125,559.25,255.5500030517578
2024-12-17,443.5,976.75,545,364,287.20001220703125,40.619998931884766,552.5,257.4750061035156
2024-12-18,437.25,951.75,541.25,359.5,279.5,39.54999923706055,548.75,257
2024-12-19,440.75,963,533,355.75,284.1000061035156,40.0099983215332,543.25,254.47500610351563
2024-12-20,446.25,974.5,533,351.25,294.5,39.47999954223633,544.75,255.60000610351563
2024-12-23,447.75,969.5,540.5,341,289.5,40.22999954223633,551,256.6000061035156
2024-12-24,448.5,975.25,534.75,332.5,292.8999938964844,39.84000015258789,543.75,255.85000610351563
2024-12-26,453.75,988,541,330.5,305.70001220703125,39.470001220703125,551.5,259.29998779296875
2024-12-27,454,980,546.5,318,300.8999938964844,39.52000045776367,554.5,261.375
2024-12-30,452.25,982,548.25,324,302.6000061035156,39.720001220703125,555.75,261.625
2024-12-31,458.5,998.25,551.5,330.5,307.6000061035156,39.779998779296875,559.25,263.0249938964844
2025-01-02,459.5,999.5,545.75,329.5,310.8999938964844,39.720001220703125,551.75,266.4750061035156
2025-01-03,450.75,981,529.25,322.25,299.8999938964844,39.400001525878906,539,264.82501220703125
2025-01-06,457.75,992.5,540.5,331,298.6000061035156,39.7599983215332,553.25,266.29998779296875
2025-01-07,458,992.25,542.5,326,295.29998779296875,40.720001220703125,555.75,268.3999938964844
2025-01-08,454,987.5,536.25,324,292.6000061035156,41.11000061035156,550.25,265.57501220703125
2025-01-09,456,992.25,534,322.5,291.79998779296875,42.279998779296875,550.25,269.2250061035156
2025-01-10,470.5,1013.5,530.75,328.5,290.6000061035156,45.04999923706055,551.75,272.3500061035156
2025-01-13,476.5,1041.5,545,344,300.20001220703125,45.470001220703125,561,271.8500061035156
2025-01-14,474.5,1043,546.25,354.25,298.3999938964844,45.72999954223633,560.75,274.1000061035156
2025-01-15,478.75,1042.75,547,349.75,302,46.27000045776367,557.5,275.2250061035156
2025-01-16,474.5,1019,537.5,349.75,294.3999938964844,45.029998779296875,548.25,273.45001220703125
2025-01-17,484.25,1034,538.75,362.5,297.20001220703125,45.689998626708984,548.5,273.5
2025-01-21,490,1067.25,558.75,372.75,311,45.77000045776367,575.5,274.3999938964844
2025-01-22,484.25,1056,554,366.5,315.79998779296875,44.41999816894531,574.75,277.04998779296875
2025-01-23,489.75,1065.5,554,367.25,315.29998779296875,45.040000915527344,570.75,277.07501220703125
2025-01-24,486.5,1055.75,544,360.25,304.8999938964844,45.220001220703125,559.5,278.70001220703125
2025-01-27,482,1045,535.5,350.25,300.79998779296875,45,553.25,279.7250061035156
2025-01-28,485.25,1045,545.25,349,301.6000061035156,45.130001068115234,561,281.82501220703125
2025-01-29,497,1060.5,562.5,350,309.79998779296875,44.970001220703125,580.25,280.54998779296875
2025-01-30,490.25,1044,566.5,349.25,304.70001220703125,44.97999954223633,588.25,281.8999938964844
2025-01-31,482,1042,559.5,347.5,301.1000061035156,46.11000061035156,579.25,275.7250061035156
2025-02-03,488.75,1058.25,566.75,353,303.70001220703125,46.5099983215332,585.75,270.5
2025-02-04,494.5,1075,577,359.25,314,45.7599983215332,594.75,268.25
2025-02-05,493.25,1057,572.25,367.75,308.29998779296875,45.09000015258789,591.75,270.7250061035156
2025-02-06,495.25,1060.5,587.75,364,306.3999938964844,45.400001525878906,607.5,265.29998779296875
2025-02-07,487.5,1049.5,582.75,350.25,301.3999938964844,45.97999954223633,604.25,264.8999938964844
2025-02-10,491.5,1049.5,579.5,341.25,300.5,45.72999954223633,596.75,268.125
2025-02-11,484,1043.5,577,339,296.6000061035156,46.130001068115234,592.75,264.7749938964844
2025-02-12,490.25,1027.75,574.25,333,294.1000061035156,45.65999984741211,591.5,264.9750061035156
2025-02-13,493.5,1030,577.75,331.75,292.70001220703125,46.25,598.25,267.9750061035156
2025-02-14,496.25,1036,600,337.5,295.8999938964844,46.06999969482422,621.25,266.3500061035156
2025-02-18,502,1038.5,604.75,344,293.79998779296875,47.29999923706055,627.25,269.7250061035156
2025-02-19,497.5,1031.75,592,341.25,294.70001220703125,46.29999923706055,613.75,269.0249938964844
2025-02-20,498,1045.5,585.5,356.25,296,47.2599983215332,607.5,266.82501220703125
2025-02-21,491.25,1039.5,590,359.25,294.79998779296875,46.810001373291016,609.25,267.95001220703125
2025-02-24,482.5,1029,579,354,291.79998779296875,45.70000076293945,596.5,272.29998779296875
2025-02-25,479.75,1031.25,572.75,374,293.79998779296875,45.439998626708984,591.75,274.2250061035156
2025-02-26,478.25,1024.5,566,362.25,293.3999938964844,44.970001220703125,585,274.375
2025-02-27,464.75,1022.75,546.75,360.25,290.8999938964844,44.75,571.25,276.45001220703125
2025-02-28,453.5,1011.5,537,360.25,291.70001220703125,43.529998779296875,558.25,274.9750061035156
2025-03-03,440.25,998.25,532,353.5,290.1000061035156,42.900001525878906,547.5,274.0249938964844
2025-03-04,436,984,518.5,374.75,285.8999938964844,42.27000045776367,534,273.8500061035156
2025-03-05,440.25,997.75,530.75,370,293,42.439998626708984,542.25,276.1000061035156
2025-03-06,449.5,1014,537,366.25,297.1000061035156,42.599998474121094,551.5,274.0249938964844
2025-03-07,455.25,1010.25,533.75,360.5,296.5,42.869998931884766,551.25,276.9750061035156
2025-03-10,458.75,999.75,545.25,366,294.3999938964844,41.709999084472656,565.75,277.04998779296875
2025-03-11,456.5,997.75,541,358.5,294.1000061035156,41.43000030517578,558.75,277.5
2025-03-12,448.75,987.5,538.75,357.25,292.3999938964844,41.18000030517578,561.75,280.25
2025-03-13,453.5,996.75,547.25,359.5,300.29998779296875,40.779998779296875,575,280.2250061035156
2025-03-14,445.5,999.25,545.75,359.5,298.8999938964844,41,573.5,281.9750061035156
2025-03-17,461,1015.5,568.5,369,304.29998779296875,42.099998474121094,605.5,284.625
2025-03-18,458.75,1012.75,565,366,299.8999938964844,42.540000915527344,606.25,284.9750061035156
2025-03-19,462,1008.25,563.5,371.5,297.70001220703125,42.36000061035156,594.75,286.82501220703125
2025-03-20,469,1013,557.25,378.5,297.1000061035156,42.709999084472656,586.5,288.3500061035156
2025-03-21,464.25,1009.75,558.25,380.75,300.29998779296875,42.0099983215332,588.75,286.4750061035156
2025-03-24,464.5,1007.25,548.25,373.5,297.6000061035156,42.150001525878906,578,286.6000061035156
2025-03-25,457.75,1001.75,543.25,367.5,295.1000061035156,42.29999923706055,569.25,286.9750061035156
2025-03-26,451.25,1001,535.25,361.25,293.6000061035156,42.63999938964844,565,286.79998779296875
2025-03-27,450,1016.75,532,357,294.5,44.27000045776367,566.25,287.6499938964844
2025-03-28,453.25,1023,528.25,350.25,293.5,45.15999984741211,551.75,286.92498779296875
2025-03-31,457.25,1014.75,537,346.25,292.70001220703125,44.88999938964844,557,286.45001220703125
2025-04-01,461.75,1034.25,540.5,355,292.29998779296875,47.439998626708984,565.25,288.2749938964844
2025-04-02,457.75,1029.5,539.25,366,287.20001220703125,48.5,568.5,288.875
2025-04-03,457.5,1011.5,536,352,288,47.060001373291016,569,285.3999938964844
2025-04-04,460.25,977,529,342.75,283.1000061035156,45.84000015258789,557.5,279.42498779296875
2025-04-07,464.5,983,536.5,336.75,288.3999938964844,45.150001525878906,559.25,277.82501220703125
2025-04-08,469,992.75,540,330,291,44.939998626708984,561.5,280.42498779296875
2025-04-09,474,1012.75,542.25,330.25,294.5,46.189998626708984,568,283.75
2025-04-10,483,1029,538,339.5,297.8999938964844,46.31999969482422,558,282.7749938964844
2025-04-11,490.25,1042.75,555.75,345.75,299.6000061035156,47.349998474121094,568,285.17498779296875
2025-04-14,485,1041.75,547.5,346.75,297.1000061035156,46.31999969482422,555.25,288.04998779296875
2025-04-15,481.25,1036,542,342.75,294.20001220703125,47.33000183105469,553,289.375
2025-04-16,484.25,1038.75,547.75,347.5,296.70001220703125,47.47999954223633,558,289.95001220703125
2025-04-17,482.25,1036.5,548.75,356.5,295.6000061035156,47.869998931884766,557.5,293.3500061035156
2025-04-21,481.75,1029.5,538.5,355.75,292.8999938964844,47.81999969482422,550.75,285.5249938964844
2025-04-22,475.75,1035,535.5,357.75,291.8999938964844,47.58000183105469,546,286.92498779296875
2025-04-23,472,1040.25,528.25,355.75,290.79998779296875,47.90999984741211,537.75,288.3500061035156
2025-04-24,477.25,1053,529.25,358.5,288.70001220703125,49.650001525878906,537.75,289.07501220703125
2025-04-25,478.75,1049.75,530,364.75,290,49.279998779296875,538,290.5249938964844
2025-04-28,475.5,1052,515.5,369.25,287,49.90999984741211,524.75,291.79998779296875
2025-04-29,460.5,1041,505.75,381.25,290.5,48.849998474121094,515.25,294.0249938964844
2025-04-30,467.25,1034.75,513,356.25,290,48.58000183105469,514.25,292.57501220703125
2025-05-01,464.25,1040.25,515.25,365,286.5,49.36000061035156,516,293.2250061035156
2025-05-02,461.25,1048.75,526.5,361.25,290.20001220703125,49.08000183105469,528.5,294.95001220703125
2025-05-05,446.5,1038,514.25,361,288.70001220703125,48.369998931884766,520,296.07501220703125
2025-05-06,447.5,1034.75,519,368.75,286.1000061035156,47.97999954223633,524.75,295.70001220703125
2025-05-07,441,1030.5,518,370,288,46.95000076293945,517.5,294.45001220703125
2025-05-08,439,1036.75,513,370,287.79998779296875,48.029998779296875,513.75,297.4750061035156
2025-05-09,441.5,1044,505.5,375,287.20001220703125,48.150001525878906,506.5,297.9750061035156
2025-05-12,440.25,1066,499,381.25,291.1000061035156,49.4900016784668,498.25,303.1000061035156
2025-05-13,436,1067.25,501.5,377.25,285.8999938964844,51.099998474121094,502,302.82501220703125
2025-05-14,438.5,1067,508.75,377.25,285.3999938964844,51.619998931884766,509.25,299.57501220703125
2025-05-15,448.5,1051.25,532.75,340,296.3999938964844,49.31999969482422,528.25,296.17498779296875
2025-05-16,443.5,1050,525,342.5,291.8999938964844,48.93000030517578,516.5,296.8500061035156
2025-05-19,447.5,1050.75,529,357.25,291.1000061035156,49.439998626708984,522.75,295.67498779296875
2025-05-20,454.5,1053,546,356.5,292.6000061035156,49.5,536.25,296
2025-05-21,461,1062.75,549.25,359.5,294.1000061035156,49.83000183105469,540.5,296.29998779296875
2025-05-22,463,1067.5,544.5,359.25,298.5,49.11000061035156,540,295.3999938964844
2025-05-23,459.5,1060.25,542.5,354.75,296.20001220703125,49.349998474121094,538.75,300.375
2025-05-27,459.5,1062.5,528.5,360,296.29998779296875,49.56999969482422,524.5,298.1499938964844
2025-05-28,451,1048.5,530.25,370,293.70001220703125,48.93000030517578,525.25,295.625
2025-05-29,447,1051.75,534,375.5,296.3999938964844,48.38999938964844,531.75,299.92498779296875
2025-05-30,444,1041.75,534,378.75,296.29998779296875,46.88999938964844,533.25,298.82501220703125
2025-06-02,438.25,1033.5,539,380,293.8999938964844,46.279998779296875,539.75,301.75
2025-06-03,438.5,1040.75,536,384.75,294.5,46.810001373291016,536.75,301.2250061035156
2025-06-04,438.75,1045,543.25,387.75,297.1000061035156,46.810001373291016,540.5,303.875
2025-06-05,439.5,1051.75,545.5,378.25,297.1000061035156,46.650001525878906,542.5,309.1499938964844
2025-06-06,442.5,1057.25,554.75,383,295.70001220703125,47.5,549.25,310.1499938964844
2025-06-09,433.5,1056,542,380.25,295.5,47.380001068115234,537.5,311.6499938964844
2025-06-10,438.75,1057.75,534.5,370,295.8999938964844,47.790000915527344,527.25,313.1499938964844
2025-06-11,437,1050.5,534.25,376.25,294.20001220703125,48.02000045776367,526.25,311.07501220703125
2025-06-12,438.5,1042.25,526.5,379.75,294.5,47.61000061035156,522.75,311.25
2025-06-13,444.5,1069.75,543.75,386.5,291.8999938964844,50.61000061035156,540.75,306.42498779296875
2025-06-16,434.75,1069.75,536.5,379.5,283.70001220703125,55.11000061035156,536,310.2250061035156
2025-06-17,431.5,1074,549,371,285.1000061035156,54.790000915527344,547.75,303.3500061035156
2025-06-18,433.5,1074.75,574.25,363.25,284.8999938964844,54.77000045776367,571.25,304.17498779296875
2025-06-20,428.75,1068,567.75,360.75,284.1000061035156,54.470001220703125,563.25,302.45001220703125
2025-06-23,419.25,1058.75,552.75,366.75,282.3999938964844,53.2400016784668,550,302.79998779296875
2025-06-24,416.25,1046.75,535.75,363.5,280.5,52.16999816894531,534.75,302.25
2025-06-25,410.25,1025.25,528.25,359.25,276,51.81999969482422,524.25,302.29998779296875
2025-06-26,409.5,1022.75,521,365.25,270.8999938964844,52.52000045776367,518.25,303.29998779296875
2025-06-27,417.5,1027.75,524.75,385.25,271.1000061035156,52.45000076293945,516,307.8999938964844
2025-06-30,420.5,1024.25,528.75,386.75,271.29998779296875,52.5099983215332,506,310.67498779296875
2025-07-01,420,1024.75,537.25,388,269.20001220703125,53.7599983215332,510.75,306.0249938964844
2025-07-02,429.25,1050.5,556,400.5,272.3999938964844,55.060001373291016,522.75,309.0249938964844
2025-07-03,431.5,1056.25,547.75,403.5,273.79998779296875,54.70000076293945,518,309.5
2025-07-07,418,1031.75,539.75,403.25,268.5,54.06999969482422,508.5,313.7250061035156
2025-07-08,411,1024.25,543,395.5,267.20001220703125,54.11000061035156,503.5,319.125
2025-07-09,412.5,1012.25,542.75,390.25,266.1000061035156,53.349998474121094,505.5,320.4750061035156
2025-07-10,407.25,1012.5,550.25,392.25,268.5,53.66999816894531,514,321.2749938964844
2025-07-11,403,1004,540.75,370.5,267.6000061035156,54.40999984741211,504.25,325.32501220703125
2025-07-14,412.75,997,534,348.75,265.20001220703125,54.40999984741211,505.75,319.4750061035156
2025-07-15,401.25,995,538,366,265.29998779296875,54.560001373291016,523.75,322.2749938964844
2025-07-16,405.25,1013.5,541.25,372.25,268.3999938964844,54.81999969482422,522.75,325.57501220703125
2025-07-17,402,1021.5,533.5,367.25,268.70001220703125,56.220001220703125,517.5,325
2025-07-18,408.5,1027.75,546.25,366.25,274,55.81999969482422,529,324
2025-07-21,403.75,1015,542.25,359,270.5,56.06999969482422,525.75,327.6000061035156
2025-07-22,399.25,1010.25,549.5,352.25,273.79998779296875,55.630001068115234,533.25,328.2749938964844
2025-07-23,398.5,1005.75,540.5,352.25,272,56.13999938964844,523.5,331.5249938964844
2025-07-24,401.75,1004.25,541.5,357,269.70001220703125,56.66999816894531,528.5,328.8999938964844
2025-07-25,399.5,998.75,538.25,362,267.79998779296875,56.4900016784668,526.5,331.375
2025-07-28,393.75,988.75,538.5,369.75,264.8999938964844,56.54999923706055,526,333.5249938964844
2025-07-29,389.25,981.75,529.75,369,261.70001220703125,57.540000915527344,518.5,336.20001220703125
2025-07-30,391.75,967.75,523.75,357,260.70001220703125,56.5,522,338.95001220703125
2025-07-31,394,961.75,523.25,353.25,261.79998779296875,55.58000183105469,526.25,331.375
2025-08-01,389.5,961.75,516.75,350.25,267.5,54.720001220703125,518.75,334.57501220703125
2025-08-04,387,969,516.75,339.25,273.79998779296875,54.5,517,335.3999938964844
2025-08-05,381.5,969,508.25,328.75,273.6000061035156,53.84000015258789,504.5,341.04998779296875
2025-08-06,379.75,961.5,508.5,332.75,269.3999938964844,53.790000915527344,511.5,345.0249938964844
2025-08-07,384.5,971.75,518.25,332,272.70001220703125,53.540000915527344,521.5,348.6499938964844
2025-08-08,382.75,966.75,514.5,333,273.3999938964844,52.7599983215332,518.25,339.3999938964844
2025-08-11,385,989.5,515,333.5,277.70001220703125,53.290000915527344,519,340.2250061035156
2025-08-12,371.5,1011.75,505,334.25,278.3999938964844,53.29999923706055,510.75,345.375
2025-08-13,374,1023.5,507.25,331.75,284.1000061035156,53.349998474121094,506.75,345.875
2025-08-14,375,1008.5,503.5,332,282.1000061035156,51.9900016784668,504.25,340.3999938964844
2025-08-15,383.75,1022.25,506.5,334.5,283.3999938964844,53.18000030517578,507,346.1499938964844
2025-08-18,383,1020.75,502.75,337,280.3999938964844,53.27000045776367,506.25,348.8999938964844
2025-08-19,379.5,1013,498.5,331,287.3999938964844,51.68000030517578,499.5,350.54998779296875
2025-08-20,380,1015,505.5,325.5,292,51.20000076293945,500.75,355.7749938964844
2025-08-21,387.25,1034.5,507,323.25,296.79998779296875,53.63999938964844,503.25,356.375
2025-08-22,388.25,1036.5,504.75,318.25,296.70001220703125,54.84000015258789,498,360.3500061035156
2025-08-25,389.25,1025.5,506.75,312,295.70001220703125,54.310001373291016,496.75,360.8500061035156
2025-08-26,387.5,1028.75,509.5,308.25,297.20001220703125,52.7599983215332,493,363.2250061035156
2025-08-27,382.5,1027.25,502.25,306.5,293.1000061035156,52.470001220703125,485.5,365.45001220703125
2025-08-28,385.5,1028.25,510.25,301.25,286.29998779296875,51.75,486.75,365.92498779296875
2025-08-29,398,1036.75,518,308.5,283.6000061035156,51.470001220703125,492.75,364.7749938964844
2025-09-02,403,1025.75,513,303.75,275.5,51.970001220703125,483.25,364.25
2025-09-03,397.75,1016,504,300.5,275.8999938964844,51.15999984741211,482.75,362.07501220703125
2025-09-04,399.75,1012,502.25,297.25,279.3999938964844,51.22999954223633,479.75,359.82501220703125
2025-09-05,399,1006.5,501,297.75,280.5,50.560001373291016,481.75,359.82501220703125
2025-09-08,403,1013.5,505.5,297.5,284.70001220703125,50.72999954223633,492.25,360.95001220703125
2025-09-09,401.25,1011.5,500.75,296,291.70001220703125,49.70000076293945,487.5,351.70001220703125
2025-09-10,397.25,1005.5,495,293.5,286.3999938964844,50.220001220703125,485.75,353.20001220703125
2025-09-11,399,1015.25,503,294,288.29998779296875,50.81999969482422,487,355.2250061035156
2025-09-12,399,1025.75,503,294.25,288.29998779296875,51.380001068115234,487,350.3999938964844
2025-09-15,423.25,1042.75,525,318.25,285.20001220703125,51.7599983215332,514,358.79998779296875
2025-09-16,429.5,1049.75,534,319,285.79998779296875,52.689998626708984,523.5,358.32501220703125
2025-09-17,426.75,1043.75,528.25,321,283.8999938964844,51.2400016784668,516.25,355.0249938964844
2025-09-18,423.75,1037.5,524.25,321.5,283,50.56999969482422,510,358.17498779296875
2025-09-19,424,1025.5,522.5,321.25,282.8999938964844,50.029998779296875,507.25,359.1499938964844
2025-09-22,421.75,1011,510.75,310,278.8999938964844,49.16999816894531,502.25,362.7250061035156
2025-09-23,426.25,1012,520.5,308.5,275.1000061035156,49.349998474121094,511.5,364.8500061035156
2025-09-24,424.25,1009,519.5,308.75,271.70001220703125,49.290000915527344,506.75,365.375
2025-09-25,425.75,1012.25,527,313,268.6000061035156,49.7400016784668,512.25,365.42498779296875
2025-09-26,422,1013.75,519.75,309,268.79998779296875,49.599998474121094,505.5,357
2025-09-29,421.5,1010.5,519.5,308.25,268.1000061035156,49.11000061035156,508.25,356.20001220703125
2025-09-30,415.5,1001.75,508,307.5,265.70001220703125,48.869998931884766,497.75,361.0249938964844
2025-10-01,416.5,1013,509.25,303.75,264.70001220703125,49.75,495.5,358.9750061035156
2025-10-02,421.75,1023.75,514.75,299.75,271.29998779296875,49.81999969482422,499,354.29998779296875
2025-10-03,419,1018,515.25,299.25,270.70001220703125,49.43000030517578,497,357.17498779296875
2025-10-06,421.75,1017.75,512.75,288.75,268.79998779296875,49.790000915527344,495.5,362.3999938964844
2025-10-07,419.75,1022,506.75,287.75,268.8999938964844,50.529998779296875,492,365.5
2025-10-08,422,1029.5,507.25,287.25,270.79998779296875,50.970001220703125,493.25,369.5
2025-10-09,418.25,1022.25,506.5,295.75,269.70001220703125,50.380001068115234,489.75,374.0249938964844
2025-10-10,413,1006.75,498.5,297.25,267.3999938964844,49.400001525878906,483,375.5
2025-10-13,410.75,1007.75,496.75,297.75,266.5,50.040000915527344,481.25,375.5
2025-10-14,413,1006.5,500.25,296.25,267,49.91999816894531,488.5,380.17498779296875
2025-10-15,416.75,1006.5,498.75,293,275.8999938964844,50.79999923706055,488.25,379.7250061035156
2025-10-16,421.75,1010.75,502.5,291.5,276.8999938964844,50.869998931884766,488.75,379.67498779296875
2025-10-17,422.5,1019.5,503.75,295,281,51.130001068115234,491.5,371.95001220703125
2025-10-20,423.25,1031.75,504.75,299.75,285,51.310001373291016,490,372.95001220703125
2025-10-21,419.75,1030.75,500.25,301.5,286.8999938964844,50.650001525878906,485,372.92498779296875
2025-10-22,423,1034.75,503.75,302,290,50.06999969482422,488.5,365.07501220703125
2025-10-23,428,1044.75,513,307.5,292.29998779296875,50.869998931884766,500,363.3500061035156
2025-10-24,423.25,1041.75,512.5,309,294.1000061035156,50.27000045776367,501.5,354.29998779296875
2025-10-27,428.75,1067.25,526,297,298.20001220703125,50.77000045776367,514.25,345.5
2025-10-28,432,1078.25,529,291,306.5,50.2599983215332,520,344.1000061035156
2025-10-29,434,1080.25,532.25,289.5,308.70001220703125,50.15999984741211,522.75,347.875
2025-10-30,430.25,1091.25,524.25,283,315.6000061035156,49.650001525878906,513,347.2749938964844
2025-10-31,431.5,1099.75,534,289.75,321.6000061035156,48.68000030517578,524.5,338.875
2025-11-03,434.25,1119.75,543.5,296.25,320.79998779296875,49.84000015258789,531.75,342.57501220703125
2025-11-04,431.5,1108.25,550.25,302,317.3999938964844,49.529998779296875,536.5,334.9750061035156
2025-11-05,435.25,1119.75,554.75,301,324.79998779296875,49.689998626708984,540,325.7250061035156
2025-11-06,428.75,1091.75,535.5,294.5,312.70001220703125,49.349998474121094,522.25,322.04998779296875
2025-11-07,427.25,1101.75,527.75,291.75,317.1000061035156,49.68000030517578,519.25,326.3999938964844
2025-11-10,429.75,1116,535.75,298,320,50.58000183105469,527,335.6499938964844
2025-11-11,432,1113.25,536,305,316.8999938964844,51.099998474121094,523.75,337.67498779296875
2025-11-12,435.25,1120.5,536,306.25,321,50.619998931884766,525.5,339.0249938964844
2025-11-13,441.5,1132,535.75,311.75,328.3999938964844,50.25,525.75,337
2025-11-14,430.25,1112.75,527.25,306.25,322.5,50.150001525878906,515.25,338.67498779296875
2025-11-17,434.75,1157.25,544.25,308.5,330.79998779296875,51.13999938964844,528.75,339.8500061035156
2025-11-18,436.75,1153.5,546.5,309.25,327,52.16999816894531,526.25,340.7749938964844
2025-11-19,429.75,1136.25,536.75,311.5,318.8999938964844,51.099998474121094,515.5,341.8500061035156
2025-11-20,426.5,1122.5,527,305.75,314,50.65999984741211,506.25,340.6499938964844
2025-11-21,425.5,1125,527,305.5,315.1000061035156,50.2599983215332,511,314.2250061035156
2025-11-24,423.75,1123.25,522.25,301,314.20001220703125,50.18000030517578,507.25,304.9750061035156
2025-11-25,423.5,1124.75,527.25,310,317,50.29999923706055,513.25,307.07501220703125
2025-11-26,431.75,1131.5,529,304,317.1000061035156,50.869998931884766,517.25,315.125
2025-11-28,435.5,1137.75,531,294.75,314.3999938964844,51.7599983215332,517.75,323.9750061035156
2025-12-01,432.75,1128,530.25,291.75,311.1000061035156,52.060001373291016,517,321.07501220703125
2025-12-02,438,1124.75,537.75,292.5,308.6000061035156,52.349998474121094,523.5,329.875
2025-12-03,431.5,1115.75,537.75,298.25,308.3999938964844,51.349998474121094,521,331.8500061035156
2025-12-04,437.75,1119.5,541,303,308.5,51.529998779296875,529.5,336.57501220703125
2025-12-05,436.75,1105.25,537.5,296.5,304.70001220703125,51.36000061035156,523.25,339.04998779296875
2025-12-08,436.25,1093.75,536,287.5,303.6000061035156,50.900001525878906,521,335.6499938964844
2025-12-09,440.75,1087.25,536.25,288.75,298.20001220703125,50.72999954223633,520.25,335.5
2025-12-10,434.75,1091.25,531.25,280.5,298.20001220703125,50.810001373291016,516.5,338.375
2025-12-11,435.25,1093.5,534.5,279.25,298.79998779296875,50.560001373291016,515.5,343.3999938964844
2025-12-12,431.5,1076.75,534.5,279.25,300.6000061035156,49.72999954223633,498.75,339.1000061035156
2025-12-15,439.75,1071.75,520.75,281,303.5,49.47999954223633,512,339.92498779296875
2025-12-16,436.5,1062.75,509.5,277.25,302.3999938964844,48.36000061035156,505,343.32501220703125
2025-12-17,440.5,1058.25,506.25,286.75,298.20001220703125,48.52000045776367,507.75,341.5249938964844
2025-12-18,444.5,1052.25,507.75,297.25,298.3999938964844,48.11000061035156,517,340.2749938964844
2025-12-19,443.75,1049.25,509.75,298,297.6000061035156,47.900001525878906,515.25,345.6000061035156
2025-12-22,447,1053.25,515.5,297.75,298.6000061035156,48.54999923706055,521.25,346.5
2025-12-23,447.5,1051.5,517,293.5,301.1000061035156,48.29999923706055,528,344.625
2025-12-24,451,1063.25,521.75,304,304.70001220703125,49.029998779296875,534,344.7250061035156
2025-12-26,450,1058.75,519,308,303.70001220703125,48.720001220703125,533.5,346.17498779296875
2025-12-29,442.25,1049.5,513,305.25,298.79998779296875,48.779998779296875,527.25,347
2025-12-30,440.5,1046.25,510.75,304.75,296.70001220703125,48.93000030517578,522,349.54998779296875
2025-12-31,440.25,1030.5,507,302.5,294.5,48.06999969482422,514.75,350.25
2026-01-02,437.5,1029.5,506.5,298,291,48.869998931884766,515,356.1000061035156
2026-01-05,444.5,1047.25,512.5,304.5,294.8999938964844,49.470001220703125,520.75,358.9750061035156
2026-01-06,444,1042,510.5,308,294.70001220703125,49,521.5,362.17498779296875
2026-01-07,446.75,1052.75,518,308.75,301.5,48.81999969482422,531.5,359.6000061035156
2026-01-08,446,1047,518,307,300.3999938964844,49.029998779296875,530.25,362.4750061035156
2026-01-09,445.75,1048.5,517.25,303.5,300,49.2599983215332,530.25,360.7250061035156
2026-01-12,421.5,1033,511.25,293.5,294.6000061035156,49.81999969482422,526.75,362.04998779296875
2026-01-13,419.75,1023.25,510.5,291.75,286.3999938964844,50.779998779296875,519.5,366.2749938964844
2026-01-14,422,1030.5,512.5,287.25,287.20001220703125,50.7599983215332,522.25,364.75
2026-01-15,420.25,1053,510.5,293.25,289.20001220703125,52.970001220703125,517.25,368.42498779296875
2026-01-16,424.75,1057.75,518,302,290,52.61000061035156,527.25,361.92498779296875
2026-01-20,423.75,1053,510.25,300.5,291.6000061035156,52.560001373291016,523,362.625
2026-01-21,421.75,1064.5,507.75,293.5,291.3999938964844,54.0099983215332,519.75,363.2250061035156
2026-01-22,424,1064,515.5,291.25,296.20001220703125,53.779998779296875,525.75,363.7250061035156
2026-01-23,430.5,1067.75,529.5,297.25,299.8999938964844,53.9900016784668,540.75,364.79998779296875
2026-01-26,428.25,1061.75,522.5,299.25,294.29998779296875,53.88999938964844,529.75,366.70001220703125
2026-01-27,426.5,1067.25,523.25,300,294,54.40999984741211,532.75,366.8500061035156
2026-01-28,430,1075,536,300.75,297.79998779296875,54.310001373291016,542.25,368.1000061035156
2026-01-29,430.75,1072.25,541.5,303,296,54.029998779296875,547,369.17498779296875
2026-01-30,428.25,1064.25,538,306.75,293.6000061035156,53.5099983215332,544.75,360.2749938964844
2026-02-02,425.75,1060.25,527.75,300.75,294.5,53.20000076293945,535.25,366.3500061035156
2026-02-03,428.5,1065.75,528.75,304.75,291.8999938964844,54.4900016784668,534.75,367.92498779296875
2026-02-04,429.5,1092.25,526.75,307,296.20001220703125,55.65999984741211,530.25,370.07501220703125
2026-02-05,435,1112.25,535.25,311.75,303.20001220703125,55.650001525878906,538.5,364.07501220703125
2026-02-06,430.25,1115.25,529.75,301.75,303.6000061035156,55.33000183105469,531.25,367.42498779296875
2026-02-09,428.75,1110.75,528.75,299,297.79998779296875,56.689998626708984,528.75,367.45001220703125
2026-02-10,428.75,1122.5,528.25,302.5,300.79998779296875,57.27000045776367,530.5,364.7749938964844
2026-02-11,427.5,1124,537.25,305,303,57.04999923706055,538.5,367.45001220703125
