date,price,commodity,ticker
2019-01-02,123.5250015258789,Cattle,LE=F
2019-01-03,123.2249984741211,Cattle,LE=F
2019-01-04,121.92500305175781,Cattle,LE=F
2019-01-07,123.19999694824219,Cattle,LE=F
2019-01-08,125.30000305175781,Cattle,LE=F
2019-01-09,124.80000305175781,Cattle,LE=F
2019-01-10,124.875,Cattle,LE=F
2019-01-11,124.9749984741211,Cattle,LE=F
2019-01-14,125.42500305175781,Cattle,LE=F
2019-01-15,126.94999694824219,Cattle,LE=F
2019-01-16,127.82499694824219,Cattle,LE=F
2019-01-17,127.0999984741211,Cattle,LE=F
2019-01-18,126.5250015258789,Cattle,LE=F
2019-01-22,125.125,Cattle,LE=F
2019-01-23,125.55000305175781,Cattle,LE=F
2019-01-24,125.3499984741211,Cattle,LE=F
2019-01-25,126.05000305175781,Cattle,LE=F
2019-01-28,126.4000015258789,Cattle,LE=F
2019-01-29,126.4749984741211,Cattle,LE=F
2019-01-30,126.1500015258789,Cattle,LE=F
2019-01-31,124.80000305175781,Cattle,LE=F
2019-02-01,125.44999694824219,Cattle,LE=F
2019-02-04,125.7249984741211,Cattle,LE=F
2019-02-05,126.69999694824219,Cattle,LE=F
2019-02-06,126.4000015258789,Cattle,LE=F
2019-02-07,126.30000305175781,Cattle,LE=F
2019-02-08,127.375,Cattle,LE=F
2019-02-11,127.82499694824219,Cattle,LE=F
2019-02-12,126.82499694824219,Cattle,LE=F
2019-02-13,125.94999694824219,Cattle,LE=F
2019-02-14,126.125,Cattle,LE=F
2019-02-15,126.625,Cattle,LE=F
2019-02-19,127.875,Cattle,LE=F
2019-02-20,128.3249969482422,Cattle,LE=F
2019-02-21,127.625,Cattle,LE=F
2019-02-22,128.6750030517578,Cattle,LE=F
2019-02-25,128.5500030517578,Cattle,LE=F
2019-02-26,129.5749969482422,Cattle,LE=F
2019-02-27,129.39999389648438,Cattle,LE=F
2019-02-28,129.9499969482422,Cattle,LE=F
2019-03-01,129.5500030517578,Cattle,LE=F
2019-03-04,128.35000610351563,Cattle,LE=F
2019-03-05,128.8249969482422,Cattle,LE=F
2019-03-06,128.89999389648438,Cattle,LE=F
2019-03-07,128.9499969482422,Cattle,LE=F
2019-03-08,129.6750030517578,Cattle,LE=F
2019-03-11,129,Cattle,LE=F
2019-03-12,126.6500015258789,Cattle,LE=F
2019-03-13,126.67500305175781,Cattle,LE=F
2019-03-14,127.4000015258789,Cattle,LE=F
2019-03-15,129.10000610351563,Cattle,LE=F
2019-03-18,128.3249969482422,Cattle,LE=F
2019-03-19,129.125,Cattle,LE=F
2019-03-20,129.5749969482422,Cattle,LE=F
2019-03-21,129.89999389648438,Cattle,LE=F
2019-03-22,129.72500610351563,Cattle,LE=F
2019-03-25,127.57499694824219,Cattle,LE=F
2019-03-26,126.9000015258789,Cattle,LE=F
2019-03-27,126.25,Cattle,LE=F
2019-03-28,126.5250015258789,Cattle,LE=F
2019-03-29,125.69999694824219,Cattle,LE=F
2019-04-01,126.17500305175781,Cattle,LE=F
2019-04-02,126.2750015258789,Cattle,LE=F
2019-04-03,125.7750015258789,Cattle,LE=F
2019-04-04,127.55000305175781,Cattle,LE=F
2019-04-05,126.05000305175781,Cattle,LE=F
2019-04-08,125.80000305175781,Cattle,LE=F
2019-04-09,125.9000015258789,Cattle,LE=F
2019-04-10,125.875,Cattle,LE=F
2019-04-11,126,Cattle,LE=F
2019-04-12,126.55000305175781,Cattle,LE=F
2019-04-15,126.30000305175781,Cattle,LE=F
2019-04-16,127.1500015258789,Cattle,LE=F
2019-04-17,126.92500305175781,Cattle,LE=F
2019-04-18,128.52499389648438,Cattle,LE=F
2019-04-22,128.5,Cattle,LE=F
2019-04-23,128.3249969482422,Cattle,LE=F
2019-04-24,126.7750015258789,Cattle,LE=F
2019-04-25,124.05000305175781,Cattle,LE=F
2019-04-26,124.55000305175781,Cattle,LE=F
2019-04-29,124.7750015258789,Cattle,LE=F
2019-04-30,123.75,Cattle,LE=F
2019-05-01,113.875,Cattle,LE=F
2019-05-02,113.67500305175781,Cattle,LE=F
2019-05-03,113.42500305175781,Cattle,LE=F
2019-05-06,112.2750015258789,Cattle,LE=F
2019-05-07,112.2750015258789,Cattle,LE=F
2019-05-08,111.07499694824219,Cattle,LE=F
2019-05-09,111.94999694824219,Cattle,LE=F
2019-05-10,112.44999694824219,Cattle,LE=F
2019-05-13,109.75,Cattle,LE=F
2019-05-14,109.5,Cattle,LE=F
2019-05-15,109.67500305175781,Cattle,LE=F
2019-05-16,110.4749984741211,Cattle,LE=F
2019-05-17,111.2750015258789,Cattle,LE=F
2019-05-20,111.3499984741211,Cattle,LE=F
2019-05-21,110.8499984741211,Cattle,LE=F
2019-05-22,110.6500015258789,Cattle,LE=F
2019-05-23,110.80000305175781,Cattle,LE=F
2019-05-24,111.17500305175781,Cattle,LE=F
2019-05-28,111.55000305175781,Cattle,LE=F
2019-05-29,112.3499984741211,Cattle,LE=F
2019-05-30,110.07499694824219,Cattle,LE=F
2019-05-31,108.4749984741211,Cattle,LE=F
2019-06-03,106.7750015258789,Cattle,LE=F
2019-06-04,107.55000305175781,Cattle,LE=F
2019-06-05,107.8499984741211,Cattle,LE=F
2019-06-06,107.5999984741211,Cattle,LE=F
2019-06-07,106.92500305175781,Cattle,LE=F
2019-06-10,109.69999694824219,Cattle,LE=F
2019-06-11,110.67500305175781,Cattle,LE=F
2019-06-12,109.6500015258789,Cattle,LE=F
2019-06-13,109.05000305175781,Cattle,LE=F
2019-06-14,108.7750015258789,Cattle,LE=F
2019-06-17,109.44999694824219,Cattle,LE=F
2019-06-18,109.44999694824219,Cattle,LE=F
2019-06-19,108.5,Cattle,LE=F
2019-06-20,108.17500305175781,Cattle,LE=F
2019-06-21,106.55000305175781,Cattle,LE=F
2019-06-24,106.92500305175781,Cattle,LE=F
2019-06-25,107.75,Cattle,LE=F
2019-06-26,109,Cattle,LE=F
2019-06-27,110.57499694824219,Cattle,LE=F
2019-06-28,110.5,Cattle,LE=F
2019-07-01,104.0999984741211,Cattle,LE=F
2019-07-02,104.0999984741211,Cattle,LE=F
2019-07-03,105.44999694824219,Cattle,LE=F
2019-07-05,107,Cattle,LE=F
2019-07-08,106.1500015258789,Cattle,LE=F
2019-07-09,108.125,Cattle,LE=F
2019-07-10,107.625,Cattle,LE=F
2019-07-11,107.875,Cattle,LE=F
2019-07-12,108.4749984741211,Cattle,LE=F
2019-07-15,108.5,Cattle,LE=F
2019-07-16,108.2249984741211,Cattle,LE=F
2019-07-17,108.125,Cattle,LE=F
2019-07-18,107.4000015258789,Cattle,LE=F
2019-07-19,107.5999984741211,Cattle,LE=F
2019-07-22,108.44999694824219,Cattle,LE=F
2019-07-23,109.05000305175781,Cattle,LE=F
2019-07-24,108.9000015258789,Cattle,LE=F
2019-07-25,108.6500015258789,Cattle,LE=F
2019-07-26,108.6500015258789,Cattle,LE=F
2019-07-29,108.6500015258789,Cattle,LE=F
2019-07-30,108.0999984741211,Cattle,LE=F
2019-07-31,106.9000015258789,Cattle,LE=F
2019-08-01,107.875,Cattle,LE=F
2019-08-02,107.6500015258789,Cattle,LE=F
2019-08-05,107.80000305175781,Cattle,LE=F
2019-08-06,107.125,Cattle,LE=F
2019-08-07,107.5999984741211,Cattle,LE=F
2019-08-08,107.94999694824219,Cattle,LE=F
2019-08-09,108.05000305175781,Cattle,LE=F
2019-08-12,105.05000305175781,Cattle,LE=F
2019-08-13,100.55000305175781,Cattle,LE=F
2019-08-14,100.19999694824219,Cattle,LE=F
2019-08-15,100.19999694824219,Cattle,LE=F
2019-08-16,99.92500305175781,Cattle,LE=F
2019-08-19,100.19999694824219,Cattle,LE=F
2019-08-20,101.80000305175781,Cattle,LE=F
2019-08-21,102.67500305175781,Cattle,LE=F
2019-08-22,104.9749984741211,Cattle,LE=F
2019-08-23,104.625,Cattle,LE=F
2019-08-26,105.4749984741211,Cattle,LE=F
2019-08-27,104.75,Cattle,LE=F
2019-08-28,105.07499694824219,Cattle,LE=F
2019-08-29,105.6500015258789,Cattle,LE=F
2019-08-30,105,Cattle,LE=F
2019-09-03,99.2750015258789,Cattle,LE=F
2019-09-04,99.0250015258789,Cattle,LE=F
2019-09-05,97.875,Cattle,LE=F
2019-09-06,94.875,Cattle,LE=F
2019-09-09,94.19999694824219,Cattle,LE=F
2019-09-10,96.1500015258789,Cattle,LE=F
2019-09-11,98.5,Cattle,LE=F
2019-09-12,98.7249984741211,Cattle,LE=F
2019-09-13,98.07499694824219,Cattle,LE=F
2019-09-16,98,Cattle,LE=F
2019-09-17,99.3499984741211,Cattle,LE=F
2019-09-18,100.375,Cattle,LE=F
2019-09-19,99.80000305175781,Cattle,LE=F
2019-09-20,99.3499984741211,Cattle,LE=F
2019-09-23,101.8499984741211,Cattle,LE=F
2019-09-24,102.125,Cattle,LE=F
2019-09-25,103,Cattle,LE=F
2019-09-26,102.94999694824219,Cattle,LE=F
2019-09-27,105.0250015258789,Cattle,LE=F
2019-09-30,104.57499694824219,Cattle,LE=F
2019-10-01,104.625,Cattle,LE=F
2019-10-02,106.05000305175781,Cattle,LE=F
2019-10-03,106.80000305175781,Cattle,LE=F
2019-10-04,107.3499984741211,Cattle,LE=F
2019-10-07,108.25,Cattle,LE=F
2019-10-08,108.17500305175781,Cattle,LE=F
2019-10-09,108.4749984741211,Cattle,LE=F
2019-10-10,108.7249984741211,Cattle,LE=F
2019-10-11,109.44999694824219,Cattle,LE=F
2019-10-14,110.625,Cattle,LE=F
2019-10-15,111,Cattle,LE=F
2019-10-16,112.3499984741211,Cattle,LE=F
2019-10-17,112.4000015258789,Cattle,LE=F
2019-10-18,110.4749984741211,Cattle,LE=F
2019-10-21,110.94999694824219,Cattle,LE=F
2019-10-22,109.875,Cattle,LE=F
2019-10-23,110.19999694824219,Cattle,LE=F
2019-10-24,110.42500305175781,Cattle,LE=F
2019-10-25,111.9749984741211,Cattle,LE=F
2019-10-28,112.875,Cattle,LE=F
2019-10-29,113.3499984741211,Cattle,LE=F
2019-10-30,113.375,Cattle,LE=F
2019-10-31,111.67500305175781,Cattle,LE=F
2019-11-01,119.5250015258789,Cattle,LE=F
2019-11-04,120.07499694824219,Cattle,LE=F
2019-11-05,119.44999694824219,Cattle,LE=F
2019-11-06,119,Cattle,LE=F
2019-11-07,119,Cattle,LE=F
2019-11-08,119.25,Cattle,LE=F
2019-11-11,119.875,Cattle,LE=F
2019-11-12,119.75,Cattle,LE=F
2019-11-13,118.0999984741211,Cattle,LE=F
2019-11-14,119.07499694824219,Cattle,LE=F
2019-11-15,119.0999984741211,Cattle,LE=F
2019-11-18,118.69999694824219,Cattle,LE=F
2019-11-19,118.7750015258789,Cattle,LE=F
2019-11-20,119.30000305175781,Cattle,LE=F
2019-11-21,119.32499694824219,Cattle,LE=F
2019-11-22,118.67500305175781,Cattle,LE=F
2019-11-25,119.69999694824219,Cattle,LE=F
2019-11-26,120.4000015258789,Cattle,LE=F
2019-11-27,121.42500305175781,Cattle,LE=F
2019-11-29,121.19999694824219,Cattle,LE=F
2019-12-02,120.75,Cattle,LE=F
2019-12-03,120.55000305175781,Cattle,LE=F
2019-12-04,119.44999694824219,Cattle,LE=F
2019-12-05,119.92500305175781,Cattle,LE=F
2019-12-06,120.19999694824219,Cattle,LE=F
2019-12-09,120.17500305175781,Cattle,LE=F
2019-12-10,119.875,Cattle,LE=F
2019-12-11,120.57499694824219,Cattle,LE=F
2019-12-12,120.42500305175781,Cattle,LE=F
2019-12-13,122.375,Cattle,LE=F
2019-12-16,122.30000305175781,Cattle,LE=F
2019-12-17,122.2249984741211,Cattle,LE=F
2019-12-18,122.25,Cattle,LE=F
2019-12-19,122.125,Cattle,LE=F
2019-12-20,122.2249984741211,Cattle,LE=F
2019-12-23,122.4000015258789,Cattle,LE=F
2019-12-24,122.6500015258789,Cattle,LE=F
2019-12-26,123.2750015258789,Cattle,LE=F
2019-12-27,123.5,Cattle,LE=F
2019-12-30,124.0999984741211,Cattle,LE=F
2019-12-31,124.69999694824219,Cattle,LE=F
2020-01-02,125.7750015258789,Cattle,LE=F
2020-01-03,124.7249984741211,Cattle,LE=F
2020-01-06,127.2750015258789,Cattle,LE=F
2020-01-07,126.5250015258789,Cattle,LE=F
2020-01-08,126.3499984741211,Cattle,LE=F
2020-01-09,126.7249984741211,Cattle,LE=F
2020-01-10,127.42500305175781,Cattle,LE=F
2020-01-13,126.55000305175781,Cattle,LE=F
2020-01-14,126.8499984741211,Cattle,LE=F
2020-01-15,126.5999984741211,Cattle,LE=F
2020-01-16,126.125,Cattle,LE=F
2020-01-17,126.3499984741211,Cattle,LE=F
2020-01-21,126.375,Cattle,LE=F
2020-01-22,126.17500305175781,Cattle,LE=F
2020-01-23,124.67500305175781,Cattle,LE=F
2020-01-24,124.8499984741211,Cattle,LE=F
2020-01-27,122.25,Cattle,LE=F
2020-01-28,122.1500015258789,Cattle,LE=F
2020-01-29,121.75,Cattle,LE=F
2020-01-30,121.7750015258789,Cattle,LE=F
2020-01-31,121.375,Cattle,LE=F
2020-02-03,121.67500305175781,Cattle,LE=F
2020-02-04,121.625,Cattle,LE=F
2020-02-05,120.75,Cattle,LE=F
2020-02-06,121.125,Cattle,LE=F
2020-02-07,121.32499694824219,Cattle,LE=F
2020-02-10,120.30000305175781,Cattle,LE=F
2020-02-11,119.07499694824219,Cattle,LE=F
2020-02-12,118.94999694824219,Cattle,LE=F
2020-02-13,119.44999694824219,Cattle,LE=F
2020-02-14,120.82499694824219,Cattle,LE=F
2020-02-18,121.42500305175781,Cattle,LE=F
2020-02-19,121.30000305175781,Cattle,LE=F
2020-02-20,120.0999984741211,Cattle,LE=F
2020-02-21,119.7249984741211,Cattle,LE=F
2020-02-24,117,Cattle,LE=F
2020-02-25,115.0250015258789,Cattle,LE=F
2020-02-26,114.07499694824219,Cattle,LE=F
2020-02-27,112.625,Cattle,LE=F
2020-02-28,112.69999694824219,Cattle,LE=F
2020-03-02,110.1500015258789,Cattle,LE=F
2020-03-03,110.0999984741211,Cattle,LE=F
2020-03-04,111.2750015258789,Cattle,LE=F
2020-03-05,108.6500015258789,Cattle,LE=F
2020-03-06,105.75,Cattle,LE=F
2020-03-09,102.8499984741211,Cattle,LE=F
2020-03-10,105.44999694824219,Cattle,LE=F
2020-03-11,103.07499694824219,Cattle,LE=F
2020-03-12,100.07499694824219,Cattle,LE=F
2020-03-13,95.57499694824219,Cattle,LE=F
2020-03-16,91.8499984741211,Cattle,LE=F
2020-03-17,96.3499984741211,Cattle,LE=F
2020-03-18,92.0999984741211,Cattle,LE=F
2020-03-19,95.0999984741211,Cattle,LE=F
2020-03-20,98.6500015258789,Cattle,LE=F
2020-03-23,101.6500015258789,Cattle,LE=F
2020-03-24,106.1500015258789,Cattle,LE=F
2020-03-25,108.44999694824219,Cattle,LE=F
2020-03-26,105.44999694824219,Cattle,LE=F
2020-03-27,100.94999694824219,Cattle,LE=F
2020-03-30,99.19999694824219,Cattle,LE=F
2020-03-31,101.82499694824219,Cattle,LE=F
2020-04-01,97.32499694824219,Cattle,LE=F
2020-04-02,92.82499694824219,Cattle,LE=F
2020-04-03,88.32499694824219,Cattle,LE=F
2020-04-06,83.82499694824219,Cattle,LE=F
2020-04-07,88.32499694824219,Cattle,LE=F
2020-04-08,92.82499694824219,Cattle,LE=F
2020-04-09,94,Cattle,LE=F
2020-04-13,91,Cattle,LE=F
2020-04-14,93.69999694824219,Cattle,LE=F
2020-04-15,94.7249984741211,Cattle,LE=F
2020-04-16,95.5,Cattle,LE=F
2020-04-17,94.6500015258789,Cattle,LE=F
2020-04-20,93.5250015258789,Cattle,LE=F
2020-04-21,91.5999984741211,Cattle,LE=F
2020-04-22,88.94999694824219,Cattle,LE=F
2020-04-23,85.94999694824219,Cattle,LE=F
2020-04-24,84.9749984741211,Cattle,LE=F
2020-04-27,84.80000305175781,Cattle,LE=F
2020-04-28,85.5250015258789,Cattle,LE=F
2020-04-29,85.5999984741211,Cattle,LE=F
2020-04-30,90,Cattle,LE=F
2020-05-01,87.25,Cattle,LE=F
2020-05-04,88.07499694824219,Cattle,LE=F
2020-05-05,86.4749984741211,Cattle,LE=F
2020-05-06,89.4749984741211,Cattle,LE=F
2020-05-07,93.9749984741211,Cattle,LE=F
2020-05-08,94.6500015258789,Cattle,LE=F
2020-05-11,92.67500305175781,Cattle,LE=F
2020-05-12,97.17500305175781,Cattle,LE=F
2020-05-13,93.875,Cattle,LE=F
2020-05-14,94.125,Cattle,LE=F
2020-05-15,97,Cattle,LE=F
2020-05-18,98.7249984741211,Cattle,LE=F
2020-05-19,98.7750015258789,Cattle,LE=F
2020-05-20,98.4000015258789,Cattle,LE=F
2020-05-21,98.80000305175781,Cattle,LE=F
2020-05-22,97.69999694824219,Cattle,LE=F
2020-05-26,99.4000015258789,Cattle,LE=F
2020-05-27,100.80000305175781,Cattle,LE=F
2020-05-28,101.4749984741211,Cattle,LE=F
2020-05-29,99.7249984741211,Cattle,LE=F
2020-06-01,98.30000305175781,Cattle,LE=F
2020-06-02,95.30000305175781,Cattle,LE=F
2020-06-03,95.44999694824219,Cattle,LE=F
2020-06-04,95.7249984741211,Cattle,LE=F
2020-06-05,93.9000015258789,Cattle,LE=F
2020-06-08,94.125,Cattle,LE=F
2020-06-09,96.32499694824219,Cattle,LE=F
2020-06-10,96.5999984741211,Cattle,LE=F
2020-06-11,96.82499694824219,Cattle,LE=F
2020-06-12,96.07499694824219,Cattle,LE=F
2020-06-15,96.07499694824219,Cattle,LE=F
2020-06-16,96.32499694824219,Cattle,LE=F
2020-06-17,96.5,Cattle,LE=F
2020-06-18,96.07499694824219,Cattle,LE=F
2020-06-19,94.69999694824219,Cattle,LE=F
2020-06-22,94.4000015258789,Cattle,LE=F
2020-06-23,93.5250015258789,Cattle,LE=F
2020-06-24,93.30000305175781,Cattle,LE=F
2020-06-25,94.17500305175781,Cattle,LE=F
2020-06-26,94.69999694824219,Cattle,LE=F
2020-06-29,95,Cattle,LE=F
2020-06-30,91.6500015258789,Cattle,LE=F
2020-07-01,97.30000305175781,Cattle,LE=F
2020-07-02,99.4000015258789,Cattle,LE=F
2020-07-06,100.0999984741211,Cattle,LE=F
2020-07-07,100,Cattle,LE=F
2020-07-08,99.1500015258789,Cattle,LE=F
2020-07-09,99.25,Cattle,LE=F
2020-07-10,100,Cattle,LE=F
2020-07-13,99.6500015258789,Cattle,LE=F
2020-07-14,98.80000305175781,Cattle,LE=F
2020-07-15,101.30000305175781,Cattle,LE=F
2020-07-16,103.2750015258789,Cattle,LE=F
2020-07-17,103.2750015258789,Cattle,LE=F
2020-07-20,102.2750015258789,Cattle,LE=F
2020-07-21,101.8499984741211,Cattle,LE=F
2020-07-22,101.5,Cattle,LE=F
2020-07-23,100.8499984741211,Cattle,LE=F
2020-07-24,101.32499694824219,Cattle,LE=F
2020-07-27,100.42500305175781,Cattle,LE=F
2020-07-28,100.9000015258789,Cattle,LE=F
2020-07-29,101.44999694824219,Cattle,LE=F
2020-07-30,101.7249984741211,Cattle,LE=F
2020-07-31,102.82499694824219,Cattle,LE=F
2020-08-03,103.0250015258789,Cattle,LE=F
2020-08-04,102.2750015258789,Cattle,LE=F
2020-08-05,102.30000305175781,Cattle,LE=F
2020-08-06,102.625,Cattle,LE=F
2020-08-07,102.80000305175781,Cattle,LE=F
2020-08-10,103.5999984741211,Cattle,LE=F
2020-08-11,104.6500015258789,Cattle,LE=F
2020-08-12,106.3499984741211,Cattle,LE=F
2020-08-13,107.05000305175781,Cattle,LE=F
2020-08-14,107.5999984741211,Cattle,LE=F
2020-08-17,106.9000015258789,Cattle,LE=F
2020-08-18,106.7249984741211,Cattle,LE=F
2020-08-19,107.4749984741211,Cattle,LE=F
2020-08-20,107.0250015258789,Cattle,LE=F
2020-08-21,105.80000305175781,Cattle,LE=F
2020-08-24,105.57499694824219,Cattle,LE=F
2020-08-25,105.5,Cattle,LE=F
2020-08-26,104.05000305175781,Cattle,LE=F
2020-08-27,102.9749984741211,Cattle,LE=F
2020-08-28,103.2249984741211,Cattle,LE=F
2020-08-31,104.5,Cattle,LE=F
2020-09-01,105.4749984741211,Cattle,LE=F
2020-09-02,104.4749984741211,Cattle,LE=F
2020-09-03,103.92500305175781,Cattle,LE=F
2020-09-04,104.44999694824219,Cattle,LE=F
2020-09-08,105.7750015258789,Cattle,LE=F
2020-09-09,104.69999694824219,Cattle,LE=F
2020-09-10,105.0999984741211,Cattle,LE=F
2020-09-11,105.5250015258789,Cattle,LE=F
2020-09-14,106.875,Cattle,LE=F
2020-09-15,107.0999984741211,Cattle,LE=F
2020-09-16,106.7249984741211,Cattle,LE=F
2020-09-17,106.7750015258789,Cattle,LE=F
2020-09-18,107.3499984741211,Cattle,LE=F
2020-09-21,106.69999694824219,Cattle,LE=F
2020-09-22,106.4749984741211,Cattle,LE=F
2020-09-23,107.1500015258789,Cattle,LE=F
2020-09-24,108.0250015258789,Cattle,LE=F
2020-09-25,107.57499694824219,Cattle,LE=F
2020-09-28,107.94999694824219,Cattle,LE=F
2020-09-29,108.9000015258789,Cattle,LE=F
2020-09-30,108.55000305175781,Cattle,LE=F
2020-10-01,108.5250015258789,Cattle,LE=F
2020-10-02,108.17500305175781,Cattle,LE=F
2020-10-05,108.82499694824219,Cattle,LE=F
2020-10-06,109.19999694824219,Cattle,LE=F
2020-10-07,110.17500305175781,Cattle,LE=F
2020-10-08,109.69999694824219,Cattle,LE=F
2020-10-09,109.875,Cattle,LE=F
2020-10-12,108.3499984741211,Cattle,LE=F
2020-10-13,108.82499694824219,Cattle,LE=F
2020-10-14,108.375,Cattle,LE=F
2020-10-15,107.7750015258789,Cattle,LE=F
2020-10-16,107.1500015258789,Cattle,LE=F
2020-10-19,104,Cattle,LE=F
2020-10-20,104.125,Cattle,LE=F
2020-10-21,103.6500015258789,Cattle,LE=F
2020-10-22,103.32499694824219,Cattle,LE=F
2020-10-23,103.3499984741211,Cattle,LE=F
2020-10-26,103.9749984741211,Cattle,LE=F
2020-10-27,104.8499984741211,Cattle,LE=F
2020-10-28,105.8499984741211,Cattle,LE=F
2020-10-29,106.2750015258789,Cattle,LE=F
2020-10-30,105.9749984741211,Cattle,LE=F
2020-11-02,108.55000305175781,Cattle,LE=F
2020-11-03,107.82499694824219,Cattle,LE=F
2020-11-04,107.875,Cattle,LE=F
2020-11-05,108.3499984741211,Cattle,LE=F
2020-11-06,108.6500015258789,Cattle,LE=F
2020-11-09,111.82499694824219,Cattle,LE=F
2020-11-10,111.875,Cattle,LE=F
2020-11-11,112.4000015258789,Cattle,LE=F
2020-11-12,111.9749984741211,Cattle,LE=F
2020-11-13,109.92500305175781,Cattle,LE=F
2020-11-16,110.42500305175781,Cattle,LE=F
2020-11-17,111.32499694824219,Cattle,LE=F
2020-11-18,110.6500015258789,Cattle,LE=F
2020-11-19,108.25,Cattle,LE=F
2020-11-20,108.0999984741211,Cattle,LE=F
2020-11-23,110,Cattle,LE=F
2020-11-24,111.17500305175781,Cattle,LE=F
2020-11-25,111.375,Cattle,LE=F
2020-11-27,110.625,Cattle,LE=F
2020-11-30,110.17500305175781,Cattle,LE=F
2020-12-01,110.625,Cattle,LE=F
2020-12-02,110.69999694824219,Cattle,LE=F
2020-12-03,109.5999984741211,Cattle,LE=F
2020-12-04,108.875,Cattle,LE=F
2020-12-07,108,Cattle,LE=F
2020-12-08,107.8499984741211,Cattle,LE=F
2020-12-09,107.375,Cattle,LE=F
2020-12-10,107.92500305175781,Cattle,LE=F
2020-12-11,108.75,Cattle,LE=F
2020-12-14,109.0999984741211,Cattle,LE=F
2020-12-15,108.5999984741211,Cattle,LE=F
2020-12-16,108.7750015258789,Cattle,LE=F
2020-12-17,109.3499984741211,Cattle,LE=F
2020-12-18,110.4749984741211,Cattle,LE=F
2020-12-21,110.5999984741211,Cattle,LE=F
2020-12-22,110.32499694824219,Cattle,LE=F
2020-12-23,111.92500305175781,Cattle,LE=F
2020-12-24,112.1500015258789,Cattle,LE=F
2020-12-28,113.05000305175781,Cattle,LE=F
2020-12-29,112.05000305175781,Cattle,LE=F
2020-12-30,112.125,Cattle,LE=F
2020-12-31,112.94999694824219,Cattle,LE=F
2021-01-04,112.30000305175781,Cattle,LE=F
2021-01-05,115.05000305175781,Cattle,LE=F
2021-01-06,115,Cattle,LE=F
2021-01-07,114.9749984741211,Cattle,LE=F
2021-01-08,114.4749984741211,Cattle,LE=F
2021-01-11,113.4000015258789,Cattle,LE=F
2021-01-12,112.4749984741211,Cattle,LE=F
2021-01-13,112.25,Cattle,LE=F
2021-01-14,112.07499694824219,Cattle,LE=F
2021-01-15,112.7750015258789,Cattle,LE=F
2021-01-19,113.32499694824219,Cattle,LE=F
2021-01-20,113.3499984741211,Cattle,LE=F
2021-01-21,114.0999984741211,Cattle,LE=F
2021-01-22,116.7249984741211,Cattle,LE=F
2021-01-25,116.5250015258789,Cattle,LE=F
2021-01-26,117,Cattle,LE=F
2021-01-27,116.44999694824219,Cattle,LE=F
2021-01-28,116,Cattle,LE=F
2021-01-29,115.05000305175781,Cattle,LE=F
2021-02-01,114.875,Cattle,LE=F
2021-02-02,115.9749984741211,Cattle,LE=F
2021-02-03,115.4749984741211,Cattle,LE=F
2021-02-04,116.44999694824219,Cattle,LE=F
2021-02-05,116.7249984741211,Cattle,LE=F
2021-02-08,116.57499694824219,Cattle,LE=F
2021-02-09,117.44999694824219,Cattle,LE=F
2021-02-10,116.125,Cattle,LE=F
2021-02-11,115.32499694824219,Cattle,LE=F
2021-02-12,117.19999694824219,Cattle,LE=F
2021-02-16,116.1500015258789,Cattle,LE=F
2021-02-17,115.30000305175781,Cattle,LE=F
2021-02-18,115.125,Cattle,LE=F
2021-02-19,115.92500305175781,Cattle,LE=F
2021-02-22,115.7249984741211,Cattle,LE=F
2021-02-23,115.625,Cattle,LE=F
2021-02-24,116.57499694824219,Cattle,LE=F
2021-02-25,117,Cattle,LE=F
2021-02-26,113.0999984741211,Cattle,LE=F
2021-03-01,118.9749984741211,Cattle,LE=F
2021-03-02,119.42500305175781,Cattle,LE=F
2021-03-03,119.4000015258789,Cattle,LE=F
2021-03-04,118.55000305175781,Cattle,LE=F
2021-03-05,119.0250015258789,Cattle,LE=F
2021-03-08,119.3499984741211,Cattle,LE=F
2021-03-09,119.6500015258789,Cattle,LE=F
2021-03-10,118.7750015258789,Cattle,LE=F
2021-03-11,118.5250015258789,Cattle,LE=F
2021-03-12,119,Cattle,LE=F
2021-03-15,119.125,Cattle,LE=F
2021-03-16,118.19999694824219,Cattle,LE=F
2021-03-17,119.42500305175781,Cattle,LE=F
2021-03-18,118.57499694824219,Cattle,LE=F
2021-03-19,118.4000015258789,Cattle,LE=F
2021-03-22,118.7750015258789,Cattle,LE=F
2021-03-23,119.125,Cattle,LE=F
2021-03-24,119.125,Cattle,LE=F
2021-03-25,119.55000305175781,Cattle,LE=F
2021-03-26,120.0999984741211,Cattle,LE=F
2021-03-29,120.9749984741211,Cattle,LE=F
2021-03-30,120.9749984741211,Cattle,LE=F
2021-03-31,120.9749984741211,Cattle,LE=F
2021-04-01,120.0250015258789,Cattle,LE=F
2021-04-05,121.375,Cattle,LE=F
2021-04-06,122.7249984741211,Cattle,LE=F
2021-04-07,123.1500015258789,Cattle,LE=F
2021-04-08,124.1500015258789,Cattle,LE=F
2021-04-09,123.42500305175781,Cattle,LE=F
2021-04-12,122.7249984741211,Cattle,LE=F
2021-04-13,122.4000015258789,Cattle,LE=F
2021-04-14,122.0999984741211,Cattle,LE=F
2021-04-15,121.5999984741211,Cattle,LE=F
2021-04-16,120.8499984741211,Cattle,LE=F
2021-04-19,120.3499984741211,Cattle,LE=F
2021-04-20,120.57499694824219,Cattle,LE=F
2021-04-21,119.7750015258789,Cattle,LE=F
2021-04-22,118.32499694824219,Cattle,LE=F
2021-04-23,117.8499984741211,Cattle,LE=F
2021-04-26,118.5,Cattle,LE=F
2021-04-27,118.375,Cattle,LE=F
2021-04-28,118.94999694824219,Cattle,LE=F
2021-04-29,119.4749984741211,Cattle,LE=F
2021-04-30,116,Cattle,LE=F
2021-05-03,115.30000305175781,Cattle,LE=F
2021-05-04,113.0250015258789,Cattle,LE=F
2021-05-05,114.42500305175781,Cattle,LE=F
2021-05-06,115.4749984741211,Cattle,LE=F
2021-05-07,116.0250015258789,Cattle,LE=F
2021-05-10,118.2249984741211,Cattle,LE=F
2021-05-11,118.625,Cattle,LE=F
2021-05-12,118.5999984741211,Cattle,LE=F
2021-05-13,115.5999984741211,Cattle,LE=F
2021-05-14,115.30000305175781,Cattle,LE=F
2021-05-17,115.3499984741211,Cattle,LE=F
2021-05-18,116.75,Cattle,LE=F
2021-05-19,116.9000015258789,Cattle,LE=F
2021-05-20,116.5999984741211,Cattle,LE=F
2021-05-21,117.67500305175781,Cattle,LE=F
2021-05-24,116.75,Cattle,LE=F
2021-05-25,116.7249984741211,Cattle,LE=F
2021-05-26,116.44999694824219,Cattle,LE=F
2021-05-27,116.3499984741211,Cattle,LE=F
2021-05-28,115.875,Cattle,LE=F
2021-06-01,113.55000305175781,Cattle,LE=F
2021-06-02,117.125,Cattle,LE=F
2021-06-03,116.7750015258789,Cattle,LE=F
2021-06-04,116.82499694824219,Cattle,LE=F
2021-06-07,116.2249984741211,Cattle,LE=F
2021-06-08,116.7249984741211,Cattle,LE=F
2021-06-09,117.4000015258789,Cattle,LE=F
2021-06-10,117.57499694824219,Cattle,LE=F
2021-06-11,118.69999694824219,Cattle,LE=F
2021-06-14,119.375,Cattle,LE=F
2021-06-15,121.2249984741211,Cattle,LE=F
2021-06-16,122.30000305175781,Cattle,LE=F
2021-06-17,120.0999984741211,Cattle,LE=F
2021-06-18,121.05000305175781,Cattle,LE=F
2021-06-21,120.9749984741211,Cattle,LE=F
2021-06-22,123.0999984741211,Cattle,LE=F
2021-06-23,122.5,Cattle,LE=F
2021-06-24,122.82499694824219,Cattle,LE=F
2021-06-25,122.82499694824219,Cattle,LE=F
2021-06-28,122.0999984741211,Cattle,LE=F
2021-06-29,122.55000305175781,Cattle,LE=F
2021-06-30,122.5,Cattle,LE=F
2021-07-01,123.57499694824219,Cattle,LE=F
2021-07-02,122,Cattle,LE=F
2021-07-06,122.4000015258789,Cattle,LE=F
2021-07-07,120.5999984741211,Cattle,LE=F
2021-07-08,119.2750015258789,Cattle,LE=F
2021-07-09,119.2249984741211,Cattle,LE=F
2021-07-12,119.82499694824219,Cattle,LE=F
2021-07-13,121.75,Cattle,LE=F
2021-07-14,121.25,Cattle,LE=F
2021-07-15,121.125,Cattle,LE=F
2021-07-16,120.17500305175781,Cattle,LE=F
2021-07-19,120.25,Cattle,LE=F
2021-07-20,119.7750015258789,Cattle,LE=F
2021-07-21,120.05000305175781,Cattle,LE=F
2021-07-22,120.80000305175781,Cattle,LE=F
2021-07-23,121.5,Cattle,LE=F
2021-07-26,123.44999694824219,Cattle,LE=F
2021-07-27,122.92500305175781,Cattle,LE=F
2021-07-28,123.07499694824219,Cattle,LE=F
2021-07-29,122.5,Cattle,LE=F
2021-07-30,122.07499694824219,Cattle,LE=F
2021-08-02,122.125,Cattle,LE=F
2021-08-03,123.25,Cattle,LE=F
2021-08-04,124.05000305175781,Cattle,LE=F
2021-08-05,122.57499694824219,Cattle,LE=F
2021-08-06,123,Cattle,LE=F
2021-08-09,123,Cattle,LE=F
2021-08-10,123.6500015258789,Cattle,LE=F
2021-08-11,122.94999694824219,Cattle,LE=F
2021-08-12,123.1500015258789,Cattle,LE=F
2021-08-13,122.75,Cattle,LE=F
2021-08-16,123.5250015258789,Cattle,LE=F
2021-08-17,123.30000305175781,Cattle,LE=F
2021-08-18,124.0250015258789,Cattle,LE=F
2021-08-19,123.4000015258789,Cattle,LE=F
2021-08-20,124.2750015258789,Cattle,LE=F
2021-08-23,126.44999694824219,Cattle,LE=F
2021-08-24,125.80000305175781,Cattle,LE=F
2021-08-25,124.42500305175781,Cattle,LE=F
2021-08-26,123.2750015258789,Cattle,LE=F
2021-08-27,122,Cattle,LE=F
2021-08-30,120.25,Cattle,LE=F
2021-08-31,118.94999694824219,Cattle,LE=F
2021-09-01,127.57499694824219,Cattle,LE=F
2021-09-02,126.05000305175781,Cattle,LE=F
2021-09-03,124.80000305175781,Cattle,LE=F
2021-09-07,123.75,Cattle,LE=F
2021-09-08,123.0999984741211,Cattle,LE=F
2021-09-09,123.75,Cattle,LE=F
2021-09-10,123.42500305175781,Cattle,LE=F
2021-09-13,122.2750015258789,Cattle,LE=F
2021-09-14,124.125,Cattle,LE=F
2021-09-15,124.17500305175781,Cattle,LE=F
2021-09-16,123.5999984741211,Cattle,LE=F
2021-09-17,122.80000305175781,Cattle,LE=F
2021-09-20,122.7750015258789,Cattle,LE=F
2021-09-21,122.44999694824219,Cattle,LE=F
2021-09-22,123.2750015258789,Cattle,LE=F
2021-09-23,123.2249984741211,Cattle,LE=F
2021-09-24,122.92500305175781,Cattle,LE=F
2021-09-27,122.4000015258789,Cattle,LE=F
2021-09-28,122,Cattle,LE=F
2021-09-29,121.7750015258789,Cattle,LE=F
2021-09-30,120.57499694824219,Cattle,LE=F
2021-10-01,120.4000015258789,Cattle,LE=F
2021-10-04,122.625,Cattle,LE=F
2021-10-05,122.82499694824219,Cattle,LE=F
2021-10-06,123.82499694824219,Cattle,LE=F
2021-10-07,125.2750015258789,Cattle,LE=F
2021-10-08,125.57499694824219,Cattle,LE=F
2021-10-11,125.625,Cattle,LE=F
2021-10-12,125.0250015258789,Cattle,LE=F
2021-10-13,124.7750015258789,Cattle,LE=F
2021-10-14,125.75,Cattle,LE=F
2021-10-15,125.9749984741211,Cattle,LE=F
2021-10-18,125.44999694824219,Cattle,LE=F
2021-10-19,125,Cattle,LE=F
2021-10-20,125.94999694824219,Cattle,LE=F
2021-10-21,124.9749984741211,Cattle,LE=F
2021-10-22,124.0999984741211,Cattle,LE=F
2021-10-25,125.0250015258789,Cattle,LE=F
2021-10-26,126.82499694824219,Cattle,LE=F
2021-10-27,127.2249984741211,Cattle,LE=F
2021-10-28,124.5,Cattle,LE=F
2021-10-29,127.375,Cattle,LE=F
2021-11-01,128.85000610351563,Cattle,LE=F
2021-11-02,129.9499969482422,Cattle,LE=F
2021-11-03,131.64999389648438,Cattle,LE=F
2021-11-04,130.625,Cattle,LE=F
2021-11-05,131.8000030517578,Cattle,LE=F
2021-11-08,132.10000610351563,Cattle,LE=F
2021-11-09,132.1999969482422,Cattle,LE=F
2021-11-10,132,Cattle,LE=F
2021-11-11,131.875,Cattle,LE=F
2021-11-12,132.125,Cattle,LE=F
2021-11-15,131.77499389648438,Cattle,LE=F
2021-11-16,131.72500610351563,Cattle,LE=F
2021-11-17,132.22500610351563,Cattle,LE=F
2021-11-18,133.14999389648438,Cattle,LE=F
2021-11-19,133.52499389648438,Cattle,LE=F
2021-11-22,134.4250030517578,Cattle,LE=F
2021-11-23,135.39999389648438,Cattle,LE=F
2021-11-24,137.89999389648438,Cattle,LE=F
2021-11-26,138.10000610351563,Cattle,LE=F
2021-11-29,136.9250030517578,Cattle,LE=F
2021-11-30,135.875,Cattle,LE=F
2021-12-01,136,Cattle,LE=F
2021-12-02,137.64999389648438,Cattle,LE=F
2021-12-03,137.6750030517578,Cattle,LE=F
2021-12-06,138.1750030517578,Cattle,LE=F
2021-12-07,138.22500610351563,Cattle,LE=F
2021-12-08,137.5500030517578,Cattle,LE=F
2021-12-09,136.72500610351563,Cattle,LE=F
2021-12-10,136.85000610351563,Cattle,LE=F
2021-12-13,136.9499969482422,Cattle,LE=F
2021-12-14,136.77499389648438,Cattle,LE=F
2021-12-15,135,Cattle,LE=F
2021-12-16,135.27499389648438,Cattle,LE=F
2021-12-17,134.75,Cattle,LE=F
2021-12-20,134.47500610351563,Cattle,LE=F
2021-12-21,135.52499389648438,Cattle,LE=F
2021-12-22,135.75,Cattle,LE=F
2021-12-23,137.0500030517578,Cattle,LE=F
2021-12-27,137.3000030517578,Cattle,LE=F
2021-12-28,138.47500610351563,Cattle,LE=F
2021-12-29,139.39999389648438,Cattle,LE=F
2021-12-30,139.0500030517578,Cattle,LE=F
2021-12-31,138.89999389648438,Cattle,LE=F
2022-01-03,138.9250030517578,Cattle,LE=F
2022-01-04,137.8249969482422,Cattle,LE=F
2022-01-05,137.25,Cattle,LE=F
2022-01-06,137.35000610351563,Cattle,LE=F
2022-01-07,137.3249969482422,Cattle,LE=F
2022-01-10,136.25,Cattle,LE=F
2022-01-11,137.6750030517578,Cattle,LE=F
2022-01-12,136.5749969482422,Cattle,LE=F
2022-01-13,137,Cattle,LE=F
2022-01-14,137.97500610351563,Cattle,LE=F
2022-01-18,137.6750030517578,Cattle,LE=F
2022-01-19,138.5500030517578,Cattle,LE=F
2022-01-20,138.3249969482422,Cattle,LE=F
2022-01-21,137.9250030517578,Cattle,LE=F
2022-01-24,136.3249969482422,Cattle,LE=F
2022-01-25,137.10000610351563,Cattle,LE=F
2022-01-26,138.0500030517578,Cattle,LE=F
2022-01-27,137.8249969482422,Cattle,LE=F
2022-01-28,138.6999969482422,Cattle,LE=F
2022-01-31,139.5749969482422,Cattle,LE=F
2022-02-01,140.3000030517578,Cattle,LE=F
2022-02-02,141.125,Cattle,LE=F
2022-02-03,141.60000610351563,Cattle,LE=F
2022-02-04,142.0500030517578,Cattle,LE=F
2022-02-07,141.8249969482422,Cattle,LE=F
2022-02-08,141.97500610351563,Cattle,LE=F
2022-02-09,142.89999389648438,Cattle,LE=F
2022-02-10,142.35000610351563,Cattle,LE=F
2022-02-11,141.875,Cattle,LE=F
2022-02-14,142.4250030517578,Cattle,LE=F
2022-02-15,142.89999389648438,Cattle,LE=F
2022-02-16,143.125,Cattle,LE=F
2022-02-17,143.39999389648438,Cattle,LE=F
2022-02-18,143.25,Cattle,LE=F
2022-02-22,143.75,Cattle,LE=F
2022-02-23,143.0500030517578,Cattle,LE=F
2022-02-24,140.52499389648438,Cattle,LE=F
2022-02-25,139.27499389648438,Cattle,LE=F
2022-02-28,140.5,Cattle,LE=F
2022-03-01,140.52499389648438,Cattle,LE=F
2022-03-02,140.10000610351563,Cattle,LE=F
2022-03-03,138.35000610351563,Cattle,LE=F
2022-03-04,135.77499389648438,Cattle,LE=F
2022-03-07,137.89999389648438,Cattle,LE=F
2022-03-08,139.0500030517578,Cattle,LE=F
2022-03-09,137.5749969482422,Cattle,LE=F
2022-03-10,135.89999389648438,Cattle,LE=F
2022-03-11,137.3000030517578,Cattle,LE=F
2022-03-14,140.3249969482422,Cattle,LE=F
2022-03-15,140.85000610351563,Cattle,LE=F
2022-03-16,139.35000610351563,Cattle,LE=F
2022-03-17,139.47500610351563,Cattle,LE=F
2022-03-18,140.5,Cattle,LE=F
2022-03-21,140.0500030517578,Cattle,LE=F
2022-03-22,139.4250030517578,Cattle,LE=F
2022-03-23,139.4250030517578,Cattle,LE=F
2022-03-24,139.6750030517578,Cattle,LE=F
2022-03-25,140.47500610351563,Cattle,LE=F
2022-03-28,140.3000030517578,Cattle,LE=F
2022-03-29,140.89999389648438,Cattle,LE=F
2022-03-30,140.1750030517578,Cattle,LE=F
2022-03-31,139.375,Cattle,LE=F
2022-04-01,138.64999389648438,Cattle,LE=F
2022-04-04,138,Cattle,LE=F
2022-04-05,136.8000030517578,Cattle,LE=F
2022-04-06,137.6999969482422,Cattle,LE=F
2022-04-07,138,Cattle,LE=F
2022-04-08,137.8249969482422,Cattle,LE=F
2022-04-11,138.52499389648438,Cattle,LE=F
2022-04-12,139.9499969482422,Cattle,LE=F
2022-04-13,140.625,Cattle,LE=F
2022-04-14,140.6750030517578,Cattle,LE=F
2022-04-18,140.47500610351563,Cattle,LE=F
2022-04-19,141.35000610351563,Cattle,LE=F
2022-04-20,143.0749969482422,Cattle,LE=F
2022-04-21,144.10000610351563,Cattle,LE=F
2022-04-22,142.4499969482422,Cattle,LE=F
2022-04-25,139.10000610351563,Cattle,LE=F
2022-04-26,140,Cattle,LE=F
2022-04-27,138.5,Cattle,LE=F
2022-04-28,138.5,Cattle,LE=F
2022-04-29,141.89999389648438,Cattle,LE=F
2022-05-02,135.1999969482422,Cattle,LE=F
2022-05-03,135.3249969482422,Cattle,LE=F
2022-05-04,134.8249969482422,Cattle,LE=F
2022-05-05,133.77499389648438,Cattle,LE=F
2022-05-06,132.75,Cattle,LE=F
2022-05-09,133.5500030517578,Cattle,LE=F
2022-05-10,132.39999389648438,Cattle,LE=F
2022-05-11,133.5749969482422,Cattle,LE=F
2022-05-12,131.64999389648438,Cattle,LE=F
2022-05-13,132.0749969482422,Cattle,LE=F
2022-05-16,133.1750030517578,Cattle,LE=F
2022-05-17,133,Cattle,LE=F
2022-05-18,131.5,Cattle,LE=F
2022-05-19,131.5,Cattle,LE=F
2022-05-20,131.5749969482422,Cattle,LE=F
2022-05-23,132.77499389648438,Cattle,LE=F
2022-05-24,132.72500610351563,Cattle,LE=F
2022-05-25,132.3000030517578,Cattle,LE=F
2022-05-26,132.39999389648438,Cattle,LE=F
2022-05-27,132.1750030517578,Cattle,LE=F
2022-05-31,130.52499389648438,Cattle,LE=F
2022-06-01,132.8000030517578,Cattle,LE=F
2022-06-02,133.625,Cattle,LE=F
2022-06-03,133.60000610351563,Cattle,LE=F
2022-06-06,132.8249969482422,Cattle,LE=F
2022-06-07,133.72500610351563,Cattle,LE=F
2022-06-08,136.8249969482422,Cattle,LE=F
2022-06-09,137.0500030517578,Cattle,LE=F
2022-06-10,136.1999969482422,Cattle,LE=F
2022-06-13,134,Cattle,LE=F
2022-06-14,135.1999969482422,Cattle,LE=F
2022-06-15,137.5500030517578,Cattle,LE=F
2022-06-16,137.75,Cattle,LE=F
2022-06-17,138.02499389648438,Cattle,LE=F
2022-06-21,137.8249969482422,Cattle,LE=F
2022-06-22,136.125,Cattle,LE=F
2022-06-23,135.25,Cattle,LE=F
2022-06-24,135.35000610351563,Cattle,LE=F
2022-06-27,136.25,Cattle,LE=F
2022-06-28,136.3000030517578,Cattle,LE=F
2022-06-29,136.8000030517578,Cattle,LE=F
2022-06-30,138,Cattle,LE=F
2022-07-01,134.60000610351563,Cattle,LE=F
2022-07-05,132.9250030517578,Cattle,LE=F
2022-07-06,134.5,Cattle,LE=F
2022-07-07,134.5500030517578,Cattle,LE=F
2022-07-08,133.9499969482422,Cattle,LE=F
2022-07-11,136.14999389648438,Cattle,LE=F
2022-07-12,136.6750030517578,Cattle,LE=F
2022-07-13,136.875,Cattle,LE=F
2022-07-14,135.39999389648438,Cattle,LE=F
2022-07-15,134.9250030517578,Cattle,LE=F
2022-07-18,135.625,Cattle,LE=F
2022-07-19,135.72500610351563,Cattle,LE=F
2022-07-20,135.75,Cattle,LE=F
2022-07-21,135.72500610351563,Cattle,LE=F
2022-07-22,137.375,Cattle,LE=F
2022-07-25,137.75,Cattle,LE=F
2022-07-26,136.875,Cattle,LE=F
2022-07-27,136.8000030517578,Cattle,LE=F
2022-07-28,136.1750030517578,Cattle,LE=F
2022-07-29,136.4499969482422,Cattle,LE=F
2022-08-01,136.77499389648438,Cattle,LE=F
2022-08-02,136.5749969482422,Cattle,LE=F
2022-08-03,137.89999389648438,Cattle,LE=F
2022-08-04,137.6999969482422,Cattle,LE=F
2022-08-05,137.875,Cattle,LE=F
2022-08-08,138.35000610351563,Cattle,LE=F
2022-08-09,137.97500610351563,Cattle,LE=F
2022-08-10,139.1999969482422,Cattle,LE=F
2022-08-11,140.60000610351563,Cattle,LE=F
2022-08-12,140.22500610351563,Cattle,LE=F
2022-08-15,139.75,Cattle,LE=F
2022-08-16,141.3000030517578,Cattle,LE=F
2022-08-17,141.75,Cattle,LE=F
2022-08-18,141.27499389648438,Cattle,LE=F
2022-08-19,141.60000610351563,Cattle,LE=F
2022-08-22,141.22500610351563,Cattle,LE=F
2022-08-23,141.625,Cattle,LE=F
2022-08-24,141.3249969482422,Cattle,LE=F
2022-08-25,141.10000610351563,Cattle,LE=F
2022-08-26,140.8000030517578,Cattle,LE=F
2022-08-29,141.5500030517578,Cattle,LE=F
2022-08-30,142.5,Cattle,LE=F
2022-08-31,141.5500030517578,Cattle,LE=F
2022-09-01,142.8000030517578,Cattle,LE=F
2022-09-02,144.5500030517578,Cattle,LE=F
2022-09-06,145.0500030517578,Cattle,LE=F
2022-09-07,144.25,Cattle,LE=F
2022-09-08,144.375,Cattle,LE=F
2022-09-09,145.6750030517578,Cattle,LE=F
2022-09-12,145.75,Cattle,LE=F
2022-09-13,144.8000030517578,Cattle,LE=F
2022-09-14,144.35000610351563,Cattle,LE=F
2022-09-15,145.625,Cattle,LE=F
2022-09-16,145.5,Cattle,LE=F
2022-09-19,145.72500610351563,Cattle,LE=F
2022-09-20,146.3000030517578,Cattle,LE=F
2022-09-21,145.875,Cattle,LE=F
2022-09-22,144.85000610351563,Cattle,LE=F
2022-09-23,144.25,Cattle,LE=F
2022-09-26,143.47500610351563,Cattle,LE=F
2022-09-27,143.5749969482422,Cattle,LE=F
2022-09-28,143.0500030517578,Cattle,LE=F
2022-09-29,144.125,Cattle,LE=F
2022-09-30,143.27499389648438,Cattle,LE=F
2022-10-03,144.3249969482422,Cattle,LE=F
2022-10-04,144.1999969482422,Cattle,LE=F
2022-10-05,144.6750030517578,Cattle,LE=F
2022-10-06,145.3249969482422,Cattle,LE=F
2022-10-07,145.3249969482422,Cattle,LE=F
2022-10-10,144.6999969482422,Cattle,LE=F
2022-10-11,145.8000030517578,Cattle,LE=F
2022-10-12,146.1750030517578,Cattle,LE=F
2022-10-13,146.4499969482422,Cattle,LE=F
2022-10-14,146.9499969482422,Cattle,LE=F
2022-10-17,147.875,Cattle,LE=F
2022-10-18,148.47500610351563,Cattle,LE=F
2022-10-19,149.35000610351563,Cattle,LE=F
2022-10-20,149.77499389648438,Cattle,LE=F
2022-10-21,150.47500610351563,Cattle,LE=F
2022-10-24,151.60000610351563,Cattle,LE=F
2022-10-25,151.6750030517578,Cattle,LE=F
2022-10-26,151.4499969482422,Cattle,LE=F
2022-10-27,151.39999389648438,Cattle,LE=F
2022-10-28,150.375,Cattle,LE=F
2022-10-31,146.77499389648438,Cattle,LE=F
2022-11-01,151.9499969482422,Cattle,LE=F
2022-11-02,151.39999389648438,Cattle,LE=F
2022-11-03,151.9499969482422,Cattle,LE=F
2022-11-04,151.64999389648438,Cattle,LE=F
2022-11-07,153.0500030517578,Cattle,LE=F
2022-11-08,153.0500030517578,Cattle,LE=F
2022-11-09,151.5749969482422,Cattle,LE=F
2022-11-10,153.0749969482422,Cattle,LE=F
2022-11-11,151.52499389648438,Cattle,LE=F
2022-11-14,151.5749969482422,Cattle,LE=F
2022-11-15,151.27499389648438,Cattle,LE=F
2022-11-16,151.8000030517578,Cattle,LE=F
2022-11-17,152.75,Cattle,LE=F
2022-11-18,153.0749969482422,Cattle,LE=F
2022-11-21,153.5500030517578,Cattle,LE=F
2022-11-22,153.8000030517578,Cattle,LE=F
2022-11-23,153.35000610351563,Cattle,LE=F
2022-11-25,153.0749969482422,Cattle,LE=F
2022-11-28,152.5749969482422,Cattle,LE=F
2022-11-29,152.6750030517578,Cattle,LE=F
2022-11-30,153.0749969482422,Cattle,LE=F
2022-12-01,153.0500030517578,Cattle,LE=F
2022-12-02,153.35000610351563,Cattle,LE=F
2022-12-05,153.22500610351563,Cattle,LE=F
2022-12-06,151.5500030517578,Cattle,LE=F
2022-12-07,151.9250030517578,Cattle,LE=F
2022-12-08,152.4250030517578,Cattle,LE=F
2022-12-09,153.6750030517578,Cattle,LE=F
2022-12-12,154.39999389648438,Cattle,LE=F
2022-12-13,154.89999389648438,Cattle,LE=F
2022-12-14,154.5,Cattle,LE=F
2022-12-15,154.0500030517578,Cattle,LE=F
2022-12-16,155.0500030517578,Cattle,LE=F
2022-12-19,155.27499389648438,Cattle,LE=F
2022-12-20,155.0500030517578,Cattle,LE=F
2022-12-21,156.125,Cattle,LE=F
2022-12-22,155.89999389648438,Cattle,LE=F
2022-12-23,156.89999389648438,Cattle,LE=F
2022-12-27,156.8249969482422,Cattle,LE=F
2022-12-28,157.4499969482422,Cattle,LE=F
2022-12-29,158.5,Cattle,LE=F
2022-12-30,154.8249969482422,Cattle,LE=F
2023-01-03,156.85000610351563,Cattle,LE=F
2023-01-04,157.27499389648438,Cattle,LE=F
2023-01-05,157.35000610351563,Cattle,LE=F
2023-01-06,156.77499389648438,Cattle,LE=F
2023-01-09,157.75,Cattle,LE=F
2023-01-10,157.75,Cattle,LE=F
2023-01-11,157.75,Cattle,LE=F
2023-01-12,157.5500030517578,Cattle,LE=F
2023-01-13,157.72500610351563,Cattle,LE=F
2023-01-17,157,Cattle,LE=F
2023-01-18,156.8000030517578,Cattle,LE=F
2023-01-19,155.9499969482422,Cattle,LE=F
2023-01-20,156.625,Cattle,LE=F
2023-01-23,157.47500610351563,Cattle,LE=F
2023-01-24,157.85000610351563,Cattle,LE=F
2023-01-25,157.60000610351563,Cattle,LE=F
2023-01-26,156.72500610351563,Cattle,LE=F
2023-01-27,156.72500610351563,Cattle,LE=F
2023-01-30,158.75,Cattle,LE=F
2023-01-31,158.85000610351563,Cattle,LE=F
2023-02-01,158.4250030517578,Cattle,LE=F
2023-02-02,159.75,Cattle,LE=F
2023-02-03,160.27499389648438,Cattle,LE=F
2023-02-06,160.8249969482422,Cattle,LE=F
2023-02-07,160.5749969482422,Cattle,LE=F
2023-02-08,160.8000030517578,Cattle,LE=F
2023-02-09,160.8249969482422,Cattle,LE=F
2023-02-10,161.1999969482422,Cattle,LE=F
2023-02-13,162.27499389648438,Cattle,LE=F
2023-02-14,162.14999389648438,Cattle,LE=F
2023-02-15,162.5500030517578,Cattle,LE=F
2023-02-16,162.77499389648438,Cattle,LE=F
2023-02-17,163.5749969482422,Cattle,LE=F
2023-02-21,164.75,Cattle,LE=F
2023-02-22,164.89999389648438,Cattle,LE=F
2023-02-23,165.14999389648438,Cattle,LE=F
2023-02-24,165.1999969482422,Cattle,LE=F
2023-02-27,165,Cattle,LE=F
2023-02-28,167.5,Cattle,LE=F
2023-03-01,165.125,Cattle,LE=F
2023-03-02,164.10000610351563,Cattle,LE=F
2023-03-03,165.4250030517578,Cattle,LE=F
2023-03-06,166.10000610351563,Cattle,LE=F
2023-03-07,165.97500610351563,Cattle,LE=F
2023-03-08,165.4499969482422,Cattle,LE=F
2023-03-09,164.8000030517578,Cattle,LE=F
2023-03-10,164.27499389648438,Cattle,LE=F
2023-03-13,163.5500030517578,Cattle,LE=F
2023-03-14,163.0500030517578,Cattle,LE=F
2023-03-15,161.5500030517578,Cattle,LE=F
2023-03-16,162.35000610351563,Cattle,LE=F
2023-03-17,162.3249969482422,Cattle,LE=F
2023-03-20,162.02499389648438,Cattle,LE=F
2023-03-21,162.4250030517578,Cattle,LE=F
2023-03-22,162.3000030517578,Cattle,LE=F
2023-03-23,162.14999389648438,Cattle,LE=F
2023-03-24,163,Cattle,LE=F
2023-03-27,164.89999389648438,Cattle,LE=F
2023-03-28,164.9499969482422,Cattle,LE=F
2023-03-29,165.8249969482422,Cattle,LE=F
2023-03-30,167.5500030517578,Cattle,LE=F
2023-03-31,168.35000610351563,Cattle,LE=F
2023-04-03,168.125,Cattle,LE=F
2023-04-04,167.60000610351563,Cattle,LE=F
2023-04-05,168.39999389648438,Cattle,LE=F
2023-04-06,171.0749969482422,Cattle,LE=F
2023-04-10,171.375,Cattle,LE=F
2023-04-11,172.3000030517578,Cattle,LE=F
2023-04-12,174.27499389648438,Cattle,LE=F
2023-04-13,175.5,Cattle,LE=F
2023-04-14,174.75,Cattle,LE=F
2023-04-17,175.75,Cattle,LE=F
2023-04-18,176.47500610351563,Cattle,LE=F
2023-04-19,175.4250030517578,Cattle,LE=F
2023-04-20,174.10000610351563,Cattle,LE=F
2023-04-21,173.97500610351563,Cattle,LE=F
2023-04-24,174.3000030517578,Cattle,LE=F
2023-04-25,174.3000030517578,Cattle,LE=F
2023-04-26,174.52499389648438,Cattle,LE=F
2023-04-27,175.4499969482422,Cattle,LE=F
2023-04-28,175.1750030517578,Cattle,LE=F
2023-05-01,164.875,Cattle,LE=F
2023-05-02,162.89999389648438,Cattle,LE=F
2023-05-03,161.64999389648438,Cattle,LE=F
2023-05-04,161.5749969482422,Cattle,LE=F
2023-05-05,161.9250030517578,Cattle,LE=F
2023-05-08,162.4250030517578,Cattle,LE=F
2023-05-09,163.9250030517578,Cattle,LE=F
2023-05-10,163,Cattle,LE=F
2023-05-11,162.9499969482422,Cattle,LE=F
2023-05-12,164.39999389648438,Cattle,LE=F
2023-05-15,164.3249969482422,Cattle,LE=F
2023-05-16,163.875,Cattle,LE=F
2023-05-17,164.8249969482422,Cattle,LE=F
2023-05-18,165.52499389648438,Cattle,LE=F
2023-05-19,165.72500610351563,Cattle,LE=F
2023-05-22,165.0500030517578,Cattle,LE=F
2023-05-23,164.27499389648438,Cattle,LE=F
2023-05-24,166.10000610351563,Cattle,LE=F
2023-05-25,167.3000030517578,Cattle,LE=F
2023-05-26,167.35000610351563,Cattle,LE=F
2023-05-30,168.875,Cattle,LE=F
2023-05-31,169.125,Cattle,LE=F
2023-06-01,174.89999389648438,Cattle,LE=F
2023-06-02,176.4250030517578,Cattle,LE=F
2023-06-05,177.14999389648438,Cattle,LE=F
2023-06-06,179.8249969482422,Cattle,LE=F
2023-06-07,179,Cattle,LE=F
2023-06-08,178.77499389648438,Cattle,LE=F
2023-06-09,178.22500610351563,Cattle,LE=F
2023-06-12,179.0749969482422,Cattle,LE=F
2023-06-13,179.4250030517578,Cattle,LE=F
2023-06-14,177.4499969482422,Cattle,LE=F
2023-06-15,177.5749969482422,Cattle,LE=F
2023-06-16,178.35000610351563,Cattle,LE=F
2023-06-20,177.125,Cattle,LE=F
2023-06-21,177.25,Cattle,LE=F
2023-06-22,177.64999389648438,Cattle,LE=F
2023-06-23,177.5,Cattle,LE=F
2023-06-26,177.6999969482422,Cattle,LE=F
2023-06-27,179.3000030517578,Cattle,LE=F
2023-06-28,179.625,Cattle,LE=F
2023-06-29,179.75,Cattle,LE=F
2023-06-30,181.5,Cattle,LE=F
2023-07-03,176.8249969482422,Cattle,LE=F
2023-07-05,174.9499969482422,Cattle,LE=F
2023-07-06,174.5749969482422,Cattle,LE=F
2023-07-07,177,Cattle,LE=F
2023-07-10,177.1999969482422,Cattle,LE=F
2023-07-11,178.8249969482422,Cattle,LE=F
2023-07-12,176.875,Cattle,LE=F
2023-07-13,176.89999389648438,Cattle,LE=F
2023-07-14,180.1750030517578,Cattle,LE=F
2023-07-17,180.125,Cattle,LE=F
2023-07-18,181.27499389648438,Cattle,LE=F
2023-07-19,181.3249969482422,Cattle,LE=F
2023-07-20,180.3249969482422,Cattle,LE=F
2023-07-21,180.02499389648438,Cattle,LE=F
2023-07-24,178.75,Cattle,LE=F
2023-07-25,178.3000030517578,Cattle,LE=F
2023-07-26,178.6750030517578,Cattle,LE=F
2023-07-27,178.0500030517578,Cattle,LE=F
2023-07-28,178.14999389648438,Cattle,LE=F
2023-07-31,178.0500030517578,Cattle,LE=F
2023-08-01,179.5,Cattle,LE=F
2023-08-02,178.02499389648438,Cattle,LE=F
2023-08-03,178.5,Cattle,LE=F
2023-08-04,180.89999389648438,Cattle,LE=F
2023-08-07,179.6999969482422,Cattle,LE=F
2023-08-08,179.6999969482422,Cattle,LE=F
2023-08-09,180.5749969482422,Cattle,LE=F
2023-08-10,181.10000610351563,Cattle,LE=F
2023-08-11,180.375,Cattle,LE=F
2023-08-14,179.75,Cattle,LE=F
2023-08-15,179.10000610351563,Cattle,LE=F
2023-08-16,178.77499389648438,Cattle,LE=F
2023-08-17,178.0500030517578,Cattle,LE=F
2023-08-18,178.52499389648438,Cattle,LE=F
2023-08-21,178.97500610351563,Cattle,LE=F
2023-08-22,177.9499969482422,Cattle,LE=F
2023-08-23,178.0500030517578,Cattle,LE=F
2023-08-24,179.85000610351563,Cattle,LE=F
2023-08-25,180.6750030517578,Cattle,LE=F
2023-08-28,180.6999969482422,Cattle,LE=F
2023-08-29,181,Cattle,LE=F
2023-08-30,178.8000030517578,Cattle,LE=F
2023-08-31,179.72500610351563,Cattle,LE=F
2023-09-01,180.14999389648438,Cattle,LE=F
2023-09-05,179.9499969482422,Cattle,LE=F
2023-09-06,182.6999969482422,Cattle,LE=F
2023-09-07,183.64999389648438,Cattle,LE=F
2023-09-08,183.22500610351563,Cattle,LE=F
2023-09-11,184.22500610351563,Cattle,LE=F
2023-09-12,184.14999389648438,Cattle,LE=F
2023-09-13,183.14999389648438,Cattle,LE=F
2023-09-14,185.47500610351563,Cattle,LE=F
2023-09-15,186.9250030517578,Cattle,LE=F
2023-09-18,186.3249969482422,Cattle,LE=F
2023-09-19,185.6750030517578,Cattle,LE=F
2023-09-20,186.77499389648438,Cattle,LE=F
2023-09-21,184.97500610351563,Cattle,LE=F
2023-09-22,187.0749969482422,Cattle,LE=F
2023-09-25,186.97500610351563,Cattle,LE=F
2023-09-26,184.8000030517578,Cattle,LE=F
2023-09-27,184.89999389648438,Cattle,LE=F
2023-09-28,186.5,Cattle,LE=F
2023-09-29,184.1999969482422,Cattle,LE=F
2023-10-02,184.4250030517578,Cattle,LE=F
2023-10-03,182.125,Cattle,LE=F
2023-10-04,182.1999969482422,Cattle,LE=F
2023-10-05,181.9499969482422,Cattle,LE=F
2023-10-06,183.0749969482422,Cattle,LE=F
2023-10-09,182.375,Cattle,LE=F
2023-10-10,182.5749969482422,Cattle,LE=F
2023-10-11,184.5,Cattle,LE=F
2023-10-12,185.39999389648438,Cattle,LE=F
2023-10-13,185.125,Cattle,LE=F
2023-10-16,185.1999969482422,Cattle,LE=F
2023-10-17,185.5,Cattle,LE=F
2023-10-18,185.72500610351563,Cattle,LE=F
2023-10-19,184.39999389648438,Cattle,LE=F
2023-10-20,184.27499389648438,Cattle,LE=F
2023-10-23,178.25,Cattle,LE=F
2023-10-24,180,Cattle,LE=F
2023-10-25,181.125,Cattle,LE=F
2023-10-26,181.6999969482422,Cattle,LE=F
2023-10-27,184,Cattle,LE=F
2023-10-30,184.125,Cattle,LE=F
2023-10-31,183.75,Cattle,LE=F
2023-11-01,183.625,Cattle,LE=F
2023-11-02,184.6750030517578,Cattle,LE=F
2023-11-03,183.875,Cattle,LE=F
2023-11-06,181.3249969482422,Cattle,LE=F
2023-11-07,178.77499389648438,Cattle,LE=F
2023-11-08,179.39999389648438,Cattle,LE=F
2023-11-09,174.35000610351563,Cattle,LE=F
2023-11-10,174.1750030517578,Cattle,LE=F
2023-11-13,174.9250030517578,Cattle,LE=F
2023-11-14,175.85000610351563,Cattle,LE=F
2023-11-15,177.77499389648438,Cattle,LE=F
2023-11-16,174.75,Cattle,LE=F
2023-11-17,175.75,Cattle,LE=F
2023-11-20,175.47500610351563,Cattle,LE=F
2023-11-21,175,Cattle,LE=F
2023-11-22,174.47500610351563,Cattle,LE=F
2023-11-24,170.25,Cattle,LE=F
2023-11-27,168.77499389648438,Cattle,LE=F
2023-11-28,171.64999389648438,Cattle,LE=F
2023-11-29,171.89999389648438,Cattle,LE=F
2023-11-30,170.875,Cattle,LE=F
2023-12-01,169.27499389648438,Cattle,LE=F
2023-12-04,167.25,Cattle,LE=F
2023-12-05,168.5,Cattle,LE=F
2023-12-06,163.4499969482422,Cattle,LE=F
2023-12-07,162.35000610351563,Cattle,LE=F
2023-12-08,165.4499969482422,Cattle,LE=F
2023-12-11,166.97500610351563,Cattle,LE=F
2023-12-12,167.6999969482422,Cattle,LE=F
2023-12-13,166.9499969482422,Cattle,LE=F
2023-12-14,167.5,Cattle,LE=F
2023-12-15,168.22500610351563,Cattle,LE=F
2023-12-18,168.8249969482422,Cattle,LE=F
2023-12-19,168.4499969482422,Cattle,LE=F
2023-12-20,170.02499389648438,Cattle,LE=F
2023-12-21,170.5500030517578,Cattle,LE=F
2023-12-22,170.0500030517578,Cattle,LE=F
2023-12-26,170.5749969482422,Cattle,LE=F
2023-12-27,170.72500610351563,Cattle,LE=F
2023-12-28,171.1999969482422,Cattle,LE=F
2023-12-29,173.6750030517578,Cattle,LE=F
2024-01-02,171.9250030517578,Cattle,LE=F
2024-01-03,171.85000610351563,Cattle,LE=F
2024-01-04,171.125,Cattle,LE=F
2024-01-05,170.5749969482422,Cattle,LE=F
2024-01-08,169.9499969482422,Cattle,LE=F
2024-01-09,170.77499389648438,Cattle,LE=F
2024-01-10,170.75,Cattle,LE=F
2024-01-11,171.8000030517578,Cattle,LE=F
2024-01-12,171.375,Cattle,LE=F
2024-01-16,173.125,Cattle,LE=F
2024-01-17,173.10000610351563,Cattle,LE=F
2024-01-18,174.8249969482422,Cattle,LE=F
2024-01-19,174.375,Cattle,LE=F
2024-01-22,173.77499389648438,Cattle,LE=F
2024-01-23,174.64999389648438,Cattle,LE=F
2024-01-24,175.35000610351563,Cattle,LE=F
2024-01-25,177.72500610351563,Cattle,LE=F
2024-01-26,178.4499969482422,Cattle,LE=F
2024-01-29,177.375,Cattle,LE=F
2024-01-30,178.02499389648438,Cattle,LE=F
2024-01-31,177.35000610351563,Cattle,LE=F
2024-02-01,179.75,Cattle,LE=F
2024-02-02,180.5500030517578,Cattle,LE=F
2024-02-05,179.72500610351563,Cattle,LE=F
2024-02-06,183,Cattle,LE=F
2024-02-07,182.22500610351563,Cattle,LE=F
2024-02-08,183.77499389648438,Cattle,LE=F
2024-02-09,184.625,Cattle,LE=F
2024-02-12,184.25,Cattle,LE=F
2024-02-13,183.75,Cattle,LE=F
2024-02-14,182.39999389648438,Cattle,LE=F
2024-02-15,183.39999389648438,Cattle,LE=F
2024-02-16,184.77499389648438,Cattle,LE=F
2024-02-20,184.39999389648438,Cattle,LE=F
2024-02-21,183.97500610351563,Cattle,LE=F
2024-02-22,183.5,Cattle,LE=F
2024-02-23,185.60000610351563,Cattle,LE=F
2024-02-26,185.72500610351563,Cattle,LE=F
2024-02-27,185.60000610351563,Cattle,LE=F
2024-02-28,184.64999389648438,Cattle,LE=F
2024-02-29,184,Cattle,LE=F
2024-03-01,188.4499969482422,Cattle,LE=F
2024-03-04,186.6750030517578,Cattle,LE=F
2024-03-05,188,Cattle,LE=F
2024-03-06,187.25,Cattle,LE=F
2024-03-07,188.72500610351563,Cattle,LE=F
2024-03-08,187.60000610351563,Cattle,LE=F
2024-03-11,187.60000610351563,Cattle,LE=F
2024-03-12,188.25,Cattle,LE=F
2024-03-13,189.9250030517578,Cattle,LE=F
2024-03-14,186.9499969482422,Cattle,LE=F
2024-03-15,187.25,Cattle,LE=F
2024-03-18,188.5749969482422,Cattle,LE=F
2024-03-19,188.0500030517578,Cattle,LE=F
2024-03-20,187.8000030517578,Cattle,LE=F
2024-03-21,188.375,Cattle,LE=F
2024-03-22,187.5,Cattle,LE=F
2024-03-25,186.1999969482422,Cattle,LE=F
2024-03-26,183.10000610351563,Cattle,LE=F
2024-03-27,183.60000610351563,Cattle,LE=F
2024-03-28,185,Cattle,LE=F
2024-04-01,180.0749969482422,Cattle,LE=F
2024-04-02,181.77499389648438,Cattle,LE=F
2024-04-03,180.9250030517578,Cattle,LE=F
2024-04-04,181.47500610351563,Cattle,LE=F
2024-04-05,178.25,Cattle,LE=F
2024-04-08,179.39999389648438,Cattle,LE=F
2024-04-09,180.6999969482422,Cattle,LE=F
2024-04-10,179.0749969482422,Cattle,LE=F
2024-04-11,180.25,Cattle,LE=F
2024-04-12,178.89999389648438,Cattle,LE=F
2024-04-15,180.3000030517578,Cattle,LE=F
2024-04-16,181.5,Cattle,LE=F
2024-04-17,180.89999389648438,Cattle,LE=F
2024-04-18,181.1750030517578,Cattle,LE=F
2024-04-19,181.47500610351563,Cattle,LE=F
2024-04-22,183.8249969482422,Cattle,LE=F
2024-04-23,183.35000610351563,Cattle,LE=F
2024-04-24,182.10000610351563,Cattle,LE=F
2024-04-25,183.9499969482422,Cattle,LE=F
2024-04-26,184.6750030517578,Cattle,LE=F
2024-04-29,185.39999389648438,Cattle,LE=F
2024-04-30,185,Cattle,LE=F
2024-05-01,173.85000610351563,Cattle,LE=F
2024-05-02,176.8000030517578,Cattle,LE=F
2024-05-03,176.6750030517578,Cattle,LE=F
2024-05-06,176.97500610351563,Cattle,LE=F
2024-05-07,177.625,Cattle,LE=F
2024-05-08,176.47500610351563,Cattle,LE=F
2024-05-09,175.9499969482422,Cattle,LE=F
2024-05-10,176.14999389648438,Cattle,LE=F
2024-05-13,175.5749969482422,Cattle,LE=F
2024-05-14,178.1750030517578,Cattle,LE=F
2024-05-15,178.25,Cattle,LE=F
2024-05-16,179.02499389648438,Cattle,LE=F
2024-05-17,181.0500030517578,Cattle,LE=F
2024-05-20,181.47500610351563,Cattle,LE=F
2024-05-21,182.97500610351563,Cattle,LE=F
2024-05-22,184.1750030517578,Cattle,LE=F
2024-05-23,183.52499389648438,Cattle,LE=F
2024-05-24,183.6999969482422,Cattle,LE=F
2024-05-28,184.5500030517578,Cattle,LE=F
2024-05-29,183.35000610351563,Cattle,LE=F
2024-05-30,182.5500030517578,Cattle,LE=F
2024-05-31,181.5500030517578,Cattle,LE=F
2024-06-03,182.02499389648438,Cattle,LE=F
2024-06-04,182.1750030517578,Cattle,LE=F
2024-06-05,181.77499389648438,Cattle,LE=F
2024-06-06,181.8249969482422,Cattle,LE=F
2024-06-07,182.1750030517578,Cattle,LE=F
2024-06-10,183.9250030517578,Cattle,LE=F
2024-06-11,183.75,Cattle,LE=F
2024-06-12,183.64999389648438,Cattle,LE=F
2024-06-13,184.8249969482422,Cattle,LE=F
2024-06-14,186.8249969482422,Cattle,LE=F
2024-06-17,187.0500030517578,Cattle,LE=F
2024-06-18,186.6750030517578,Cattle,LE=F
2024-06-20,187.0749969482422,Cattle,LE=F
2024-06-21,187.60000610351563,Cattle,LE=F
2024-06-24,188.89999389648438,Cattle,LE=F
2024-06-25,189.47500610351563,Cattle,LE=F
2024-06-26,192.9250030517578,Cattle,LE=F
2024-06-27,194.1750030517578,Cattle,LE=F
2024-06-28,193.5,Cattle,LE=F
2024-07-01,184.27499389648438,Cattle,LE=F
2024-07-02,185.10000610351563,Cattle,LE=F
2024-07-03,185.9250030517578,Cattle,LE=F
2024-07-05,186.4250030517578,Cattle,LE=F
2024-07-08,184.35000610351563,Cattle,LE=F
2024-07-09,182.35000610351563,Cattle,LE=F
2024-07-10,182.25,Cattle,LE=F
2024-07-11,182.25,Cattle,LE=F
2024-07-12,182.375,Cattle,LE=F
2024-07-15,182.125,Cattle,LE=F
2024-07-16,182.6750030517578,Cattle,LE=F
2024-07-17,184.27499389648438,Cattle,LE=F
2024-07-18,182.25,Cattle,LE=F
2024-07-19,183.10000610351563,Cattle,LE=F
2024-07-22,183.9250030517578,Cattle,LE=F
2024-07-23,186.3000030517578,Cattle,LE=F
2024-07-24,186.89999389648438,Cattle,LE=F
2024-07-25,188.89999389648438,Cattle,LE=F
2024-07-26,188.5749969482422,Cattle,LE=F
2024-07-29,186.97500610351563,Cattle,LE=F
2024-07-30,187.6999969482422,Cattle,LE=F
2024-07-31,187.125,Cattle,LE=F
2024-08-01,184.8000030517578,Cattle,LE=F
2024-08-02,184.10000610351563,Cattle,LE=F
2024-08-05,181.5500030517578,Cattle,LE=F
2024-08-06,181.97500610351563,Cattle,LE=F
2024-08-07,182.27499389648438,Cattle,LE=F
2024-08-08,182.0500030517578,Cattle,LE=F
2024-08-09,184.25,Cattle,LE=F
2024-08-12,183.3249969482422,Cattle,LE=F
2024-08-13,184,Cattle,LE=F
2024-08-14,184.60000610351563,Cattle,LE=F
2024-08-15,184.0500030517578,Cattle,LE=F
2024-08-16,182.8000030517578,Cattle,LE=F
2024-08-19,182.8000030517578,Cattle,LE=F
2024-08-20,181.02499389648438,Cattle,LE=F
2024-08-21,181.22500610351563,Cattle,LE=F
2024-08-22,182.5500030517578,Cattle,LE=F
2024-08-23,182.5749969482422,Cattle,LE=F
2024-08-26,183.60000610351563,Cattle,LE=F
2024-08-27,185.1750030517578,Cattle,LE=F
2024-08-28,183.75,Cattle,LE=F
2024-08-29,184.875,Cattle,LE=F
2024-08-30,185.85000610351563,Cattle,LE=F
2024-09-03,179.27499389648438,Cattle,LE=F
2024-09-04,179.22500610351563,Cattle,LE=F
2024-09-05,177.25,Cattle,LE=F
2024-09-06,175.1750030517578,Cattle,LE=F
2024-09-09,176.9250030517578,Cattle,LE=F
2024-09-10,176.3249969482422,Cattle,LE=F
2024-09-11,176.9499969482422,Cattle,LE=F
2024-09-12,178.02499389648438,Cattle,LE=F
2024-09-13,177.64999389648438,Cattle,LE=F
2024-09-16,177.22500610351563,Cattle,LE=F
2024-09-17,178.8000030517578,Cattle,LE=F
2024-09-18,178.3000030517578,Cattle,LE=F
2024-09-19,179.97500610351563,Cattle,LE=F
2024-09-20,182.47500610351563,Cattle,LE=F
2024-09-23,183.25,Cattle,LE=F
2024-09-24,183.1999969482422,Cattle,LE=F
2024-09-25,183.0500030517578,Cattle,LE=F
2024-09-26,184.10000610351563,Cattle,LE=F
2024-09-27,183.75,Cattle,LE=F
2024-09-30,183.77499389648438,Cattle,LE=F
2024-10-01,184.47500610351563,Cattle,LE=F
2024-10-02,187.4250030517578,Cattle,LE=F
2024-10-03,186,Cattle,LE=F
2024-10-04,187,Cattle,LE=F
2024-10-07,187.47500610351563,Cattle,LE=F
2024-10-08,188.47500610351563,Cattle,LE=F
2024-10-09,188.1999969482422,Cattle,LE=F
2024-10-10,189.1750030517578,Cattle,LE=F
2024-10-11,188.60000610351563,Cattle,LE=F
2024-10-14,188.25,Cattle,LE=F
2024-10-15,186.72500610351563,Cattle,LE=F
2024-10-16,187.0500030517578,Cattle,LE=F
2024-10-17,186.625,Cattle,LE=F
2024-10-18,187.625,Cattle,LE=F
2024-10-21,187,Cattle,LE=F
2024-10-22,188.0500030517578,Cattle,LE=F
2024-10-23,187.625,Cattle,LE=F
2024-10-24,189.3000030517578,Cattle,LE=F
2024-10-25,189.6999969482422,Cattle,LE=F
2024-10-28,190.1750030517578,Cattle,LE=F
2024-10-29,189.3000030517578,Cattle,LE=F
2024-10-30,188.39999389648438,Cattle,LE=F
2024-10-31,193,Cattle,LE=F
2024-11-01,185.9250030517578,Cattle,LE=F
2024-11-04,185.0749969482422,Cattle,LE=F
2024-11-05,184.77499389648438,Cattle,LE=F
2024-11-06,185.39999389648438,Cattle,LE=F
2024-11-07,185.8249969482422,Cattle,LE=F
2024-11-08,183.6999969482422,Cattle,LE=F
2024-11-11,183.6999969482422,Cattle,LE=F
2024-11-12,184.39999389648438,Cattle,LE=F
2024-11-13,184.02499389648438,Cattle,LE=F
2024-11-14,182.9499969482422,Cattle,LE=F
2024-11-15,182.9499969482422,Cattle,LE=F
2024-11-18,184.10000610351563,Cattle,LE=F
2024-11-19,186.5749969482422,Cattle,LE=F
2024-11-20,186.3000030517578,Cattle,LE=F
2024-11-21,185.60000610351563,Cattle,LE=F
2024-11-22,186.77499389648438,Cattle,LE=F
2024-11-25,186.5,Cattle,LE=F
2024-11-26,186.89999389648438,Cattle,LE=F
2024-11-27,188,Cattle,LE=F
2024-11-29,187.97500610351563,Cattle,LE=F
2024-12-02,187.52499389648438,Cattle,LE=F
2024-12-03,188.47500610351563,Cattle,LE=F
2024-12-04,188.375,Cattle,LE=F
2024-12-05,186.97500610351563,Cattle,LE=F
2024-12-06,187.375,Cattle,LE=F
2024-12-09,187.8000030517578,Cattle,LE=F
2024-12-10,189.85000610351563,Cattle,LE=F
2024-12-11,192.25,Cattle,LE=F
2024-12-12,192.125,Cattle,LE=F
2024-12-13,193.64999389648438,Cattle,LE=F
2024-12-16,192.02499389648438,Cattle,LE=F
2024-12-17,192.25,Cattle,LE=F
2024-12-18,191.3000030517578,Cattle,LE=F
2024-12-19,190.35000610351563,Cattle,LE=F
2024-12-20,191.3249969482422,Cattle,LE=F
2024-12-23,190.97500610351563,Cattle,LE=F
2024-12-24,190.8000030517578,Cattle,LE=F
2024-12-26,192.77499389648438,Cattle,LE=F
2024-12-27,193.5,Cattle,LE=F
2024-12-30,194.0749969482422,Cattle,LE=F
2024-12-31,193.85000610351563,Cattle,LE=F
2025-01-02,193.60000610351563,Cattle,LE=F
2025-01-03,194.0500030517578,Cattle,LE=F
2025-01-06,195.1999969482422,Cattle,LE=F
2025-01-07,195.5749969482422,Cattle,LE=F
2025-01-08,193.6999969482422,Cattle,LE=F
2025-01-09,197.60000610351563,Cattle,LE=F
2025-01-10,198.77499389648438,Cattle,LE=F
2025-01-13,197.39999389648438,Cattle,LE=F
2025-01-14,197.39999389648438,Cattle,LE=F
2025-01-15,198.52499389648438,Cattle,LE=F
2025-01-16,196.60000610351563,Cattle,LE=F
2025-01-17,196.75,Cattle,LE=F
2025-01-21,197.0500030517578,Cattle,LE=F
2025-01-22,200.0500030517578,Cattle,LE=F
2025-01-23,201.10000610351563,Cattle,LE=F
2025-01-24,204.77499389648438,Cattle,LE=F
2025-01-27,205.6750030517578,Cattle,LE=F
2025-01-28,208.5500030517578,Cattle,LE=F
2025-01-29,207.02499389648438,Cattle,LE=F
2025-01-30,204.47500610351563,Cattle,LE=F
2025-01-31,204.60000610351563,Cattle,LE=F
2025-02-03,202.97500610351563,Cattle,LE=F
2025-02-04,201.875,Cattle,LE=F
2025-02-05,203.60000610351563,Cattle,LE=F
2025-02-06,200.625,Cattle,LE=F
2025-02-07,200.77499389648438,Cattle,LE=F
2025-02-10,201.875,Cattle,LE=F
2025-02-11,199.6750030517578,Cattle,LE=F
2025-02-12,199.14999389648438,Cattle,LE=F
2025-02-13,199.5500030517578,Cattle,LE=F
2025-02-14,197.75,Cattle,LE=F
2025-02-18,197.4499969482422,Cattle,LE=F
2025-02-19,197.8249969482422,Cattle,LE=F
2025-02-20,197.625,Cattle,LE=F
2025-02-21,197.8249969482422,Cattle,LE=F
2025-02-24,198.89999389648438,Cattle,LE=F
2025-02-25,199.5,Cattle,LE=F
2025-02-26,198.8249969482422,Cattle,LE=F
2025-02-27,199.39999389648438,Cattle,LE=F
2025-02-28,197.72500610351563,Cattle,LE=F
2025-03-03,192.25,Cattle,LE=F
2025-03-04,194.64999389648438,Cattle,LE=F
2025-03-05,196.5500030517578,Cattle,LE=F
2025-03-06,196.27499389648438,Cattle,LE=F
2025-03-07,200.27499389648438,Cattle,LE=F
2025-03-10,200.5749969482422,Cattle,LE=F
2025-03-11,199.5500030517578,Cattle,LE=F
2025-03-12,201.39999389648438,Cattle,LE=F
2025-03-13,202.0500030517578,Cattle,LE=F
2025-03-14,203.1750030517578,Cattle,LE=F
2025-03-17,205.02499389648438,Cattle,LE=F
2025-03-18,205.375,Cattle,LE=F
2025-03-19,206.8249969482422,Cattle,LE=F
2025-03-20,208.47500610351563,Cattle,LE=F
2025-03-21,206.9499969482422,Cattle,LE=F
2025-03-24,205.89999389648438,Cattle,LE=F
2025-03-25,206.375,Cattle,LE=F
2025-03-26,207.0749969482422,Cattle,LE=F
2025-03-27,209.5500030517578,Cattle,LE=F
2025-03-28,208.8249969482422,Cattle,LE=F
2025-03-31,207.8000030517578,Cattle,LE=F
2025-04-01,209.125,Cattle,LE=F
2025-04-02,210.375,Cattle,LE=F
2025-04-03,208.0500030517578,Cattle,LE=F
2025-04-04,202.625,Cattle,LE=F
2025-04-07,198.9250030517578,Cattle,LE=F
2025-04-08,199.10000610351563,Cattle,LE=F
2025-04-09,202.8000030517578,Cattle,LE=F
2025-04-10,200.85000610351563,Cattle,LE=F
2025-04-11,202.47500610351563,Cattle,LE=F
2025-04-14,203.9499969482422,Cattle,LE=F
2025-04-15,204.8000030517578,Cattle,LE=F
2025-04-16,207.0749969482422,Cattle,LE=F
2025-04-17,209.8249969482422,Cattle,LE=F
2025-04-21,209.77499389648438,Cattle,LE=F
2025-04-22,211.375,Cattle,LE=F
2025-04-23,212.6999969482422,Cattle,LE=F
2025-04-24,213.5,Cattle,LE=F
2025-04-25,214.25,Cattle,LE=F
2025-04-28,215.64999389648438,Cattle,LE=F
2025-04-29,216.35000610351563,Cattle,LE=F
2025-04-30,215.75,Cattle,LE=F
2025-05-01,209.64999389648438,Cattle,LE=F
2025-05-02,211.10000610351563,Cattle,LE=F
2025-05-05,213.64999389648438,Cattle,LE=F
2025-05-06,213.6750030517578,Cattle,LE=F
2025-05-07,212.52499389648438,Cattle,LE=F
2025-05-08,214.25,Cattle,LE=F
2025-05-09,214.6750030517578,Cattle,LE=F
2025-05-12,216.8249969482422,Cattle,LE=F
2025-05-13,216.3249969482422,Cattle,LE=F
2025-05-14,213.9499969482422,Cattle,LE=F
2025-05-15,211.1750030517578,Cattle,LE=F
2025-05-16,212.22500610351563,Cattle,LE=F
2025-05-19,212.97500610351563,Cattle,LE=F
2025-05-20,213.1750030517578,Cattle,LE=F
2025-05-21,214.14999389648438,Cattle,LE=F
2025-05-22,215.625,Cattle,LE=F
2025-05-23,215.8000030517578,Cattle,LE=F
2025-05-27,215.125,Cattle,LE=F
2025-05-28,213.9250030517578,Cattle,LE=F
2025-05-29,215.52499389648438,Cattle,LE=F
2025-05-30,215.47500610351563,Cattle,LE=F
2025-06-02,216.5500030517578,Cattle,LE=F
2025-06-03,215.97500610351563,Cattle,LE=F
2025-06-04,218.39999389648438,Cattle,LE=F
2025-06-05,222.89999389648438,Cattle,LE=F
2025-06-06,226.3000030517578,Cattle,LE=F
2025-06-09,227,Cattle,LE=F
2025-06-10,227.0749969482422,Cattle,LE=F
2025-06-11,227.8249969482422,Cattle,LE=F
2025-06-12,228.1999969482422,Cattle,LE=F
2025-06-13,225.10000610351563,Cattle,LE=F
2025-06-16,227.02499389648438,Cattle,LE=F
2025-06-17,223.25,Cattle,LE=F
2025-06-18,224.3000030517578,Cattle,LE=F
2025-06-20,223.02499389648438,Cattle,LE=F
2025-06-23,222.3000030517578,Cattle,LE=F
2025-06-24,221.60000610351563,Cattle,LE=F
2025-06-25,221.60000610351563,Cattle,LE=F
2025-06-26,221.6999969482422,Cattle,LE=F
2025-06-27,224.75,Cattle,LE=F
2025-06-30,225.875,Cattle,LE=F
2025-07-01,210.75,Cattle,LE=F
2025-07-02,212.4499969482422,Cattle,LE=F
2025-07-03,214.0500030517578,Cattle,LE=F
2025-07-07,215.89999389648438,Cattle,LE=F
2025-07-08,219.97500610351563,Cattle,LE=F
2025-07-09,219.77499389648438,Cattle,LE=F
2025-07-10,219.22500610351563,Cattle,LE=F
2025-07-11,222.1999969482422,Cattle,LE=F
2025-07-14,219.35000610351563,Cattle,LE=F
2025-07-15,222.39999389648438,Cattle,LE=F
2025-07-16,223.89999389648438,Cattle,LE=F
2025-07-17,223.6750030517578,Cattle,LE=F
2025-07-18,223.5500030517578,Cattle,LE=F
2025-07-21,225.22500610351563,Cattle,LE=F
2025-07-22,224.97500610351563,Cattle,LE=F
2025-07-23,227.02499389648438,Cattle,LE=F
2025-07-24,225.8000030517578,Cattle,LE=F
2025-07-25,226.47500610351563,Cattle,LE=F
2025-07-28,227.875,Cattle,LE=F
2025-07-29,229.72500610351563,Cattle,LE=F
2025-07-30,233.0749969482422,Cattle,LE=F
2025-07-31,227.77499389648438,Cattle,LE=F
2025-08-01,230.125,Cattle,LE=F
2025-08-04,230.89999389648438,Cattle,LE=F
2025-08-05,234.27499389648438,Cattle,LE=F
2025-08-06,236.3000030517578,Cattle,LE=F
2025-08-07,238.75,Cattle,LE=F
2025-08-08,232.5500030517578,Cattle,LE=F
2025-08-11,233.0749969482422,Cattle,LE=F
2025-08-12,235.8249969482422,Cattle,LE=F
2025-08-13,235.5500030517578,Cattle,LE=F
2025-08-14,233.35000610351563,Cattle,LE=F
2025-08-15,236.25,Cattle,LE=F
2025-08-18,236.72500610351563,Cattle,LE=F
2025-08-19,236.3249969482422,Cattle,LE=F
2025-08-20,238.52499389648438,Cattle,LE=F
2025-08-21,238.64999389648438,Cattle,LE=F
2025-08-22,239.9499969482422,Cattle,LE=F
2025-08-25,240.22500610351563,Cattle,LE=F
2025-08-26,242.5,Cattle,LE=F
2025-08-27,243.25,Cattle,LE=F
2025-08-28,237,Cattle,LE=F
2025-08-29,241.89999389648438,Cattle,LE=F
2025-09-02,239.52499389648438,Cattle,LE=F
2025-09-03,238.3249969482422,Cattle,LE=F
2025-09-04,236.9499969482422,Cattle,LE=F
2025-09-05,235.97500610351563,Cattle,LE=F
2025-09-08,235.8000030517578,Cattle,LE=F
2025-09-09,230.1750030517578,Cattle,LE=F
2025-09-10,231.14999389648438,Cattle,LE=F
2025-09-11,232.27499389648438,Cattle,LE=F
2025-09-12,229.97500610351563,Cattle,LE=F
2025-09-15,234.60000610351563,Cattle,LE=F
2025-09-16,233.4499969482422,Cattle,LE=F
2025-09-17,231.10000610351563,Cattle,LE=F
2025-09-18,232.375,Cattle,LE=F
2025-09-19,233.5749969482422,Cattle,LE=F
2025-09-22,237.14999389648438,Cattle,LE=F
2025-09-23,235.60000610351563,Cattle,LE=F
2025-09-24,234.0500030517578,Cattle,LE=F
2025-09-25,232.0500030517578,Cattle,LE=F
2025-09-26,231.8000030517578,Cattle,LE=F
2025-09-29,231.3249969482422,Cattle,LE=F
2025-09-30,231.85000610351563,Cattle,LE=F
2025-10-01,231.10000610351563,Cattle,LE=F
2025-10-02,230.52499389648438,Cattle,LE=F
2025-10-03,231.02499389648438,Cattle,LE=F
2025-10-06,231.875,Cattle,LE=F
2025-10-07,233.10000610351563,Cattle,LE=F
2025-10-08,233.85000610351563,Cattle,LE=F
2025-10-09,235.02499389648438,Cattle,LE=F
2025-10-10,238.47500610351563,Cattle,LE=F
2025-10-13,240.5749969482422,Cattle,LE=F
2025-10-14,241.8249969482422,Cattle,LE=F
2025-10-15,242.1750030517578,Cattle,LE=F
2025-10-16,243.9499969482422,Cattle,LE=F
2025-10-17,240.25,Cattle,LE=F
2025-10-20,241.85000610351563,Cattle,LE=F
2025-10-21,243.6750030517578,Cattle,LE=F
2025-10-22,239.0500030517578,Cattle,LE=F
2025-10-23,239.72500610351563,Cattle,LE=F
2025-10-24,233.75,Cattle,LE=F
2025-10-27,228.8249969482422,Cattle,LE=F
2025-10-28,227.5,Cattle,LE=F
2025-10-29,231.39999389648438,Cattle,LE=F
2025-10-30,235.27499389648438,Cattle,LE=F
2025-10-31,236.60000610351563,Cattle,LE=F
2025-11-03,232.1999969482422,Cattle,LE=F
2025-11-04,227.77499389648438,Cattle,LE=F
2025-11-05,220.52499389648438,Cattle,LE=F
2025-11-06,218.77499389648438,Cattle,LE=F
2025-11-07,221.35000610351563,Cattle,LE=F
2025-11-10,228.5500030517578,Cattle,LE=F
2025-11-11,227.1999969482422,Cattle,LE=F
2025-11-12,225.27499389648438,Cattle,LE=F
2025-11-13,219,Cattle,LE=F
2025-11-14,219.14999389648438,Cattle,LE=F
2025-11-17,221.27499389648438,Cattle,LE=F
2025-11-18,220.02499389648438,Cattle,LE=F
2025-11-19,216.3000030517578,Cattle,LE=F
2025-11-20,214.72500610351563,Cattle,LE=F
2025-11-21,214.4499969482422,Cattle,LE=F
2025-11-24,207.1999969482422,Cattle,LE=F
2025-11-25,207,Cattle,LE=F
2025-11-26,211.02499389648438,Cattle,LE=F
2025-11-28,215.5749969482422,Cattle,LE=F
2025-12-01,214.1999969482422,Cattle,LE=F
2025-12-02,218.47500610351563,Cattle,LE=F
2025-12-03,218.9499969482422,Cattle,LE=F
2025-12-04,221.4499969482422,Cattle,LE=F
2025-12-05,227.14999389648438,Cattle,LE=F
2025-12-08,227.3249969482422,Cattle,LE=F
2025-12-09,226.8249969482422,Cattle,LE=F
2025-12-10,226.8000030517578,Cattle,LE=F
2025-12-11,230.375,Cattle,LE=F
2025-12-12,229.8000030517578,Cattle,LE=F
2025-12-15,230.8249969482422,Cattle,LE=F
2025-12-16,231.14999389648438,Cattle,LE=F
2025-12-17,230.3000030517578,Cattle,LE=F
2025-12-18,228.4250030517578,Cattle,LE=F
2025-12-19,230.39999389648438,Cattle,LE=F
2025-12-22,230.72500610351563,Cattle,LE=F
2025-12-23,228.8249969482422,Cattle,LE=F
2025-12-24,228.6999969482422,Cattle,LE=F
2025-12-26,229.8249969482422,Cattle,LE=F
2025-12-29,228.89999389648438,Cattle,LE=F
2025-12-30,231.1750030517578,Cattle,LE=F
2025-12-31,232,Cattle,LE=F
2026-01-02,236,Cattle,LE=F
2026-01-05,235.875,Cattle,LE=F
2026-01-06,236.625,Cattle,LE=F
2026-01-07,234.52499389648438,Cattle,LE=F
2026-01-08,235.27499389648438,Cattle,LE=F
2026-01-09,233.72500610351563,Cattle,LE=F
2026-01-12,235.25,Cattle,LE=F
2026-01-13,237.25,Cattle,LE=F
2026-01-14,235.14999389648438,Cattle,LE=F
2026-01-15,236.0500030517578,Cattle,LE=F
2026-01-16,232.14999389648438,Cattle,LE=F
2026-01-20,232.375,Cattle,LE=F
2026-01-21,233.10000610351563,Cattle,LE=F
2026-01-22,232.375,Cattle,LE=F
2026-01-23,234.89999389648438,Cattle,LE=F
2026-01-26,236.02499389648438,Cattle,LE=F
2026-01-27,235.60000610351563,Cattle,LE=F
2026-01-28,236.8249969482422,Cattle,LE=F
2026-01-29,235.5,Cattle,LE=F
2026-01-30,235.85000610351563,Cattle,LE=F
2026-02-02,238.1750030517578,Cattle,LE=F
2026-02-03,240.3249969482422,Cattle,LE=F
2026-02-04,240.52499389648438,Cattle,LE=F
2026-02-05,235.25,Cattle,LE=F
2026-02-06,237.75,Cattle,LE=F
2026-02-09,239.3000030517578,Cattle,LE=F
2026-02-10,239.10000610351563,Cattle,LE=F
2026-02-11,242.35000610351563,Cattle,LE=F
2026-02-12,242.5,Cattle,LE=F
2026-02-13,243.0749969482422,Cattle,LE=F
2026-02-17,246.5500030517578,Cattle,LE=F
2026-02-18,246.60000610351563,Cattle,LE=F
2026-02-19,247.5,Cattle,LE=F
2026-02-20,246.5749969482422,Cattle,LE=F
2026-02-23,244.97500610351563,Cattle,LE=F
2026-02-24,245.02499389648438,Cattle,LE=F
2026-02-25,246,Cattle,LE=F
2026-02-26,246,Cattle,LE=F
2026-02-27,244,Cattle,LE=F
2026-03-02,233.10000610351563,Cattle,LE=F
2026-03-03,234.125,Cattle,LE=F
2026-03-04,238.35000610351563,Cattle,LE=F
2026-03-05,238.52499389648438,Cattle,LE=F
2026-03-06,234.5749969482422,Cattle,LE=F
2026-03-09,230.14999389648438,Cattle,LE=F
2026-03-10,232.375,Cattle,LE=F
2026-03-11,230.14999389648438,Cattle,LE=F
2026-03-12,231.25,Cattle,LE=F
2019-01-02,2394,Cocoa,CC=F
2019-01-03,2400,Cocoa,CC=F
2019-01-04,2361,Cocoa,CC=F
2019-01-07,2410,Cocoa,CC=F
2019-01-08,2382,Cocoa,CC=F
2019-01-09,2351,Cocoa,CC=F
2019-01-10,2369,Cocoa,CC=F
2019-01-11,2356,Cocoa,CC=F
2019-01-14,2341,Cocoa,CC=F
2019-01-15,2274,Cocoa,CC=F
2019-01-16,2322,Cocoa,CC=F
2019-01-17,2335,Cocoa,CC=F
2019-01-18,2307,Cocoa,CC=F
2019-01-22,2246,Cocoa,CC=F
2019-01-23,2245,Cocoa,CC=F
2019-01-24,2256,Cocoa,CC=F
2019-01-25,2225,Cocoa,CC=F
2019-01-28,2250,Cocoa,CC=F
2019-01-29,2215,Cocoa,CC=F
2019-01-30,2176,Cocoa,CC=F
2019-01-31,2168,Cocoa,CC=F
2019-02-01,2168,Cocoa,CC=F
2019-02-04,2228,Cocoa,CC=F
2019-02-05,2219,Cocoa,CC=F
2019-02-06,2257,Cocoa,CC=F
2019-02-07,2221,Cocoa,CC=F
2019-02-08,2196,Cocoa,CC=F
2019-02-11,2224,Cocoa,CC=F
2019-02-12,2227,Cocoa,CC=F
2019-02-13,2248,Cocoa,CC=F
2019-02-14,2232,Cocoa,CC=F
2019-02-15,2307,Cocoa,CC=F
2019-02-19,2340,Cocoa,CC=F
2019-02-20,2298,Cocoa,CC=F
2019-02-21,2256,Cocoa,CC=F
2019-02-22,2269,Cocoa,CC=F
2019-02-25,2247,Cocoa,CC=F
2019-02-26,2267,Cocoa,CC=F
2019-02-27,2304,Cocoa,CC=F
2019-02-28,2238,Cocoa,CC=F
2019-03-01,2218,Cocoa,CC=F
2019-03-04,2157,Cocoa,CC=F
2019-03-05,2158,Cocoa,CC=F
2019-03-06,2246,Cocoa,CC=F
2019-03-07,2183,Cocoa,CC=F
2019-03-08,2199,Cocoa,CC=F
2019-03-11,2189,Cocoa,CC=F
2019-03-12,2204,Cocoa,CC=F
2019-03-13,2203,Cocoa,CC=F
2019-03-14,2201,Cocoa,CC=F
2019-03-15,2197,Cocoa,CC=F
2019-03-18,2196,Cocoa,CC=F
2019-03-19,2202,Cocoa,CC=F
2019-03-20,2143,Cocoa,CC=F
2019-03-21,2132,Cocoa,CC=F
2019-03-22,2159,Cocoa,CC=F
2019-03-25,2216,Cocoa,CC=F
2019-03-26,2237,Cocoa,CC=F
2019-03-27,2248,Cocoa,CC=F
2019-03-28,2257,Cocoa,CC=F
2019-03-29,2280,Cocoa,CC=F
2019-04-01,2327,Cocoa,CC=F
2019-04-02,2356,Cocoa,CC=F
2019-04-03,2376,Cocoa,CC=F
2019-04-04,2415,Cocoa,CC=F
2019-04-05,2413,Cocoa,CC=F
2019-04-08,2430,Cocoa,CC=F
2019-04-09,2446,Cocoa,CC=F
2019-04-10,2443,Cocoa,CC=F
2019-04-11,2388,Cocoa,CC=F
2019-04-12,2424,Cocoa,CC=F
2019-04-15,2406,Cocoa,CC=F
2019-04-16,2364,Cocoa,CC=F
2019-04-17,2420,Cocoa,CC=F
2019-04-18,2380,Cocoa,CC=F
2019-04-22,2346,Cocoa,CC=F
2019-04-23,2304,Cocoa,CC=F
2019-04-24,2260,Cocoa,CC=F
2019-04-25,2294,Cocoa,CC=F
2019-04-26,2344,Cocoa,CC=F
2019-04-29,2392,Cocoa,CC=F
2019-04-30,2368,Cocoa,CC=F
2019-05-01,2314,Cocoa,CC=F
2019-05-02,2373,Cocoa,CC=F
2019-05-03,2378,Cocoa,CC=F
2019-05-06,2333,Cocoa,CC=F
2019-05-07,2291,Cocoa,CC=F
2019-05-08,2295,Cocoa,CC=F
2019-05-09,2326,Cocoa,CC=F
2019-05-10,2330,Cocoa,CC=F
2019-05-13,2304,Cocoa,CC=F
2019-05-14,2310,Cocoa,CC=F
2019-05-15,2338,Cocoa,CC=F
2019-05-16,2372,Cocoa,CC=F
2019-05-17,2353,Cocoa,CC=F
2019-05-20,2387,Cocoa,CC=F
2019-05-21,2446,Cocoa,CC=F
2019-05-22,2413,Cocoa,CC=F
2019-05-23,2426,Cocoa,CC=F
2019-05-24,2467,Cocoa,CC=F
2019-05-28,2450,Cocoa,CC=F
2019-05-29,2438,Cocoa,CC=F
2019-05-30,2428,Cocoa,CC=F
2019-05-31,2400,Cocoa,CC=F
2019-06-03,2351,Cocoa,CC=F
2019-06-04,2360,Cocoa,CC=F
2019-06-05,2401,Cocoa,CC=F
2019-06-06,2427,Cocoa,CC=F
2019-06-07,2478,Cocoa,CC=F
2019-06-10,2544,Cocoa,CC=F
2019-06-11,2539,Cocoa,CC=F
2019-06-12,2568,Cocoa,CC=F
2019-06-13,2527,Cocoa,CC=F
2019-06-14,2502,Cocoa,CC=F
2019-06-17,2500,Cocoa,CC=F
2019-06-18,2529,Cocoa,CC=F
2019-06-19,2538,Cocoa,CC=F
2019-06-20,2471,Cocoa,CC=F
2019-06-21,2527,Cocoa,CC=F
2019-06-24,2512,Cocoa,CC=F
2019-06-25,2489,Cocoa,CC=F
2019-06-26,2486,Cocoa,CC=F
2019-06-27,2478,Cocoa,CC=F
2019-06-28,2450,Cocoa,CC=F
2019-07-01,2526,Cocoa,CC=F
2019-07-02,2497,Cocoa,CC=F
2019-07-03,2458,Cocoa,CC=F
2019-07-05,2488,Cocoa,CC=F
2019-07-08,2602,Cocoa,CC=F
2019-07-09,2547,Cocoa,CC=F
2019-07-10,2534,Cocoa,CC=F
2019-07-11,2516,Cocoa,CC=F
2019-07-12,2528,Cocoa,CC=F
2019-07-15,2445,Cocoa,CC=F
2019-07-16,2454,Cocoa,CC=F
2019-07-17,2424,Cocoa,CC=F
2019-07-18,2440,Cocoa,CC=F
2019-07-19,2467,Cocoa,CC=F
2019-07-22,2532,Cocoa,CC=F
2019-07-23,2475,Cocoa,CC=F
2019-07-24,2463,Cocoa,CC=F
2019-07-25,2434,Cocoa,CC=F
2019-07-26,2389,Cocoa,CC=F
2019-07-29,2383,Cocoa,CC=F
2019-07-30,2379,Cocoa,CC=F
2019-07-31,2345,Cocoa,CC=F
2019-08-01,2329,Cocoa,CC=F
2019-08-02,2320,Cocoa,CC=F
2019-08-05,2308,Cocoa,CC=F
2019-08-06,2252,Cocoa,CC=F
2019-08-07,2224,Cocoa,CC=F
2019-08-08,2205,Cocoa,CC=F
2019-08-09,2195,Cocoa,CC=F
2019-08-12,2194,Cocoa,CC=F
2019-08-13,2153,Cocoa,CC=F
2019-08-14,2143,Cocoa,CC=F
2019-08-15,2134,Cocoa,CC=F
2019-08-16,2111,Cocoa,CC=F
2019-08-19,2126,Cocoa,CC=F
2019-08-20,2149,Cocoa,CC=F
2019-08-21,2191,Cocoa,CC=F
2019-08-22,2200,Cocoa,CC=F
2019-08-23,2208,Cocoa,CC=F
2019-08-26,2197,Cocoa,CC=F
2019-08-27,2206,Cocoa,CC=F
2019-08-28,2198,Cocoa,CC=F
2019-08-29,2124,Cocoa,CC=F
2019-08-30,2161,Cocoa,CC=F
2019-09-03,2184,Cocoa,CC=F
2019-09-04,2208,Cocoa,CC=F
2019-09-05,2184,Cocoa,CC=F
2019-09-06,2216,Cocoa,CC=F
2019-09-09,2235,Cocoa,CC=F
2019-09-10,2218,Cocoa,CC=F
2019-09-11,2235,Cocoa,CC=F
2019-09-12,2244,Cocoa,CC=F
2019-09-13,2296,Cocoa,CC=F
2019-09-16,2383,Cocoa,CC=F
2019-09-17,2394,Cocoa,CC=F
2019-09-18,2401,Cocoa,CC=F
2019-09-19,2468,Cocoa,CC=F
2019-09-20,2473,Cocoa,CC=F
2019-09-23,2454,Cocoa,CC=F
2019-09-24,2439,Cocoa,CC=F
2019-09-25,2469,Cocoa,CC=F
2019-09-26,2505,Cocoa,CC=F
2019-09-27,2490,Cocoa,CC=F
2019-09-30,2442,Cocoa,CC=F
2019-10-01,2453,Cocoa,CC=F
2019-10-02,2482,Cocoa,CC=F
2019-10-03,2520,Cocoa,CC=F
2019-10-04,2475,Cocoa,CC=F
2019-10-07,2422,Cocoa,CC=F
2019-10-08,2448,Cocoa,CC=F
2019-10-09,2407,Cocoa,CC=F
2019-10-10,2460,Cocoa,CC=F
2019-10-11,2506,Cocoa,CC=F
2019-10-14,2449,Cocoa,CC=F
2019-10-15,2522,Cocoa,CC=F
2019-10-16,2515,Cocoa,CC=F
2019-10-17,2488,Cocoa,CC=F
2019-10-18,2486,Cocoa,CC=F
2019-10-21,2474,Cocoa,CC=F
2019-10-22,2448,Cocoa,CC=F
2019-10-23,2457,Cocoa,CC=F
2019-10-24,2463,Cocoa,CC=F
2019-10-25,2435,Cocoa,CC=F
2019-10-28,2463,Cocoa,CC=F
2019-10-29,2485,Cocoa,CC=F
2019-10-30,2454,Cocoa,CC=F
2019-10-31,2403,Cocoa,CC=F
2019-11-01,2478,Cocoa,CC=F
2019-11-04,2486,Cocoa,CC=F
2019-11-05,2484,Cocoa,CC=F
2019-11-06,2444,Cocoa,CC=F
2019-11-07,2440,Cocoa,CC=F
2019-11-08,2503,Cocoa,CC=F
2019-11-11,2533,Cocoa,CC=F
2019-11-12,2633,Cocoa,CC=F
2019-11-13,2675,Cocoa,CC=F
2019-11-14,2761,Cocoa,CC=F
2019-11-15,2766,Cocoa,CC=F
2019-11-18,2742,Cocoa,CC=F
2019-11-19,2694,Cocoa,CC=F
2019-11-20,2682,Cocoa,CC=F
2019-11-21,2696,Cocoa,CC=F
2019-11-22,2666,Cocoa,CC=F
2019-11-25,2647,Cocoa,CC=F
2019-11-26,2705,Cocoa,CC=F
2019-11-27,2646,Cocoa,CC=F
2019-11-29,2617,Cocoa,CC=F
2019-12-02,2604,Cocoa,CC=F
2019-12-03,2631,Cocoa,CC=F
2019-12-04,2612,Cocoa,CC=F
2019-12-05,2645,Cocoa,CC=F
2019-12-06,2652,Cocoa,CC=F
2019-12-09,2646,Cocoa,CC=F
2019-12-10,2673,Cocoa,CC=F
2019-12-11,2656,Cocoa,CC=F
2019-12-12,2609,Cocoa,CC=F
2019-12-13,2660,Cocoa,CC=F
2019-12-16,2545,Cocoa,CC=F
2019-12-17,2534,Cocoa,CC=F
2019-12-18,2506,Cocoa,CC=F
2019-12-19,2435,Cocoa,CC=F
2019-12-20,2417,Cocoa,CC=F
2019-12-23,2427,Cocoa,CC=F
2019-12-24,2443,Cocoa,CC=F
2019-12-26,2405,Cocoa,CC=F
2019-12-27,2497,Cocoa,CC=F
2019-12-30,2463,Cocoa,CC=F
2019-12-31,2540,Cocoa,CC=F
2020-01-02,2532,Cocoa,CC=F
2020-01-03,2519,Cocoa,CC=F
2020-01-06,2484,Cocoa,CC=F
2020-01-07,2533,Cocoa,CC=F
2020-01-08,2501,Cocoa,CC=F
2020-01-09,2554,Cocoa,CC=F
2020-01-10,2589,Cocoa,CC=F
2020-01-13,2583,Cocoa,CC=F
2020-01-14,2655,Cocoa,CC=F
2020-01-15,2689,Cocoa,CC=F
2020-01-16,2712,Cocoa,CC=F
2020-01-17,2797,Cocoa,CC=F
2020-01-21,2818,Cocoa,CC=F
2020-01-22,2803,Cocoa,CC=F
2020-01-23,2771,Cocoa,CC=F
2020-01-24,2733,Cocoa,CC=F
2020-01-27,2734,Cocoa,CC=F
2020-01-28,2703,Cocoa,CC=F
2020-01-29,2727,Cocoa,CC=F
2020-01-30,2801,Cocoa,CC=F
2020-01-31,2777,Cocoa,CC=F
2020-02-03,2734,Cocoa,CC=F
2020-02-04,2757,Cocoa,CC=F
2020-02-05,2790,Cocoa,CC=F
2020-02-06,2849,Cocoa,CC=F
2020-02-07,2900,Cocoa,CC=F
2020-02-10,2940,Cocoa,CC=F
2020-02-11,2918,Cocoa,CC=F
2020-02-12,2904,Cocoa,CC=F
2020-02-13,2988,Cocoa,CC=F
2020-02-14,2904,Cocoa,CC=F
2020-02-18,2900,Cocoa,CC=F
2020-02-19,2925,Cocoa,CC=F
2020-02-20,2939,Cocoa,CC=F
2020-02-21,2922,Cocoa,CC=F
2020-02-24,2883,Cocoa,CC=F
2020-02-25,2888,Cocoa,CC=F
2020-02-26,2828,Cocoa,CC=F
2020-02-27,2833,Cocoa,CC=F
2020-02-28,2760,Cocoa,CC=F
2020-03-02,2748,Cocoa,CC=F
2020-03-03,2740,Cocoa,CC=F
2020-03-04,2713,Cocoa,CC=F
2020-03-05,2684,Cocoa,CC=F
2020-03-06,2702,Cocoa,CC=F
2020-03-09,2686,Cocoa,CC=F
2020-03-10,2718,Cocoa,CC=F
2020-03-11,2766,Cocoa,CC=F
2020-03-12,2636,Cocoa,CC=F
2020-03-13,2482,Cocoa,CC=F
2020-03-16,2388,Cocoa,CC=F
2020-03-17,2318,Cocoa,CC=F
2020-03-18,2284,Cocoa,CC=F
2020-03-19,2216,Cocoa,CC=F
2020-03-20,2230,Cocoa,CC=F
2020-03-23,2257,Cocoa,CC=F
2020-03-24,2275,Cocoa,CC=F
2020-03-25,2248,Cocoa,CC=F
2020-03-26,2255,Cocoa,CC=F
2020-03-27,2257,Cocoa,CC=F
2020-03-30,2265,Cocoa,CC=F
2020-03-31,2249,Cocoa,CC=F
2020-04-01,2227,Cocoa,CC=F
2020-04-02,2285,Cocoa,CC=F
2020-04-03,2264,Cocoa,CC=F
2020-04-06,2366,Cocoa,CC=F
2020-04-07,2410,Cocoa,CC=F
2020-04-08,2379,Cocoa,CC=F
2020-04-09,2305,Cocoa,CC=F
2020-04-13,2253,Cocoa,CC=F
2020-04-14,2265,Cocoa,CC=F
2020-04-15,2205,Cocoa,CC=F
2020-04-16,2235,Cocoa,CC=F
2020-04-17,2379,Cocoa,CC=F
2020-04-20,2338,Cocoa,CC=F
2020-04-21,2298,Cocoa,CC=F
2020-04-22,2355,Cocoa,CC=F
2020-04-23,2343,Cocoa,CC=F
2020-04-24,2341,Cocoa,CC=F
2020-04-27,2348,Cocoa,CC=F
2020-04-28,2360,Cocoa,CC=F
2020-04-29,2395,Cocoa,CC=F
2020-04-30,2432,Cocoa,CC=F
2020-05-01,2420,Cocoa,CC=F
2020-05-04,2405,Cocoa,CC=F
2020-05-05,2396,Cocoa,CC=F
2020-05-06,2381,Cocoa,CC=F
2020-05-07,2399,Cocoa,CC=F
2020-05-08,2418,Cocoa,CC=F
2020-05-11,2481,Cocoa,CC=F
2020-05-12,2420,Cocoa,CC=F
2020-05-13,2474,Cocoa,CC=F
2020-05-14,2413,Cocoa,CC=F
2020-05-15,2399,Cocoa,CC=F
2020-05-18,2404,Cocoa,CC=F
2020-05-19,2435,Cocoa,CC=F
2020-05-20,2401,Cocoa,CC=F
2020-05-21,2340,Cocoa,CC=F
2020-05-22,2394,Cocoa,CC=F
2020-05-26,2394,Cocoa,CC=F
2020-05-27,2363,Cocoa,CC=F
2020-05-28,2429,Cocoa,CC=F
2020-05-29,2454,Cocoa,CC=F
2020-06-01,2493,Cocoa,CC=F
2020-06-02,2402,Cocoa,CC=F
2020-06-03,2395,Cocoa,CC=F
2020-06-04,2396,Cocoa,CC=F
2020-06-05,2398,Cocoa,CC=F
2020-06-08,2413,Cocoa,CC=F
2020-06-09,2484,Cocoa,CC=F
2020-06-10,2470,Cocoa,CC=F
2020-06-11,2362,Cocoa,CC=F
2020-06-12,2396,Cocoa,CC=F
2020-06-15,2355,Cocoa,CC=F
2020-06-16,2360,Cocoa,CC=F
2020-06-17,2379,Cocoa,CC=F
2020-06-18,2419,Cocoa,CC=F
2020-06-19,2387,Cocoa,CC=F
2020-06-22,2405,Cocoa,CC=F
2020-06-23,2425,Cocoa,CC=F
2020-06-24,2441,Cocoa,CC=F
2020-06-25,2521,Cocoa,CC=F
2020-06-26,2352,Cocoa,CC=F
2020-06-29,2313,Cocoa,CC=F
2020-06-30,2251,Cocoa,CC=F
2020-07-01,2209,Cocoa,CC=F
2020-07-02,2214,Cocoa,CC=F
2020-07-06,2187,Cocoa,CC=F
2020-07-07,2217,Cocoa,CC=F
2020-07-08,2221,Cocoa,CC=F
2020-07-09,2267,Cocoa,CC=F
2020-07-10,2278,Cocoa,CC=F
2020-07-13,2311,Cocoa,CC=F
2020-07-14,2273,Cocoa,CC=F
2020-07-15,2253,Cocoa,CC=F
2020-07-16,2279,Cocoa,CC=F
2020-07-17,2160,Cocoa,CC=F
2020-07-20,2219,Cocoa,CC=F
2020-07-21,2176,Cocoa,CC=F
2020-07-22,2205,Cocoa,CC=F
2020-07-23,2202,Cocoa,CC=F
2020-07-24,2224,Cocoa,CC=F
2020-07-27,2286,Cocoa,CC=F
2020-07-28,2291,Cocoa,CC=F
2020-07-29,2341,Cocoa,CC=F
2020-07-30,2344,Cocoa,CC=F
2020-07-31,2400,Cocoa,CC=F
2020-08-03,2469,Cocoa,CC=F
2020-08-04,2449,Cocoa,CC=F
2020-08-05,2481,Cocoa,CC=F
2020-08-06,2510,Cocoa,CC=F
2020-08-07,2546,Cocoa,CC=F
2020-08-10,2495,Cocoa,CC=F
2020-08-11,2458,Cocoa,CC=F
2020-08-12,2479,Cocoa,CC=F
2020-08-13,2487,Cocoa,CC=F
2020-08-14,2436,Cocoa,CC=F
2020-08-17,2421,Cocoa,CC=F
2020-08-18,2476,Cocoa,CC=F
2020-08-19,2446,Cocoa,CC=F
2020-08-20,2440,Cocoa,CC=F
2020-08-21,2459,Cocoa,CC=F
2020-08-24,2509,Cocoa,CC=F
2020-08-25,2537,Cocoa,CC=F
2020-08-26,2526,Cocoa,CC=F
2020-08-27,2589,Cocoa,CC=F
2020-08-28,2692,Cocoa,CC=F
2020-08-31,2723,Cocoa,CC=F
2020-09-01,2735,Cocoa,CC=F
2020-09-02,2750,Cocoa,CC=F
2020-09-03,2703,Cocoa,CC=F
2020-09-04,2664,Cocoa,CC=F
2020-09-08,2624,Cocoa,CC=F
2020-09-09,2631,Cocoa,CC=F
2020-09-10,2606,Cocoa,CC=F
2020-09-11,2620,Cocoa,CC=F
2020-09-14,2628,Cocoa,CC=F
2020-09-15,2766,Cocoa,CC=F
2020-09-16,2602,Cocoa,CC=F
2020-09-17,2600,Cocoa,CC=F
2020-09-18,2641,Cocoa,CC=F
2020-09-21,2629,Cocoa,CC=F
2020-09-22,2556,Cocoa,CC=F
2020-09-23,2580,Cocoa,CC=F
2020-09-24,2599,Cocoa,CC=F
2020-09-25,2568,Cocoa,CC=F
2020-09-28,2587,Cocoa,CC=F
2020-09-29,2588,Cocoa,CC=F
2020-09-30,2546,Cocoa,CC=F
2020-10-01,2508,Cocoa,CC=F
2020-10-02,2482,Cocoa,CC=F
2020-10-05,2459,Cocoa,CC=F
2020-10-06,2437,Cocoa,CC=F
2020-10-07,2452,Cocoa,CC=F
2020-10-08,2473,Cocoa,CC=F
2020-10-09,2432,Cocoa,CC=F
2020-10-12,2444,Cocoa,CC=F
2020-10-13,2381,Cocoa,CC=F
2020-10-14,2391,Cocoa,CC=F
2020-10-15,2343,Cocoa,CC=F
2020-10-16,2361,Cocoa,CC=F
2020-10-19,2425,Cocoa,CC=F
2020-10-20,2382,Cocoa,CC=F
2020-10-21,2427,Cocoa,CC=F
2020-10-22,2474,Cocoa,CC=F
2020-10-23,2479,Cocoa,CC=F
2020-10-26,2497,Cocoa,CC=F
2020-10-27,2452,Cocoa,CC=F
2020-10-28,2376,Cocoa,CC=F
2020-10-29,2339,Cocoa,CC=F
2020-10-30,2293,Cocoa,CC=F
2020-11-02,2257,Cocoa,CC=F
2020-11-03,2290,Cocoa,CC=F
2020-11-04,2276,Cocoa,CC=F
2020-11-05,2312,Cocoa,CC=F
2020-11-06,2333,Cocoa,CC=F
2020-11-09,2390,Cocoa,CC=F
2020-11-10,2339,Cocoa,CC=F
2020-11-11,2353,Cocoa,CC=F
2020-11-12,2340,Cocoa,CC=F
2020-11-13,2365,Cocoa,CC=F
2020-11-16,2653,Cocoa,CC=F
2020-11-17,2768,Cocoa,CC=F
2020-11-18,2831,Cocoa,CC=F
2020-11-19,2915,Cocoa,CC=F
2020-11-20,2962,Cocoa,CC=F
2020-11-23,3022,Cocoa,CC=F
2020-11-24,3054,Cocoa,CC=F
2020-11-25,2993,Cocoa,CC=F
2020-11-27,3035,Cocoa,CC=F
2020-11-30,3008,Cocoa,CC=F
2020-12-01,2960,Cocoa,CC=F
2020-12-02,2907,Cocoa,CC=F
2020-12-03,2897,Cocoa,CC=F
2020-12-04,2878,Cocoa,CC=F
2020-12-07,2836,Cocoa,CC=F
2020-12-08,2700,Cocoa,CC=F
2020-12-09,2674,Cocoa,CC=F
2020-12-10,2692,Cocoa,CC=F
2020-12-11,2747,Cocoa,CC=F
2020-12-14,2713,Cocoa,CC=F
2020-12-15,2665,Cocoa,CC=F
2020-12-16,2517,Cocoa,CC=F
2020-12-17,2541,Cocoa,CC=F
2020-12-18,2506,Cocoa,CC=F
2020-12-21,2555,Cocoa,CC=F
2020-12-22,2535,Cocoa,CC=F
2020-12-23,2557,Cocoa,CC=F
2020-12-24,2593,Cocoa,CC=F
2020-12-28,2560,Cocoa,CC=F
2020-12-29,2507,Cocoa,CC=F
2020-12-30,2597,Cocoa,CC=F
2020-12-31,2603,Cocoa,CC=F
2021-01-04,2552,Cocoa,CC=F
2021-01-05,2514,Cocoa,CC=F
2021-01-06,2486,Cocoa,CC=F
2021-01-07,2547,Cocoa,CC=F
2021-01-08,2516,Cocoa,CC=F
2021-01-11,2480,Cocoa,CC=F
2021-01-12,2498,Cocoa,CC=F
2021-01-13,2499,Cocoa,CC=F
2021-01-14,2500,Cocoa,CC=F
2021-01-15,2527,Cocoa,CC=F
2021-01-19,2590,Cocoa,CC=F
2021-01-20,2569,Cocoa,CC=F
2021-01-21,2550,Cocoa,CC=F
2021-01-22,2529,Cocoa,CC=F
2021-01-25,2508,Cocoa,CC=F
2021-01-26,2545,Cocoa,CC=F
2021-01-27,2504,Cocoa,CC=F
2021-01-28,2510,Cocoa,CC=F
2021-01-29,2531,Cocoa,CC=F
2021-02-01,2547,Cocoa,CC=F
2021-02-02,2599,Cocoa,CC=F
2021-02-03,2527,Cocoa,CC=F
2021-02-04,2532,Cocoa,CC=F
2021-02-05,2587,Cocoa,CC=F
2021-02-08,2577,Cocoa,CC=F
2021-02-09,2581,Cocoa,CC=F
2021-02-10,2677,Cocoa,CC=F
2021-02-11,2449,Cocoa,CC=F
2021-02-12,2503,Cocoa,CC=F
2021-02-16,2498,Cocoa,CC=F
2021-02-17,2447,Cocoa,CC=F
2021-02-18,2552,Cocoa,CC=F
2021-02-19,2535,Cocoa,CC=F
2021-02-22,2582,Cocoa,CC=F
2021-02-23,2596,Cocoa,CC=F
2021-02-24,2650,Cocoa,CC=F
2021-02-25,2705,Cocoa,CC=F
2021-02-26,2701,Cocoa,CC=F
2021-03-01,2736,Cocoa,CC=F
2021-03-02,2742,Cocoa,CC=F
2021-03-03,2754,Cocoa,CC=F
2021-03-04,2785,Cocoa,CC=F
2021-03-05,2706,Cocoa,CC=F
2021-03-08,2693,Cocoa,CC=F
2021-03-09,2713,Cocoa,CC=F
2021-03-10,2733,Cocoa,CC=F
2021-03-11,2753,Cocoa,CC=F
2021-03-12,2574,Cocoa,CC=F
2021-03-15,2590,Cocoa,CC=F
2021-03-16,2512,Cocoa,CC=F
2021-03-17,2521,Cocoa,CC=F
2021-03-18,2542,Cocoa,CC=F
2021-03-19,2493,Cocoa,CC=F
2021-03-22,2505,Cocoa,CC=F
2021-03-23,2447,Cocoa,CC=F
2021-03-24,2435,Cocoa,CC=F
2021-03-25,2456,Cocoa,CC=F
2021-03-26,2458,Cocoa,CC=F
2021-03-29,2436,Cocoa,CC=F
2021-03-30,2347,Cocoa,CC=F
2021-03-31,2348,Cocoa,CC=F
2021-04-01,2392,Cocoa,CC=F
2021-04-05,2336,Cocoa,CC=F
2021-04-06,2406,Cocoa,CC=F
2021-04-07,2389,Cocoa,CC=F
2021-04-08,2355,Cocoa,CC=F
2021-04-09,2354,Cocoa,CC=F
2021-04-12,2367,Cocoa,CC=F
2021-04-13,2408,Cocoa,CC=F
2021-04-14,2421,Cocoa,CC=F
2021-04-15,2413,Cocoa,CC=F
2021-04-16,2408,Cocoa,CC=F
2021-04-19,2437,Cocoa,CC=F
2021-04-20,2379,Cocoa,CC=F
2021-04-21,2399,Cocoa,CC=F
2021-04-22,2402,Cocoa,CC=F
2021-04-23,2410,Cocoa,CC=F
2021-04-26,2447,Cocoa,CC=F
2021-04-27,2438,Cocoa,CC=F
2021-04-28,2432,Cocoa,CC=F
2021-04-29,2459,Cocoa,CC=F
2021-04-30,2342,Cocoa,CC=F
2021-05-03,2328,Cocoa,CC=F
2021-05-04,2283,Cocoa,CC=F
2021-05-05,2354,Cocoa,CC=F
2021-05-06,2372,Cocoa,CC=F
2021-05-07,2422,Cocoa,CC=F
2021-05-10,2473,Cocoa,CC=F
2021-05-11,2425,Cocoa,CC=F
2021-05-12,2476,Cocoa,CC=F
2021-05-13,2461,Cocoa,CC=F
2021-05-14,2474,Cocoa,CC=F
2021-05-17,2539,Cocoa,CC=F
2021-05-18,2504,Cocoa,CC=F
2021-05-19,2469,Cocoa,CC=F
2021-05-20,2444,Cocoa,CC=F
2021-05-21,2456,Cocoa,CC=F
2021-05-24,2389,Cocoa,CC=F
2021-05-25,2380,Cocoa,CC=F
2021-05-26,2422,Cocoa,CC=F
2021-05-27,2430,Cocoa,CC=F
2021-05-28,2412,Cocoa,CC=F
2021-06-01,2431,Cocoa,CC=F
2021-06-02,2426,Cocoa,CC=F
2021-06-03,2415,Cocoa,CC=F
2021-06-04,2409,Cocoa,CC=F
2021-06-07,2350,Cocoa,CC=F
2021-06-08,2375,Cocoa,CC=F
2021-06-09,2348,Cocoa,CC=F
2021-06-10,2383,Cocoa,CC=F
2021-06-11,2350,Cocoa,CC=F
2021-06-14,2396,Cocoa,CC=F
2021-06-15,2373,Cocoa,CC=F
2021-06-16,2347,Cocoa,CC=F
2021-06-17,2311,Cocoa,CC=F
2021-06-18,2302,Cocoa,CC=F
2021-06-21,2308,Cocoa,CC=F
2021-06-22,2326,Cocoa,CC=F
2021-06-23,2297,Cocoa,CC=F
2021-06-24,2315,Cocoa,CC=F
2021-06-25,2351,Cocoa,CC=F
2021-06-28,2351,Cocoa,CC=F
2021-06-29,2361,Cocoa,CC=F
2021-06-30,2360,Cocoa,CC=F
2021-07-01,2325,Cocoa,CC=F
2021-07-02,2290,Cocoa,CC=F
2021-07-06,2269,Cocoa,CC=F
2021-07-07,2267,Cocoa,CC=F
2021-07-08,2266,Cocoa,CC=F
2021-07-09,2318,Cocoa,CC=F
2021-07-12,2401,Cocoa,CC=F
2021-07-13,2370,Cocoa,CC=F
2021-07-14,2373,Cocoa,CC=F
2021-07-15,2340,Cocoa,CC=F
2021-07-16,2320,Cocoa,CC=F
2021-07-19,2239,Cocoa,CC=F
2021-07-20,2257,Cocoa,CC=F
2021-07-21,2265,Cocoa,CC=F
2021-07-22,2317,Cocoa,CC=F
2021-07-23,2321,Cocoa,CC=F
2021-07-26,2392,Cocoa,CC=F
2021-07-27,2393,Cocoa,CC=F
2021-07-28,2427,Cocoa,CC=F
2021-07-29,2435,Cocoa,CC=F
2021-07-30,2366,Cocoa,CC=F
2021-08-02,2363,Cocoa,CC=F
2021-08-03,2426,Cocoa,CC=F
2021-08-04,2393,Cocoa,CC=F
2021-08-05,2405,Cocoa,CC=F
2021-08-06,2417,Cocoa,CC=F
2021-08-09,2411,Cocoa,CC=F
2021-08-10,2468,Cocoa,CC=F
2021-08-11,2509,Cocoa,CC=F
2021-08-12,2507,Cocoa,CC=F
2021-08-13,2547,Cocoa,CC=F
2021-08-16,2544,Cocoa,CC=F
2021-08-17,2607,Cocoa,CC=F
2021-08-18,2630,Cocoa,CC=F
2021-08-19,2641,Cocoa,CC=F
2021-08-20,2580,Cocoa,CC=F
2021-08-23,2574,Cocoa,CC=F
2021-08-24,2590,Cocoa,CC=F
2021-08-25,2632,Cocoa,CC=F
2021-08-26,2643,Cocoa,CC=F
2021-08-27,2602,Cocoa,CC=F
2021-08-30,2617,Cocoa,CC=F
2021-08-31,2560,Cocoa,CC=F
2021-09-01,2558,Cocoa,CC=F
2021-09-02,2631,Cocoa,CC=F
2021-09-03,2674,Cocoa,CC=F
2021-09-07,2753,Cocoa,CC=F
2021-09-08,2727,Cocoa,CC=F
2021-09-09,2713,Cocoa,CC=F
2021-09-10,2643,Cocoa,CC=F
2021-09-13,2677,Cocoa,CC=F
2021-09-14,2696,Cocoa,CC=F
2021-09-15,2703,Cocoa,CC=F
2021-09-16,2657,Cocoa,CC=F
2021-09-17,2665,Cocoa,CC=F
2021-09-20,2593,Cocoa,CC=F
2021-09-21,2605,Cocoa,CC=F
2021-09-22,2652,Cocoa,CC=F
2021-09-23,2612,Cocoa,CC=F
2021-09-24,2591,Cocoa,CC=F
2021-09-27,2546,Cocoa,CC=F
2021-09-28,2555,Cocoa,CC=F
2021-09-29,2589,Cocoa,CC=F
2021-09-30,2652,Cocoa,CC=F
2021-10-01,2710,Cocoa,CC=F
2021-10-04,2752,Cocoa,CC=F
2021-10-05,2755,Cocoa,CC=F
2021-10-06,2715,Cocoa,CC=F
2021-10-07,2726,Cocoa,CC=F
2021-10-08,2750,Cocoa,CC=F
2021-10-11,2682,Cocoa,CC=F
2021-10-12,2675,Cocoa,CC=F
2021-10-13,2602,Cocoa,CC=F
2021-10-14,2584,Cocoa,CC=F
2021-10-15,2607,Cocoa,CC=F
2021-10-18,2610,Cocoa,CC=F
2021-10-19,2559,Cocoa,CC=F
2021-10-20,2505,Cocoa,CC=F
2021-10-21,2555,Cocoa,CC=F
2021-10-22,2583,Cocoa,CC=F
2021-10-25,2616,Cocoa,CC=F
2021-10-26,2581,Cocoa,CC=F
2021-10-27,2603,Cocoa,CC=F
2021-10-28,2571,Cocoa,CC=F
2021-10-29,2544,Cocoa,CC=F
2021-11-01,2564,Cocoa,CC=F
2021-11-02,2457,Cocoa,CC=F
2021-11-03,2424,Cocoa,CC=F
2021-11-04,2440,Cocoa,CC=F
2021-11-05,2397,Cocoa,CC=F
2021-11-08,2433,Cocoa,CC=F
2021-11-09,2433,Cocoa,CC=F
2021-11-10,2473,Cocoa,CC=F
2021-11-11,2485,Cocoa,CC=F
2021-11-12,2470,Cocoa,CC=F
2021-11-15,2458,Cocoa,CC=F
2021-11-16,2505,Cocoa,CC=F
2021-11-17,2514,Cocoa,CC=F
2021-11-18,2552,Cocoa,CC=F
2021-11-19,2493,Cocoa,CC=F
2021-11-22,2498,Cocoa,CC=F
2021-11-23,2478,Cocoa,CC=F
2021-11-24,2456,Cocoa,CC=F
2021-11-26,2340,Cocoa,CC=F
2021-11-29,2322,Cocoa,CC=F
2021-11-30,2314,Cocoa,CC=F
2021-12-01,2320,Cocoa,CC=F
2021-12-02,2421,Cocoa,CC=F
2021-12-03,2435,Cocoa,CC=F
2021-12-06,2428,Cocoa,CC=F
2021-12-07,2453,Cocoa,CC=F
2021-12-08,2466,Cocoa,CC=F
2021-12-09,2447,Cocoa,CC=F
2021-12-10,2462,Cocoa,CC=F
2021-12-13,2528,Cocoa,CC=F
2021-12-14,2584,Cocoa,CC=F
2021-12-15,2627,Cocoa,CC=F
2021-12-16,2547,Cocoa,CC=F
2021-12-17,2497,Cocoa,CC=F
2021-12-20,2423,Cocoa,CC=F
2021-12-21,2460,Cocoa,CC=F
2021-12-22,2466,Cocoa,CC=F
2021-12-23,2473,Cocoa,CC=F
2021-12-27,2461,Cocoa,CC=F
2021-12-28,2485,Cocoa,CC=F
2021-12-29,2515,Cocoa,CC=F
2021-12-30,2559,Cocoa,CC=F
2021-12-31,2520,Cocoa,CC=F
2022-01-03,2499,Cocoa,CC=F
2022-01-04,2462,Cocoa,CC=F
2022-01-05,2457,Cocoa,CC=F
2022-01-06,2423,Cocoa,CC=F
2022-01-07,2521,Cocoa,CC=F
2022-01-10,2521,Cocoa,CC=F
2022-01-11,2588,Cocoa,CC=F
2022-01-12,2559,Cocoa,CC=F
2022-01-13,2609,Cocoa,CC=F
2022-01-14,2659,Cocoa,CC=F
2022-01-18,2631,Cocoa,CC=F
2022-01-19,2657,Cocoa,CC=F
2022-01-20,2660,Cocoa,CC=F
2022-01-21,2576,Cocoa,CC=F
2022-01-24,2493,Cocoa,CC=F
2022-01-25,2503,Cocoa,CC=F
2022-01-26,2513,Cocoa,CC=F
2022-01-27,2451,Cocoa,CC=F
2022-01-28,2494,Cocoa,CC=F
2022-01-31,2528,Cocoa,CC=F
2022-02-01,2613,Cocoa,CC=F
2022-02-02,2617,Cocoa,CC=F
2022-02-03,2634,Cocoa,CC=F
2022-02-04,2668,Cocoa,CC=F
2022-02-07,2624,Cocoa,CC=F
2022-02-08,2669,Cocoa,CC=F
2022-02-09,2756,Cocoa,CC=F
2022-02-10,2786,Cocoa,CC=F
2022-02-11,2766,Cocoa,CC=F
2022-02-14,2677,Cocoa,CC=F
2022-02-15,2667,Cocoa,CC=F
2022-02-16,2611,Cocoa,CC=F
2022-02-17,2589,Cocoa,CC=F
2022-02-18,2573,Cocoa,CC=F
2022-02-22,2611,Cocoa,CC=F
2022-02-23,2626,Cocoa,CC=F
2022-02-24,2578,Cocoa,CC=F
2022-02-25,2576,Cocoa,CC=F
2022-02-28,2491,Cocoa,CC=F
2022-03-01,2483,Cocoa,CC=F
2022-03-02,2491,Cocoa,CC=F
2022-03-03,2524,Cocoa,CC=F
2022-03-04,2582,Cocoa,CC=F
2022-03-07,2597,Cocoa,CC=F
2022-03-08,2597,Cocoa,CC=F
2022-03-09,2624,Cocoa,CC=F
2022-03-10,2643,Cocoa,CC=F
2022-03-11,2580,Cocoa,CC=F
2022-03-14,2571,Cocoa,CC=F
2022-03-15,2461,Cocoa,CC=F
2022-03-16,2471,Cocoa,CC=F
2022-03-17,2504,Cocoa,CC=F
2022-03-18,2537,Cocoa,CC=F
2022-03-21,2521,Cocoa,CC=F
2022-03-22,2586,Cocoa,CC=F
2022-03-23,2631,Cocoa,CC=F
2022-03-24,2583,Cocoa,CC=F
2022-03-25,2562,Cocoa,CC=F
2022-03-28,2602,Cocoa,CC=F
2022-03-29,2639,Cocoa,CC=F
2022-03-30,2651,Cocoa,CC=F
2022-03-31,2650,Cocoa,CC=F
2022-04-01,2599,Cocoa,CC=F
2022-04-04,2562,Cocoa,CC=F
2022-04-05,2534,Cocoa,CC=F
2022-04-06,2549,Cocoa,CC=F
2022-04-07,2574,Cocoa,CC=F
2022-04-08,2620,Cocoa,CC=F
2022-04-11,2616,Cocoa,CC=F
2022-04-12,2583,Cocoa,CC=F
2022-04-13,2583,Cocoa,CC=F
2022-04-14,2583,Cocoa,CC=F
2022-04-18,2525,Cocoa,CC=F
2022-04-19,2525,Cocoa,CC=F
2022-04-20,2536,Cocoa,CC=F
2022-04-21,2540,Cocoa,CC=F
2022-04-22,2506,Cocoa,CC=F
2022-04-25,2432,Cocoa,CC=F
2022-04-26,2557,Cocoa,CC=F
2022-04-27,2572,Cocoa,CC=F
2022-04-28,2601,Cocoa,CC=F
2022-04-29,2597,Cocoa,CC=F
2022-05-02,2632,Cocoa,CC=F
2022-05-03,2615,Cocoa,CC=F
2022-05-04,2588,Cocoa,CC=F
2022-05-05,2519,Cocoa,CC=F
2022-05-06,2500,Cocoa,CC=F
2022-05-09,2483,Cocoa,CC=F
2022-05-10,2473,Cocoa,CC=F
2022-05-11,2517,Cocoa,CC=F
2022-05-12,2461,Cocoa,CC=F
2022-05-13,2483,Cocoa,CC=F
2022-05-16,2505,Cocoa,CC=F
2022-05-17,2513,Cocoa,CC=F
2022-05-18,2470,Cocoa,CC=F
2022-05-19,2457,Cocoa,CC=F
2022-05-20,2429,Cocoa,CC=F
2022-05-23,2451,Cocoa,CC=F
2022-05-24,2441,Cocoa,CC=F
2022-05-25,2407,Cocoa,CC=F
2022-05-26,2464,Cocoa,CC=F
2022-05-27,2462,Cocoa,CC=F
2022-05-31,2496,Cocoa,CC=F
2022-06-01,2524,Cocoa,CC=F
2022-06-02,2485,Cocoa,CC=F
2022-06-03,2469,Cocoa,CC=F
2022-06-06,2488,Cocoa,CC=F
2022-06-07,2475,Cocoa,CC=F
2022-06-08,2458,Cocoa,CC=F
2022-06-09,2428,Cocoa,CC=F
2022-06-10,2385,Cocoa,CC=F
2022-06-13,2334,Cocoa,CC=F
2022-06-14,2326,Cocoa,CC=F
2022-06-15,2332,Cocoa,CC=F
2022-06-16,2329,Cocoa,CC=F
2022-06-17,2387,Cocoa,CC=F
2022-06-21,2416,Cocoa,CC=F
2022-06-22,2399,Cocoa,CC=F
2022-06-23,2379,Cocoa,CC=F
2022-06-24,2381,Cocoa,CC=F
2022-06-27,2361,Cocoa,CC=F
2022-06-28,2353,Cocoa,CC=F
2022-06-29,2317,Cocoa,CC=F
2022-06-30,2291,Cocoa,CC=F
2022-07-01,2265,Cocoa,CC=F
2022-07-05,2266,Cocoa,CC=F
2022-07-06,2307,Cocoa,CC=F
2022-07-07,2305,Cocoa,CC=F
2022-07-08,2269,Cocoa,CC=F
2022-07-11,2324,Cocoa,CC=F
2022-07-12,2305,Cocoa,CC=F
2022-07-13,2254,Cocoa,CC=F
2022-07-14,2198,Cocoa,CC=F
2022-07-15,2321,Cocoa,CC=F
2022-07-18,2329,Cocoa,CC=F
2022-07-19,2347,Cocoa,CC=F
2022-07-20,2368,Cocoa,CC=F
2022-07-21,2304,Cocoa,CC=F
2022-07-22,2297,Cocoa,CC=F
2022-07-25,2376,Cocoa,CC=F
2022-07-26,2400,Cocoa,CC=F
2022-07-27,2355,Cocoa,CC=F
2022-07-28,2317,Cocoa,CC=F
2022-07-29,2323,Cocoa,CC=F
2022-08-01,2339,Cocoa,CC=F
2022-08-02,2340,Cocoa,CC=F
2022-08-03,2281,Cocoa,CC=F
2022-08-04,2349,Cocoa,CC=F
2022-08-05,2305,Cocoa,CC=F
2022-08-08,2340,Cocoa,CC=F
2022-08-09,2363,Cocoa,CC=F
2022-08-10,2398,Cocoa,CC=F
2022-08-11,2409,Cocoa,CC=F
2022-08-12,2352,Cocoa,CC=F
2022-08-15,2360,Cocoa,CC=F
2022-08-16,2333,Cocoa,CC=F
2022-08-17,2400,Cocoa,CC=F
2022-08-18,2402,Cocoa,CC=F
2022-08-19,2362,Cocoa,CC=F
2022-08-22,2348,Cocoa,CC=F
2022-08-23,2300,Cocoa,CC=F
2022-08-24,2402,Cocoa,CC=F
2022-08-25,2418,Cocoa,CC=F
2022-08-26,2414,Cocoa,CC=F
2022-08-29,2429,Cocoa,CC=F
2022-08-30,2422,Cocoa,CC=F
2022-08-31,2427,Cocoa,CC=F
2022-09-01,2382,Cocoa,CC=F
2022-09-02,2430,Cocoa,CC=F
2022-09-06,2383,Cocoa,CC=F
2022-09-07,2308,Cocoa,CC=F
2022-09-08,2286,Cocoa,CC=F
2022-09-09,2360,Cocoa,CC=F
2022-09-12,2386,Cocoa,CC=F
2022-09-13,2350,Cocoa,CC=F
2022-09-14,2347,Cocoa,CC=F
2022-09-15,2412,Cocoa,CC=F
2022-09-16,2360,Cocoa,CC=F
2022-09-19,2369,Cocoa,CC=F
2022-09-20,2355,Cocoa,CC=F
2022-09-21,2352,Cocoa,CC=F
2022-09-22,2321,Cocoa,CC=F
2022-09-23,2247,Cocoa,CC=F
2022-09-26,2243,Cocoa,CC=F
2022-09-27,2286,Cocoa,CC=F
2022-09-28,2282,Cocoa,CC=F
2022-09-29,2327,Cocoa,CC=F
2022-09-30,2354,Cocoa,CC=F
2022-10-03,2337,Cocoa,CC=F
2022-10-04,2360,Cocoa,CC=F
2022-10-05,2392,Cocoa,CC=F
2022-10-06,2373,Cocoa,CC=F
2022-10-07,2396,Cocoa,CC=F
2022-10-10,2358,Cocoa,CC=F
2022-10-11,2347,Cocoa,CC=F
2022-10-12,2318,Cocoa,CC=F
2022-10-13,2385,Cocoa,CC=F
2022-10-14,2377,Cocoa,CC=F
2022-10-17,2340,Cocoa,CC=F
2022-10-18,2305,Cocoa,CC=F
2022-10-19,2308,Cocoa,CC=F
2022-10-20,2328,Cocoa,CC=F
2022-10-21,2306,Cocoa,CC=F
2022-10-24,2337,Cocoa,CC=F
2022-10-25,2296,Cocoa,CC=F
2022-10-26,2278,Cocoa,CC=F
2022-10-27,2314,Cocoa,CC=F
2022-10-28,2302,Cocoa,CC=F
2022-10-31,2335,Cocoa,CC=F
2022-11-01,2348,Cocoa,CC=F
2022-11-02,2379,Cocoa,CC=F
2022-11-03,2372,Cocoa,CC=F
2022-11-04,2434,Cocoa,CC=F
2022-11-07,2506,Cocoa,CC=F
2022-11-08,2537,Cocoa,CC=F
2022-11-09,2532,Cocoa,CC=F
2022-11-10,2558,Cocoa,CC=F
2022-11-11,2520,Cocoa,CC=F
2022-11-14,2497,Cocoa,CC=F
2022-11-15,2500,Cocoa,CC=F
2022-11-16,2503,Cocoa,CC=F
2022-11-17,2428,Cocoa,CC=F
2022-11-18,2412,Cocoa,CC=F
2022-11-21,2387,Cocoa,CC=F
2022-11-22,2381,Cocoa,CC=F
2022-11-23,2397,Cocoa,CC=F
2022-11-25,2437,Cocoa,CC=F
2022-11-28,2438,Cocoa,CC=F
2022-11-29,2433,Cocoa,CC=F
2022-11-30,2451,Cocoa,CC=F
2022-12-01,2472,Cocoa,CC=F
2022-12-02,2489,Cocoa,CC=F
2022-12-05,2432,Cocoa,CC=F
2022-12-06,2437,Cocoa,CC=F
2022-12-07,2442,Cocoa,CC=F
2022-12-08,2492,Cocoa,CC=F
2022-12-09,2454,Cocoa,CC=F
2022-12-12,2452,Cocoa,CC=F
2022-12-13,2491,Cocoa,CC=F
2022-12-14,2474,Cocoa,CC=F
2022-12-15,2517,Cocoa,CC=F
2022-12-16,2475,Cocoa,CC=F
2022-12-19,2499,Cocoa,CC=F
2022-12-20,2498,Cocoa,CC=F
2022-12-21,2529,Cocoa,CC=F
2022-12-22,2606,Cocoa,CC=F
2022-12-23,2628,Cocoa,CC=F
2022-12-27,2633,Cocoa,CC=F
2022-12-28,2621,Cocoa,CC=F
2022-12-29,2578,Cocoa,CC=F
2022-12-30,2600,Cocoa,CC=F
2023-01-03,2572,Cocoa,CC=F
2023-01-04,2603,Cocoa,CC=F
2023-01-05,2617,Cocoa,CC=F
2023-01-06,2605,Cocoa,CC=F
2023-01-09,2690,Cocoa,CC=F
2023-01-10,2604,Cocoa,CC=F
2023-01-11,2633,Cocoa,CC=F
2023-01-12,2640,Cocoa,CC=F
2023-01-13,2651,Cocoa,CC=F
2023-01-17,2641,Cocoa,CC=F
2023-01-18,2620,Cocoa,CC=F
2023-01-19,2570,Cocoa,CC=F
2023-01-20,2569,Cocoa,CC=F
2023-01-23,2608,Cocoa,CC=F
2023-01-24,2585,Cocoa,CC=F
2023-01-25,2592,Cocoa,CC=F
2023-01-26,2629,Cocoa,CC=F
2023-01-27,2627,Cocoa,CC=F
2023-01-30,2611,Cocoa,CC=F
2023-01-31,2581,Cocoa,CC=F
2023-02-01,2592,Cocoa,CC=F
2023-02-02,2583,Cocoa,CC=F
2023-02-03,2569,Cocoa,CC=F
2023-02-06,2577,Cocoa,CC=F
2023-02-07,2581,Cocoa,CC=F
2023-02-08,2579,Cocoa,CC=F
2023-02-09,2578,Cocoa,CC=F
2023-02-10,2564,Cocoa,CC=F
2023-02-13,2621,Cocoa,CC=F
2023-02-14,2621,Cocoa,CC=F
2023-02-15,2692,Cocoa,CC=F
2023-02-16,2700,Cocoa,CC=F
2023-02-17,2722,Cocoa,CC=F
2023-02-21,2732,Cocoa,CC=F
2023-02-22,2738,Cocoa,CC=F
2023-02-23,2729,Cocoa,CC=F
2023-02-24,2707,Cocoa,CC=F
2023-02-27,2715,Cocoa,CC=F
2023-02-28,2748,Cocoa,CC=F
2023-03-01,2800,Cocoa,CC=F
2023-03-02,2760,Cocoa,CC=F
2023-03-03,2730,Cocoa,CC=F
2023-03-06,2761,Cocoa,CC=F
2023-03-07,2726,Cocoa,CC=F
2023-03-08,2699,Cocoa,CC=F
2023-03-09,2702,Cocoa,CC=F
2023-03-10,2674,Cocoa,CC=F
2023-03-13,2613,Cocoa,CC=F
2023-03-14,2628,Cocoa,CC=F
2023-03-15,2586,Cocoa,CC=F
2023-03-16,2658,Cocoa,CC=F
2023-03-17,2738,Cocoa,CC=F
2023-03-20,2785,Cocoa,CC=F
2023-03-21,2817,Cocoa,CC=F
2023-03-22,2874,Cocoa,CC=F
2023-03-23,2868,Cocoa,CC=F
2023-03-24,2884,Cocoa,CC=F
2023-03-27,2902,Cocoa,CC=F
2023-03-28,2901,Cocoa,CC=F
2023-03-29,2880,Cocoa,CC=F
2023-03-30,2917,Cocoa,CC=F
2023-03-31,2933,Cocoa,CC=F
2023-04-03,2868,Cocoa,CC=F
2023-04-04,2914,Cocoa,CC=F
2023-04-05,2903,Cocoa,CC=F
2023-04-06,2919,Cocoa,CC=F
2023-04-10,2922,Cocoa,CC=F
2023-04-11,2985,Cocoa,CC=F
2023-04-12,2954,Cocoa,CC=F
2023-04-13,3002,Cocoa,CC=F
2023-04-14,2984,Cocoa,CC=F
2023-04-17,3003,Cocoa,CC=F
2023-04-18,3054,Cocoa,CC=F
2023-04-19,3079,Cocoa,CC=F
2023-04-20,3087,Cocoa,CC=F
2023-04-21,3171,Cocoa,CC=F
2023-04-24,3203,Cocoa,CC=F
2023-04-25,3149,Cocoa,CC=F
2023-04-26,3176,Cocoa,CC=F
2023-04-27,3150,Cocoa,CC=F
2023-04-28,3174,Cocoa,CC=F
2023-05-01,3171,Cocoa,CC=F
2023-05-02,3130,Cocoa,CC=F
2023-05-03,3014,Cocoa,CC=F
2023-05-04,3052,Cocoa,CC=F
2023-05-05,3109,Cocoa,CC=F
2023-05-08,3179,Cocoa,CC=F
2023-05-09,3229,Cocoa,CC=F
2023-05-10,3260,Cocoa,CC=F
2023-05-11,3242,Cocoa,CC=F
2023-05-12,3226,Cocoa,CC=F
2023-05-15,3160,Cocoa,CC=F
2023-05-16,2995,Cocoa,CC=F
2023-05-17,3000,Cocoa,CC=F
2023-05-18,2991,Cocoa,CC=F
2023-05-19,3068,Cocoa,CC=F
2023-05-22,3023,Cocoa,CC=F
2023-05-23,3016,Cocoa,CC=F
2023-05-24,3010,Cocoa,CC=F
2023-05-25,3017,Cocoa,CC=F
2023-05-26,2991,Cocoa,CC=F
2023-05-30,3005,Cocoa,CC=F
2023-05-31,3007,Cocoa,CC=F
2023-06-01,3008,Cocoa,CC=F
2023-06-02,3026,Cocoa,CC=F
2023-06-05,3056,Cocoa,CC=F
2023-06-06,3045,Cocoa,CC=F
2023-06-07,3103,Cocoa,CC=F
2023-06-08,3149,Cocoa,CC=F
2023-06-09,3180,Cocoa,CC=F
2023-06-12,3136,Cocoa,CC=F
2023-06-13,3186,Cocoa,CC=F
2023-06-14,3189,Cocoa,CC=F
2023-06-15,3226,Cocoa,CC=F
2023-06-16,3188,Cocoa,CC=F
2023-06-20,3142,Cocoa,CC=F
2023-06-21,3164,Cocoa,CC=F
2023-06-22,3138,Cocoa,CC=F
2023-06-23,3123,Cocoa,CC=F
2023-06-26,3206,Cocoa,CC=F
2023-06-27,3212,Cocoa,CC=F
2023-06-28,3292,Cocoa,CC=F
2023-06-29,3218,Cocoa,CC=F
2023-06-30,3318,Cocoa,CC=F
2023-07-03,3364,Cocoa,CC=F
2023-07-05,3334,Cocoa,CC=F
2023-07-06,3277,Cocoa,CC=F
2023-07-07,3274,Cocoa,CC=F
2023-07-10,3299,Cocoa,CC=F
2023-07-11,3296,Cocoa,CC=F
2023-07-12,3299,Cocoa,CC=F
2023-07-13,3232,Cocoa,CC=F
2023-07-14,3307,Cocoa,CC=F
2023-07-17,3359,Cocoa,CC=F
2023-07-18,3407,Cocoa,CC=F
2023-07-19,3433,Cocoa,CC=F
2023-07-20,3388,Cocoa,CC=F
2023-07-21,3415,Cocoa,CC=F
2023-07-24,3417,Cocoa,CC=F
2023-07-25,3470,Cocoa,CC=F
2023-07-26,3552,Cocoa,CC=F
2023-07-27,3529,Cocoa,CC=F
2023-07-28,3525,Cocoa,CC=F
2023-07-31,3548,Cocoa,CC=F
2023-08-01,3543,Cocoa,CC=F
2023-08-02,3562,Cocoa,CC=F
2023-08-03,3491,Cocoa,CC=F
2023-08-04,3510,Cocoa,CC=F
2023-08-07,3476,Cocoa,CC=F
2023-08-08,3333,Cocoa,CC=F
2023-08-09,3319,Cocoa,CC=F
2023-08-10,3282,Cocoa,CC=F
2023-08-11,3297,Cocoa,CC=F
2023-08-14,3321,Cocoa,CC=F
2023-08-15,3340,Cocoa,CC=F
2023-08-16,3372,Cocoa,CC=F
2023-08-17,3413,Cocoa,CC=F
2023-08-18,3366,Cocoa,CC=F
2023-08-21,3355,Cocoa,CC=F
2023-08-22,3329,Cocoa,CC=F
2023-08-23,3323,Cocoa,CC=F
2023-08-24,3363,Cocoa,CC=F
2023-08-25,3430,Cocoa,CC=F
2023-08-28,3442,Cocoa,CC=F
2023-08-29,3555,Cocoa,CC=F
2023-08-30,3606,Cocoa,CC=F
2023-08-31,3602,Cocoa,CC=F
2023-09-01,3574,Cocoa,CC=F
2023-09-05,3560,Cocoa,CC=F
2023-09-06,3577,Cocoa,CC=F
2023-09-07,3573,Cocoa,CC=F
2023-09-08,3609,Cocoa,CC=F
2023-09-11,3611,Cocoa,CC=F
2023-09-12,3772,Cocoa,CC=F
2023-09-13,3849,Cocoa,CC=F
2023-09-14,3853,Cocoa,CC=F
2023-09-15,3757,Cocoa,CC=F
2023-09-18,3621,Cocoa,CC=F
2023-09-19,3642,Cocoa,CC=F
2023-09-20,3570,Cocoa,CC=F
2023-09-21,3595,Cocoa,CC=F
2023-09-22,3582,Cocoa,CC=F
2023-09-25,3496,Cocoa,CC=F
2023-09-26,3500,Cocoa,CC=F
2023-09-27,3416,Cocoa,CC=F
2023-09-28,3459,Cocoa,CC=F
2023-09-29,3418,Cocoa,CC=F
2023-10-02,3502,Cocoa,CC=F
2023-10-03,3428,Cocoa,CC=F
2023-10-04,3431,Cocoa,CC=F
2023-10-05,3400,Cocoa,CC=F
2023-10-06,3453,Cocoa,CC=F
2023-10-09,3435,Cocoa,CC=F
2023-10-10,3474,Cocoa,CC=F
2023-10-11,3432,Cocoa,CC=F
2023-10-12,3490,Cocoa,CC=F
2023-10-13,3499,Cocoa,CC=F
2023-10-16,3591,Cocoa,CC=F
2023-10-17,3635,Cocoa,CC=F
2023-10-18,3639,Cocoa,CC=F
2023-10-19,3648,Cocoa,CC=F
2023-10-20,3694,Cocoa,CC=F
2023-10-23,3759,Cocoa,CC=F
2023-10-24,3729,Cocoa,CC=F
2023-10-25,3735,Cocoa,CC=F
2023-10-26,3810,Cocoa,CC=F
2023-10-27,3852,Cocoa,CC=F
2023-10-30,3826,Cocoa,CC=F
2023-10-31,3817,Cocoa,CC=F
2023-11-01,3794,Cocoa,CC=F
2023-11-02,3865,Cocoa,CC=F
2023-11-03,3898,Cocoa,CC=F
2023-11-06,3914,Cocoa,CC=F
2023-11-07,3883,Cocoa,CC=F
2023-11-08,3916,Cocoa,CC=F
2023-11-09,3949,Cocoa,CC=F
2023-11-10,3991,Cocoa,CC=F
2023-11-13,4051,Cocoa,CC=F
2023-11-14,3946,Cocoa,CC=F
2023-11-15,3939,Cocoa,CC=F
2023-11-16,4004,Cocoa,CC=F
2023-11-17,4083,Cocoa,CC=F
2023-11-20,4034,Cocoa,CC=F
2023-11-21,4227,Cocoa,CC=F
2023-11-22,4173,Cocoa,CC=F
2023-11-24,4219,Cocoa,CC=F
2023-11-27,4260,Cocoa,CC=F
2023-11-28,4370,Cocoa,CC=F
2023-11-29,4438,Cocoa,CC=F
2023-11-30,4475,Cocoa,CC=F
2023-12-01,4398,Cocoa,CC=F
2023-12-04,4271,Cocoa,CC=F
2023-12-05,4206,Cocoa,CC=F
2023-12-06,4241,Cocoa,CC=F
2023-12-07,4340,Cocoa,CC=F
2023-12-08,4381,Cocoa,CC=F
2023-12-11,4351,Cocoa,CC=F
2023-12-12,4375,Cocoa,CC=F
2023-12-13,4395,Cocoa,CC=F
2023-12-14,4267,Cocoa,CC=F
2023-12-15,4244,Cocoa,CC=F
2023-12-18,4271,Cocoa,CC=F
2023-12-19,4289,Cocoa,CC=F
2023-12-20,4309,Cocoa,CC=F
2023-12-21,4288,Cocoa,CC=F
2023-12-22,4311,Cocoa,CC=F
2023-12-26,4283,Cocoa,CC=F
2023-12-27,4280,Cocoa,CC=F
2023-12-28,4256,Cocoa,CC=F
2023-12-29,4196,Cocoa,CC=F
2024-01-02,4275,Cocoa,CC=F
2024-01-03,4238,Cocoa,CC=F
2024-01-04,4260,Cocoa,CC=F
2024-01-05,4204,Cocoa,CC=F
2024-01-08,4094,Cocoa,CC=F
2024-01-09,4162,Cocoa,CC=F
2024-01-10,4206,Cocoa,CC=F
2024-01-11,4274,Cocoa,CC=F
2024-01-12,4323,Cocoa,CC=F
2024-01-16,4429,Cocoa,CC=F
2024-01-17,4448,Cocoa,CC=F
2024-01-18,4458,Cocoa,CC=F
2024-01-19,4583,Cocoa,CC=F
2024-01-22,4565,Cocoa,CC=F
2024-01-23,4634,Cocoa,CC=F
2024-01-24,4785,Cocoa,CC=F
2024-01-25,4625,Cocoa,CC=F
2024-01-26,4672,Cocoa,CC=F
2024-01-29,4732,Cocoa,CC=F
2024-01-30,4805,Cocoa,CC=F
2024-01-31,4822,Cocoa,CC=F
2024-02-01,4956,Cocoa,CC=F
2024-02-02,5009,Cocoa,CC=F
2024-02-05,5189,Cocoa,CC=F
2024-02-06,5220,Cocoa,CC=F
2024-02-07,5410,Cocoa,CC=F
2024-02-08,5805,Cocoa,CC=F
2024-02-09,5888,Cocoa,CC=F
2024-02-12,5860,Cocoa,CC=F
2024-02-13,6001,Cocoa,CC=F
2024-02-14,5949,Cocoa,CC=F
2024-02-15,5961,Cocoa,CC=F
2024-02-16,5706,Cocoa,CC=F
2024-02-20,5999,Cocoa,CC=F
2024-02-21,6198,Cocoa,CC=F
2024-02-22,6169,Cocoa,CC=F
2024-02-23,6562,Cocoa,CC=F
2024-02-26,6884,Cocoa,CC=F
2024-02-27,6755,Cocoa,CC=F
2024-02-28,6380,Cocoa,CC=F
2024-02-29,6510,Cocoa,CC=F
2024-03-01,6826,Cocoa,CC=F
2024-03-04,7057,Cocoa,CC=F
2024-03-05,6970,Cocoa,CC=F
2024-03-06,7170,Cocoa,CC=F
2024-03-07,7054,Cocoa,CC=F
2024-03-08,6997,Cocoa,CC=F
2024-03-11,7329,Cocoa,CC=F
2024-03-12,8048,Cocoa,CC=F
2024-03-13,8034,Cocoa,CC=F
2024-03-14,7405,Cocoa,CC=F
2024-03-15,8018,Cocoa,CC=F
2024-03-18,8172,Cocoa,CC=F
2024-03-19,8027,Cocoa,CC=F
2024-03-20,8324,Cocoa,CC=F
2024-03-21,8559,Cocoa,CC=F
2024-03-22,8939,Cocoa,CC=F
2024-03-25,9649,Cocoa,CC=F
2024-03-26,9622,Cocoa,CC=F
2024-03-27,9843,Cocoa,CC=F
2024-03-28,9766,Cocoa,CC=F
2024-04-01,10120,Cocoa,CC=F
2024-04-02,9949,Cocoa,CC=F
2024-04-03,9524,Cocoa,CC=F
2024-04-04,9462,Cocoa,CC=F
2024-04-05,9795,Cocoa,CC=F
2024-04-08,9895,Cocoa,CC=F
2024-04-09,10204,Cocoa,CC=F
2024-04-10,10411,Cocoa,CC=F
2024-04-11,10373,Cocoa,CC=F
2024-04-12,10987,Cocoa,CC=F
2024-04-15,11001,Cocoa,CC=F
2024-04-16,10243,Cocoa,CC=F
2024-04-17,10340,Cocoa,CC=F
2024-04-18,11311,Cocoa,CC=F
2024-04-19,11878,Cocoa,CC=F
2024-04-22,11166,Cocoa,CC=F
2024-04-23,10584,Cocoa,CC=F
2024-04-24,11043,Cocoa,CC=F
2024-04-25,10988,Cocoa,CC=F
2024-04-26,10729,Cocoa,CC=F
2024-04-29,9983,Cocoa,CC=F
2024-04-30,10133,Cocoa,CC=F
2024-05-01,9183,Cocoa,CC=F
2024-05-02,8483,Cocoa,CC=F
2024-05-03,8505,Cocoa,CC=F
2024-05-06,8571,Cocoa,CC=F
2024-05-07,9593,Cocoa,CC=F
2024-05-08,9617,Cocoa,CC=F
2024-05-09,9678,Cocoa,CC=F
2024-05-10,9874,Cocoa,CC=F
2024-05-13,8149,Cocoa,CC=F
2024-05-14,8751,Cocoa,CC=F
2024-05-15,9066,Cocoa,CC=F
2024-05-16,7393,Cocoa,CC=F
2024-05-17,7348,Cocoa,CC=F
2024-05-20,7216,Cocoa,CC=F
2024-05-21,7394,Cocoa,CC=F
2024-05-22,7536,Cocoa,CC=F
2024-05-23,8109,Cocoa,CC=F
2024-05-24,8294,Cocoa,CC=F
2024-05-28,8780,Cocoa,CC=F
2024-05-29,9309,Cocoa,CC=F
2024-05-30,9257,Cocoa,CC=F
2024-05-31,9331,Cocoa,CC=F
2024-06-03,9775,Cocoa,CC=F
2024-06-04,9557,Cocoa,CC=F
2024-06-05,9408,Cocoa,CC=F
2024-06-06,9872,Cocoa,CC=F
2024-06-07,9933,Cocoa,CC=F
2024-06-10,9687,Cocoa,CC=F
2024-06-11,9910,Cocoa,CC=F
2024-06-12,10539,Cocoa,CC=F
2024-06-13,10810,Cocoa,CC=F
2024-06-14,10294,Cocoa,CC=F
2024-06-17,9659,Cocoa,CC=F
2024-06-18,9938,Cocoa,CC=F
2024-06-20,9598,Cocoa,CC=F
2024-06-21,8995,Cocoa,CC=F
2024-06-24,7978,Cocoa,CC=F
2024-06-25,7967,Cocoa,CC=F
2024-06-26,7797,Cocoa,CC=F
2024-06-27,7397,Cocoa,CC=F
2024-06-28,7729,Cocoa,CC=F
2024-07-01,7352,Cocoa,CC=F
2024-07-02,7773,Cocoa,CC=F
2024-07-03,7811,Cocoa,CC=F
2024-07-05,7721,Cocoa,CC=F
2024-07-08,7693,Cocoa,CC=F
2024-07-09,8023,Cocoa,CC=F
2024-07-10,8197,Cocoa,CC=F
2024-07-11,8441,Cocoa,CC=F
2024-07-12,8523,Cocoa,CC=F
2024-07-15,8463,Cocoa,CC=F
2024-07-16,8320,Cocoa,CC=F
2024-07-17,7763,Cocoa,CC=F
2024-07-18,8068,Cocoa,CC=F
2024-07-19,7689,Cocoa,CC=F
2024-07-22,8398,Cocoa,CC=F
2024-07-23,8286,Cocoa,CC=F
2024-07-24,8227,Cocoa,CC=F
2024-07-25,7805,Cocoa,CC=F
2024-07-26,8038,Cocoa,CC=F
2024-07-29,7716,Cocoa,CC=F
2024-07-30,8136,Cocoa,CC=F
2024-07-31,8092,Cocoa,CC=F
2024-08-01,7562,Cocoa,CC=F
2024-08-02,7520,Cocoa,CC=F
2024-08-05,7901,Cocoa,CC=F
2024-08-06,8223,Cocoa,CC=F
2024-08-07,8586,Cocoa,CC=F
2024-08-08,8178,Cocoa,CC=F
2024-08-09,9098,Cocoa,CC=F
2024-08-12,8731,Cocoa,CC=F
2024-08-13,8862,Cocoa,CC=F
2024-08-14,8833,Cocoa,CC=F
2024-08-15,8485,Cocoa,CC=F
2024-08-16,8637,Cocoa,CC=F
2024-08-19,9173,Cocoa,CC=F
2024-08-20,9486,Cocoa,CC=F
2024-08-21,9582,Cocoa,CC=F
2024-08-22,9689,Cocoa,CC=F
2024-08-23,9821,Cocoa,CC=F
2024-08-26,9880,Cocoa,CC=F
2024-08-27,9785,Cocoa,CC=F
2024-08-28,9730,Cocoa,CC=F
2024-08-29,9600,Cocoa,CC=F
2024-08-30,9666,Cocoa,CC=F
2024-09-03,9663,Cocoa,CC=F
2024-09-04,9282,Cocoa,CC=F
2024-09-05,9539,Cocoa,CC=F
2024-09-06,9459,Cocoa,CC=F
2024-09-09,9839,Cocoa,CC=F
2024-09-10,9654,Cocoa,CC=F
2024-09-11,10115,Cocoa,CC=F
2024-09-12,9968,Cocoa,CC=F
2024-09-13,10079,Cocoa,CC=F
2024-09-16,7767,Cocoa,CC=F
2024-09-17,7620,Cocoa,CC=F
2024-09-18,7814,Cocoa,CC=F
2024-09-19,7750,Cocoa,CC=F
2024-09-20,7658,Cocoa,CC=F
2024-09-23,7786,Cocoa,CC=F
2024-09-24,7867,Cocoa,CC=F
2024-09-25,7955,Cocoa,CC=F
2024-09-26,8122,Cocoa,CC=F
2024-09-27,8281,Cocoa,CC=F
2024-09-30,7722,Cocoa,CC=F
2024-10-01,7039,Cocoa,CC=F
2024-10-02,7064,Cocoa,CC=F
2024-10-03,7030,Cocoa,CC=F
2024-10-04,7069,Cocoa,CC=F
2024-10-07,6908,Cocoa,CC=F
2024-10-08,7050,Cocoa,CC=F
2024-10-09,7351,Cocoa,CC=F
2024-10-10,7529,Cocoa,CC=F
2024-10-11,7739,Cocoa,CC=F
2024-10-14,7615,Cocoa,CC=F
2024-10-15,7942,Cocoa,CC=F
2024-10-16,7765,Cocoa,CC=F
2024-10-17,7771,Cocoa,CC=F
2024-10-18,7450,Cocoa,CC=F
2024-10-21,7394,Cocoa,CC=F
2024-10-22,7140,Cocoa,CC=F
2024-10-23,7001,Cocoa,CC=F
2024-10-24,6756,Cocoa,CC=F
2024-10-25,6770,Cocoa,CC=F
2024-10-28,6917,Cocoa,CC=F
2024-10-29,7267,Cocoa,CC=F
2024-10-30,7391,Cocoa,CC=F
2024-10-31,7334,Cocoa,CC=F
2024-11-01,7341,Cocoa,CC=F
2024-11-04,7328,Cocoa,CC=F
2024-11-05,7251,Cocoa,CC=F
2024-11-06,6924,Cocoa,CC=F
2024-11-07,7360,Cocoa,CC=F
2024-11-08,7117,Cocoa,CC=F
2024-11-11,7298,Cocoa,CC=F
2024-11-12,7867,Cocoa,CC=F
2024-11-13,8163,Cocoa,CC=F
2024-11-14,8686,Cocoa,CC=F
2024-11-15,8607,Cocoa,CC=F
2024-11-18,8404,Cocoa,CC=F
2024-11-19,8574,Cocoa,CC=F
2024-11-20,8340,Cocoa,CC=F
2024-11-21,8449,Cocoa,CC=F
2024-11-22,8897,Cocoa,CC=F
2024-11-25,8863,Cocoa,CC=F
2024-11-26,9033,Cocoa,CC=F
2024-11-27,8844,Cocoa,CC=F
2024-11-29,9220,Cocoa,CC=F
2024-12-02,9197,Cocoa,CC=F
2024-12-03,8833,Cocoa,CC=F
2024-12-04,9196,Cocoa,CC=F
2024-12-05,9648,Cocoa,CC=F
2024-12-06,9767,Cocoa,CC=F
2024-12-09,9977,Cocoa,CC=F
2024-12-10,10387,Cocoa,CC=F
2024-12-11,10458,Cocoa,CC=F
2024-12-12,10702,Cocoa,CC=F
2024-12-13,11181,Cocoa,CC=F
2024-12-16,11821,Cocoa,CC=F
2024-12-17,11765,Cocoa,CC=F
2024-12-18,12565,Cocoa,CC=F
2024-12-19,12107,Cocoa,CC=F
2024-12-20,11954,Cocoa,CC=F
2024-12-23,11746,Cocoa,CC=F
2024-12-24,11852,Cocoa,CC=F
2024-12-26,11027,Cocoa,CC=F
2024-12-27,10124,Cocoa,CC=F
2024-12-30,11507,Cocoa,CC=F
2024-12-31,11675,Cocoa,CC=F
2025-01-02,11137,Cocoa,CC=F
2025-01-03,11238,Cocoa,CC=F
2025-01-06,11377,Cocoa,CC=F
2025-01-07,11210,Cocoa,CC=F
2025-01-08,10453,Cocoa,CC=F
2025-01-09,10927,Cocoa,CC=F
2025-01-10,10570,Cocoa,CC=F
2025-01-13,10928,Cocoa,CC=F
2025-01-14,10951,Cocoa,CC=F
2025-01-15,10821,Cocoa,CC=F
2025-01-16,10502,Cocoa,CC=F
2025-01-17,11173,Cocoa,CC=F
2025-01-21,11559,Cocoa,CC=F
2025-01-22,11675,Cocoa,CC=F
2025-01-23,11552,Cocoa,CC=F
2025-01-24,11593,Cocoa,CC=F
2025-01-27,11372,Cocoa,CC=F
2025-01-28,11374,Cocoa,CC=F
2025-01-29,11745,Cocoa,CC=F
2025-01-30,11207,Cocoa,CC=F
2025-01-31,10987,Cocoa,CC=F
2025-02-03,11002,Cocoa,CC=F
2025-02-04,10913,Cocoa,CC=F
2025-02-05,10514,Cocoa,CC=F
2025-02-06,10094,Cocoa,CC=F
2025-02-07,10018,Cocoa,CC=F
2025-02-10,9714,Cocoa,CC=F
2025-02-11,10131,Cocoa,CC=F
2025-02-12,10006,Cocoa,CC=F
2025-02-13,10381,Cocoa,CC=F
2025-02-14,10159,Cocoa,CC=F
2025-02-18,10301,Cocoa,CC=F
2025-02-19,10218,Cocoa,CC=F
2025-02-20,10075,Cocoa,CC=F
2025-02-21,8934,Cocoa,CC=F
2025-02-24,8352,Cocoa,CC=F
2025-02-25,8675,Cocoa,CC=F
2025-02-26,9100,Cocoa,CC=F
2025-02-27,9130,Cocoa,CC=F
2025-02-28,9014,Cocoa,CC=F
2025-03-03,8082,Cocoa,CC=F
2025-03-04,8225,Cocoa,CC=F
2025-03-05,7915,Cocoa,CC=F
2025-03-06,8036,Cocoa,CC=F
2025-03-07,8141,Cocoa,CC=F
2025-03-10,8279,Cocoa,CC=F
2025-03-11,8151,Cocoa,CC=F
2025-03-12,8204,Cocoa,CC=F
2025-03-13,8031,Cocoa,CC=F
2025-03-14,7728,Cocoa,CC=F
2025-03-17,7827,Cocoa,CC=F
2025-03-18,8021,Cocoa,CC=F
2025-03-19,8121,Cocoa,CC=F
2025-03-20,8071,Cocoa,CC=F
2025-03-21,7765,Cocoa,CC=F
2025-03-24,8079,Cocoa,CC=F
2025-03-25,7995,Cocoa,CC=F
2025-03-26,8044,Cocoa,CC=F
2025-03-27,7979,Cocoa,CC=F
2025-03-28,8042,Cocoa,CC=F
2025-03-31,7902,Cocoa,CC=F
2025-04-01,8177,Cocoa,CC=F
2025-04-02,8968,Cocoa,CC=F
2025-04-03,9291,Cocoa,CC=F
2025-04-04,8512,Cocoa,CC=F
2025-04-07,8053,Cocoa,CC=F
2025-04-08,7755,Cocoa,CC=F
2025-04-09,8447,Cocoa,CC=F
2025-04-10,8088,Cocoa,CC=F
2025-04-11,8511,Cocoa,CC=F
2025-04-14,8247,Cocoa,CC=F
2025-04-15,8002,Cocoa,CC=F
2025-04-16,8096,Cocoa,CC=F
2025-04-17,8365,Cocoa,CC=F
2025-04-21,8810,Cocoa,CC=F
2025-04-22,9310,Cocoa,CC=F
2025-04-23,9104,Cocoa,CC=F
2025-04-24,9391,Cocoa,CC=F
2025-04-25,9652,Cocoa,CC=F
2025-04-28,9217,Cocoa,CC=F
2025-04-29,9146,Cocoa,CC=F
2025-04-30,9127,Cocoa,CC=F
2025-05-01,8973,Cocoa,CC=F
2025-05-02,9127,Cocoa,CC=F
2025-05-05,8758,Cocoa,CC=F
2025-05-06,9175,Cocoa,CC=F
2025-05-07,9398,Cocoa,CC=F
2025-05-08,9268,Cocoa,CC=F
2025-05-09,9387,Cocoa,CC=F
2025-05-12,9340,Cocoa,CC=F
2025-05-13,10171,Cocoa,CC=F
2025-05-14,10129,Cocoa,CC=F
2025-05-15,10257,Cocoa,CC=F
2025-05-16,10898,Cocoa,CC=F
2025-05-19,10974,Cocoa,CC=F
2025-05-20,10874,Cocoa,CC=F
2025-05-21,10719,Cocoa,CC=F
2025-05-22,10278,Cocoa,CC=F
2025-05-23,9764,Cocoa,CC=F
2025-05-27,9739,Cocoa,CC=F
2025-05-28,9634,Cocoa,CC=F
2025-05-29,9110,Cocoa,CC=F
2025-05-30,9791,Cocoa,CC=F
2025-06-02,9474,Cocoa,CC=F
2025-06-03,9775,Cocoa,CC=F
2025-06-04,9948,Cocoa,CC=F
2025-06-05,10076,Cocoa,CC=F
2025-06-06,10259,Cocoa,CC=F
2025-06-09,10174,Cocoa,CC=F
2025-06-10,9602,Cocoa,CC=F
2025-06-11,9549,Cocoa,CC=F
2025-06-12,9858,Cocoa,CC=F
2025-06-13,9768,Cocoa,CC=F
2025-06-16,10035,Cocoa,CC=F
2025-06-17,9943,Cocoa,CC=F
2025-06-18,9680,Cocoa,CC=F
2025-06-20,8459,Cocoa,CC=F
2025-06-23,9189,Cocoa,CC=F
2025-06-24,9436,Cocoa,CC=F
2025-06-25,9081,Cocoa,CC=F
2025-06-26,9361,Cocoa,CC=F
2025-06-27,9231,Cocoa,CC=F
2025-06-30,9356,Cocoa,CC=F
2025-07-01,9000,Cocoa,CC=F
2025-07-02,8904,Cocoa,CC=F
2025-07-03,8780,Cocoa,CC=F
2025-07-04,8780,Cocoa,CC=F
2025-07-07,8879,Cocoa,CC=F
2025-07-08,8760,Cocoa,CC=F
2025-07-09,9046,Cocoa,CC=F
2025-07-10,8742,Cocoa,CC=F
2025-07-11,8840,Cocoa,CC=F
2025-07-14,8950,Cocoa,CC=F
2025-07-15,8567,Cocoa,CC=F
2025-07-16,8322,Cocoa,CC=F
2025-07-17,7309,Cocoa,CC=F
2025-07-18,7800,Cocoa,CC=F
2025-07-21,8156,Cocoa,CC=F
2025-07-22,8149,Cocoa,CC=F
2025-07-23,8440,Cocoa,CC=F
2025-07-24,8124,Cocoa,CC=F
2025-07-25,8329,Cocoa,CC=F
2025-07-28,8518,Cocoa,CC=F
2025-07-29,8220,Cocoa,CC=F
2025-07-30,8192,Cocoa,CC=F
2025-07-31,8506,Cocoa,CC=F
2025-08-01,8232,Cocoa,CC=F
2025-08-04,8102,Cocoa,CC=F
2025-08-05,8363,Cocoa,CC=F
2025-08-06,8470,Cocoa,CC=F
2025-08-07,8644,Cocoa,CC=F
2025-08-08,8526,Cocoa,CC=F
2025-08-11,8778,Cocoa,CC=F
2025-08-12,8793,Cocoa,CC=F
2025-08-13,8566,Cocoa,CC=F
2025-08-14,8225,Cocoa,CC=F
2025-08-15,8235,Cocoa,CC=F
2025-08-18,8047,Cocoa,CC=F
2025-08-19,8012,Cocoa,CC=F
2025-08-20,7675,Cocoa,CC=F
2025-08-21,7435,Cocoa,CC=F
2025-08-22,7582,Cocoa,CC=F
2025-08-25,7957,Cocoa,CC=F
2025-08-26,7532,Cocoa,CC=F
2025-08-27,7731,Cocoa,CC=F
2025-08-28,7738,Cocoa,CC=F
2025-08-29,7635,Cocoa,CC=F
2025-09-02,7420,Cocoa,CC=F
2025-09-03,7475,Cocoa,CC=F
2025-09-04,7205,Cocoa,CC=F
2025-09-05,7382,Cocoa,CC=F
2025-09-08,7131,Cocoa,CC=F
2025-09-09,7270,Cocoa,CC=F
2025-09-10,7356,Cocoa,CC=F
2025-09-11,7451,Cocoa,CC=F
2025-09-12,7315,Cocoa,CC=F
2025-09-15,7539,Cocoa,CC=F
2025-09-16,7371,Cocoa,CC=F
2025-09-17,7385,Cocoa,CC=F
2025-09-18,7233,Cocoa,CC=F
2025-09-19,7243,Cocoa,CC=F
2025-09-22,6959,Cocoa,CC=F
2025-09-23,6992,Cocoa,CC=F
2025-09-24,7048,Cocoa,CC=F
2025-09-25,6925,Cocoa,CC=F
2025-09-26,6908,Cocoa,CC=F
2025-09-29,6998,Cocoa,CC=F
2025-09-30,6749,Cocoa,CC=F
2025-10-01,6675,Cocoa,CC=F
2025-10-02,6481,Cocoa,CC=F
2025-10-03,6190,Cocoa,CC=F
2025-10-06,6283,Cocoa,CC=F
2025-10-07,6179,Cocoa,CC=F
2025-10-08,6000,Cocoa,CC=F
2025-10-09,5945,Cocoa,CC=F
2025-10-10,5848,Cocoa,CC=F
2025-10-13,5822,Cocoa,CC=F
2025-10-14,5899,Cocoa,CC=F
2025-10-15,5809,Cocoa,CC=F
2025-10-16,5991,Cocoa,CC=F
2025-10-17,5895,Cocoa,CC=F
2025-10-20,5899,Cocoa,CC=F
2025-10-21,5916,Cocoa,CC=F
2025-10-22,6298,Cocoa,CC=F
2025-10-23,6339,Cocoa,CC=F
2025-10-24,6319,Cocoa,CC=F
2025-10-27,6182,Cocoa,CC=F
2025-10-28,6002,Cocoa,CC=F
2025-10-29,6044,Cocoa,CC=F
2025-10-30,6058,Cocoa,CC=F
2025-10-31,6151,Cocoa,CC=F
2025-11-03,6559,Cocoa,CC=F
2025-11-04,6600,Cocoa,CC=F
2025-11-05,6396,Cocoa,CC=F
2025-11-06,6185,Cocoa,CC=F
2025-11-07,6013,Cocoa,CC=F
2025-11-10,6102,Cocoa,CC=F
2025-11-11,5829,Cocoa,CC=F
2025-11-12,5625,Cocoa,CC=F
2025-11-13,5487,Cocoa,CC=F
2025-11-14,5287,Cocoa,CC=F
2025-11-17,5264,Cocoa,CC=F
2025-11-18,5262,Cocoa,CC=F
2025-11-19,4943,Cocoa,CC=F
2025-11-20,5108,Cocoa,CC=F
2025-11-21,5084,Cocoa,CC=F
2025-11-24,5090,Cocoa,CC=F
2025-11-25,4999,Cocoa,CC=F
2025-11-26,4993,Cocoa,CC=F
2025-11-28,5404,Cocoa,CC=F
2025-12-01,5456,Cocoa,CC=F
2025-12-02,5401,Cocoa,CC=F
2025-12-03,5453,Cocoa,CC=F
2025-12-04,5434,Cocoa,CC=F
2025-12-05,5643,Cocoa,CC=F
2025-12-08,5648,Cocoa,CC=F
2025-12-09,5829,Cocoa,CC=F
2025-12-10,6168,Cocoa,CC=F
2025-12-11,6235,Cocoa,CC=F
2025-12-12,6226,Cocoa,CC=F
2025-12-15,5823,Cocoa,CC=F
2025-12-16,5998,Cocoa,CC=F
2025-12-17,5978,Cocoa,CC=F
2025-12-18,5934,Cocoa,CC=F
2025-12-19,5845,Cocoa,CC=F
2025-12-22,5887,Cocoa,CC=F
2025-12-23,5958,Cocoa,CC=F
2025-12-24,5966,Cocoa,CC=F
2025-12-26,5953,Cocoa,CC=F
2025-12-29,6242,Cocoa,CC=F
2025-12-30,6063,Cocoa,CC=F
2025-12-31,6065,Cocoa,CC=F
2026-01-02,5871,Cocoa,CC=F
2026-01-05,6077,Cocoa,CC=F
2026-01-06,5954,Cocoa,CC=F
2026-01-07,5915,Cocoa,CC=F
2026-01-08,6077,Cocoa,CC=F
2026-01-09,5345,Cocoa,CC=F
2026-01-12,5443,Cocoa,CC=F
2026-01-13,5224,Cocoa,CC=F
2026-01-14,5090,Cocoa,CC=F
2026-01-15,4966,Cocoa,CC=F
2026-01-16,5076,Cocoa,CC=F
2026-01-20,4648,Cocoa,CC=F
2026-01-21,4448,Cocoa,CC=F
2026-01-22,4469,Cocoa,CC=F
2026-01-23,4201,Cocoa,CC=F
2026-01-26,4348,Cocoa,CC=F
2026-01-27,4433,Cocoa,CC=F
2026-01-28,4150,Cocoa,CC=F
2026-01-29,4177,Cocoa,CC=F
2026-01-30,4165,Cocoa,CC=F
2026-02-02,4210,Cocoa,CC=F
2026-02-03,4300,Cocoa,CC=F
2026-02-04,4086,Cocoa,CC=F
2026-02-05,4209,Cocoa,CC=F
2026-02-06,4197,Cocoa,CC=F
2026-02-09,4102,Cocoa,CC=F
2026-02-10,3805,Cocoa,CC=F
2026-02-11,3762,Cocoa,CC=F
2026-02-12,3632,Cocoa,CC=F
2026-02-13,3581,Cocoa,CC=F
2026-02-17,3384,Cocoa,CC=F
2026-02-18,3226,Cocoa,CC=F
2026-02-19,2968,Cocoa,CC=F
2026-02-20,3080,Cocoa,CC=F
2026-02-23,3004,Cocoa,CC=F
2026-02-24,2997,Cocoa,CC=F
2026-02-25,2957,Cocoa,CC=F
2026-02-26,2974,Cocoa,CC=F
2026-02-27,2798,Cocoa,CC=F
2026-03-02,2931,Cocoa,CC=F
2026-03-03,2925,Cocoa,CC=F
2026-03-04,2968,Cocoa,CC=F
2026-03-05,2963,Cocoa,CC=F
2026-03-06,3138,Cocoa,CC=F
2026-03-09,3197,Cocoa,CC=F
2026-03-10,3356,Cocoa,CC=F
2026-03-11,3337,Cocoa,CC=F
2026-03-12,3223,Cocoa,CC=F
2019-01-02,99.5,Coffee,KC=F
2019-01-03,102.1500015258789,Coffee,KC=F
2019-01-04,101.5999984741211,Coffee,KC=F
2019-01-07,102.75,Coffee,KC=F
2019-01-08,105.05000305175781,Coffee,KC=F
2019-01-09,105.30000305175781,Coffee,KC=F
2019-01-10,104.25,Coffee,KC=F
2019-01-11,103.8499984741211,Coffee,KC=F
2019-01-14,102.75,Coffee,KC=F
2019-01-15,101.30000305175781,Coffee,KC=F
2019-01-16,102.4000015258789,Coffee,KC=F
2019-01-17,102.4000015258789,Coffee,KC=F
2019-01-18,104.94999694824219,Coffee,KC=F
2019-01-22,103.3499984741211,Coffee,KC=F
2019-01-23,103.4000015258789,Coffee,KC=F
2019-01-24,105.30000305175781,Coffee,KC=F
2019-01-25,106.80000305175781,Coffee,KC=F
2019-01-28,102.6500015258789,Coffee,KC=F
2019-01-29,102.5999984741211,Coffee,KC=F
2019-01-30,102.0999984741211,Coffee,KC=F
2019-01-31,105.9000015258789,Coffee,KC=F
2019-02-01,103.69999694824219,Coffee,KC=F
2019-02-04,105.5999984741211,Coffee,KC=F
2019-02-05,104.8499984741211,Coffee,KC=F
2019-02-06,105.5,Coffee,KC=F
2019-02-07,104.30000305175781,Coffee,KC=F
2019-02-08,102.5999984741211,Coffee,KC=F
2019-02-11,100.19999694824219,Coffee,KC=F
2019-02-12,100.44999694824219,Coffee,KC=F
2019-02-13,98.9000015258789,Coffee,KC=F
2019-02-14,97.8499984741211,Coffee,KC=F
2019-02-15,97.94999694824219,Coffee,KC=F
2019-02-19,97.19999694824219,Coffee,KC=F
2019-02-20,97.55000305175781,Coffee,KC=F
2019-02-21,96.0999984741211,Coffee,KC=F
2019-02-22,96.44999694824219,Coffee,KC=F
2019-02-25,96.4000015258789,Coffee,KC=F
2019-02-26,93.55000305175781,Coffee,KC=F
2019-02-27,95.69999694824219,Coffee,KC=F
2019-02-28,95.19999694824219,Coffee,KC=F
2019-03-01,96.94999694824219,Coffee,KC=F
2019-03-04,94.0999984741211,Coffee,KC=F
2019-03-05,96.44999694824219,Coffee,KC=F
2019-03-06,95.5,Coffee,KC=F
2019-03-07,93.6500015258789,Coffee,KC=F
2019-03-08,95.30000305175781,Coffee,KC=F
2019-03-11,94,Coffee,KC=F
2019-03-12,92.80000305175781,Coffee,KC=F
2019-03-13,94.44999694824219,Coffee,KC=F
2019-03-14,93.94999694824219,Coffee,KC=F
2019-03-15,94.5999984741211,Coffee,KC=F
2019-03-18,93.6500015258789,Coffee,KC=F
2019-03-19,93.44999694824219,Coffee,KC=F
2019-03-20,94.75,Coffee,KC=F
2019-03-21,94.80000305175781,Coffee,KC=F
2019-03-22,93.9000015258789,Coffee,KC=F
2019-03-25,94.25,Coffee,KC=F
2019-03-26,95.3499984741211,Coffee,KC=F
2019-03-27,93.8499984741211,Coffee,KC=F
2019-03-28,94,Coffee,KC=F
2019-03-29,94.5,Coffee,KC=F
2019-04-01,92.0999984741211,Coffee,KC=F
2019-04-02,91.6500015258789,Coffee,KC=F
2019-04-03,95.3499984741211,Coffee,KC=F
2019-04-04,95.30000305175781,Coffee,KC=F
2019-04-05,93.19999694824219,Coffee,KC=F
2019-04-08,92.94999694824219,Coffee,KC=F
2019-04-09,93.6500015258789,Coffee,KC=F
2019-04-10,94.25,Coffee,KC=F
2019-04-11,90.25,Coffee,KC=F
2019-04-12,90.4000015258789,Coffee,KC=F
2019-04-15,91.4000015258789,Coffee,KC=F
2019-04-16,90.5,Coffee,KC=F
2019-04-17,87.05000305175781,Coffee,KC=F
2019-04-18,90.19999694824219,Coffee,KC=F
2019-04-22,91.0999984741211,Coffee,KC=F
2019-04-23,91.5,Coffee,KC=F
2019-04-24,90.44999694824219,Coffee,KC=F
2019-04-25,92.05000305175781,Coffee,KC=F
2019-04-26,92.69999694824219,Coffee,KC=F
2019-04-29,91.3499984741211,Coffee,KC=F
2019-04-30,91.8499984741211,Coffee,KC=F
2019-05-01,89.80000305175781,Coffee,KC=F
2019-05-02,90.25,Coffee,KC=F
2019-05-03,89.25,Coffee,KC=F
2019-05-06,88.80000305175781,Coffee,KC=F
2019-05-07,86.6500015258789,Coffee,KC=F
2019-05-08,87.19999694824219,Coffee,KC=F
2019-05-09,89.5,Coffee,KC=F
2019-05-10,89.44999694824219,Coffee,KC=F
2019-05-13,88.25,Coffee,KC=F
2019-05-14,89.55000305175781,Coffee,KC=F
2019-05-15,89.9000015258789,Coffee,KC=F
2019-05-16,90,Coffee,KC=F
2019-05-17,87.3499984741211,Coffee,KC=F
2019-05-20,88.25,Coffee,KC=F
2019-05-21,92.9000015258789,Coffee,KC=F
2019-05-22,91.75,Coffee,KC=F
2019-05-23,93.5,Coffee,KC=F
2019-05-24,93.30000305175781,Coffee,KC=F
2019-05-28,96.05000305175781,Coffee,KC=F
2019-05-29,99.5,Coffee,KC=F
2019-05-30,102.3499984741211,Coffee,KC=F
2019-05-31,104.5999984741211,Coffee,KC=F
2019-06-03,103.75,Coffee,KC=F
2019-06-04,105.6500015258789,Coffee,KC=F
2019-06-05,99.0999984741211,Coffee,KC=F
2019-06-06,102.05000305175781,Coffee,KC=F
2019-06-07,100.94999694824219,Coffee,KC=F
2019-06-10,98.5999984741211,Coffee,KC=F
2019-06-11,97,Coffee,KC=F
2019-06-12,99.05000305175781,Coffee,KC=F
2019-06-13,97.3499984741211,Coffee,KC=F
2019-06-14,96,Coffee,KC=F
2019-06-17,96.05000305175781,Coffee,KC=F
2019-06-18,94.30000305175781,Coffee,KC=F
2019-06-19,96.25,Coffee,KC=F
2019-06-20,101.05000305175781,Coffee,KC=F
2019-06-21,99.80000305175781,Coffee,KC=F
2019-06-24,102,Coffee,KC=F
2019-06-25,106.44999694824219,Coffee,KC=F
2019-06-26,104.9000015258789,Coffee,KC=F
2019-06-27,105.55000305175781,Coffee,KC=F
2019-06-28,108.25,Coffee,KC=F
2019-07-01,110.1500015258789,Coffee,KC=F
2019-07-02,108.25,Coffee,KC=F
2019-07-03,112.25,Coffee,KC=F
2019-07-05,109.44999694824219,Coffee,KC=F
2019-07-08,104.75,Coffee,KC=F
2019-07-09,105.9000015258789,Coffee,KC=F
2019-07-10,104.3499984741211,Coffee,KC=F
2019-07-11,105.5,Coffee,KC=F
2019-07-12,105.19999694824219,Coffee,KC=F
2019-07-15,108.80000305175781,Coffee,KC=F
2019-07-16,104.0999984741211,Coffee,KC=F
2019-07-17,105.94999694824219,Coffee,KC=F
2019-07-18,107.1500015258789,Coffee,KC=F
2019-07-19,105.8499984741211,Coffee,KC=F
2019-07-22,105.0999984741211,Coffee,KC=F
2019-07-23,102.30000305175781,Coffee,KC=F
2019-07-24,101,Coffee,KC=F
2019-07-25,100.6500015258789,Coffee,KC=F
2019-07-26,99.75,Coffee,KC=F
2019-07-29,101.1500015258789,Coffee,KC=F
2019-07-30,99.5,Coffee,KC=F
2019-07-31,99.6500015258789,Coffee,KC=F
2019-08-01,97.25,Coffee,KC=F
2019-08-02,98.1500015258789,Coffee,KC=F
2019-08-05,95.6500015258789,Coffee,KC=F
2019-08-06,97.05000305175781,Coffee,KC=F
2019-08-07,96.9000015258789,Coffee,KC=F
2019-08-08,97.4000015258789,Coffee,KC=F
2019-08-09,97.30000305175781,Coffee,KC=F
2019-08-12,93.75,Coffee,KC=F
2019-08-13,96.3499984741211,Coffee,KC=F
2019-08-14,94.44999694824219,Coffee,KC=F
2019-08-15,94.55000305175781,Coffee,KC=F
2019-08-16,92.8499984741211,Coffee,KC=F
2019-08-19,91.1500015258789,Coffee,KC=F
2019-08-20,91.44999694824219,Coffee,KC=F
2019-08-21,92.8499984741211,Coffee,KC=F
2019-08-22,93.5,Coffee,KC=F
2019-08-23,92.5999984741211,Coffee,KC=F
2019-08-26,94.1500015258789,Coffee,KC=F
2019-08-27,93.80000305175781,Coffee,KC=F
2019-08-28,94.19999694824219,Coffee,KC=F
2019-08-29,91.9000015258789,Coffee,KC=F
2019-08-30,93.5999984741211,Coffee,KC=F
2019-09-03,92.3499984741211,Coffee,KC=F
2019-09-04,93.4000015258789,Coffee,KC=F
2019-09-05,92.19999694824219,Coffee,KC=F
2019-09-06,93.8499984741211,Coffee,KC=F
2019-09-09,95,Coffee,KC=F
2019-09-10,98.3499984741211,Coffee,KC=F
2019-09-11,100.1500015258789,Coffee,KC=F
2019-09-12,100.3499984741211,Coffee,KC=F
2019-09-13,99.5,Coffee,KC=F
2019-09-16,100.80000305175781,Coffee,KC=F
2019-09-17,96.8499984741211,Coffee,KC=F
2019-09-18,96.8499984741211,Coffee,KC=F
2019-09-19,98.3499984741211,Coffee,KC=F
2019-09-20,98.4000015258789,Coffee,KC=F
2019-09-23,99,Coffee,KC=F
2019-09-24,99.1500015258789,Coffee,KC=F
2019-09-25,100.94999694824219,Coffee,KC=F
2019-09-26,100.8499984741211,Coffee,KC=F
2019-09-27,100.9000015258789,Coffee,KC=F
2019-09-30,101.1500015258789,Coffee,KC=F
2019-10-01,101.3499984741211,Coffee,KC=F
2019-10-02,100.5999984741211,Coffee,KC=F
2019-10-03,102.05000305175781,Coffee,KC=F
2019-10-04,99,Coffee,KC=F
2019-10-07,97,Coffee,KC=F
2019-10-08,95.69999694824219,Coffee,KC=F
2019-10-09,95.44999694824219,Coffee,KC=F
2019-10-10,93.5,Coffee,KC=F
2019-10-11,93.69999694824219,Coffee,KC=F
2019-10-14,94.8499984741211,Coffee,KC=F
2019-10-15,94.44999694824219,Coffee,KC=F
2019-10-16,93.55000305175781,Coffee,KC=F
2019-10-17,92.9000015258789,Coffee,KC=F
2019-10-18,95.69999694824219,Coffee,KC=F
2019-10-21,96.3499984741211,Coffee,KC=F
2019-10-22,98.9000015258789,Coffee,KC=F
2019-10-23,97.75,Coffee,KC=F
2019-10-24,96.44999694824219,Coffee,KC=F
2019-10-25,99.44999694824219,Coffee,KC=F
2019-10-28,100.5,Coffee,KC=F
2019-10-29,98.94999694824219,Coffee,KC=F
2019-10-30,99.3499984741211,Coffee,KC=F
2019-10-31,101.94999694824219,Coffee,KC=F
2019-11-01,104,Coffee,KC=F
2019-11-04,103.6500015258789,Coffee,KC=F
2019-11-05,105.80000305175781,Coffee,KC=F
2019-11-06,108,Coffee,KC=F
2019-11-07,109.0999984741211,Coffee,KC=F
2019-11-08,109.44999694824219,Coffee,KC=F
2019-11-11,106,Coffee,KC=F
2019-11-12,105.5999984741211,Coffee,KC=F
2019-11-13,107.94999694824219,Coffee,KC=F
2019-11-14,108.05000305175781,Coffee,KC=F
2019-11-15,106.1500015258789,Coffee,KC=F
2019-11-18,105.55000305175781,Coffee,KC=F
2019-11-19,102.69999694824219,Coffee,KC=F
2019-11-20,109.69999694824219,Coffee,KC=F
2019-11-21,115.25,Coffee,KC=F
2019-11-22,114.5999984741211,Coffee,KC=F
2019-11-25,117.80000305175781,Coffee,KC=F
2019-11-26,115.69999694824219,Coffee,KC=F
2019-11-27,117.30000305175781,Coffee,KC=F
2019-11-29,118.55000305175781,Coffee,KC=F
2019-12-02,121.5,Coffee,KC=F
2019-12-03,122.8499984741211,Coffee,KC=F
2019-12-04,120.5999984741211,Coffee,KC=F
2019-12-05,123.94999694824219,Coffee,KC=F
2019-12-06,123.69999694824219,Coffee,KC=F
2019-12-09,127.30000305175781,Coffee,KC=F
2019-12-10,132.0500030517578,Coffee,KC=F
2019-12-11,133.85000610351563,Coffee,KC=F
2019-12-12,135.89999389648438,Coffee,KC=F
2019-12-13,129.4499969482422,Coffee,KC=F
2019-12-16,135.8000030517578,Coffee,KC=F
2019-12-17,132.1999969482422,Coffee,KC=F
2019-12-18,131.6999969482422,Coffee,KC=F
2019-12-19,127.19999694824219,Coffee,KC=F
2019-12-20,130.6999969482422,Coffee,KC=F
2019-12-23,125.30000305175781,Coffee,KC=F
2019-12-24,129.39999389648438,Coffee,KC=F
2019-12-26,127.30000305175781,Coffee,KC=F
2019-12-27,132.5,Coffee,KC=F
2019-12-30,132.14999389648438,Coffee,KC=F
2019-12-31,129.6999969482422,Coffee,KC=F
2020-01-02,127.0999984741211,Coffee,KC=F
2020-01-03,126.3499984741211,Coffee,KC=F
2020-01-06,122.1500015258789,Coffee,KC=F
2020-01-07,122.4000015258789,Coffee,KC=F
2020-01-08,119.1500015258789,Coffee,KC=F
2020-01-09,117.3499984741211,Coffee,KC=F
2020-01-10,118.94999694824219,Coffee,KC=F
2020-01-13,114.55000305175781,Coffee,KC=F
2020-01-14,114.9000015258789,Coffee,KC=F
2020-01-15,114.30000305175781,Coffee,KC=F
2020-01-16,112.94999694824219,Coffee,KC=F
2020-01-17,112.1500015258789,Coffee,KC=F
2020-01-21,111.05000305175781,Coffee,KC=F
2020-01-22,111,Coffee,KC=F
2020-01-23,112.5999984741211,Coffee,KC=F
2020-01-24,110.1500015258789,Coffee,KC=F
2020-01-27,106.5999984741211,Coffee,KC=F
2020-01-28,105.05000305175781,Coffee,KC=F
2020-01-29,102.05000305175781,Coffee,KC=F
2020-01-30,101.5,Coffee,KC=F
2020-01-31,102.6500015258789,Coffee,KC=F
2020-02-03,97.9000015258789,Coffee,KC=F
2020-02-04,98.1500015258789,Coffee,KC=F
2020-02-05,97.75,Coffee,KC=F
2020-02-06,98.1500015258789,Coffee,KC=F
2020-02-07,98.3499984741211,Coffee,KC=F
2020-02-10,100.30000305175781,Coffee,KC=F
2020-02-11,100.5,Coffee,KC=F
2020-02-12,100.6500015258789,Coffee,KC=F
2020-02-13,104.44999694824219,Coffee,KC=F
2020-02-14,109.0999984741211,Coffee,KC=F
2020-02-18,106.55000305175781,Coffee,KC=F
2020-02-19,106.80000305175781,Coffee,KC=F
2020-02-20,103.5999984741211,Coffee,KC=F
2020-02-21,108.8499984741211,Coffee,KC=F
2020-02-24,105.9000015258789,Coffee,KC=F
2020-02-25,107.0999984741211,Coffee,KC=F
2020-02-26,109.0999984741211,Coffee,KC=F
2020-02-27,108.19999694824219,Coffee,KC=F
2020-02-28,110.0999984741211,Coffee,KC=F
2020-03-02,114.6500015258789,Coffee,KC=F
2020-03-03,121.05000305175781,Coffee,KC=F
2020-03-04,117.1500015258789,Coffee,KC=F
2020-03-05,109.8499984741211,Coffee,KC=F
2020-03-06,105.5999984741211,Coffee,KC=F
2020-03-09,108.94999694824219,Coffee,KC=F
2020-03-10,114.25,Coffee,KC=F
2020-03-11,111.55000305175781,Coffee,KC=F
2020-03-12,109.1500015258789,Coffee,KC=F
2020-03-13,107.05000305175781,Coffee,KC=F
2020-03-16,103.9000015258789,Coffee,KC=F
2020-03-17,102.9000015258789,Coffee,KC=F
2020-03-18,108.05000305175781,Coffee,KC=F
2020-03-19,116.6500015258789,Coffee,KC=F
2020-03-20,119.69999694824219,Coffee,KC=F
2020-03-23,121.25,Coffee,KC=F
2020-03-24,125.5999984741211,Coffee,KC=F
2020-03-25,129.9499969482422,Coffee,KC=F
2020-03-26,124.6500015258789,Coffee,KC=F
2020-03-27,115.8499984741211,Coffee,KC=F
2020-03-30,119.30000305175781,Coffee,KC=F
2020-03-31,119.55000305175781,Coffee,KC=F
2020-04-01,116,Coffee,KC=F
2020-04-02,119.3499984741211,Coffee,KC=F
2020-04-03,114.9000015258789,Coffee,KC=F
2020-04-06,116.6500015258789,Coffee,KC=F
2020-04-07,119.9000015258789,Coffee,KC=F
2020-04-08,119.80000305175781,Coffee,KC=F
2020-04-09,118.5999984741211,Coffee,KC=F
2020-04-13,119.75,Coffee,KC=F
2020-04-14,117.19999694824219,Coffee,KC=F
2020-04-15,120.19999694824219,Coffee,KC=F
2020-04-16,118.5999984741211,Coffee,KC=F
2020-04-17,116.05000305175781,Coffee,KC=F
2020-04-20,113.6500015258789,Coffee,KC=F
2020-04-21,109.6500015258789,Coffee,KC=F
2020-04-22,110.5999984741211,Coffee,KC=F
2020-04-23,111.05000305175781,Coffee,KC=F
2020-04-24,105.19999694824219,Coffee,KC=F
2020-04-27,104.5999984741211,Coffee,KC=F
2020-04-28,105.69999694824219,Coffee,KC=F
2020-04-29,103.6500015258789,Coffee,KC=F
2020-04-30,104.6500015258789,Coffee,KC=F
2020-05-01,104.44999694824219,Coffee,KC=F
2020-05-04,105.55000305175781,Coffee,KC=F
2020-05-05,108.8499984741211,Coffee,KC=F
2020-05-06,109.3499984741211,Coffee,KC=F
2020-05-07,107.44999694824219,Coffee,KC=F
2020-05-08,110.0999984741211,Coffee,KC=F
2020-05-11,108.94999694824219,Coffee,KC=F
2020-05-12,105.5999984741211,Coffee,KC=F
2020-05-13,103.55000305175781,Coffee,KC=F
2020-05-14,104.9000015258789,Coffee,KC=F
2020-05-15,104.80000305175781,Coffee,KC=F
2020-05-18,105.69999694824219,Coffee,KC=F
2020-05-19,107.05000305175781,Coffee,KC=F
2020-05-20,105.6500015258789,Coffee,KC=F
2020-05-21,104.75,Coffee,KC=F
2020-05-22,103.5999984741211,Coffee,KC=F
2020-05-26,105.0999984741211,Coffee,KC=F
2020-05-27,102.5,Coffee,KC=F
2020-05-28,99.0999984741211,Coffee,KC=F
2020-05-29,96.30000305175781,Coffee,KC=F
2020-06-01,98.30000305175781,Coffee,KC=F
2020-06-02,98.19999694824219,Coffee,KC=F
2020-06-03,99.0999984741211,Coffee,KC=F
2020-06-04,98.1500015258789,Coffee,KC=F
2020-06-05,98.9000015258789,Coffee,KC=F
2020-06-08,98.9000015258789,Coffee,KC=F
2020-06-09,97.80000305175781,Coffee,KC=F
2020-06-10,96.75,Coffee,KC=F
2020-06-11,96,Coffee,KC=F
2020-06-12,95.19999694824219,Coffee,KC=F
2020-06-15,94,Coffee,KC=F
2020-06-16,93.6500015258789,Coffee,KC=F
2020-06-17,96.25,Coffee,KC=F
2020-06-18,94.5999984741211,Coffee,KC=F
2020-06-19,93.75,Coffee,KC=F
2020-06-22,95.94999694824219,Coffee,KC=F
2020-06-23,96.25,Coffee,KC=F
2020-06-24,96.6500015258789,Coffee,KC=F
2020-06-25,94.8499984741211,Coffee,KC=F
2020-06-26,95.6500015258789,Coffee,KC=F
2020-06-29,98.6500015258789,Coffee,KC=F
2020-06-30,100.05000305175781,Coffee,KC=F
2020-07-01,103.05000305175781,Coffee,KC=F
2020-07-02,102.25,Coffee,KC=F
2020-07-06,97.19999694824219,Coffee,KC=F
2020-07-07,99.25,Coffee,KC=F
2020-07-08,98.94999694824219,Coffee,KC=F
2020-07-09,97.69999694824219,Coffee,KC=F
2020-07-10,96.1500015258789,Coffee,KC=F
2020-07-13,97.4000015258789,Coffee,KC=F
2020-07-14,96.69999694824219,Coffee,KC=F
2020-07-15,95.94999694824219,Coffee,KC=F
2020-07-16,97.0999984741211,Coffee,KC=F
2020-07-17,101.05000305175781,Coffee,KC=F
2020-07-20,98.5,Coffee,KC=F
2020-07-21,100.5,Coffee,KC=F
2020-07-22,108.3499984741211,Coffee,KC=F
2020-07-23,107.5,Coffee,KC=F
2020-07-24,108.4000015258789,Coffee,KC=F
2020-07-27,110.4000015258789,Coffee,KC=F
2020-07-28,109.6500015258789,Coffee,KC=F
2020-07-29,111.5999984741211,Coffee,KC=F
2020-07-30,115.3499984741211,Coffee,KC=F
2020-07-31,118.94999694824219,Coffee,KC=F
2020-08-03,117.9000015258789,Coffee,KC=F
2020-08-04,121.05000305175781,Coffee,KC=F
2020-08-05,121.55000305175781,Coffee,KC=F
2020-08-06,117,Coffee,KC=F
2020-08-07,115.44999694824219,Coffee,KC=F
2020-08-10,112.5999984741211,Coffee,KC=F
2020-08-11,111.3499984741211,Coffee,KC=F
2020-08-12,112.05000305175781,Coffee,KC=F
2020-08-13,116.19999694824219,Coffee,KC=F
2020-08-14,114.69999694824219,Coffee,KC=F
2020-08-17,115.55000305175781,Coffee,KC=F
2020-08-18,119.30000305175781,Coffee,KC=F
2020-08-19,118.44999694824219,Coffee,KC=F
2020-08-20,118.55000305175781,Coffee,KC=F
2020-08-21,120.0999984741211,Coffee,KC=F
2020-08-24,120.25,Coffee,KC=F
2020-08-25,123.19999694824219,Coffee,KC=F
2020-08-26,122.80000305175781,Coffee,KC=F
2020-08-27,122.94999694824219,Coffee,KC=F
2020-08-28,127.0999984741211,Coffee,KC=F
2020-08-31,129.8000030517578,Coffee,KC=F
2020-09-01,131.89999389648438,Coffee,KC=F
2020-09-02,131.5,Coffee,KC=F
2020-09-03,131.60000610351563,Coffee,KC=F
2020-09-04,134.8000030517578,Coffee,KC=F
2020-09-08,132.8000030517578,Coffee,KC=F
2020-09-09,129.64999389648438,Coffee,KC=F
2020-09-10,132.5,Coffee,KC=F
2020-09-11,133.35000610351563,Coffee,KC=F
2020-09-14,123.55000305175781,Coffee,KC=F
2020-09-15,122.19999694824219,Coffee,KC=F
2020-09-16,120.55000305175781,Coffee,KC=F
2020-09-17,118.0999984741211,Coffee,KC=F
2020-09-18,113.5999984741211,Coffee,KC=F
2020-09-21,112,Coffee,KC=F
2020-09-22,110.6500015258789,Coffee,KC=F
2020-09-23,110.5,Coffee,KC=F
2020-09-24,111.1500015258789,Coffee,KC=F
2020-09-25,113.6500015258789,Coffee,KC=F
2020-09-28,109.55000305175781,Coffee,KC=F
2020-09-29,109.55000305175781,Coffee,KC=F
2020-09-30,110.94999694824219,Coffee,KC=F
2020-10-01,107.05000305175781,Coffee,KC=F
2020-10-02,108.94999694824219,Coffee,KC=F
2020-10-05,107.19999694824219,Coffee,KC=F
2020-10-06,107.6500015258789,Coffee,KC=F
2020-10-07,109.5999984741211,Coffee,KC=F
2020-10-08,110.25,Coffee,KC=F
2020-10-09,111.55000305175781,Coffee,KC=F
2020-10-12,109.1500015258789,Coffee,KC=F
2020-10-13,110.0999984741211,Coffee,KC=F
2020-10-14,109.5999984741211,Coffee,KC=F
2020-10-15,109.5,Coffee,KC=F
2020-10-16,107.25,Coffee,KC=F
2020-10-19,106.05000305175781,Coffee,KC=F
2020-10-20,104.9000015258789,Coffee,KC=F
2020-10-21,104.1500015258789,Coffee,KC=F
2020-10-22,106.69999694824219,Coffee,KC=F
2020-10-23,105.5999984741211,Coffee,KC=F
2020-10-26,106.6500015258789,Coffee,KC=F
2020-10-27,106.94999694824219,Coffee,KC=F
2020-10-28,105,Coffee,KC=F
2020-10-29,104.5999984741211,Coffee,KC=F
2020-10-30,104.4000015258789,Coffee,KC=F
2020-11-02,102.80000305175781,Coffee,KC=F
2020-11-03,103.44999694824219,Coffee,KC=F
2020-11-04,103,Coffee,KC=F
2020-11-05,105.94999694824219,Coffee,KC=F
2020-11-06,106.94999694824219,Coffee,KC=F
2020-11-09,106.8499984741211,Coffee,KC=F
2020-11-10,107.30000305175781,Coffee,KC=F
2020-11-11,109.0999984741211,Coffee,KC=F
2020-11-12,110.0999984741211,Coffee,KC=F
2020-11-13,109.25,Coffee,KC=F
2020-11-16,115.6500015258789,Coffee,KC=F
2020-11-17,116.19999694824219,Coffee,KC=F
2020-11-18,119.75,Coffee,KC=F
2020-11-19,120.6500015258789,Coffee,KC=F
2020-11-20,115.5,Coffee,KC=F
2020-11-23,114.44999694824219,Coffee,KC=F
2020-11-24,113.1500015258789,Coffee,KC=F
2020-11-25,114.5,Coffee,KC=F
2020-11-27,121.69999694824219,Coffee,KC=F
2020-11-30,120.69999694824219,Coffee,KC=F
2020-12-01,115.6500015258789,Coffee,KC=F
2020-12-02,116.8499984741211,Coffee,KC=F
2020-12-03,117.6500015258789,Coffee,KC=F
2020-12-04,115.3499984741211,Coffee,KC=F
2020-12-07,116.94999694824219,Coffee,KC=F
2020-12-08,117.0999984741211,Coffee,KC=F
2020-12-09,114.9000015258789,Coffee,KC=F
2020-12-10,118.55000305175781,Coffee,KC=F
2020-12-11,119.0999984741211,Coffee,KC=F
2020-12-14,123.55000305175781,Coffee,KC=F
2020-12-15,123.0999984741211,Coffee,KC=F
2020-12-16,125.05000305175781,Coffee,KC=F
2020-12-17,125.05000305175781,Coffee,KC=F
2020-12-18,123.69999694824219,Coffee,KC=F
2020-12-21,124.30000305175781,Coffee,KC=F
2020-12-22,124.19999694824219,Coffee,KC=F
2020-12-23,124.55000305175781,Coffee,KC=F
2020-12-24,125.94999694824219,Coffee,KC=F
2020-12-28,123.3499984741211,Coffee,KC=F
2020-12-29,125.4000015258789,Coffee,KC=F
2020-12-30,125.4000015258789,Coffee,KC=F
2020-12-31,128.25,Coffee,KC=F
2021-01-04,126.1500015258789,Coffee,KC=F
2021-01-05,125.0999984741211,Coffee,KC=F
2021-01-06,120.9000015258789,Coffee,KC=F
2021-01-07,121.0999984741211,Coffee,KC=F
2021-01-08,123.69999694824219,Coffee,KC=F
2021-01-11,121.44999694824219,Coffee,KC=F
2021-01-12,121.4000015258789,Coffee,KC=F
2021-01-13,125.25,Coffee,KC=F
2021-01-14,127.3499984741211,Coffee,KC=F
2021-01-15,128.14999389648438,Coffee,KC=F
2021-01-19,127.1500015258789,Coffee,KC=F
2021-01-20,125.19999694824219,Coffee,KC=F
2021-01-21,126.44999694824219,Coffee,KC=F
2021-01-22,124.05000305175781,Coffee,KC=F
2021-01-25,123.25,Coffee,KC=F
2021-01-26,124.5,Coffee,KC=F
2021-01-27,125.5,Coffee,KC=F
2021-01-28,124,Coffee,KC=F
2021-01-29,122.94999694824219,Coffee,KC=F
2021-02-01,125.3499984741211,Coffee,KC=F
2021-02-02,123.4000015258789,Coffee,KC=F
2021-02-03,123.94999694824219,Coffee,KC=F
2021-02-04,124.05000305175781,Coffee,KC=F
2021-02-05,124.5,Coffee,KC=F
2021-02-08,124.0999984741211,Coffee,KC=F
2021-02-09,122.94999694824219,Coffee,KC=F
2021-02-10,121.0999984741211,Coffee,KC=F
2021-02-11,121.19999694824219,Coffee,KC=F
2021-02-12,121.1500015258789,Coffee,KC=F
2021-02-16,124.3499984741211,Coffee,KC=F
2021-02-17,125.69999694824219,Coffee,KC=F
2021-02-18,127.5999984741211,Coffee,KC=F
2021-02-19,127.5,Coffee,KC=F
2021-02-22,133.4499969482422,Coffee,KC=F
2021-02-23,136.85000610351563,Coffee,KC=F
2021-02-24,135.64999389648438,Coffee,KC=F
2021-02-25,139.1999969482422,Coffee,KC=F
2021-02-26,136.85000610351563,Coffee,KC=F
2021-03-01,135.14999389648438,Coffee,KC=F
2021-03-02,133.1999969482422,Coffee,KC=F
2021-03-03,131.14999389648438,Coffee,KC=F
2021-03-04,128.39999389648438,Coffee,KC=F
2021-03-05,128.75,Coffee,KC=F
2021-03-08,129.0500030517578,Coffee,KC=F
2021-03-09,128.89999389648438,Coffee,KC=F
2021-03-10,129.35000610351563,Coffee,KC=F
2021-03-11,131.8000030517578,Coffee,KC=F
2021-03-12,132.4499969482422,Coffee,KC=F
2021-03-15,131.4499969482422,Coffee,KC=F
2021-03-16,133.8000030517578,Coffee,KC=F
2021-03-17,132.85000610351563,Coffee,KC=F
2021-03-18,126.4000015258789,Coffee,KC=F
2021-03-19,125.44999694824219,Coffee,KC=F
2021-03-22,130.10000610351563,Coffee,KC=F
2021-03-23,127.5999984741211,Coffee,KC=F
2021-03-24,126.5,Coffee,KC=F
2021-03-25,126.5999984741211,Coffee,KC=F
2021-03-26,128.5,Coffee,KC=F
2021-03-29,127.05000305175781,Coffee,KC=F
2021-03-30,122.5999984741211,Coffee,KC=F
2021-03-31,123.5,Coffee,KC=F
2021-04-01,121.5999984741211,Coffee,KC=F
2021-04-05,122.0999984741211,Coffee,KC=F
2021-04-06,126.8499984741211,Coffee,KC=F
2021-04-07,126.75,Coffee,KC=F
2021-04-08,127.8499984741211,Coffee,KC=F
2021-04-09,127.25,Coffee,KC=F
2021-04-12,128.10000610351563,Coffee,KC=F
2021-04-13,130.0500030517578,Coffee,KC=F
2021-04-14,132.10000610351563,Coffee,KC=F
2021-04-15,132.6999969482422,Coffee,KC=F
2021-04-16,129.14999389648438,Coffee,KC=F
2021-04-19,129.85000610351563,Coffee,KC=F
2021-04-20,132.4499969482422,Coffee,KC=F
2021-04-21,132.1999969482422,Coffee,KC=F
2021-04-22,134.3000030517578,Coffee,KC=F
2021-04-23,136.85000610351563,Coffee,KC=F
2021-04-26,141.75,Coffee,KC=F
2021-04-27,144.35000610351563,Coffee,KC=F
2021-04-28,144.3000030517578,Coffee,KC=F
2021-04-29,141.39999389648438,Coffee,KC=F
2021-04-30,139.9499969482422,Coffee,KC=F
2021-05-03,138.75,Coffee,KC=F
2021-05-04,138.89999389648438,Coffee,KC=F
2021-05-05,148.5,Coffee,KC=F
2021-05-06,153.5,Coffee,KC=F
2021-05-07,152.3000030517578,Coffee,KC=F
2021-05-10,147.60000610351563,Coffee,KC=F
2021-05-11,147.89999389648438,Coffee,KC=F
2021-05-12,145.75,Coffee,KC=F
2021-05-13,145.64999389648438,Coffee,KC=F
2021-05-14,144.25,Coffee,KC=F
2021-05-17,145,Coffee,KC=F
2021-05-18,151.8000030517578,Coffee,KC=F
2021-05-19,150.9499969482422,Coffee,KC=F
2021-05-20,150.9499969482422,Coffee,KC=F
2021-05-21,150.10000610351563,Coffee,KC=F
2021-05-24,149,Coffee,KC=F
2021-05-25,150.5,Coffee,KC=F
2021-05-26,155.6999969482422,Coffee,KC=F
2021-05-27,155.35000610351563,Coffee,KC=F
2021-05-28,162.35000610351563,Coffee,KC=F
2021-06-01,161.0500030517578,Coffee,KC=F
2021-06-02,161.14999389648438,Coffee,KC=F
2021-06-03,157.60000610351563,Coffee,KC=F
2021-06-04,161.64999389648438,Coffee,KC=F
2021-06-07,160.14999389648438,Coffee,KC=F
2021-06-08,157.6999969482422,Coffee,KC=F
2021-06-09,157.1999969482422,Coffee,KC=F
2021-06-10,158.6999969482422,Coffee,KC=F
2021-06-11,157.4499969482422,Coffee,KC=F
2021-06-14,154.10000610351563,Coffee,KC=F
2021-06-15,151.1999969482422,Coffee,KC=F
2021-06-16,153.35000610351563,Coffee,KC=F
2021-06-17,149.5500030517578,Coffee,KC=F
2021-06-18,149.89999389648438,Coffee,KC=F
2021-06-21,152.35000610351563,Coffee,KC=F
2021-06-22,151.25,Coffee,KC=F
2021-06-23,153.14999389648438,Coffee,KC=F
2021-06-24,152.39999389648438,Coffee,KC=F
2021-06-25,157.25,Coffee,KC=F
2021-06-28,162.25,Coffee,KC=F
2021-06-29,159.6999969482422,Coffee,KC=F
2021-06-30,159.35000610351563,Coffee,KC=F
2021-07-01,156,Coffee,KC=F
2021-07-02,152.5500030517578,Coffee,KC=F
2021-07-06,147.89999389648438,Coffee,KC=F
2021-07-07,149.75,Coffee,KC=F
2021-07-08,152.0500030517578,Coffee,KC=F
2021-07-09,151.3000030517578,Coffee,KC=F
2021-07-12,153.85000610351563,Coffee,KC=F
2021-07-13,152.10000610351563,Coffee,KC=F
2021-07-14,156.4499969482422,Coffee,KC=F
2021-07-15,156.89999389648438,Coffee,KC=F
2021-07-16,161.1999969482422,Coffee,KC=F
2021-07-19,155.25,Coffee,KC=F
2021-07-20,165.64999389648438,Coffee,KC=F
2021-07-21,176,Coffee,KC=F
2021-07-22,193.64999389648438,Coffee,KC=F
2021-07-23,189,Coffee,KC=F
2021-07-26,207.8000030517578,Coffee,KC=F
2021-07-27,201.75,Coffee,KC=F
2021-07-28,200.4499969482422,Coffee,KC=F
2021-07-29,196.5,Coffee,KC=F
2021-07-30,179.5500030517578,Coffee,KC=F
2021-08-02,172.8000030517578,Coffee,KC=F
2021-08-03,174.85000610351563,Coffee,KC=F
2021-08-04,175.64999389648438,Coffee,KC=F
2021-08-05,176.89999389648438,Coffee,KC=F
2021-08-06,176,Coffee,KC=F
2021-08-09,179.35000610351563,Coffee,KC=F
2021-08-10,182,Coffee,KC=F
2021-08-11,183.85000610351563,Coffee,KC=F
2021-08-12,186.5500030517578,Coffee,KC=F
2021-08-13,182.75,Coffee,KC=F
2021-08-16,183.1999969482422,Coffee,KC=F
2021-08-17,178.9499969482422,Coffee,KC=F
2021-08-18,179.6999969482422,Coffee,KC=F
2021-08-19,178.1999969482422,Coffee,KC=F
2021-08-20,178.25,Coffee,KC=F
2021-08-23,179.9499969482422,Coffee,KC=F
2021-08-24,183.3000030517578,Coffee,KC=F
2021-08-25,184.0500030517578,Coffee,KC=F
2021-08-26,185.64999389648438,Coffee,KC=F
2021-08-27,189.5,Coffee,KC=F
2021-08-30,197.39999389648438,Coffee,KC=F
2021-08-31,193.4499969482422,Coffee,KC=F
2021-09-01,193.1999969482422,Coffee,KC=F
2021-09-02,191.89999389648438,Coffee,KC=F
2021-09-03,190.5500030517578,Coffee,KC=F
2021-09-07,191.5,Coffee,KC=F
2021-09-08,187.75,Coffee,KC=F
2021-09-09,185,Coffee,KC=F
2021-09-10,185.60000610351563,Coffee,KC=F
2021-09-13,184.35000610351563,Coffee,KC=F
2021-09-14,183,Coffee,KC=F
2021-09-15,187,Coffee,KC=F
2021-09-16,187.8000030517578,Coffee,KC=F
2021-09-17,187.3000030517578,Coffee,KC=F
2021-09-20,183.5,Coffee,KC=F
2021-09-21,183.35000610351563,Coffee,KC=F
2021-09-22,184.85000610351563,Coffee,KC=F
2021-09-23,190.60000610351563,Coffee,KC=F
2021-09-24,194.35000610351563,Coffee,KC=F
2021-09-27,193.64999389648438,Coffee,KC=F
2021-09-28,198.60000610351563,Coffee,KC=F
2021-09-29,193.39999389648438,Coffee,KC=F
2021-09-30,194,Coffee,KC=F
2021-10-01,204.0500030517578,Coffee,KC=F
2021-10-04,200.35000610351563,Coffee,KC=F
2021-10-05,191.89999389648438,Coffee,KC=F
2021-10-06,193.4499969482422,Coffee,KC=F
2021-10-07,197.89999389648438,Coffee,KC=F
2021-10-08,201.35000610351563,Coffee,KC=F
2021-10-11,204.25,Coffee,KC=F
2021-10-12,213.14999389648438,Coffee,KC=F
2021-10-13,208.64999389648438,Coffee,KC=F
2021-10-14,209.25,Coffee,KC=F
2021-10-15,203.39999389648438,Coffee,KC=F
2021-10-18,201.60000610351563,Coffee,KC=F
2021-10-19,204.25,Coffee,KC=F
2021-10-20,205.5500030517578,Coffee,KC=F
2021-10-21,203.3000030517578,Coffee,KC=F
2021-10-22,199.85000610351563,Coffee,KC=F
2021-10-25,202.5500030517578,Coffee,KC=F
2021-10-26,208.10000610351563,Coffee,KC=F
2021-10-27,201.35000610351563,Coffee,KC=F
2021-10-28,199.9499969482422,Coffee,KC=F
2021-10-29,203.9499969482422,Coffee,KC=F
2021-11-01,208.6999969482422,Coffee,KC=F
2021-11-02,208.0500030517578,Coffee,KC=F
2021-11-03,209.3000030517578,Coffee,KC=F
2021-11-04,208.60000610351563,Coffee,KC=F
2021-11-05,203.5500030517578,Coffee,KC=F
2021-11-08,199.64999389648438,Coffee,KC=F
2021-11-09,205.89999389648438,Coffee,KC=F
2021-11-10,204,Coffee,KC=F
2021-11-11,210.89999389648438,Coffee,KC=F
2021-11-12,219.6999969482422,Coffee,KC=F
2021-11-15,222.75,Coffee,KC=F
2021-11-16,222.0500030517578,Coffee,KC=F
2021-11-17,232.60000610351563,Coffee,KC=F
2021-11-18,228.9499969482422,Coffee,KC=F
2021-11-19,233.3000030517578,Coffee,KC=F
2021-11-22,231.35000610351563,Coffee,KC=F
2021-11-23,242.5500030517578,Coffee,KC=F
2021-11-24,246.3000030517578,Coffee,KC=F
2021-11-26,243.85000610351563,Coffee,KC=F
2021-11-29,233.85000610351563,Coffee,KC=F
2021-11-30,233.25,Coffee,KC=F
2021-12-01,234.1999969482422,Coffee,KC=F
2021-12-02,237.4499969482422,Coffee,KC=F
2021-12-03,244.0500030517578,Coffee,KC=F
2021-12-06,250.1999969482422,Coffee,KC=F
2021-12-07,243.89999389648438,Coffee,KC=F
2021-12-08,244.75,Coffee,KC=F
2021-12-09,240.35000610351563,Coffee,KC=F
2021-12-10,232.6999969482422,Coffee,KC=F
2021-12-13,236.6999969482422,Coffee,KC=F
2021-12-14,237.14999389648438,Coffee,KC=F
2021-12-15,237.39999389648438,Coffee,KC=F
2021-12-16,236.9499969482422,Coffee,KC=F
2021-12-17,235.89999389648438,Coffee,KC=F
2021-12-20,224.39999389648438,Coffee,KC=F
2021-12-21,228.25,Coffee,KC=F
2021-12-22,233.5500030517578,Coffee,KC=F
2021-12-23,231.1999969482422,Coffee,KC=F
2021-12-27,227.0500030517578,Coffee,KC=F
2021-12-28,225.60000610351563,Coffee,KC=F
2021-12-29,228.89999389648438,Coffee,KC=F
2021-12-30,228.85000610351563,Coffee,KC=F
2021-12-31,226.10000610351563,Coffee,KC=F
2022-01-03,223.3000030517578,Coffee,KC=F
2022-01-04,231.75,Coffee,KC=F
2022-01-05,231.75,Coffee,KC=F
2022-01-06,231.6999969482422,Coffee,KC=F
2022-01-07,238.4499969482422,Coffee,KC=F
2022-01-10,234.89999389648438,Coffee,KC=F
2022-01-11,237.0500030517578,Coffee,KC=F
2022-01-12,240.85000610351563,Coffee,KC=F
2022-01-13,237,Coffee,KC=F
2022-01-14,239.64999389648438,Coffee,KC=F
2022-01-18,239.60000610351563,Coffee,KC=F
2022-01-19,244.4499969482422,Coffee,KC=F
2022-01-20,243.64999389648438,Coffee,KC=F
2022-01-21,237.89999389648438,Coffee,KC=F
2022-01-24,232.9499969482422,Coffee,KC=F
2022-01-25,237.89999389648438,Coffee,KC=F
2022-01-26,238.89999389648438,Coffee,KC=F
2022-01-27,232.0500030517578,Coffee,KC=F
2022-01-28,235.89999389648438,Coffee,KC=F
2022-01-31,235.10000610351563,Coffee,KC=F
2022-02-01,236.6999969482422,Coffee,KC=F
2022-02-02,238.8000030517578,Coffee,KC=F
2022-02-03,243.89999389648438,Coffee,KC=F
2022-02-04,241.85000610351563,Coffee,KC=F
2022-02-07,241.64999389648438,Coffee,KC=F
2022-02-08,248.9499969482422,Coffee,KC=F
2022-02-09,258.3500061035156,Coffee,KC=F
2022-02-10,255.1999969482422,Coffee,KC=F
2022-02-11,251.64999389648438,Coffee,KC=F
2022-02-14,247.5500030517578,Coffee,KC=F
2022-02-15,251.85000610351563,Coffee,KC=F
2022-02-16,252.25,Coffee,KC=F
2022-02-17,251.5,Coffee,KC=F
2022-02-18,246.85000610351563,Coffee,KC=F
2022-02-22,248.4499969482422,Coffee,KC=F
2022-02-23,248.60000610351563,Coffee,KC=F
2022-02-24,239.35000610351563,Coffee,KC=F
2022-02-25,240.0500030517578,Coffee,KC=F
2022-02-28,234.25,Coffee,KC=F
2022-03-01,237.25,Coffee,KC=F
2022-03-02,230.4499969482422,Coffee,KC=F
2022-03-03,224.14999389648438,Coffee,KC=F
2022-03-04,224.14999389648438,Coffee,KC=F
2022-03-07,225.5,Coffee,KC=F
2022-03-08,234.0500030517578,Coffee,KC=F
2022-03-09,230.4499969482422,Coffee,KC=F
2022-03-10,225.1999969482422,Coffee,KC=F
2022-03-11,222.9499969482422,Coffee,KC=F
2022-03-14,219.64999389648438,Coffee,KC=F
2022-03-15,212.3000030517578,Coffee,KC=F
2022-03-16,218.60000610351563,Coffee,KC=F
2022-03-17,217.3000030517578,Coffee,KC=F
2022-03-18,220.3000030517578,Coffee,KC=F
2022-03-21,225.85000610351563,Coffee,KC=F
2022-03-22,225.0500030517578,Coffee,KC=F
2022-03-23,225.3000030517578,Coffee,KC=F
2022-03-24,221.85000610351563,Coffee,KC=F
2022-03-25,221.85000610351563,Coffee,KC=F
2022-03-28,214.5500030517578,Coffee,KC=F
2022-03-29,215.6999969482422,Coffee,KC=F
2022-03-30,221.85000610351563,Coffee,KC=F
2022-03-31,226.39999389648438,Coffee,KC=F
2022-04-01,228.39999389648438,Coffee,KC=F
2022-04-04,230.60000610351563,Coffee,KC=F
2022-04-05,231.3000030517578,Coffee,KC=F
2022-04-06,227.60000610351563,Coffee,KC=F
2022-04-07,226.14999389648438,Coffee,KC=F
2022-04-08,231.64999389648438,Coffee,KC=F
2022-04-11,236.60000610351563,Coffee,KC=F
2022-04-12,233.60000610351563,Coffee,KC=F
2022-04-13,225.0500030517578,Coffee,KC=F
2022-04-14,223.60000610351563,Coffee,KC=F
2022-04-18,223.5,Coffee,KC=F
2022-04-19,221.3000030517578,Coffee,KC=F
2022-04-20,218.8000030517578,Coffee,KC=F
2022-04-21,228.14999389648438,Coffee,KC=F
2022-04-22,227.3000030517578,Coffee,KC=F
2022-04-25,220.8000030517578,Coffee,KC=F
2022-04-26,221.39999389648438,Coffee,KC=F
2022-04-27,215.9499969482422,Coffee,KC=F
2022-04-28,217.89999389648438,Coffee,KC=F
2022-04-29,222.5500030517578,Coffee,KC=F
2022-05-02,216.39999389648438,Coffee,KC=F
2022-05-03,218.1999969482422,Coffee,KC=F
2022-05-04,221.1999969482422,Coffee,KC=F
2022-05-05,218.39999389648438,Coffee,KC=F
2022-05-06,211.60000610351563,Coffee,KC=F
2022-05-09,206.3000030517578,Coffee,KC=F
2022-05-10,204,Coffee,KC=F
2022-05-11,220.10000610351563,Coffee,KC=F
2022-05-12,215,Coffee,KC=F
2022-05-13,212.89999389648438,Coffee,KC=F
2022-05-16,225.8000030517578,Coffee,KC=F
2022-05-17,228.1999969482422,Coffee,KC=F
2022-05-18,218.60000610351563,Coffee,KC=F
2022-05-19,218.6999969482422,Coffee,KC=F
2022-05-20,215.85000610351563,Coffee,KC=F
2022-05-23,215.75,Coffee,KC=F
2022-05-24,213.64999389648438,Coffee,KC=F
2022-05-25,217.0500030517578,Coffee,KC=F
2022-05-26,226.60000610351563,Coffee,KC=F
2022-05-27,229.4499969482422,Coffee,KC=F
2022-05-31,231.25,Coffee,KC=F
2022-06-01,239.4499969482422,Coffee,KC=F
2022-06-02,238.25,Coffee,KC=F
2022-06-03,232.39999389648438,Coffee,KC=F
2022-06-06,237.5500030517578,Coffee,KC=F
2022-06-07,232.14999389648438,Coffee,KC=F
2022-06-08,231.85000610351563,Coffee,KC=F
2022-06-09,234.64999389648438,Coffee,KC=F
2022-06-10,228.89999389648438,Coffee,KC=F
2022-06-13,223.35000610351563,Coffee,KC=F
2022-06-14,226.9499969482422,Coffee,KC=F
2022-06-15,228.5,Coffee,KC=F
2022-06-16,231.9499969482422,Coffee,KC=F
2022-06-17,227.64999389648438,Coffee,KC=F
2022-06-21,233.10000610351563,Coffee,KC=F
2022-06-22,238.60000610351563,Coffee,KC=F
2022-06-23,232.4499969482422,Coffee,KC=F
2022-06-24,226.60000610351563,Coffee,KC=F
2022-06-27,226,Coffee,KC=F
2022-06-28,221.89999389648438,Coffee,KC=F
2022-06-29,232.64999389648438,Coffee,KC=F
2022-06-30,233.60000610351563,Coffee,KC=F
2022-07-01,228.4499969482422,Coffee,KC=F
2022-07-05,224.64999389648438,Coffee,KC=F
2022-07-06,222.5,Coffee,KC=F
2022-07-07,222.1999969482422,Coffee,KC=F
2022-07-08,222.89999389648438,Coffee,KC=F
2022-07-11,216.89999389648438,Coffee,KC=F
2022-07-12,209.25,Coffee,KC=F
2022-07-13,211.25,Coffee,KC=F
2022-07-14,199.1999969482422,Coffee,KC=F
2022-07-15,203.6999969482422,Coffee,KC=F
2022-07-18,219.10000610351563,Coffee,KC=F
2022-07-19,220.39999389648438,Coffee,KC=F
2022-07-20,218.14999389648438,Coffee,KC=F
2022-07-21,215.85000610351563,Coffee,KC=F
2022-07-22,206.6999969482422,Coffee,KC=F
2022-07-25,210.0500030517578,Coffee,KC=F
2022-07-26,213.1999969482422,Coffee,KC=F
2022-07-27,219.10000610351563,Coffee,KC=F
2022-07-28,218.39999389648438,Coffee,KC=F
2022-07-29,217.1999969482422,Coffee,KC=F
2022-08-01,213.1999969482422,Coffee,KC=F
2022-08-02,209.89999389648438,Coffee,KC=F
2022-08-03,214.64999389648438,Coffee,KC=F
2022-08-04,219.3000030517578,Coffee,KC=F
2022-08-05,209.4499969482422,Coffee,KC=F
2022-08-08,211.85000610351563,Coffee,KC=F
2022-08-09,212.75,Coffee,KC=F
2022-08-10,220.4499969482422,Coffee,KC=F
2022-08-11,223.9499969482422,Coffee,KC=F
2022-08-12,226.60000610351563,Coffee,KC=F
2022-08-15,225.5,Coffee,KC=F
2022-08-16,219.35000610351563,Coffee,KC=F
2022-08-17,217.4499969482422,Coffee,KC=F
2022-08-18,214.6999969482422,Coffee,KC=F
2022-08-19,215.9499969482422,Coffee,KC=F
2022-08-22,224.3000030517578,Coffee,KC=F
2022-08-23,230.64999389648438,Coffee,KC=F
2022-08-24,242.9499969482422,Coffee,KC=F
2022-08-25,243.39999389648438,Coffee,KC=F
2022-08-26,242,Coffee,KC=F
2022-08-29,240.5,Coffee,KC=F
2022-08-30,239.14999389648438,Coffee,KC=F
2022-08-31,239.10000610351563,Coffee,KC=F
2022-09-01,236.35000610351563,Coffee,KC=F
2022-09-02,232.64999389648438,Coffee,KC=F
2022-09-06,233.89999389648438,Coffee,KC=F
2022-09-07,226.89999389648438,Coffee,KC=F
2022-09-08,225.85000610351563,Coffee,KC=F
2022-09-09,231.5,Coffee,KC=F
2022-09-12,227.75,Coffee,KC=F
2022-09-13,223.9499969482422,Coffee,KC=F
2022-09-14,217.60000610351563,Coffee,KC=F
2022-09-15,219.14999389648438,Coffee,KC=F
2022-09-16,218.0500030517578,Coffee,KC=F
2022-09-19,224.0500030517578,Coffee,KC=F
2022-09-20,228.10000610351563,Coffee,KC=F
2022-09-21,221.3000030517578,Coffee,KC=F
2022-09-22,223.5500030517578,Coffee,KC=F
2022-09-23,220.4499969482422,Coffee,KC=F
2022-09-26,223.8000030517578,Coffee,KC=F
2022-09-27,224.35000610351563,Coffee,KC=F
2022-09-28,228.6999969482422,Coffee,KC=F
2022-09-29,225.6999969482422,Coffee,KC=F
2022-09-30,221.5500030517578,Coffee,KC=F
2022-10-03,215.75,Coffee,KC=F
2022-10-04,219.3000030517578,Coffee,KC=F
2022-10-05,224.64999389648438,Coffee,KC=F
2022-10-06,217.6999969482422,Coffee,KC=F
2022-10-07,218.10000610351563,Coffee,KC=F
2022-10-10,217.4499969482422,Coffee,KC=F
2022-10-11,217.85000610351563,Coffee,KC=F
2022-10-12,209.75,Coffee,KC=F
2022-10-13,202.14999389648438,Coffee,KC=F
2022-10-14,196.6999969482422,Coffee,KC=F
2022-10-17,195.5500030517578,Coffee,KC=F
2022-10-18,195.10000610351563,Coffee,KC=F
2022-10-19,192.3000030517578,Coffee,KC=F
2022-10-20,191.0500030517578,Coffee,KC=F
2022-10-21,190.89999389648438,Coffee,KC=F
2022-10-24,190.39999389648438,Coffee,KC=F
2022-10-25,185.8000030517578,Coffee,KC=F
2022-10-26,179.75,Coffee,KC=F
2022-10-27,178.85000610351563,Coffee,KC=F
2022-10-28,169.8000030517578,Coffee,KC=F
2022-10-31,177.6999969482422,Coffee,KC=F
2022-11-01,174.60000610351563,Coffee,KC=F
2022-11-02,182.14999389648438,Coffee,KC=F
2022-11-03,172.1999969482422,Coffee,KC=F
2022-11-04,175.75,Coffee,KC=F
2022-11-07,170.5500030517578,Coffee,KC=F
2022-11-08,166.4499969482422,Coffee,KC=F
2022-11-09,165.14999389648438,Coffee,KC=F
2022-11-10,171,Coffee,KC=F
2022-11-11,170.10000610351563,Coffee,KC=F
2022-11-14,166.1999969482422,Coffee,KC=F
2022-11-15,156.75,Coffee,KC=F
2022-11-16,155.4499969482422,Coffee,KC=F
2022-11-17,152.6999969482422,Coffee,KC=F
2022-11-18,151.3000030517578,Coffee,KC=F
2022-11-21,157.5,Coffee,KC=F
2022-11-22,161.8000030517578,Coffee,KC=F
2022-11-23,160.10000610351563,Coffee,KC=F
2022-11-25,163.5500030517578,Coffee,KC=F
2022-11-28,160.64999389648438,Coffee,KC=F
2022-11-29,166.6999969482422,Coffee,KC=F
2022-11-30,167.6999969482422,Coffee,KC=F
2022-12-01,163.35000610351563,Coffee,KC=F
2022-12-02,160.14999389648438,Coffee,KC=F
2022-12-05,160.14999389648438,Coffee,KC=F
2022-12-06,161.0500030517578,Coffee,KC=F
2022-12-07,157.6999969482422,Coffee,KC=F
2022-12-08,156.89999389648438,Coffee,KC=F
2022-12-09,157.75,Coffee,KC=F
2022-12-12,166.35000610351563,Coffee,KC=F
2022-12-13,167.14999389648438,Coffee,KC=F
2022-12-14,168.3000030517578,Coffee,KC=F
2022-12-15,171.5,Coffee,KC=F
2022-12-16,164.14999389648438,Coffee,KC=F
2022-12-19,164.0500030517578,Coffee,KC=F
2022-12-20,167.8000030517578,Coffee,KC=F
2022-12-21,169.35000610351563,Coffee,KC=F
2022-12-22,168.89999389648438,Coffee,KC=F
2022-12-23,172,Coffee,KC=F
2022-12-27,166.9499969482422,Coffee,KC=F
2022-12-28,173.5500030517578,Coffee,KC=F
2022-12-29,170.0500030517578,Coffee,KC=F
2022-12-30,167.3000030517578,Coffee,KC=F
2023-01-03,166.3000030517578,Coffee,KC=F
2023-01-04,161.3000030517578,Coffee,KC=F
2023-01-05,160.5500030517578,Coffee,KC=F
2023-01-06,158.3000030517578,Coffee,KC=F
2023-01-09,158.0500030517578,Coffee,KC=F
2023-01-10,150.89999389648438,Coffee,KC=F
2023-01-11,143.89999389648438,Coffee,KC=F
2023-01-12,149.39999389648438,Coffee,KC=F
2023-01-13,151.6999969482422,Coffee,KC=F
2023-01-17,151.10000610351563,Coffee,KC=F
2023-01-18,155,Coffee,KC=F
2023-01-19,154.60000610351563,Coffee,KC=F
2023-01-20,154.8000030517578,Coffee,KC=F
2023-01-23,158.5500030517578,Coffee,KC=F
2023-01-24,159.85000610351563,Coffee,KC=F
2023-01-25,162.4499969482422,Coffee,KC=F
2023-01-26,167.14999389648438,Coffee,KC=F
2023-01-27,169.89999389648438,Coffee,KC=F
2023-01-30,170.39999389648438,Coffee,KC=F
2023-01-31,181.75,Coffee,KC=F
2023-02-01,175.89999389648438,Coffee,KC=F
2023-02-02,177.89999389648438,Coffee,KC=F
2023-02-03,172.8000030517578,Coffee,KC=F
2023-02-06,175.6999969482422,Coffee,KC=F
2023-02-07,177.0500030517578,Coffee,KC=F
2023-02-08,175.60000610351563,Coffee,KC=F
2023-02-09,173.64999389648438,Coffee,KC=F
2023-02-10,174.75,Coffee,KC=F
2023-02-13,177.0500030517578,Coffee,KC=F
2023-02-14,183.5500030517578,Coffee,KC=F
2023-02-15,176.85000610351563,Coffee,KC=F
2023-02-16,180.6999969482422,Coffee,KC=F
2023-02-17,188.6999969482422,Coffee,KC=F
2023-02-21,194.4499969482422,Coffee,KC=F
2023-02-22,199.5,Coffee,KC=F
2023-02-23,193.64999389648438,Coffee,KC=F
2023-02-24,191.1999969482422,Coffee,KC=F
2023-02-27,190.6999969482422,Coffee,KC=F
2023-02-28,190.39999389648438,Coffee,KC=F
2023-03-01,185.3000030517578,Coffee,KC=F
2023-03-02,183.9499969482422,Coffee,KC=F
2023-03-03,180.8000030517578,Coffee,KC=F
2023-03-06,182.4499969482422,Coffee,KC=F
2023-03-07,184.5500030517578,Coffee,KC=F
2023-03-08,179.5500030517578,Coffee,KC=F
2023-03-09,178,Coffee,KC=F
2023-03-10,182.25,Coffee,KC=F
2023-03-13,183.1999969482422,Coffee,KC=F
2023-03-14,180.89999389648438,Coffee,KC=F
2023-03-15,178.0500030517578,Coffee,KC=F
2023-03-16,185.5,Coffee,KC=F
2023-03-17,183,Coffee,KC=F
2023-03-20,184.89999389648438,Coffee,KC=F
2023-03-21,186.6999969482422,Coffee,KC=F
2023-03-22,178,Coffee,KC=F
2023-03-23,174.3000030517578,Coffee,KC=F
2023-03-24,179.25,Coffee,KC=F
2023-03-27,176.89999389648438,Coffee,KC=F
2023-03-28,173.75,Coffee,KC=F
2023-03-29,169.6999969482422,Coffee,KC=F
2023-03-30,169.8000030517578,Coffee,KC=F
2023-03-31,170.5,Coffee,KC=F
2023-04-03,176.25,Coffee,KC=F
2023-04-04,174.85000610351563,Coffee,KC=F
2023-04-05,180.14999389648438,Coffee,KC=F
2023-04-06,183.60000610351563,Coffee,KC=F
2023-04-10,182.60000610351563,Coffee,KC=F
2023-04-11,190.5,Coffee,KC=F
2023-04-12,190.25,Coffee,KC=F
2023-04-13,196.10000610351563,Coffee,KC=F
2023-04-14,193.39999389648438,Coffee,KC=F
2023-04-17,201,Coffee,KC=F
2023-04-18,205.25,Coffee,KC=F
2023-04-19,202.5500030517578,Coffee,KC=F
2023-04-20,195.89999389648438,Coffee,KC=F
2023-04-21,194.1999969482422,Coffee,KC=F
2023-04-24,196.75,Coffee,KC=F
2023-04-25,192.4499969482422,Coffee,KC=F
2023-04-26,195.85000610351563,Coffee,KC=F
2023-04-27,192.10000610351563,Coffee,KC=F
2023-04-28,189.85000610351563,Coffee,KC=F
2023-05-01,189.25,Coffee,KC=F
2023-05-02,190.64999389648438,Coffee,KC=F
2023-05-03,189.1999969482422,Coffee,KC=F
2023-05-04,186.39999389648438,Coffee,KC=F
2023-05-05,191,Coffee,KC=F
2023-05-08,186.89999389648438,Coffee,KC=F
2023-05-09,188,Coffee,KC=F
2023-05-10,187.4499969482422,Coffee,KC=F
2023-05-11,185.8000030517578,Coffee,KC=F
2023-05-12,186,Coffee,KC=F
2023-05-15,193.0500030517578,Coffee,KC=F
2023-05-16,190.35000610351563,Coffee,KC=F
2023-05-17,189.85000610351563,Coffee,KC=F
2023-05-18,190.4499969482422,Coffee,KC=F
2023-05-19,192,Coffee,KC=F
2023-05-22,189.1999969482422,Coffee,KC=F
2023-05-23,187.4499969482422,Coffee,KC=F
2023-05-24,188,Coffee,KC=F
2023-05-25,182.6999969482422,Coffee,KC=F
2023-05-26,181.60000610351563,Coffee,KC=F
2023-05-30,177.10000610351563,Coffee,KC=F
2023-05-31,178.64999389648438,Coffee,KC=F
2023-06-01,183.0500030517578,Coffee,KC=F
2023-06-02,180.3000030517578,Coffee,KC=F
2023-06-05,183.10000610351563,Coffee,KC=F
2023-06-06,182.60000610351563,Coffee,KC=F
2023-06-07,185.39999389648438,Coffee,KC=F
2023-06-08,194.85000610351563,Coffee,KC=F
2023-06-09,190.64999389648438,Coffee,KC=F
2023-06-12,185.5500030517578,Coffee,KC=F
2023-06-13,182.75,Coffee,KC=F
2023-06-14,184.39999389648438,Coffee,KC=F
2023-06-15,187,Coffee,KC=F
2023-06-16,184.89999389648438,Coffee,KC=F
2023-06-20,177.4499969482422,Coffee,KC=F
2023-06-21,172,Coffee,KC=F
2023-06-22,171.6999969482422,Coffee,KC=F
2023-06-23,168.0500030517578,Coffee,KC=F
2023-06-26,167.9499969482422,Coffee,KC=F
2023-06-27,169.4499969482422,Coffee,KC=F
2023-06-28,165.64999389648438,Coffee,KC=F
2023-06-29,163.60000610351563,Coffee,KC=F
2023-06-30,161,Coffee,KC=F
2023-07-03,162.5,Coffee,KC=F
2023-07-05,161.0500030517578,Coffee,KC=F
2023-07-06,162.35000610351563,Coffee,KC=F
2023-07-07,162.8000030517578,Coffee,KC=F
2023-07-10,161.75,Coffee,KC=F
2023-07-11,159.3000030517578,Coffee,KC=F
2023-07-12,158.75,Coffee,KC=F
2023-07-13,159.35000610351563,Coffee,KC=F
2023-07-14,161.9499969482422,Coffee,KC=F
2023-07-17,154.75,Coffee,KC=F
2023-07-18,155.25,Coffee,KC=F
2023-07-19,152.4499969482422,Coffee,KC=F
2023-07-20,158.0500030517578,Coffee,KC=F
2023-07-21,161.85000610351563,Coffee,KC=F
2023-07-24,163,Coffee,KC=F
2023-07-25,161.85000610351563,Coffee,KC=F
2023-07-26,163.14999389648438,Coffee,KC=F
2023-07-27,161.4499969482422,Coffee,KC=F
2023-07-28,157.89999389648438,Coffee,KC=F
2023-07-31,164.64999389648438,Coffee,KC=F
2023-08-01,164.5500030517578,Coffee,KC=F
2023-08-02,166.9499969482422,Coffee,KC=F
2023-08-03,164.75,Coffee,KC=F
2023-08-04,161.35000610351563,Coffee,KC=F
2023-08-07,163.9499969482422,Coffee,KC=F
2023-08-08,161.35000610351563,Coffee,KC=F
2023-08-09,160.75,Coffee,KC=F
2023-08-10,159.89999389648438,Coffee,KC=F
2023-08-11,157.8000030517578,Coffee,KC=F
2023-08-14,151.10000610351563,Coffee,KC=F
2023-08-15,149.25,Coffee,KC=F
2023-08-16,148.89999389648438,Coffee,KC=F
2023-08-17,147,Coffee,KC=F
2023-08-18,147.4499969482422,Coffee,KC=F
2023-08-21,147.5500030517578,Coffee,KC=F
2023-08-22,146.60000610351563,Coffee,KC=F
2023-08-23,152.9499969482422,Coffee,KC=F
2023-08-24,153,Coffee,KC=F
2023-08-25,151.75,Coffee,KC=F
2023-08-28,151.8000030517578,Coffee,KC=F
2023-08-29,151.35000610351563,Coffee,KC=F
2023-08-30,153.35000610351563,Coffee,KC=F
2023-08-31,152.6999969482422,Coffee,KC=F
2023-09-01,150.9499969482422,Coffee,KC=F
2023-09-05,151.39999389648438,Coffee,KC=F
2023-09-06,151.75,Coffee,KC=F
2023-09-07,147.39999389648438,Coffee,KC=F
2023-09-08,146.25,Coffee,KC=F
2023-09-11,151.5500030517578,Coffee,KC=F
2023-09-12,150.6999969482422,Coffee,KC=F
2023-09-13,151.0500030517578,Coffee,KC=F
2023-09-14,153.10000610351563,Coffee,KC=F
2023-09-15,158.25,Coffee,KC=F
2023-09-18,158.6999969482422,Coffee,KC=F
2023-09-19,167.5,Coffee,KC=F
2023-09-20,158.1999969482422,Coffee,KC=F
2023-09-21,154.85000610351563,Coffee,KC=F
2023-09-22,151.14999389648438,Coffee,KC=F
2023-09-25,148.8000030517578,Coffee,KC=F
2023-09-26,150.85000610351563,Coffee,KC=F
2023-09-27,149.25,Coffee,KC=F
2023-09-28,147.1999969482422,Coffee,KC=F
2023-09-29,146.14999389648438,Coffee,KC=F
2023-10-02,149.10000610351563,Coffee,KC=F
2023-10-03,148.75,Coffee,KC=F
2023-10-04,146.35000610351563,Coffee,KC=F
2023-10-05,145.39999389648438,Coffee,KC=F
2023-10-06,146.0500030517578,Coffee,KC=F
2023-10-09,146.0500030517578,Coffee,KC=F
2023-10-10,147.5,Coffee,KC=F
2023-10-11,147.6999969482422,Coffee,KC=F
2023-10-12,149.3000030517578,Coffee,KC=F
2023-10-13,154.89999389648438,Coffee,KC=F
2023-10-16,154.14999389648438,Coffee,KC=F
2023-10-17,157.0500030517578,Coffee,KC=F
2023-10-18,158.0500030517578,Coffee,KC=F
2023-10-19,163.9499969482422,Coffee,KC=F
2023-10-20,165.25,Coffee,KC=F
2023-10-23,165.85000610351563,Coffee,KC=F
2023-10-24,168.14999389648438,Coffee,KC=F
2023-10-25,162.3000030517578,Coffee,KC=F
2023-10-26,161.1999969482422,Coffee,KC=F
2023-10-27,160.9499969482422,Coffee,KC=F
2023-10-30,159.10000610351563,Coffee,KC=F
2023-10-31,167.3000030517578,Coffee,KC=F
2023-11-01,159.8000030517578,Coffee,KC=F
2023-11-02,165.35000610351563,Coffee,KC=F
2023-11-03,170.89999389648438,Coffee,KC=F
2023-11-06,173.6999969482422,Coffee,KC=F
2023-11-07,170.75,Coffee,KC=F
2023-11-08,174.35000610351563,Coffee,KC=F
2023-11-09,178.8000030517578,Coffee,KC=F
2023-11-10,174.5,Coffee,KC=F
2023-11-13,178.64999389648438,Coffee,KC=F
2023-11-14,176.4499969482422,Coffee,KC=F
2023-11-15,180.8000030517578,Coffee,KC=F
2023-11-16,176.10000610351563,Coffee,KC=F
2023-11-17,170.9499969482422,Coffee,KC=F
2023-11-20,177.89999389648438,Coffee,KC=F
2023-11-21,176.5500030517578,Coffee,KC=F
2023-11-22,178.64999389648438,Coffee,KC=F
2023-11-23,178.64999389648438,Coffee,KC=F
2023-11-24,178.64999389648438,Coffee,KC=F
2023-11-27,179.6999969482422,Coffee,KC=F
2023-11-28,183.64999389648438,Coffee,KC=F
2023-11-29,182.10000610351563,Coffee,KC=F
2023-11-30,195,Coffee,KC=F
2023-12-01,193.89999389648438,Coffee,KC=F
2023-12-04,188.89999389648438,Coffee,KC=F
2023-12-05,193.85000610351563,Coffee,KC=F
2023-12-06,185.25,Coffee,KC=F
2023-12-07,185.5,Coffee,KC=F
2023-12-08,185.14999389648438,Coffee,KC=F
2023-12-11,194,Coffee,KC=F
2023-12-12,191.14999389648438,Coffee,KC=F
2023-12-13,194.64999389648438,Coffee,KC=F
2023-12-14,200.10000610351563,Coffee,KC=F
2023-12-15,201.8000030517578,Coffee,KC=F
2023-12-18,209.5500030517578,Coffee,KC=F
2023-12-19,202.39999389648438,Coffee,KC=F
2023-12-20,190.60000610351563,Coffee,KC=F
2023-12-21,193.60000610351563,Coffee,KC=F
2023-12-22,192.8000030517578,Coffee,KC=F
2023-12-26,194.35000610351563,Coffee,KC=F
2023-12-27,197.75,Coffee,KC=F
2023-12-28,198,Coffee,KC=F
2023-12-29,188.3000030517578,Coffee,KC=F
2024-01-02,190.14999389648438,Coffee,KC=F
2024-01-03,186.25,Coffee,KC=F
2024-01-04,185.5500030517578,Coffee,KC=F
2024-01-05,182.8000030517578,Coffee,KC=F
2024-01-08,181.39999389648438,Coffee,KC=F
2024-01-09,184.10000610351563,Coffee,KC=F
2024-01-10,181.14999389648438,Coffee,KC=F
2024-01-11,184.0500030517578,Coffee,KC=F
2024-01-12,180,Coffee,KC=F
2024-01-16,185.25,Coffee,KC=F
2024-01-17,179.1999969482422,Coffee,KC=F
2024-01-18,179.9499969482422,Coffee,KC=F
2024-01-19,185.14999389648438,Coffee,KC=F
2024-01-22,192.25,Coffee,KC=F
2024-01-23,192.9499969482422,Coffee,KC=F
2024-01-24,189.4499969482422,Coffee,KC=F
2024-01-25,186.9499969482422,Coffee,KC=F
2024-01-26,193.85000610351563,Coffee,KC=F
2024-01-29,189.25,Coffee,KC=F
2024-01-30,194,Coffee,KC=F
2024-01-31,194.0500030517578,Coffee,KC=F
2024-02-01,194.1999969482422,Coffee,KC=F
2024-02-02,191.9499969482422,Coffee,KC=F
2024-02-05,189.5,Coffee,KC=F
2024-02-06,188.1999969482422,Coffee,KC=F
2024-02-07,190.6999969482422,Coffee,KC=F
2024-02-08,188.8000030517578,Coffee,KC=F
2024-02-09,196.3000030517578,Coffee,KC=F
2024-02-12,195.60000610351563,Coffee,KC=F
2024-02-13,193,Coffee,KC=F
2024-02-14,187.0500030517578,Coffee,KC=F
2024-02-15,189.3000030517578,Coffee,KC=F
2024-02-16,190.85000610351563,Coffee,KC=F
2024-02-20,191.60000610351563,Coffee,KC=F
2024-02-21,198.35000610351563,Coffee,KC=F
2024-02-22,193.85000610351563,Coffee,KC=F
2024-02-23,191,Coffee,KC=F
2024-02-26,190.10000610351563,Coffee,KC=F
2024-02-27,194.0500030517578,Coffee,KC=F
2024-02-28,193.35000610351563,Coffee,KC=F
2024-02-29,195.85000610351563,Coffee,KC=F
2024-03-01,193.8000030517578,Coffee,KC=F
2024-03-04,197.39999389648438,Coffee,KC=F
2024-03-05,195,Coffee,KC=F
2024-03-06,194.4499969482422,Coffee,KC=F
2024-03-07,198.35000610351563,Coffee,KC=F
2024-03-08,191.39999389648438,Coffee,KC=F
2024-03-11,194.35000610351563,Coffee,KC=F
2024-03-12,195.39999389648438,Coffee,KC=F
2024-03-13,191.64999389648438,Coffee,KC=F
2024-03-14,191.35000610351563,Coffee,KC=F
2024-03-15,182.85000610351563,Coffee,KC=F
2024-03-18,181.85000610351563,Coffee,KC=F
2024-03-19,183.0500030517578,Coffee,KC=F
2024-03-20,182.39999389648438,Coffee,KC=F
2024-03-21,185.6999969482422,Coffee,KC=F
2024-03-22,184.85000610351563,Coffee,KC=F
2024-03-25,185.64999389648438,Coffee,KC=F
2024-03-26,188.0500030517578,Coffee,KC=F
2024-03-27,190.64999389648438,Coffee,KC=F
2024-03-28,188.85000610351563,Coffee,KC=F
2024-04-01,191.8000030517578,Coffee,KC=F
2024-04-02,197.75,Coffee,KC=F
2024-04-03,203.60000610351563,Coffee,KC=F
2024-04-04,206.75,Coffee,KC=F
2024-04-05,212.5,Coffee,KC=F
2024-04-08,211.10000610351563,Coffee,KC=F
2024-04-09,213.5500030517578,Coffee,KC=F
2024-04-10,214.64999389648438,Coffee,KC=F
2024-04-11,220.35000610351563,Coffee,KC=F
2024-04-12,224.64999389648438,Coffee,KC=F
2024-04-15,231.5500030517578,Coffee,KC=F
2024-04-16,236.75,Coffee,KC=F
2024-04-17,247.9499969482422,Coffee,KC=F
2024-04-18,239.85000610351563,Coffee,KC=F
2024-04-19,241.39999389648438,Coffee,KC=F
2024-04-22,231.64999389648438,Coffee,KC=F
2024-04-23,224.5,Coffee,KC=F
2024-04-24,228.4499969482422,Coffee,KC=F
2024-04-25,231.9499969482422,Coffee,KC=F
2024-04-26,230.60000610351563,Coffee,KC=F
2024-04-29,233.5500030517578,Coffee,KC=F
2024-04-30,220.64999389648438,Coffee,KC=F
2024-05-01,219.0500030517578,Coffee,KC=F
2024-05-02,208.64999389648438,Coffee,KC=F
2024-05-03,205.89999389648438,Coffee,KC=F
2024-05-06,200.6999969482422,Coffee,KC=F
2024-05-07,199,Coffee,KC=F
2024-05-08,200.25,Coffee,KC=F
2024-05-09,203.6999969482422,Coffee,KC=F
2024-05-10,204.39999389648438,Coffee,KC=F
2024-05-13,200.39999389648438,Coffee,KC=F
2024-05-14,202.85000610351563,Coffee,KC=F
2024-05-15,201.25,Coffee,KC=F
2024-05-16,199.5500030517578,Coffee,KC=F
2024-05-17,208.14999389648438,Coffee,KC=F
2024-05-20,209.3000030517578,Coffee,KC=F
2024-05-21,217.1999969482422,Coffee,KC=F
2024-05-22,220.4499969482422,Coffee,KC=F
2024-05-23,215.64999389648438,Coffee,KC=F
2024-05-24,218.25,Coffee,KC=F
2024-05-28,230.9499969482422,Coffee,KC=F
2024-05-29,229.4499969482422,Coffee,KC=F
2024-05-30,233,Coffee,KC=F
2024-05-31,222.35000610351563,Coffee,KC=F
2024-06-03,226.5500030517578,Coffee,KC=F
2024-06-04,233.89999389648438,Coffee,KC=F
2024-06-05,231.9499969482422,Coffee,KC=F
2024-06-06,234.1999969482422,Coffee,KC=F
2024-06-07,224.8000030517578,Coffee,KC=F
2024-06-10,221.39999389648438,Coffee,KC=F
2024-06-11,220.5500030517578,Coffee,KC=F
2024-06-12,224.35000610351563,Coffee,KC=F
2024-06-13,226.0500030517578,Coffee,KC=F
2024-06-14,224.14999389648438,Coffee,KC=F
2024-06-17,227.14999389648438,Coffee,KC=F
2024-06-18,226.3000030517578,Coffee,KC=F
2024-06-20,230.25,Coffee,KC=F
2024-06-21,226.5500030517578,Coffee,KC=F
2024-06-24,238,Coffee,KC=F
2024-06-25,231.1999969482422,Coffee,KC=F
2024-06-26,226.35000610351563,Coffee,KC=F
2024-06-27,228.25,Coffee,KC=F
2024-06-28,228.9499969482422,Coffee,KC=F
2024-07-01,226.6999969482422,Coffee,KC=F
2024-07-02,229.10000610351563,Coffee,KC=F
2024-07-03,225.9499969482422,Coffee,KC=F
2024-07-05,230.3000030517578,Coffee,KC=F
2024-07-08,236.1999969482422,Coffee,KC=F
2024-07-09,252,Coffee,KC=F
2024-07-10,245.6999969482422,Coffee,KC=F
2024-07-11,246.75,Coffee,KC=F
2024-07-12,250.4499969482422,Coffee,KC=F
2024-07-15,244.14999389648438,Coffee,KC=F
2024-07-16,245.39999389648438,Coffee,KC=F
2024-07-17,247.35000610351563,Coffee,KC=F
2024-07-18,243.39999389648438,Coffee,KC=F
2024-07-19,238.1999969482422,Coffee,KC=F
2024-07-22,243.0500030517578,Coffee,KC=F
2024-07-23,239.10000610351563,Coffee,KC=F
2024-07-24,231.14999389648438,Coffee,KC=F
2024-07-25,234.6999969482422,Coffee,KC=F
2024-07-26,230.25,Coffee,KC=F
2024-07-29,230.39999389648438,Coffee,KC=F
2024-07-30,230.8000030517578,Coffee,KC=F
2024-07-31,229.1999969482422,Coffee,KC=F
2024-08-01,227.25,Coffee,KC=F
2024-08-02,230.5,Coffee,KC=F
2024-08-05,225.6999969482422,Coffee,KC=F
2024-08-06,235.9499969482422,Coffee,KC=F
2024-08-07,246.3000030517578,Coffee,KC=F
2024-08-08,245.3000030517578,Coffee,KC=F
2024-08-09,234.0500030517578,Coffee,KC=F
2024-08-12,240.85000610351563,Coffee,KC=F
2024-08-13,232.6999969482422,Coffee,KC=F
2024-08-14,237,Coffee,KC=F
2024-08-15,239.89999389648438,Coffee,KC=F
2024-08-16,245.4499969482422,Coffee,KC=F
2024-08-19,245.89999389648438,Coffee,KC=F
2024-08-20,249.4499969482422,Coffee,KC=F
2024-08-21,249.4499969482422,Coffee,KC=F
2024-08-22,246.8000030517578,Coffee,KC=F
2024-08-23,251.1999969482422,Coffee,KC=F
2024-08-26,253.64999389648438,Coffee,KC=F
2024-08-27,259.3999938964844,Coffee,KC=F
2024-08-28,260.45001220703125,Coffee,KC=F
2024-08-29,251.8000030517578,Coffee,KC=F
2024-08-30,248.1999969482422,Coffee,KC=F
2024-09-03,246.75,Coffee,KC=F
2024-09-04,245.5500030517578,Coffee,KC=F
2024-09-05,246.60000610351563,Coffee,KC=F
2024-09-06,240.0500030517578,Coffee,KC=F
2024-09-09,249.4499969482422,Coffee,KC=F
2024-09-10,248,Coffee,KC=F
2024-09-11,249.4499969482422,Coffee,KC=F
2024-09-12,252,Coffee,KC=F
2024-09-13,262.04998779296875,Coffee,KC=F
2024-09-16,259.04998779296875,Coffee,KC=F
2024-09-17,265,Coffee,KC=F
2024-09-18,263.1499938964844,Coffee,KC=F
2024-09-19,261.6499938964844,Coffee,KC=F
2024-09-20,250.75,Coffee,KC=F
2024-09-23,263.6499938964844,Coffee,KC=F
2024-09-24,267.79998779296875,Coffee,KC=F
2024-09-25,269.1000061035156,Coffee,KC=F
2024-09-26,273.8999938964844,Coffee,KC=F
2024-09-27,269.1499938964844,Coffee,KC=F
2024-09-30,270.25,Coffee,KC=F
2024-10-01,264.1499938964844,Coffee,KC=F
2024-10-02,256.5,Coffee,KC=F
2024-10-03,252.0500030517578,Coffee,KC=F
2024-10-04,257.3500061035156,Coffee,KC=F
2024-10-07,244.64999389648438,Coffee,KC=F
2024-10-08,248.1999969482422,Coffee,KC=F
2024-10-09,250.0500030517578,Coffee,KC=F
2024-10-10,254.75,Coffee,KC=F
2024-10-11,252.0500030517578,Coffee,KC=F
2024-10-14,262.04998779296875,Coffee,KC=F
2024-10-15,256.70001220703125,Coffee,KC=F
2024-10-16,258,Coffee,KC=F
2024-10-17,255.14999389648438,Coffee,KC=F
2024-10-18,257.29998779296875,Coffee,KC=F
2024-10-21,251.6999969482422,Coffee,KC=F
2024-10-22,249.85000610351563,Coffee,KC=F
2024-10-23,252.35000610351563,Coffee,KC=F
2024-10-24,245.4499969482422,Coffee,KC=F
2024-10-25,248.39999389648438,Coffee,KC=F
2024-10-28,252.35000610351563,Coffee,KC=F
2024-10-29,248.10000610351563,Coffee,KC=F
2024-10-30,249.60000610351563,Coffee,KC=F
2024-10-31,245.89999389648438,Coffee,KC=F
2024-11-01,242.9499969482422,Coffee,KC=F
2024-11-04,245.9499969482422,Coffee,KC=F
2024-11-05,250.14999389648438,Coffee,KC=F
2024-11-06,248.75,Coffee,KC=F
2024-11-07,260.3999938964844,Coffee,KC=F
2024-11-08,253.35000610351563,Coffee,KC=F
2024-11-11,256.20001220703125,Coffee,KC=F
2024-11-12,263.54998779296875,Coffee,KC=F
2024-11-13,271.6499938964844,Coffee,KC=F
2024-11-14,278.95001220703125,Coffee,KC=F
2024-11-15,281.79998779296875,Coffee,KC=F
2024-11-18,280.75,Coffee,KC=F
2024-11-19,279.75,Coffee,KC=F
2024-11-20,295.29998779296875,Coffee,KC=F
2024-11-21,298.6499938964844,Coffee,KC=F
2024-11-22,305.25,Coffee,KC=F
2024-11-25,308.3500061035156,Coffee,KC=F
2024-11-26,312.1499938964844,Coffee,KC=F
2024-11-27,326.1499938964844,Coffee,KC=F
2024-11-29,321.6499938964844,Coffee,KC=F
2024-12-02,299.20001220703125,Coffee,KC=F
2024-12-03,297.70001220703125,Coffee,KC=F
2024-12-04,305.95001220703125,Coffee,KC=F
2024-12-05,315.75,Coffee,KC=F
2024-12-06,332.5,Coffee,KC=F
2024-12-09,332.29998779296875,Coffee,KC=F
2024-12-10,335.6499938964844,Coffee,KC=F
2024-12-11,321.70001220703125,Coffee,KC=F
2024-12-12,322.6000061035156,Coffee,KC=F
2024-12-13,320.8500061035156,Coffee,KC=F
2024-12-16,328.75,Coffee,KC=F
2024-12-17,325.45001220703125,Coffee,KC=F
2024-12-18,333.1499938964844,Coffee,KC=F
2024-12-19,323.75,Coffee,KC=F
2024-12-20,325,Coffee,KC=F
2024-12-23,327.25,Coffee,KC=F
2024-12-24,328.6000061035156,Coffee,KC=F
2024-12-26,324.6499938964844,Coffee,KC=F
2024-12-27,322.6499938964844,Coffee,KC=F
2024-12-30,321,Coffee,KC=F
2024-12-31,319.75,Coffee,KC=F
2025-01-02,326.8500061035156,Coffee,KC=F
2025-01-03,318.6499938964844,Coffee,KC=F
2025-01-06,318.6000061035156,Coffee,KC=F
2025-01-07,320.5,Coffee,KC=F
2025-01-08,316.45001220703125,Coffee,KC=F
2025-01-09,318.5,Coffee,KC=F
2025-01-10,323.8500061035156,Coffee,KC=F
2025-01-13,325.95001220703125,Coffee,KC=F
2025-01-14,321.95001220703125,Coffee,KC=F
2025-01-15,330.45001220703125,Coffee,KC=F
2025-01-16,327.1499938964844,Coffee,KC=F
2025-01-17,328.3500061035156,Coffee,KC=F
2025-01-21,327.79998779296875,Coffee,KC=F
2025-01-22,341.8500061035156,Coffee,KC=F
2025-01-23,343.95001220703125,Coffee,KC=F
2025-01-24,347.54998779296875,Coffee,KC=F
2025-01-27,349.20001220703125,Coffee,KC=F
2025-01-28,357.5,Coffee,KC=F
2025-01-29,366.54998779296875,Coffee,KC=F
2025-01-30,373.3999938964844,Coffee,KC=F
2025-01-31,377.8500061035156,Coffee,KC=F
2025-02-03,380.8999938964844,Coffee,KC=F
2025-02-04,383.3500061035156,Coffee,KC=F
2025-02-05,397.75,Coffee,KC=F
2025-02-06,403.95001220703125,Coffee,KC=F
2025-02-07,404.3500061035156,Coffee,KC=F
2025-02-10,429.04998779296875,Coffee,KC=F
2025-02-11,413.45001220703125,Coffee,KC=F
2025-02-12,431.79998779296875,Coffee,KC=F
2025-02-13,438.8999938964844,Coffee,KC=F
2025-02-14,419.75,Coffee,KC=F
2025-02-18,419,Coffee,KC=F
2025-02-19,417.8999938964844,Coffee,KC=F
2025-02-20,395.75,Coffee,KC=F
2025-02-21,400,Coffee,KC=F
2025-02-24,393.79998779296875,Coffee,KC=F
2025-02-25,380.5,Coffee,KC=F
2025-02-26,379.45001220703125,Coffee,KC=F
2025-02-27,378.75,Coffee,KC=F
2025-02-28,379.04998779296875,Coffee,KC=F
2025-03-03,392.70001220703125,Coffee,KC=F
2025-03-04,403.75,Coffee,KC=F
2025-03-05,415.5,Coffee,KC=F
2025-03-06,393,Coffee,KC=F
2025-03-07,390.20001220703125,Coffee,KC=F
2025-03-10,389.3500061035156,Coffee,KC=F
2025-03-11,399.45001220703125,Coffee,KC=F
2025-03-12,392.20001220703125,Coffee,KC=F
2025-03-13,390.6000061035156,Coffee,KC=F
2025-03-14,382.1000061035156,Coffee,KC=F
2025-03-17,389.3500061035156,Coffee,KC=F
2025-03-18,387.1499938964844,Coffee,KC=F
2025-03-19,394.6000061035156,Coffee,KC=F
2025-03-20,392.1499938964844,Coffee,KC=F
2025-03-21,391.3999938964844,Coffee,KC=F
2025-03-24,393.3999938964844,Coffee,KC=F
2025-03-25,398.54998779296875,Coffee,KC=F
2025-03-26,392,Coffee,KC=F
2025-03-27,378.79998779296875,Coffee,KC=F
2025-03-28,379.95001220703125,Coffee,KC=F
2025-03-31,379.75,Coffee,KC=F
2025-04-01,389.04998779296875,Coffee,KC=F
2025-04-02,388.8500061035156,Coffee,KC=F
2025-04-03,385.25,Coffee,KC=F
2025-04-04,365.70001220703125,Coffee,KC=F
2025-04-07,344.79998779296875,Coffee,KC=F
2025-04-08,342.8999938964844,Coffee,KC=F
2025-04-09,341.70001220703125,Coffee,KC=F
2025-04-10,342.8500061035156,Coffee,KC=F
2025-04-11,357.70001220703125,Coffee,KC=F
2025-04-14,360.3999938964844,Coffee,KC=F
2025-04-15,369.3999938964844,Coffee,KC=F
2025-04-16,376.04998779296875,Coffee,KC=F
2025-04-17,375.5,Coffee,KC=F
2025-04-21,366.79998779296875,Coffee,KC=F
2025-04-22,377.6499938964844,Coffee,KC=F
2025-04-23,392.3999938964844,Coffee,KC=F
2025-04-24,408,Coffee,KC=F
2025-04-25,408.25,Coffee,KC=F
2025-04-28,421.54998779296875,Coffee,KC=F
2025-04-29,412.6499938964844,Coffee,KC=F
2025-04-30,413.6000061035156,Coffee,KC=F
2025-05-01,395.70001220703125,Coffee,KC=F
2025-05-02,395.3999938964844,Coffee,KC=F
2025-05-05,398.95001220703125,Coffee,KC=F
2025-05-06,401.1000061035156,Coffee,KC=F
2025-05-07,396.20001220703125,Coffee,KC=F
2025-05-08,397.79998779296875,Coffee,KC=F
2025-05-09,397.1499938964844,Coffee,KC=F
2025-05-12,382.45001220703125,Coffee,KC=F
2025-05-13,384.8500061035156,Coffee,KC=F
2025-05-14,373.95001220703125,Coffee,KC=F
2025-05-15,384.95001220703125,Coffee,KC=F
2025-05-16,376.25,Coffee,KC=F
2025-05-19,376.1499938964844,Coffee,KC=F
2025-05-20,369.29998779296875,Coffee,KC=F
2025-05-21,370.29998779296875,Coffee,KC=F
2025-05-22,360.75,Coffee,KC=F
2025-05-23,361,Coffee,KC=F
2025-05-27,361.70001220703125,Coffee,KC=F
2025-05-28,351.95001220703125,Coffee,KC=F
2025-05-29,348.3999938964844,Coffee,KC=F
2025-05-30,342.45001220703125,Coffee,KC=F
2025-06-02,344.45001220703125,Coffee,KC=F
2025-06-03,340.8500061035156,Coffee,KC=F
2025-06-04,346.1499938964844,Coffee,KC=F
2025-06-05,359.75,Coffee,KC=F
2025-06-06,358.04998779296875,Coffee,KC=F
2025-06-09,361.54998779296875,Coffee,KC=F
2025-06-10,355.04998779296875,Coffee,KC=F
2025-06-11,350.6499938964844,Coffee,KC=F
2025-06-12,347.79998779296875,Coffee,KC=F
2025-06-13,349.70001220703125,Coffee,KC=F
2025-06-16,343.95001220703125,Coffee,KC=F
2025-06-17,335.8500061035156,Coffee,KC=F
2025-06-18,324.8999938964844,Coffee,KC=F
2025-06-20,319.04998779296875,Coffee,KC=F
2025-06-23,330.29998779296875,Coffee,KC=F
2025-06-24,315.3500061035156,Coffee,KC=F
2025-06-25,308.6499938964844,Coffee,KC=F
2025-06-26,309.5,Coffee,KC=F
2025-06-27,309.8999938964844,Coffee,KC=F
2025-06-30,306.75,Coffee,KC=F
2025-07-01,298.8500061035156,Coffee,KC=F
2025-07-02,297.95001220703125,Coffee,KC=F
2025-07-03,292.6499938964844,Coffee,KC=F
2025-07-04,292.6499938964844,Coffee,KC=F
2025-07-07,280.04998779296875,Coffee,KC=F
2025-07-08,287.3999938964844,Coffee,KC=F
2025-07-09,285.8500061035156,Coffee,KC=F
2025-07-10,289.8999938964844,Coffee,KC=F
2025-07-11,288.6000061035156,Coffee,KC=F
2025-07-14,305.70001220703125,Coffee,KC=F
2025-07-15,301.6000061035156,Coffee,KC=F
2025-07-16,314.54998779296875,Coffee,KC=F
2025-07-17,312.5,Coffee,KC=F
2025-07-18,308.8999938964844,Coffee,KC=F
2025-07-21,297.25,Coffee,KC=F
2025-07-22,296.3500061035156,Coffee,KC=F
2025-07-23,301.3500061035156,Coffee,KC=F
2025-07-24,304.8500061035156,Coffee,KC=F
2025-07-25,297.54998779296875,Coffee,KC=F
2025-07-28,301.70001220703125,Coffee,KC=F
2025-07-29,296.5,Coffee,KC=F
2025-07-30,293.3999938964844,Coffee,KC=F
2025-07-31,295.79998779296875,Coffee,KC=F
2025-08-01,284.20001220703125,Coffee,KC=F
2025-08-04,288.54998779296875,Coffee,KC=F
2025-08-05,298.70001220703125,Coffee,KC=F
2025-08-06,293.3999938964844,Coffee,KC=F
2025-08-07,297.79998779296875,Coffee,KC=F
2025-08-08,309.3500061035156,Coffee,KC=F
2025-08-11,320.70001220703125,Coffee,KC=F
2025-08-12,315.1499938964844,Coffee,KC=F
2025-08-13,319.6000061035156,Coffee,KC=F
2025-08-14,326.5,Coffee,KC=F
2025-08-15,341.6499938964844,Coffee,KC=F
2025-08-18,343.6000061035156,Coffee,KC=F
2025-08-19,356.20001220703125,Coffee,KC=F
2025-08-20,360.25,Coffee,KC=F
2025-08-21,375.25,Coffee,KC=F
2025-08-22,390.6499938964844,Coffee,KC=F
2025-08-25,389.95001220703125,Coffee,KC=F
2025-08-26,384.04998779296875,Coffee,KC=F
2025-08-27,393.79998779296875,Coffee,KC=F
2025-08-28,387.75,Coffee,KC=F
2025-08-29,396.8500061035156,Coffee,KC=F
2025-09-02,382.20001220703125,Coffee,KC=F
2025-09-03,385.25,Coffee,KC=F
2025-09-04,385.75,Coffee,KC=F
2025-09-05,385.6000061035156,Coffee,KC=F
2025-09-08,397.79998779296875,Coffee,KC=F
2025-09-09,393,Coffee,KC=F
2025-09-10,401,Coffee,KC=F
2025-09-11,400.04998779296875,Coffee,KC=F
2025-09-12,410.6499938964844,Coffee,KC=F
2025-09-15,432.3500061035156,Coffee,KC=F
2025-09-16,422.25,Coffee,KC=F
2025-09-17,388.54998779296875,Coffee,KC=F
2025-09-18,385.8500061035156,Coffee,KC=F
2025-09-19,366.5,Coffee,KC=F
2025-09-22,367.3500061035156,Coffee,KC=F
2025-09-23,350.1499938964844,Coffee,KC=F
2025-09-24,367.75,Coffee,KC=F
2025-09-25,371.3500061035156,Coffee,KC=F
2025-09-26,378.04998779296875,Coffee,KC=F
2025-09-29,372.20001220703125,Coffee,KC=F
2025-09-30,374.8500061035156,Coffee,KC=F
2025-10-01,383.8999938964844,Coffee,KC=F
2025-10-02,378.1000061035156,Coffee,KC=F
2025-10-03,390.75,Coffee,KC=F
2025-10-06,381.3500061035156,Coffee,KC=F
2025-10-07,375.3999938964844,Coffee,KC=F
2025-10-08,385.1000061035156,Coffee,KC=F
2025-10-09,377.25,Coffee,KC=F
2025-10-10,373.04998779296875,Coffee,KC=F
2025-10-13,385.20001220703125,Coffee,KC=F
2025-10-14,399.6499938964844,Coffee,KC=F
2025-10-15,394.8999938964844,Coffee,KC=F
2025-10-16,393.79998779296875,Coffee,KC=F
2025-10-17,397.45001220703125,Coffee,KC=F
2025-10-20,406.04998779296875,Coffee,KC=F
2025-10-21,413.54998779296875,Coffee,KC=F
2025-10-22,420.8500061035156,Coffee,KC=F
2025-10-23,410.1499938964844,Coffee,KC=F
2025-10-24,403,Coffee,KC=F
2025-10-27,390.1000061035156,Coffee,KC=F
2025-10-28,387.8999938964844,Coffee,KC=F
2025-10-29,390.70001220703125,Coffee,KC=F
2025-10-30,392,Coffee,KC=F
2025-10-31,392.04998779296875,Coffee,KC=F
2025-11-03,406.6499938964844,Coffee,KC=F
2025-11-04,405.25,Coffee,KC=F
2025-11-05,413.6000061035156,Coffee,KC=F
2025-11-06,396.75,Coffee,KC=F
2025-11-07,407.79998779296875,Coffee,KC=F
2025-11-10,414.75,Coffee,KC=F
2025-11-11,422.70001220703125,Coffee,KC=F
2025-11-12,403.6499938964844,Coffee,KC=F
2025-11-13,401.70001220703125,Coffee,KC=F
2025-11-14,399.79998779296875,Coffee,KC=F
2025-11-17,402.54998779296875,Coffee,KC=F
2025-11-18,415.3500061035156,Coffee,KC=F
2025-11-19,404.5,Coffee,KC=F
2025-11-20,406.5,Coffee,KC=F
2025-11-21,400,Coffee,KC=F
2025-11-24,407.45001220703125,Coffee,KC=F
2025-11-25,414.20001220703125,Coffee,KC=F
2025-11-26,411.5,Coffee,KC=F
2025-11-28,413,Coffee,KC=F
2025-12-01,411.5,Coffee,KC=F
2025-12-02,405.54998779296875,Coffee,KC=F
2025-12-03,403.75,Coffee,KC=F
2025-12-04,411.95001220703125,Coffee,KC=F
2025-12-05,406.25,Coffee,KC=F
2025-12-08,396.04998779296875,Coffee,KC=F
2025-12-09,394.20001220703125,Coffee,KC=F
2025-12-10,400.79998779296875,Coffee,KC=F
2025-12-11,405.45001220703125,Coffee,KC=F
2025-12-12,397.20001220703125,Coffee,KC=F
2025-12-15,387.70001220703125,Coffee,KC=F
2025-12-16,379.29998779296875,Coffee,KC=F
2025-12-17,351.8999938964844,Coffee,KC=F
2025-12-18,345.45001220703125,Coffee,KC=F
2025-12-19,340.6499938964844,Coffee,KC=F
2025-12-22,347.3500061035156,Coffee,KC=F
2025-12-23,346.95001220703125,Coffee,KC=F
2025-12-24,345.1499938964844,Coffee,KC=F
2025-12-26,350.25,Coffee,KC=F
2025-12-29,352.1499938964844,Coffee,KC=F
2025-12-30,350.20001220703125,Coffee,KC=F
2025-12-31,348.75,Coffee,KC=F
2026-01-02,357.29998779296875,Coffee,KC=F
2026-01-05,359.3500061035156,Coffee,KC=F
2026-01-06,373.8500061035156,Coffee,KC=F
2026-01-07,375.45001220703125,Coffee,KC=F
2026-01-08,372.3500061035156,Coffee,KC=F
2026-01-09,357.6499938964844,Coffee,KC=F
2026-01-12,356.04998779296875,Coffee,KC=F
2026-01-13,360.25,Coffee,KC=F
2026-01-14,356,Coffee,KC=F
2026-01-15,358.1000061035156,Coffee,KC=F
2026-01-16,355.29998779296875,Coffee,KC=F
2026-01-20,346.5,Coffee,KC=F
2026-01-21,347.5,Coffee,KC=F
2026-01-22,347.70001220703125,Coffee,KC=F
2026-01-23,350.8999938964844,Coffee,KC=F
2026-01-26,356.25,Coffee,KC=F
2026-01-27,367.25,Coffee,KC=F
2026-01-28,351,Coffee,KC=F
2026-01-29,345.5,Coffee,KC=F
2026-01-30,332.25,Coffee,KC=F
2026-02-02,333.25,Coffee,KC=F
2026-02-03,317.1000061035156,Coffee,KC=F
2026-02-04,308.6499938964844,Coffee,KC=F
2026-02-05,308.3999938964844,Coffee,KC=F
2026-02-06,296.54998779296875,Coffee,KC=F
2026-02-09,299.8500061035156,Coffee,KC=F
2026-02-10,294.20001220703125,Coffee,KC=F
2026-02-11,294.79998779296875,Coffee,KC=F
2026-02-12,299.6499938964844,Coffee,KC=F
2026-02-13,300.04998779296875,Coffee,KC=F
2026-02-17,284.6000061035156,Coffee,KC=F
2026-02-18,287.54998779296875,Coffee,KC=F
2026-02-19,287.3999938964844,Coffee,KC=F
2026-02-20,288.29998779296875,Coffee,KC=F
2026-02-23,281.1499938964844,Coffee,KC=F
2026-02-24,288.25,Coffee,KC=F
2026-02-25,288.29998779296875,Coffee,KC=F
2026-02-26,286,Coffee,KC=F
2026-02-27,284.6000061035156,Coffee,KC=F
2026-03-02,288.3500061035156,Coffee,KC=F
2026-03-03,286.95001220703125,Coffee,KC=F
2026-03-04,290.70001220703125,Coffee,KC=F
2026-03-05,293,Coffee,KC=F
2026-03-06,297.6000061035156,Coffee,KC=F
2026-03-09,301.75,Coffee,KC=F
2026-03-10,300.54998779296875,Coffee,KC=F
2026-03-11,292,Coffee,KC=F
2026-03-12,296.5,Coffee,KC=F
2019-01-02,375.75,Corn,ZC=F
2019-01-03,379.75,Corn,ZC=F
2019-01-04,383,Corn,ZC=F
2019-01-07,382.25,Corn,ZC=F
2019-01-08,380,Corn,ZC=F
2019-01-09,382,Corn,ZC=F
2019-01-10,376.25,Corn,ZC=F
2019-01-11,378.25,Corn,ZC=F
2019-01-14,378.5,Corn,ZC=F
2019-01-15,371.25,Corn,ZC=F
2019-01-16,374,Corn,ZC=F
2019-01-17,380,Corn,ZC=F
2019-01-18,381.75,Corn,ZC=F
2019-01-22,379,Corn,ZC=F
2019-01-23,378.75,Corn,ZC=F
2019-01-24,377,Corn,ZC=F
2019-01-25,380.25,Corn,ZC=F
2019-01-28,379.75,Corn,ZC=F
2019-01-29,377.25,Corn,ZC=F
2019-01-30,381.25,Corn,ZC=F
2019-01-31,376.5,Corn,ZC=F
2019-02-01,378.25,Corn,ZC=F
2019-02-04,379.25,Corn,ZC=F
2019-02-05,380.75,Corn,ZC=F
2019-02-06,380,Corn,ZC=F
2019-02-07,376.5,Corn,ZC=F
2019-02-08,374.25,Corn,ZC=F
2019-02-11,372.75,Corn,ZC=F
2019-02-12,378.25,Corn,ZC=F
2019-02-13,378.75,Corn,ZC=F
2019-02-14,374.75,Corn,ZC=F
2019-02-15,374.75,Corn,ZC=F
2019-02-19,369.75,Corn,ZC=F
2019-02-20,370.75,Corn,ZC=F
2019-02-21,375.5,Corn,ZC=F
2019-02-22,375.25,Corn,ZC=F
2019-02-25,370.5,Corn,ZC=F
2019-02-26,366.25,Corn,ZC=F
2019-02-27,363.75,Corn,ZC=F
2019-02-28,362,Corn,ZC=F
2019-03-01,364,Corn,ZC=F
2019-03-04,365,Corn,ZC=F
2019-03-05,366,Corn,ZC=F
2019-03-06,362.5,Corn,ZC=F
2019-03-07,356,Corn,ZC=F
2019-03-08,354.75,Corn,ZC=F
2019-03-11,352.5,Corn,ZC=F
2019-03-12,356.5,Corn,ZC=F
2019-03-13,357.25,Corn,ZC=F
2019-03-14,361.5,Corn,ZC=F
2019-03-15,373.25,Corn,ZC=F
2019-03-18,371.5,Corn,ZC=F
2019-03-19,371.25,Corn,ZC=F
2019-03-20,371.5,Corn,ZC=F
2019-03-21,376.25,Corn,ZC=F
2019-03-22,378.25,Corn,ZC=F
2019-03-25,379.75,Corn,ZC=F
2019-03-26,377.25,Corn,ZC=F
2019-03-27,373.75,Corn,ZC=F
2019-03-28,374,Corn,ZC=F
2019-03-29,356.5,Corn,ZC=F
2019-04-01,361.75,Corn,ZC=F
2019-04-02,361.5,Corn,ZC=F
2019-04-03,362.75,Corn,ZC=F
2019-04-04,365.25,Corn,ZC=F
2019-04-05,362.5,Corn,ZC=F
2019-04-08,360,Corn,ZC=F
2019-04-09,360,Corn,ZC=F
2019-04-10,361.75,Corn,ZC=F
2019-04-11,360,Corn,ZC=F
2019-04-12,361,Corn,ZC=F
2019-04-15,362.75,Corn,ZC=F
2019-04-16,359,Corn,ZC=F
2019-04-17,358.25,Corn,ZC=F
2019-04-18,358.5,Corn,ZC=F
2019-04-22,354.75,Corn,ZC=F
2019-04-23,351.25,Corn,ZC=F
2019-04-24,346.75,Corn,ZC=F
2019-04-25,347.5,Corn,ZC=F
2019-04-26,351.25,Corn,ZC=F
2019-04-29,352,Corn,ZC=F
2019-04-30,353.25,Corn,ZC=F
2019-05-01,360,Corn,ZC=F
2019-05-02,362,Corn,ZC=F
2019-05-03,363,Corn,ZC=F
2019-05-06,355.75,Corn,ZC=F
2019-05-07,358,Corn,ZC=F
2019-05-08,355.25,Corn,ZC=F
2019-05-09,344.5,Corn,ZC=F
2019-05-10,342.5,Corn,ZC=F
2019-05-13,347.5,Corn,ZC=F
2019-05-14,360.5,Corn,ZC=F
2019-05-15,369.5,Corn,ZC=F
2019-05-16,379,Corn,ZC=F
2019-05-17,383.25,Corn,ZC=F
2019-05-20,389,Corn,ZC=F
2019-05-21,394.25,Corn,ZC=F
2019-05-22,394.5,Corn,ZC=F
2019-05-23,389.75,Corn,ZC=F
2019-05-24,404.25,Corn,ZC=F
2019-05-28,420.25,Corn,ZC=F
2019-05-29,418.75,Corn,ZC=F
2019-05-30,436.25,Corn,ZC=F
2019-05-31,427,Corn,ZC=F
2019-06-03,424.25,Corn,ZC=F
2019-06-04,425.25,Corn,ZC=F
2019-06-05,414.75,Corn,ZC=F
2019-06-06,420.5,Corn,ZC=F
2019-06-07,415.75,Corn,ZC=F
2019-06-10,415.75,Corn,ZC=F
2019-06-11,427.75,Corn,ZC=F
2019-06-12,430,Corn,ZC=F
2019-06-13,442,Corn,ZC=F
2019-06-14,453,Corn,ZC=F
2019-06-17,454.75,Corn,ZC=F
2019-06-18,449.75,Corn,ZC=F
2019-06-19,441,Corn,ZC=F
2019-06-20,450,Corn,ZC=F
2019-06-21,442.25,Corn,ZC=F
2019-06-24,446.75,Corn,ZC=F
2019-06-25,447.5,Corn,ZC=F
2019-06-26,443.25,Corn,ZC=F
2019-06-27,440,Corn,ZC=F
2019-06-28,420.25,Corn,ZC=F
2019-07-01,412,Corn,ZC=F
2019-07-02,413.5,Corn,ZC=F
2019-07-03,433,Corn,ZC=F
2019-07-05,434,Corn,ZC=F
2019-07-08,438.5,Corn,ZC=F
2019-07-09,431.75,Corn,ZC=F
2019-07-10,434.25,Corn,ZC=F
2019-07-11,447.75,Corn,ZC=F
2019-07-12,449.5,Corn,ZC=F
2019-07-15,441,Corn,ZC=F
2019-07-16,435.25,Corn,ZC=F
2019-07-17,436,Corn,ZC=F
2019-07-18,424.5,Corn,ZC=F
2019-07-19,430.75,Corn,ZC=F
2019-07-22,422.25,Corn,ZC=F
2019-07-23,425.5,Corn,ZC=F
2019-07-24,424,Corn,ZC=F
2019-07-25,418.5,Corn,ZC=F
2019-07-26,414.5,Corn,ZC=F
2019-07-29,417,Corn,ZC=F
2019-07-30,411.25,Corn,ZC=F
2019-07-31,400.25,Corn,ZC=F
2019-08-01,392.75,Corn,ZC=F
2019-08-02,399.5,Corn,ZC=F
2019-08-05,405.25,Corn,ZC=F
2019-08-06,404,Corn,ZC=F
2019-08-07,406.5,Corn,ZC=F
2019-08-08,411,Corn,ZC=F
2019-08-09,410.25,Corn,ZC=F
2019-08-12,385.25,Corn,ZC=F
2019-08-13,366,Corn,ZC=F
2019-08-14,359,Corn,ZC=F
2019-08-15,360.75,Corn,ZC=F
2019-08-16,371,Corn,ZC=F
2019-08-19,365,Corn,ZC=F
2019-08-20,359.5,Corn,ZC=F
2019-08-21,362.5,Corn,ZC=F
2019-08-22,363.25,Corn,ZC=F
2019-08-23,359.75,Corn,ZC=F
2019-08-26,358.5,Corn,ZC=F
2019-08-27,357,Corn,ZC=F
2019-08-28,362.75,Corn,ZC=F
2019-08-29,359.75,Corn,ZC=F
2019-08-30,358,Corn,ZC=F
2019-09-03,349.75,Corn,ZC=F
2019-09-04,346,Corn,ZC=F
2019-09-05,346.5,Corn,ZC=F
2019-09-06,342.5,Corn,ZC=F
2019-09-09,340.75,Corn,ZC=F
2019-09-10,348.5,Corn,ZC=F
2019-09-11,348.25,Corn,ZC=F
2019-09-12,354.5,Corn,ZC=F
2019-09-13,355.5,Corn,ZC=F
2019-09-16,374,Corn,ZC=F
2019-09-17,368,Corn,ZC=F
2019-09-18,371.25,Corn,ZC=F
2019-09-19,372.75,Corn,ZC=F
2019-09-20,370.75,Corn,ZC=F
2019-09-23,373.25,Corn,ZC=F
2019-09-24,374.75,Corn,ZC=F
2019-09-25,374.25,Corn,ZC=F
2019-09-26,372.5,Corn,ZC=F
2019-09-27,371.5,Corn,ZC=F
2019-09-30,388,Corn,ZC=F
2019-10-01,392.5,Corn,ZC=F
2019-10-02,387.75,Corn,ZC=F
2019-10-03,388.75,Corn,ZC=F
2019-10-04,384.75,Corn,ZC=F
2019-10-07,387,Corn,ZC=F
2019-10-08,395.75,Corn,ZC=F
2019-10-09,394.25,Corn,ZC=F
2019-10-10,380.25,Corn,ZC=F
2019-10-11,397.75,Corn,ZC=F
2019-10-14,397.75,Corn,ZC=F
2019-10-15,393.25,Corn,ZC=F
2019-10-16,391.75,Corn,ZC=F
2019-10-17,394.75,Corn,ZC=F
2019-10-18,391,Corn,ZC=F
2019-10-21,387.25,Corn,ZC=F
2019-10-22,388,Corn,ZC=F
2019-10-23,387.75,Corn,ZC=F
2019-10-24,386.75,Corn,ZC=F
2019-10-25,386.75,Corn,ZC=F
2019-10-28,384,Corn,ZC=F
2019-10-29,386.25,Corn,ZC=F
2019-10-30,390.75,Corn,ZC=F
2019-10-31,390,Corn,ZC=F
2019-11-01,389.25,Corn,ZC=F
2019-11-04,383.25,Corn,ZC=F
2019-11-05,381.75,Corn,ZC=F
2019-11-06,378.75,Corn,ZC=F
2019-11-07,375.25,Corn,ZC=F
2019-11-08,377.25,Corn,ZC=F
2019-11-11,373.25,Corn,ZC=F
2019-11-12,377.75,Corn,ZC=F
2019-11-13,375.25,Corn,ZC=F
2019-11-14,375.75,Corn,ZC=F
2019-11-15,371.25,Corn,ZC=F
2019-11-18,367.75,Corn,ZC=F
2019-11-19,370,Corn,ZC=F
2019-11-20,366.75,Corn,ZC=F
2019-11-21,368.5,Corn,ZC=F
2019-11-22,368.75,Corn,ZC=F
2019-11-25,370.5,Corn,ZC=F
2019-11-26,367.5,Corn,ZC=F
2019-11-27,362.75,Corn,ZC=F
2019-11-29,371.25,Corn,ZC=F
2019-12-02,373.5,Corn,ZC=F
2019-12-03,372,Corn,ZC=F
2019-12-04,368.75,Corn,ZC=F
2019-12-05,365.5,Corn,ZC=F
2019-12-06,366.5,Corn,ZC=F
2019-12-09,365.75,Corn,ZC=F
2019-12-10,363.25,Corn,ZC=F
2019-12-11,357.75,Corn,ZC=F
2019-12-12,367,Corn,ZC=F
2019-12-13,366.25,Corn,ZC=F
2019-12-16,388,Corn,ZC=F
2019-12-17,390,Corn,ZC=F
2019-12-18,387,Corn,ZC=F
2019-12-19,386.5,Corn,ZC=F
2019-12-20,387.75,Corn,ZC=F
2019-12-23,388.75,Corn,ZC=F
2019-12-24,387.5,Corn,ZC=F
2019-12-26,388.5,Corn,ZC=F
2019-12-27,390,Corn,ZC=F
2019-12-30,388.25,Corn,ZC=F
2019-12-31,387.75,Corn,ZC=F
2020-01-02,391.5,Corn,ZC=F
2020-01-03,386.5,Corn,ZC=F
2020-01-06,384.75,Corn,ZC=F
2020-01-07,384.5,Corn,ZC=F
2020-01-08,384.25,Corn,ZC=F
2020-01-09,383.25,Corn,ZC=F
2020-01-10,385.75,Corn,ZC=F
2020-01-13,389.5,Corn,ZC=F
2020-01-14,389,Corn,ZC=F
2020-01-15,387.5,Corn,ZC=F
2020-01-16,375.5,Corn,ZC=F
2020-01-17,389.25,Corn,ZC=F
2020-01-21,387.5,Corn,ZC=F
2020-01-22,388.75,Corn,ZC=F
2020-01-23,393.75,Corn,ZC=F
2020-01-24,387.25,Corn,ZC=F
2020-01-27,380.5,Corn,ZC=F
2020-01-28,386.5,Corn,ZC=F
2020-01-29,384.25,Corn,ZC=F
2020-01-30,379.5,Corn,ZC=F
2020-01-31,381.25,Corn,ZC=F
2020-02-03,378.75,Corn,ZC=F
2020-02-04,382.25,Corn,ZC=F
2020-02-05,380.75,Corn,ZC=F
2020-02-06,379.25,Corn,ZC=F
2020-02-07,383.5,Corn,ZC=F
2020-02-10,381.75,Corn,ZC=F
2020-02-11,379.75,Corn,ZC=F
2020-02-12,383,Corn,ZC=F
2020-02-13,379.5,Corn,ZC=F
2020-02-14,377.75,Corn,ZC=F
2020-02-18,383,Corn,ZC=F
2020-02-19,380.5,Corn,ZC=F
2020-02-20,378.5,Corn,ZC=F
2020-02-21,377,Corn,ZC=F
2020-02-24,372.25,Corn,ZC=F
2020-02-25,372.5,Corn,ZC=F
2020-02-26,370.5,Corn,ZC=F
2020-02-27,364.5,Corn,ZC=F
2020-02-28,366.5,Corn,ZC=F
2020-03-02,374.75,Corn,ZC=F
2020-03-03,381.75,Corn,ZC=F
2020-03-04,387,Corn,ZC=F
2020-03-05,384.5,Corn,ZC=F
2020-03-06,377.25,Corn,ZC=F
2020-03-09,374.25,Corn,ZC=F
2020-03-10,380,Corn,ZC=F
2020-03-11,379.25,Corn,ZC=F
2020-03-12,369.75,Corn,ZC=F
2020-03-13,370.75,Corn,ZC=F
2020-03-16,354.75,Corn,ZC=F
2020-03-17,344,Corn,ZC=F
2020-03-18,335.25,Corn,ZC=F
2020-03-19,345.5,Corn,ZC=F
2020-03-20,343.75,Corn,ZC=F
2020-03-23,343.5,Corn,ZC=F
2020-03-24,347.25,Corn,ZC=F
2020-03-25,348.5,Corn,ZC=F
2020-03-26,348.75,Corn,ZC=F
2020-03-27,346,Corn,ZC=F
2020-03-30,341.25,Corn,ZC=F
2020-03-31,340.75,Corn,ZC=F
2020-04-01,334.75,Corn,ZC=F
2020-04-02,333.5,Corn,ZC=F
2020-04-03,330.75,Corn,ZC=F
2020-04-06,327.75,Corn,ZC=F
2020-04-07,331.5,Corn,ZC=F
2020-04-08,330,Corn,ZC=F
2020-04-09,331.75,Corn,ZC=F
2020-04-13,331.5,Corn,ZC=F
2020-04-14,326,Corn,ZC=F
2020-04-15,319.25,Corn,ZC=F
2020-04-16,319.75,Corn,ZC=F
2020-04-17,322.25,Corn,ZC=F
2020-04-20,314.25,Corn,ZC=F
2020-04-21,309.25,Corn,ZC=F
2020-04-22,317.5,Corn,ZC=F
2020-04-23,319.25,Corn,ZC=F
2020-04-24,315.75,Corn,ZC=F
2020-04-27,305.5,Corn,ZC=F
2020-04-28,302.75,Corn,ZC=F
2020-04-29,304.5,Corn,ZC=F
2020-04-30,311.5,Corn,ZC=F
2020-05-01,311.5,Corn,ZC=F
2020-05-04,310.75,Corn,ZC=F
2020-05-05,313,Corn,ZC=F
2020-05-06,311.75,Corn,ZC=F
2020-05-07,316,Corn,ZC=F
2020-05-08,319,Corn,ZC=F
2020-05-11,318.5,Corn,ZC=F
2020-05-12,323.75,Corn,ZC=F
2020-05-13,320.25,Corn,ZC=F
2020-05-14,320.25,Corn,ZC=F
2020-05-15,319.25,Corn,ZC=F
2020-05-18,320.75,Corn,ZC=F
2020-05-19,321.25,Corn,ZC=F
2020-05-20,319.5,Corn,ZC=F
2020-05-21,317.75,Corn,ZC=F
2020-05-22,318,Corn,ZC=F
2020-05-26,319,Corn,ZC=F
2020-05-27,320.5,Corn,ZC=F
2020-05-28,327.5,Corn,ZC=F
2020-05-29,325.75,Corn,ZC=F
2020-06-01,323.25,Corn,ZC=F
2020-06-02,324.25,Corn,ZC=F
2020-06-03,324,Corn,ZC=F
2020-06-04,329,Corn,ZC=F
2020-06-05,331.25,Corn,ZC=F
2020-06-08,333.75,Corn,ZC=F
2020-06-09,327.5,Corn,ZC=F
2020-06-10,326.25,Corn,ZC=F
2020-06-11,329.75,Corn,ZC=F
2020-06-12,330,Corn,ZC=F
2020-06-15,329.25,Corn,ZC=F
2020-06-16,329,Corn,ZC=F
2020-06-17,330.25,Corn,ZC=F
2020-06-18,331,Corn,ZC=F
2020-06-19,332.5,Corn,ZC=F
2020-06-22,328.25,Corn,ZC=F
2020-06-23,325,Corn,ZC=F
2020-06-24,324.25,Corn,ZC=F
2020-06-25,317.25,Corn,ZC=F
2020-06-26,317,Corn,ZC=F
2020-06-29,326.25,Corn,ZC=F
2020-06-30,338.5,Corn,ZC=F
2020-07-01,348.25,Corn,ZC=F
2020-07-02,342.5,Corn,ZC=F
2020-07-06,346.5,Corn,ZC=F
2020-07-07,345,Corn,ZC=F
2020-07-08,348.25,Corn,ZC=F
2020-07-09,351.25,Corn,ZC=F
2020-07-10,340.5,Corn,ZC=F
2020-07-13,334,Corn,ZC=F
2020-07-14,334.75,Corn,ZC=F
2020-07-15,326.25,Corn,ZC=F
2020-07-16,330.25,Corn,ZC=F
2020-07-17,333,Corn,ZC=F
2020-07-20,328.25,Corn,ZC=F
2020-07-21,322.75,Corn,ZC=F
2020-07-22,327.5,Corn,ZC=F
2020-07-23,328,Corn,ZC=F
2020-07-24,326.25,Corn,ZC=F
2020-07-27,325,Corn,ZC=F
2020-07-28,320,Corn,ZC=F
2020-07-29,315.5,Corn,ZC=F
2020-07-30,315.75,Corn,ZC=F
2020-07-31,316,Corn,ZC=F
2020-08-03,317.5,Corn,ZC=F
2020-08-04,308.25,Corn,ZC=F
2020-08-05,311,Corn,ZC=F
2020-08-06,311.25,Corn,ZC=F
2020-08-07,307.75,Corn,ZC=F
2020-08-10,310.5,Corn,ZC=F
2020-08-11,311.5,Corn,ZC=F
2020-08-12,314.5,Corn,ZC=F
2020-08-13,325.25,Corn,ZC=F
2020-08-14,324.5,Corn,ZC=F
2020-08-17,331,Corn,ZC=F
2020-08-18,327,Corn,ZC=F
2020-08-19,325,Corn,ZC=F
2020-08-20,324.5,Corn,ZC=F
2020-08-21,327,Corn,ZC=F
2020-08-24,331.75,Corn,ZC=F
2020-08-25,340.75,Corn,ZC=F
2020-08-26,340.5,Corn,ZC=F
2020-08-27,344.25,Corn,ZC=F
2020-08-28,346,Corn,ZC=F
2020-08-31,348.5,Corn,ZC=F
2020-09-01,349.5,Corn,ZC=F
2020-09-02,349.75,Corn,ZC=F
2020-09-03,344.5,Corn,ZC=F
2020-09-04,347.25,Corn,ZC=F
2020-09-08,351,Corn,ZC=F
2020-09-09,350,Corn,ZC=F
2020-09-10,357.25,Corn,ZC=F
2020-09-11,365,Corn,ZC=F
2020-09-14,357.5,Corn,ZC=F
2020-09-15,366,Corn,ZC=F
2020-09-16,371.75,Corn,ZC=F
2020-09-17,375.25,Corn,ZC=F
2020-09-18,378.5,Corn,ZC=F
2020-09-21,369.75,Corn,ZC=F
2020-09-22,369.25,Corn,ZC=F
2020-09-23,368.5,Corn,ZC=F
2020-09-24,363.5,Corn,ZC=F
2020-09-25,365.25,Corn,ZC=F
2020-09-28,366.75,Corn,ZC=F
2020-09-29,364.75,Corn,ZC=F
2020-09-30,379,Corn,ZC=F
2020-10-01,382.75,Corn,ZC=F
2020-10-02,379.75,Corn,ZC=F
2020-10-05,379.5,Corn,ZC=F
2020-10-06,385,Corn,ZC=F
2020-10-07,388.75,Corn,ZC=F
2020-10-08,387,Corn,ZC=F
2020-10-09,395,Corn,ZC=F
2020-10-12,389,Corn,ZC=F
2020-10-13,391.25,Corn,ZC=F
2020-10-14,396.5,Corn,ZC=F
2020-10-15,403.75,Corn,ZC=F
2020-10-16,402,Corn,ZC=F
2020-10-19,405.25,Corn,ZC=F
2020-10-20,408.75,Corn,ZC=F
2020-10-21,413.75,Corn,ZC=F
2020-10-22,416.25,Corn,ZC=F
2020-10-23,419.25,Corn,ZC=F
2020-10-26,417.75,Corn,ZC=F
2020-10-27,416,Corn,ZC=F
2020-10-28,401.5,Corn,ZC=F
2020-10-29,398.5,Corn,ZC=F
2020-10-30,398.5,Corn,ZC=F
2020-11-02,397.5,Corn,ZC=F
2020-11-03,401,Corn,ZC=F
2020-11-04,405.25,Corn,ZC=F
2020-11-05,409.25,Corn,ZC=F
2020-11-06,406.75,Corn,ZC=F
2020-11-09,407.5,Corn,ZC=F
2020-11-10,423,Corn,ZC=F
2020-11-11,417.25,Corn,ZC=F
2020-11-12,408.25,Corn,ZC=F
2020-11-13,410.5,Corn,ZC=F
2020-11-16,416.25,Corn,ZC=F
2020-11-17,420.25,Corn,ZC=F
2020-11-18,425.75,Corn,ZC=F
2020-11-19,422.5,Corn,ZC=F
2020-11-20,423.25,Corn,ZC=F
2020-11-23,426.5,Corn,ZC=F
2020-11-24,425.75,Corn,ZC=F
2020-11-25,420,Corn,ZC=F
2020-11-27,425.5,Corn,ZC=F
2020-11-30,419.75,Corn,ZC=F
2020-12-01,414.75,Corn,ZC=F
2020-12-02,419,Corn,ZC=F
2020-12-03,422.5,Corn,ZC=F
2020-12-04,417,Corn,ZC=F
2020-12-07,419.5,Corn,ZC=F
2020-12-08,417,Corn,ZC=F
2020-12-09,422,Corn,ZC=F
2020-12-10,420.25,Corn,ZC=F
2020-12-11,424.25,Corn,ZC=F
2020-12-14,419.25,Corn,ZC=F
2020-12-15,424.75,Corn,ZC=F
2020-12-16,427.25,Corn,ZC=F
2020-12-17,432.5,Corn,ZC=F
2020-12-18,437.5,Corn,ZC=F
2020-12-21,440,Corn,ZC=F
2020-12-22,443.5,Corn,ZC=F
2020-12-23,447.25,Corn,ZC=F
2020-12-24,451,Corn,ZC=F
2020-12-28,456.5,Corn,ZC=F
2020-12-29,466,Corn,ZC=F
2020-12-30,474.5,Corn,ZC=F
2020-12-31,484,Corn,ZC=F
2021-01-04,483.75,Corn,ZC=F
2021-01-05,491.75,Corn,ZC=F
2021-01-06,495,Corn,ZC=F
2021-01-07,494,Corn,ZC=F
2021-01-08,496.25,Corn,ZC=F
2021-01-11,492.25,Corn,ZC=F
2021-01-12,517.25,Corn,ZC=F
2021-01-13,524.5,Corn,ZC=F
2021-01-14,534.25,Corn,ZC=F
2021-01-15,531.5,Corn,ZC=F
2021-01-19,526,Corn,ZC=F
2021-01-20,522,Corn,ZC=F
2021-01-21,524.25,Corn,ZC=F
2021-01-22,500.5,Corn,ZC=F
2021-01-25,511.5,Corn,ZC=F
2021-01-26,532.25,Corn,ZC=F
2021-01-27,534,Corn,ZC=F
2021-01-28,534.5,Corn,ZC=F
2021-01-29,547,Corn,ZC=F
2021-02-01,549.25,Corn,ZC=F
2021-02-02,543,Corn,ZC=F
2021-02-03,552,Corn,ZC=F
2021-02-04,550,Corn,ZC=F
2021-02-05,548.5,Corn,ZC=F
2021-02-08,563.75,Corn,ZC=F
2021-02-09,556.25,Corn,ZC=F
2021-02-10,534.5,Corn,ZC=F
2021-02-11,541,Corn,ZC=F
2021-02-12,538.75,Corn,ZC=F
2021-02-16,552.25,Corn,ZC=F
2021-02-17,553,Corn,ZC=F
2021-02-18,550.25,Corn,ZC=F
2021-02-19,542.75,Corn,ZC=F
2021-02-22,551,Corn,ZC=F
2021-02-23,553.75,Corn,ZC=F
2021-02-24,559.25,Corn,ZC=F
2021-02-25,554.75,Corn,ZC=F
2021-02-26,555.5,Corn,ZC=F
2021-03-01,547.5,Corn,ZC=F
2021-03-02,560.75,Corn,ZC=F
2021-03-03,550.25,Corn,ZC=F
2021-03-04,546.25,Corn,ZC=F
2021-03-05,562,Corn,ZC=F
2021-03-08,565,Corn,ZC=F
2021-03-09,562,Corn,ZC=F
2021-03-10,547.75,Corn,ZC=F
2021-03-11,555,Corn,ZC=F
2021-03-12,549.25,Corn,ZC=F
2021-03-15,549.5,Corn,ZC=F
2021-03-16,554.25,Corn,ZC=F
2021-03-17,558,Corn,ZC=F
2021-03-18,546.5,Corn,ZC=F
2021-03-19,557.75,Corn,ZC=F
2021-03-22,549,Corn,ZC=F
2021-03-23,551.25,Corn,ZC=F
2021-03-24,553.25,Corn,ZC=F
2021-03-25,546.5,Corn,ZC=F
2021-03-26,552.5,Corn,ZC=F
2021-03-29,546.75,Corn,ZC=F
2021-03-30,539.25,Corn,ZC=F
2021-03-31,564.25,Corn,ZC=F
2021-04-01,559.75,Corn,ZC=F
2021-04-05,553.25,Corn,ZC=F
2021-04-06,554.25,Corn,ZC=F
2021-04-07,560.5,Corn,ZC=F
2021-04-08,579.75,Corn,ZC=F
2021-04-09,577.25,Corn,ZC=F
2021-04-12,569,Corn,ZC=F
2021-04-13,580,Corn,ZC=F
2021-04-14,594,Corn,ZC=F
2021-04-15,590,Corn,ZC=F
2021-04-16,585.5,Corn,ZC=F
2021-04-19,592,Corn,ZC=F
2021-04-20,606.5,Corn,ZC=F
2021-04-21,625.5,Corn,ZC=F
2021-04-22,650.5,Corn,ZC=F
2021-04-23,655.5,Corn,ZC=F
2021-04-26,680.5,Corn,ZC=F
2021-04-27,695.5,Corn,ZC=F
2021-04-28,686.25,Corn,ZC=F
2021-04-29,702,Corn,ZC=F
2021-04-30,740,Corn,ZC=F
2021-05-03,732.25,Corn,ZC=F
2021-05-04,744.75,Corn,ZC=F
2021-05-05,753.25,Corn,ZC=F
2021-05-06,759.5,Corn,ZC=F
2021-05-07,772.75,Corn,ZC=F
2021-05-10,748,Corn,ZC=F
2021-05-11,759.5,Corn,ZC=F
2021-05-12,757.5,Corn,ZC=F
2021-05-13,719,Corn,ZC=F
2021-05-14,685,Corn,ZC=F
2021-05-17,652.5,Corn,ZC=F
2021-05-18,658.25,Corn,ZC=F
2021-05-19,658.25,Corn,ZC=F
2021-05-20,664.5,Corn,ZC=F
2021-05-21,659.5,Corn,ZC=F
2021-05-24,657.25,Corn,ZC=F
2021-05-25,620.25,Corn,ZC=F
2021-05-26,624.5,Corn,ZC=F
2021-05-27,664.5,Corn,ZC=F
2021-05-28,656.75,Corn,ZC=F
2021-06-01,688.75,Corn,ZC=F
2021-06-02,675,Corn,ZC=F
2021-06-03,662,Corn,ZC=F
2021-06-04,682.75,Corn,ZC=F
2021-06-07,679.25,Corn,ZC=F
2021-06-08,680,Corn,ZC=F
2021-06-09,690.75,Corn,ZC=F
2021-06-10,699,Corn,ZC=F
2021-06-11,684.5,Corn,ZC=F
2021-06-14,659.25,Corn,ZC=F
2021-06-15,667.5,Corn,ZC=F
2021-06-16,673,Corn,ZC=F
2021-06-17,633,Corn,ZC=F
2021-06-18,655.25,Corn,ZC=F
2021-06-21,659.25,Corn,ZC=F
2021-06-22,659.75,Corn,ZC=F
2021-06-23,664.25,Corn,ZC=F
2021-06-24,653.25,Corn,ZC=F
2021-06-25,636.5,Corn,ZC=F
2021-06-28,675.5,Corn,ZC=F
2021-06-29,694.5,Corn,ZC=F
2021-06-30,720,Corn,ZC=F
2021-07-01,719.75,Corn,ZC=F
2021-07-02,697.25,Corn,ZC=F
2021-07-06,656,Corn,ZC=F
2021-07-07,652.5,Corn,ZC=F
2021-07-08,638,Corn,ZC=F
2021-07-09,629.75,Corn,ZC=F
2021-07-12,669.25,Corn,ZC=F
2021-07-13,677,Corn,ZC=F
2021-07-14,683,Corn,ZC=F
2021-07-15,564.25,Corn,ZC=F
2021-07-16,556,Corn,ZC=F
2021-07-19,556,Corn,ZC=F
2021-07-20,571.75,Corn,ZC=F
2021-07-21,571.75,Corn,ZC=F
2021-07-22,564.5,Corn,ZC=F
2021-07-23,547.25,Corn,ZC=F
2021-07-26,549.75,Corn,ZC=F
2021-07-27,548.75,Corn,ZC=F
2021-07-28,549.25,Corn,ZC=F
2021-07-29,558,Corn,ZC=F
2021-07-30,547,Corn,ZC=F
2021-08-02,558.75,Corn,ZC=F
2021-08-03,550.5,Corn,ZC=F
2021-08-04,545.75,Corn,ZC=F
2021-08-05,555.75,Corn,ZC=F
2021-08-06,555,Corn,ZC=F
2021-08-09,550.25,Corn,ZC=F
2021-08-10,549.25,Corn,ZC=F
2021-08-11,556.25,Corn,ZC=F
2021-08-12,567,Corn,ZC=F
2021-08-13,568.25,Corn,ZC=F
2021-08-16,564.75,Corn,ZC=F
2021-08-17,558.25,Corn,ZC=F
2021-08-18,561.75,Corn,ZC=F
2021-08-19,550,Corn,ZC=F
2021-08-20,538.75,Corn,ZC=F
2021-08-23,538,Corn,ZC=F
2021-08-24,544.5,Corn,ZC=F
2021-08-25,551.25,Corn,ZC=F
2021-08-26,552.75,Corn,ZC=F
2021-08-27,558,Corn,ZC=F
2021-08-30,540.25,Corn,ZC=F
2021-08-31,534,Corn,ZC=F
2021-09-01,515.5,Corn,ZC=F
2021-09-02,516.25,Corn,ZC=F
2021-09-03,508,Corn,ZC=F
2021-09-07,495.75,Corn,ZC=F
2021-09-08,498.25,Corn,ZC=F
2021-09-09,496,Corn,ZC=F
2021-09-10,502.75,Corn,ZC=F
2021-09-13,496.75,Corn,ZC=F
2021-09-14,503,Corn,ZC=F
2021-09-15,533.5,Corn,ZC=F
2021-09-16,529.5,Corn,ZC=F
2021-09-17,527.25,Corn,ZC=F
2021-09-20,521.75,Corn,ZC=F
2021-09-21,517,Corn,ZC=F
2021-09-22,525.5,Corn,ZC=F
2021-09-23,529.25,Corn,ZC=F
2021-09-24,526.75,Corn,ZC=F
2021-09-27,539.5,Corn,ZC=F
2021-09-28,532.5,Corn,ZC=F
2021-09-29,539,Corn,ZC=F
2021-09-30,536.75,Corn,ZC=F
2021-10-01,541.5,Corn,ZC=F
2021-10-04,540.75,Corn,ZC=F
2021-10-05,537.5,Corn,ZC=F
2021-10-06,532.25,Corn,ZC=F
2021-10-07,534,Corn,ZC=F
2021-10-08,530.5,Corn,ZC=F
2021-10-11,533,Corn,ZC=F
2021-10-12,522.5,Corn,ZC=F
2021-10-13,512.25,Corn,ZC=F
2021-10-14,516.75,Corn,ZC=F
2021-10-15,525.75,Corn,ZC=F
2021-10-18,532.75,Corn,ZC=F
2021-10-19,530.25,Corn,ZC=F
2021-10-20,539.25,Corn,ZC=F
2021-10-21,532.25,Corn,ZC=F
2021-10-22,538,Corn,ZC=F
2021-10-25,538,Corn,ZC=F
2021-10-26,543.5,Corn,ZC=F
2021-10-27,557.25,Corn,ZC=F
2021-10-28,562.75,Corn,ZC=F
2021-10-29,568.25,Corn,ZC=F
2021-11-01,579,Corn,ZC=F
2021-11-02,573,Corn,ZC=F
2021-11-03,564,Corn,ZC=F
2021-11-04,559.25,Corn,ZC=F
2021-11-05,553,Corn,ZC=F
2021-11-08,551.5,Corn,ZC=F
2021-11-09,554.75,Corn,ZC=F
2021-11-10,569.25,Corn,ZC=F
2021-11-11,569.5,Corn,ZC=F
2021-11-12,577.25,Corn,ZC=F
2021-11-15,576.5,Corn,ZC=F
2021-11-16,571,Corn,ZC=F
2021-11-17,575.25,Corn,ZC=F
2021-11-18,573,Corn,ZC=F
2021-11-19,570.75,Corn,ZC=F
2021-11-22,576.75,Corn,ZC=F
2021-11-23,580.5,Corn,ZC=F
2021-11-24,579.75,Corn,ZC=F
2021-11-26,586.75,Corn,ZC=F
2021-11-29,581,Corn,ZC=F
2021-11-30,567,Corn,ZC=F
2021-12-01,572,Corn,ZC=F
2021-12-02,577,Corn,ZC=F
2021-12-03,586,Corn,ZC=F
2021-12-06,583.5,Corn,ZC=F
2021-12-07,586.25,Corn,ZC=F
2021-12-08,584.75,Corn,ZC=F
2021-12-09,588.5,Corn,ZC=F
2021-12-10,588.5,Corn,ZC=F
2021-12-13,584.25,Corn,ZC=F
2021-12-14,588.75,Corn,ZC=F
2021-12-15,585.75,Corn,ZC=F
2021-12-16,591.25,Corn,ZC=F
2021-12-17,593.25,Corn,ZC=F
2021-12-20,591,Corn,ZC=F
2021-12-21,598.25,Corn,ZC=F
2021-12-22,602.5,Corn,ZC=F
2021-12-23,605.75,Corn,ZC=F
2021-12-27,614.75,Corn,ZC=F
2021-12-28,604.75,Corn,ZC=F
2021-12-29,605.5,Corn,ZC=F
2021-12-30,596,Corn,ZC=F
2021-12-31,593.25,Corn,ZC=F
2022-01-03,589.25,Corn,ZC=F
2022-01-04,609.5,Corn,ZC=F
2022-01-05,602.25,Corn,ZC=F
2022-01-06,603.75,Corn,ZC=F
2022-01-07,606.75,Corn,ZC=F
2022-01-10,599.75,Corn,ZC=F
2022-01-11,601,Corn,ZC=F
2022-01-12,599,Corn,ZC=F
2022-01-13,587.5,Corn,ZC=F
2022-01-14,596.25,Corn,ZC=F
2022-01-18,599.5,Corn,ZC=F
2022-01-19,610.5,Corn,ZC=F
2022-01-20,611,Corn,ZC=F
2022-01-21,616.25,Corn,ZC=F
2022-01-24,621,Corn,ZC=F
2022-01-25,620,Corn,ZC=F
2022-01-26,627,Corn,ZC=F
2022-01-27,625.25,Corn,ZC=F
2022-01-28,636,Corn,ZC=F
2022-01-31,626,Corn,ZC=F
2022-02-01,634.75,Corn,ZC=F
2022-02-02,622.5,Corn,ZC=F
2022-02-03,616.75,Corn,ZC=F
2022-02-04,620.5,Corn,ZC=F
2022-02-07,635.25,Corn,ZC=F
2022-02-08,632.25,Corn,ZC=F
2022-02-09,646.75,Corn,ZC=F
2022-02-10,641.75,Corn,ZC=F
2022-02-11,651,Corn,ZC=F
2022-02-14,655.75,Corn,ZC=F
2022-02-15,638,Corn,ZC=F
2022-02-16,647,Corn,ZC=F
2022-02-17,650,Corn,ZC=F
2022-02-18,654.25,Corn,ZC=F
2022-02-22,674.75,Corn,ZC=F
2022-02-23,683.75,Corn,ZC=F
2022-02-24,695,Corn,ZC=F
2022-02-25,659.5,Corn,ZC=F
2022-02-28,697.5,Corn,ZC=F
2022-03-01,739.75,Corn,ZC=F
2022-03-02,739,Corn,ZC=F
2022-03-03,751.25,Corn,ZC=F
2022-03-04,756.5,Corn,ZC=F
2022-03-07,749.25,Corn,ZC=F
2022-03-08,754.5,Corn,ZC=F
2022-03-09,735,Corn,ZC=F
2022-03-10,757.75,Corn,ZC=F
2022-03-11,764.5,Corn,ZC=F
2022-03-14,728.25,Corn,ZC=F
2022-03-15,758,Corn,ZC=F
2022-03-16,730,Corn,ZC=F
2022-03-17,754.5,Corn,ZC=F
2022-03-18,741.75,Corn,ZC=F
2022-03-21,756.25,Corn,ZC=F
2022-03-22,753,Corn,ZC=F
2022-03-23,757.75,Corn,ZC=F
2022-03-24,748.25,Corn,ZC=F
2022-03-25,754,Corn,ZC=F
2022-03-28,748.5,Corn,ZC=F
2022-03-29,726.25,Corn,ZC=F
2022-03-30,738,Corn,ZC=F
2022-03-31,748.75,Corn,ZC=F
2022-04-01,735,Corn,ZC=F
2022-04-04,750.5,Corn,ZC=F
2022-04-05,759.75,Corn,ZC=F
2022-04-06,756.5,Corn,ZC=F
2022-04-07,757.75,Corn,ZC=F
2022-04-08,768.75,Corn,ZC=F
2022-04-11,764.5,Corn,ZC=F
2022-04-12,776.25,Corn,ZC=F
2022-04-13,783.5,Corn,ZC=F
2022-04-14,790.25,Corn,ZC=F
2022-04-18,813.25,Corn,ZC=F
2022-04-19,804,Corn,ZC=F
2022-04-20,815.75,Corn,ZC=F
2022-04-21,799.25,Corn,ZC=F
2022-04-22,793,Corn,ZC=F
2022-04-25,800.25,Corn,ZC=F
2022-04-26,803.25,Corn,ZC=F
2022-04-27,815.5,Corn,ZC=F
2022-04-28,816,Corn,ZC=F
2022-04-29,818.25,Corn,ZC=F
2022-05-02,813,Corn,ZC=F
2022-05-03,800.75,Corn,ZC=F
2022-05-04,798.5,Corn,ZC=F
2022-05-05,803.75,Corn,ZC=F
2022-05-06,792.25,Corn,ZC=F
2022-05-09,784.5,Corn,ZC=F
2022-05-10,786.5,Corn,ZC=F
2022-05-11,802.25,Corn,ZC=F
2022-05-12,813.5,Corn,ZC=F
2022-05-13,794.5,Corn,ZC=F
2022-05-16,809.5,Corn,ZC=F
2022-05-17,800.75,Corn,ZC=F
2022-05-18,781.5,Corn,ZC=F
2022-05-19,783.25,Corn,ZC=F
2022-05-20,778.75,Corn,ZC=F
2022-05-23,786.25,Corn,ZC=F
2022-05-24,771.75,Corn,ZC=F
2022-05-25,772.25,Corn,ZC=F
2022-05-26,765,Corn,ZC=F
2022-05-27,777.25,Corn,ZC=F
2022-05-31,753.5,Corn,ZC=F
2022-06-01,731.25,Corn,ZC=F
2022-06-02,730.25,Corn,ZC=F
2022-06-03,727,Corn,ZC=F
2022-06-06,742.5,Corn,ZC=F
2022-06-07,757,Corn,ZC=F
2022-06-08,764.5,Corn,ZC=F
2022-06-09,773,Corn,ZC=F
2022-06-10,773.25,Corn,ZC=F
2022-06-13,769.25,Corn,ZC=F
2022-06-14,768.25,Corn,ZC=F
2022-06-15,774,Corn,ZC=F
2022-06-16,788.25,Corn,ZC=F
2022-06-17,784.5,Corn,ZC=F
2022-06-21,760.75,Corn,ZC=F
2022-06-22,768,Corn,ZC=F
2022-06-23,746.75,Corn,ZC=F
2022-06-24,750.25,Corn,ZC=F
2022-06-27,744.25,Corn,ZC=F
2022-06-28,759.5,Corn,ZC=F
2022-06-29,770.25,Corn,ZC=F
2022-06-30,743.75,Corn,ZC=F
2022-07-01,754.5,Corn,ZC=F
2022-07-05,736,Corn,ZC=F
2022-07-06,744.25,Corn,ZC=F
2022-07-07,747,Corn,ZC=F
2022-07-08,778.25,Corn,ZC=F
2022-07-11,781.25,Corn,ZC=F
2022-07-12,732.75,Corn,ZC=F
2022-07-13,740,Corn,ZC=F
2022-07-14,695,Corn,ZC=F
2022-07-15,604.25,Corn,ZC=F
2022-07-18,612.25,Corn,ZC=F
2022-07-19,596.75,Corn,ZC=F
2022-07-20,592.25,Corn,ZC=F
2022-07-21,575.75,Corn,ZC=F
2022-07-22,564.25,Corn,ZC=F
2022-07-25,580,Corn,ZC=F
2022-07-26,597,Corn,ZC=F
2022-07-27,600.25,Corn,ZC=F
2022-07-28,615,Corn,ZC=F
2022-07-29,616.25,Corn,ZC=F
2022-08-01,607,Corn,ZC=F
2022-08-02,591.25,Corn,ZC=F
2022-08-03,591.5,Corn,ZC=F
2022-08-04,602.25,Corn,ZC=F
2022-08-05,610.25,Corn,ZC=F
2022-08-08,608.5,Corn,ZC=F
2022-08-09,615.5,Corn,ZC=F
2022-08-10,621.25,Corn,ZC=F
2022-08-11,629.25,Corn,ZC=F
2022-08-12,639.75,Corn,ZC=F
2022-08-15,626.75,Corn,ZC=F
2022-08-16,611,Corn,ZC=F
2022-08-17,615,Corn,ZC=F
2022-08-18,619.75,Corn,ZC=F
2022-08-19,626,Corn,ZC=F
2022-08-22,633.5,Corn,ZC=F
2022-08-23,660,Corn,ZC=F
2022-08-24,665.75,Corn,ZC=F
2022-08-25,657.5,Corn,ZC=F
2022-08-26,668.75,Corn,ZC=F
2022-08-29,683.75,Corn,ZC=F
2022-08-30,679.75,Corn,ZC=F
2022-08-31,673.75,Corn,ZC=F
2022-09-01,658.25,Corn,ZC=F
2022-09-02,669,Corn,ZC=F
2022-09-06,680.75,Corn,ZC=F
2022-09-07,676.75,Corn,ZC=F
2022-09-08,674.5,Corn,ZC=F
2022-09-09,698.5,Corn,ZC=F
2022-09-12,712.25,Corn,ZC=F
2022-09-13,709,Corn,ZC=F
2022-09-14,709,Corn,ZC=F
2022-09-15,677.5,Corn,ZC=F
2022-09-16,677.25,Corn,ZC=F
2022-09-19,678.25,Corn,ZC=F
2022-09-20,692,Corn,ZC=F
2022-09-21,685.5,Corn,ZC=F
2022-09-22,688.25,Corn,ZC=F
2022-09-23,676.75,Corn,ZC=F
2022-09-26,666.25,Corn,ZC=F
2022-09-27,667.5,Corn,ZC=F
2022-09-28,670.5,Corn,ZC=F
2022-09-29,669.5,Corn,ZC=F
2022-09-30,677.5,Corn,ZC=F
2022-10-03,680.75,Corn,ZC=F
2022-10-04,683,Corn,ZC=F
2022-10-05,684,Corn,ZC=F
2022-10-06,675.5,Corn,ZC=F
2022-10-07,683.25,Corn,ZC=F
2022-10-10,698.25,Corn,ZC=F
2022-10-11,693,Corn,ZC=F
2022-10-12,693,Corn,ZC=F
2022-10-13,697.75,Corn,ZC=F
2022-10-14,689.75,Corn,ZC=F
2022-10-17,683.5,Corn,ZC=F
2022-10-18,681,Corn,ZC=F
2022-10-19,678.25,Corn,ZC=F
2022-10-20,684,Corn,ZC=F
2022-10-21,684.25,Corn,ZC=F
2022-10-24,681.5,Corn,ZC=F
2022-10-25,686.25,Corn,ZC=F
2022-10-26,685,Corn,ZC=F
2022-10-27,682.25,Corn,ZC=F
2022-10-28,680.75,Corn,ZC=F
2022-10-31,691.5,Corn,ZC=F
2022-11-01,697.75,Corn,ZC=F
2022-11-02,687.5,Corn,ZC=F
2022-11-03,679.25,Corn,ZC=F
2022-11-04,681,Corn,ZC=F
2022-11-07,675.75,Corn,ZC=F
2022-11-08,667.5,Corn,ZC=F
2022-11-09,664.5,Corn,ZC=F
2022-11-10,653.25,Corn,ZC=F
2022-11-11,658,Corn,ZC=F
2022-11-14,657.25,Corn,ZC=F
2022-11-15,666.75,Corn,ZC=F
2022-11-16,665.25,Corn,ZC=F
2022-11-17,667.5,Corn,ZC=F
2022-11-18,667.75,Corn,ZC=F
2022-11-21,659.5,Corn,ZC=F
2022-11-22,656.75,Corn,ZC=F
2022-11-23,663.25,Corn,ZC=F
2022-11-25,668,Corn,ZC=F
2022-11-28,668.75,Corn,ZC=F
2022-11-29,665.75,Corn,ZC=F
2022-11-30,662,Corn,ZC=F
2022-12-01,650,Corn,ZC=F
2022-12-02,635,Corn,ZC=F
2022-12-05,628.75,Corn,ZC=F
2022-12-06,625.5,Corn,ZC=F
2022-12-07,627.75,Corn,ZC=F
2022-12-08,632,Corn,ZC=F
2022-12-09,634.75,Corn,ZC=F
2022-12-12,641.25,Corn,ZC=F
2022-12-13,643.75,Corn,ZC=F
2022-12-14,639,Corn,ZC=F
2022-12-15,653.5,Corn,ZC=F
2022-12-16,653,Corn,ZC=F
2022-12-19,647.25,Corn,ZC=F
2022-12-20,652,Corn,ZC=F
2022-12-21,662.25,Corn,ZC=F
2022-12-22,660.5,Corn,ZC=F
2022-12-23,666.25,Corn,ZC=F
2022-12-27,674.75,Corn,ZC=F
2022-12-28,682.75,Corn,ZC=F
2022-12-29,679.5,Corn,ZC=F
2022-12-30,678.5,Corn,ZC=F
2023-01-03,670.5,Corn,ZC=F
2023-01-04,653.75,Corn,ZC=F
2023-01-05,652.75,Corn,ZC=F
2023-01-06,654,Corn,ZC=F
2023-01-09,652.75,Corn,ZC=F
2023-01-10,655,Corn,ZC=F
2023-01-11,656,Corn,ZC=F
2023-01-12,671,Corn,ZC=F
2023-01-13,675,Corn,ZC=F
2023-01-17,685.25,Corn,ZC=F
2023-01-18,681.25,Corn,ZC=F
2023-01-19,677.25,Corn,ZC=F
2023-01-20,676.25,Corn,ZC=F
2023-01-23,666.25,Corn,ZC=F
2023-01-24,677,Corn,ZC=F
2023-01-25,674.75,Corn,ZC=F
2023-01-26,682.5,Corn,ZC=F
2023-01-27,683,Corn,ZC=F
2023-01-30,683.75,Corn,ZC=F
2023-01-31,679.75,Corn,ZC=F
2023-02-01,681,Corn,ZC=F
2023-02-02,675.25,Corn,ZC=F
2023-02-03,677.5,Corn,ZC=F
2023-02-06,679,Corn,ZC=F
2023-02-07,674,Corn,ZC=F
2023-02-08,678.5,Corn,ZC=F
2023-02-09,670.75,Corn,ZC=F
2023-02-10,680.5,Corn,ZC=F
2023-02-13,685,Corn,ZC=F
2023-02-14,682.25,Corn,ZC=F
2023-02-15,676.25,Corn,ZC=F
2023-02-16,676,Corn,ZC=F
2023-02-17,677.75,Corn,ZC=F
2023-02-21,680.5,Corn,ZC=F
2023-02-22,674,Corn,ZC=F
2023-02-23,660.25,Corn,ZC=F
2023-02-24,650,Corn,ZC=F
2023-02-27,642.75,Corn,ZC=F
2023-02-28,629.5,Corn,ZC=F
2023-03-01,640.5,Corn,ZC=F
2023-03-02,637.75,Corn,ZC=F
2023-03-03,645.25,Corn,ZC=F
2023-03-06,644.5,Corn,ZC=F
2023-03-07,642,Corn,ZC=F
2023-03-08,634.5,Corn,ZC=F
2023-03-09,618.5,Corn,ZC=F
2023-03-10,624.25,Corn,ZC=F
2023-03-13,624.5,Corn,ZC=F
2023-03-14,627.5,Corn,ZC=F
2023-03-15,626.5,Corn,ZC=F
2023-03-16,632.75,Corn,ZC=F
2023-03-17,634.25,Corn,ZC=F
2023-03-20,633,Corn,ZC=F
2023-03-21,630,Corn,ZC=F
2023-03-22,633.5,Corn,ZC=F
2023-03-23,631.75,Corn,ZC=F
2023-03-24,643,Corn,ZC=F
2023-03-27,648.25,Corn,ZC=F
2023-03-28,647.25,Corn,ZC=F
2023-03-29,650.5,Corn,ZC=F
2023-03-30,649.5,Corn,ZC=F
2023-03-31,660.5,Corn,ZC=F
2023-04-03,657.75,Corn,ZC=F
2023-04-04,653.75,Corn,ZC=F
2023-04-05,652.75,Corn,ZC=F
2023-04-06,643.5,Corn,ZC=F
2023-04-10,654,Corn,ZC=F
2023-04-11,651,Corn,ZC=F
2023-04-12,656,Corn,ZC=F
2023-04-13,652.25,Corn,ZC=F
2023-04-14,666.25,Corn,ZC=F
2023-04-17,676.5,Corn,ZC=F
2023-04-18,677.5,Corn,ZC=F
2023-04-19,672.25,Corn,ZC=F
2023-04-20,663.75,Corn,ZC=F
2023-04-21,663.25,Corn,ZC=F
2023-04-24,651.25,Corn,ZC=F
2023-04-25,646.5,Corn,ZC=F
2023-04-26,641.5,Corn,ZC=F
2023-04-27,627,Corn,ZC=F
2023-04-28,636,Corn,ZC=F
2023-05-01,639.5,Corn,ZC=F
2023-05-02,638,Corn,ZC=F
2023-05-03,645.25,Corn,ZC=F
2023-05-04,646.5,Corn,ZC=F
2023-05-05,653.25,Corn,ZC=F
2023-05-08,656.5,Corn,ZC=F
2023-05-09,642.25,Corn,ZC=F
2023-05-10,645.5,Corn,ZC=F
2023-05-11,632.5,Corn,ZC=F
2023-05-12,633.25,Corn,ZC=F
2023-05-15,592.5,Corn,ZC=F
2023-05-16,581.25,Corn,ZC=F
2023-05-17,561.5,Corn,ZC=F
2023-05-18,555.25,Corn,ZC=F
2023-05-19,554.5,Corn,ZC=F
2023-05-22,571,Corn,ZC=F
2023-05-23,577.5,Corn,ZC=F
2023-05-24,587.25,Corn,ZC=F
2023-05-25,590.75,Corn,ZC=F
2023-05-26,604,Corn,ZC=F
2023-05-30,594,Corn,ZC=F
2023-05-31,594,Corn,ZC=F
2023-06-01,592.5,Corn,ZC=F
2023-06-02,609,Corn,ZC=F
2023-06-05,597.5,Corn,ZC=F
2023-06-06,608,Corn,ZC=F
2023-06-07,604.25,Corn,ZC=F
2023-06-08,610.25,Corn,ZC=F
2023-06-09,604.25,Corn,ZC=F
2023-06-12,617.25,Corn,ZC=F
2023-06-13,612.5,Corn,ZC=F
2023-06-14,607.75,Corn,ZC=F
2023-06-15,623.25,Corn,ZC=F
2023-06-16,640.25,Corn,ZC=F
2023-06-20,643.75,Corn,ZC=F
2023-06-21,671,Corn,ZC=F
2023-06-22,660.5,Corn,ZC=F
2023-06-23,630.75,Corn,ZC=F
2023-06-26,637.25,Corn,ZC=F
2023-06-27,623,Corn,ZC=F
2023-06-28,590,Corn,ZC=F
2023-06-29,581,Corn,ZC=F
2023-06-30,554.5,Corn,ZC=F
2023-07-03,557.25,Corn,ZC=F
2023-07-05,548.25,Corn,ZC=F
2023-07-06,566.75,Corn,ZC=F
2023-07-07,560.5,Corn,ZC=F
2023-07-10,570.75,Corn,ZC=F
2023-07-11,571.75,Corn,ZC=F
2023-07-12,549.75,Corn,ZC=F
2023-07-13,593.5,Corn,ZC=F
2023-07-14,599.75,Corn,ZC=F
2023-07-17,499.25,Corn,ZC=F
2023-07-18,528.75,Corn,ZC=F
2023-07-19,545.5,Corn,ZC=F
2023-07-20,537.25,Corn,ZC=F
2023-07-21,527,Corn,ZC=F
2023-07-24,560.5,Corn,ZC=F
2023-07-25,557.5,Corn,ZC=F
2023-07-26,540.25,Corn,ZC=F
2023-07-27,533.25,Corn,ZC=F
2023-07-28,521,Corn,ZC=F
2023-07-31,504,Corn,ZC=F
2023-08-01,497,Corn,ZC=F
2023-08-02,488.25,Corn,ZC=F
2023-08-03,480.75,Corn,ZC=F
2023-08-04,484.25,Corn,ZC=F
2023-08-07,482.25,Corn,ZC=F
2023-08-08,485.75,Corn,ZC=F
2023-08-09,481,Corn,ZC=F
2023-08-10,483.25,Corn,ZC=F
2023-08-11,474.5,Corn,ZC=F
2023-08-14,475.75,Corn,ZC=F
2023-08-15,464,Corn,ZC=F
2023-08-16,469.5,Corn,ZC=F
2023-08-17,473,Corn,ZC=F
2023-08-18,479.5,Corn,ZC=F
2023-08-21,469.25,Corn,ZC=F
2023-08-22,466.5,Corn,ZC=F
2023-08-23,476.25,Corn,ZC=F
2023-08-24,472.25,Corn,ZC=F
2023-08-25,470.75,Corn,ZC=F
2023-08-28,478.5,Corn,ZC=F
2023-08-29,469.5,Corn,ZC=F
2023-08-30,461.75,Corn,ZC=F
2023-08-31,461,Corn,ZC=F
2023-09-01,464.75,Corn,ZC=F
2023-09-05,471,Corn,ZC=F
2023-09-06,471.5,Corn,ZC=F
2023-09-07,470.75,Corn,ZC=F
2023-09-08,468.5,Corn,ZC=F
2023-09-11,471.25,Corn,ZC=F
2023-09-12,463.25,Corn,ZC=F
2023-09-13,464,Corn,ZC=F
2023-09-14,462.5,Corn,ZC=F
2023-09-15,476.25,Corn,ZC=F
2023-09-18,471.5,Corn,ZC=F
2023-09-19,476.25,Corn,ZC=F
2023-09-20,482.25,Corn,ZC=F
2023-09-21,475.25,Corn,ZC=F
2023-09-22,477.25,Corn,ZC=F
2023-09-25,481.25,Corn,ZC=F
2023-09-26,479.75,Corn,ZC=F
2023-09-27,483.25,Corn,ZC=F
2023-09-28,488.5,Corn,ZC=F
2023-09-29,476.75,Corn,ZC=F
2023-10-02,488.75,Corn,ZC=F
2023-10-03,487.5,Corn,ZC=F
2023-10-04,486,Corn,ZC=F
2023-10-05,497.5,Corn,ZC=F
2023-10-06,492,Corn,ZC=F
2023-10-09,488.25,Corn,ZC=F
2023-10-10,485.5,Corn,ZC=F
2023-10-11,488,Corn,ZC=F
2023-10-12,496,Corn,ZC=F
2023-10-13,493.25,Corn,ZC=F
2023-10-16,490,Corn,ZC=F
2023-10-17,489,Corn,ZC=F
2023-10-18,492,Corn,ZC=F
2023-10-19,505,Corn,ZC=F
2023-10-20,495.5,Corn,ZC=F
2023-10-23,490.25,Corn,ZC=F
2023-10-24,484,Corn,ZC=F
2023-10-25,480,Corn,ZC=F
2023-10-26,479.25,Corn,ZC=F
2023-10-27,480.75,Corn,ZC=F
2023-10-30,478.25,Corn,ZC=F
2023-10-31,478.75,Corn,ZC=F
2023-11-01,475,Corn,ZC=F
2023-11-02,470,Corn,ZC=F
2023-11-03,477.25,Corn,ZC=F
2023-11-06,477.25,Corn,ZC=F
2023-11-07,468.5,Corn,ZC=F
2023-11-08,476,Corn,ZC=F
2023-11-09,468,Corn,ZC=F
2023-11-10,464,Corn,ZC=F
2023-11-13,477.25,Corn,ZC=F
2023-11-14,478.25,Corn,ZC=F
2023-11-15,470.75,Corn,ZC=F
2023-11-16,474.75,Corn,ZC=F
2023-11-17,467,Corn,ZC=F
2023-11-20,469.5,Corn,ZC=F
2023-11-21,470,Corn,ZC=F
2023-11-22,468.75,Corn,ZC=F
2023-11-24,463.25,Corn,ZC=F
2023-11-27,455.5,Corn,ZC=F
2023-11-28,451.5,Corn,ZC=F
2023-11-29,449.75,Corn,ZC=F
2023-11-30,461.75,Corn,ZC=F
2023-12-01,464.5,Corn,ZC=F
2023-12-04,460.25,Corn,ZC=F
2023-12-05,468.5,Corn,ZC=F
2023-12-06,464.75,Corn,ZC=F
2023-12-07,468.25,Corn,ZC=F
2023-12-08,465.75,Corn,ZC=F
2023-12-11,460.5,Corn,ZC=F
2023-12-12,462.5,Corn,ZC=F
2023-12-13,456.75,Corn,ZC=F
2023-12-14,456.75,Corn,ZC=F
2023-12-15,483,Corn,ZC=F
2023-12-18,477,Corn,ZC=F
2023-12-19,472.75,Corn,ZC=F
2023-12-20,469.75,Corn,ZC=F
2023-12-21,472.5,Corn,ZC=F
2023-12-22,473,Corn,ZC=F
2023-12-26,480.25,Corn,ZC=F
2023-12-27,476.5,Corn,ZC=F
2023-12-28,474.25,Corn,ZC=F
2023-12-29,471.25,Corn,ZC=F
2024-01-02,463.75,Corn,ZC=F
2024-01-03,465.25,Corn,ZC=F
2024-01-04,466.5,Corn,ZC=F
2024-01-05,460.75,Corn,ZC=F
2024-01-08,455,Corn,ZC=F
2024-01-09,459.25,Corn,ZC=F
2024-01-10,459.5,Corn,ZC=F
2024-01-11,457.75,Corn,ZC=F
2024-01-12,447,Corn,ZC=F
2024-01-16,443.5,Corn,ZC=F
2024-01-17,442.25,Corn,ZC=F
2024-01-18,444,Corn,ZC=F
2024-01-19,445.5,Corn,ZC=F
2024-01-22,445.75,Corn,ZC=F
2024-01-23,446.5,Corn,ZC=F
2024-01-24,452.25,Corn,ZC=F
2024-01-25,451.75,Corn,ZC=F
2024-01-26,446.25,Corn,ZC=F
2024-01-29,440.25,Corn,ZC=F
2024-01-30,447.75,Corn,ZC=F
2024-01-31,448.25,Corn,ZC=F
2024-02-01,447.25,Corn,ZC=F
2024-02-02,442.75,Corn,ZC=F
2024-02-05,442.75,Corn,ZC=F
2024-02-06,438.75,Corn,ZC=F
2024-02-07,434.25,Corn,ZC=F
2024-02-08,433.25,Corn,ZC=F
2024-02-09,429,Corn,ZC=F
2024-02-12,430.5,Corn,ZC=F
2024-02-13,430.75,Corn,ZC=F
2024-02-14,424.25,Corn,ZC=F
2024-02-15,417.75,Corn,ZC=F
2024-02-16,416.5,Corn,ZC=F
2024-02-20,418.75,Corn,ZC=F
2024-02-21,411,Corn,ZC=F
2024-02-22,406,Corn,ZC=F
2024-02-23,399.75,Corn,ZC=F
2024-02-26,407,Corn,ZC=F
2024-02-27,408.25,Corn,ZC=F
2024-02-28,413.25,Corn,ZC=F
2024-02-29,415.75,Corn,ZC=F
2024-03-01,412.25,Corn,ZC=F
2024-03-04,417.5,Corn,ZC=F
2024-03-05,413.5,Corn,ZC=F
2024-03-06,418,Corn,ZC=F
2024-03-07,426,Corn,ZC=F
2024-03-08,426.25,Corn,ZC=F
2024-03-11,428.25,Corn,ZC=F
2024-03-12,429,Corn,ZC=F
2024-03-13,426.5,Corn,ZC=F
2024-03-14,422.5,Corn,ZC=F
2024-03-15,436.75,Corn,ZC=F
2024-03-18,436,Corn,ZC=F
2024-03-19,439.5,Corn,ZC=F
2024-03-20,439,Corn,ZC=F
2024-03-21,440.75,Corn,ZC=F
2024-03-22,439.25,Corn,ZC=F
2024-03-25,437.75,Corn,ZC=F
2024-03-26,432.5,Corn,ZC=F
2024-03-27,426.75,Corn,ZC=F
2024-03-28,442,Corn,ZC=F
2024-04-01,435.5,Corn,ZC=F
2024-04-02,426.5,Corn,ZC=F
2024-04-03,431.75,Corn,ZC=F
2024-04-04,435.25,Corn,ZC=F
2024-04-05,434.25,Corn,ZC=F
2024-04-08,435.5,Corn,ZC=F
2024-04-09,431.25,Corn,ZC=F
2024-04-10,434.25,Corn,ZC=F
2024-04-11,428.75,Corn,ZC=F
2024-04-12,435.5,Corn,ZC=F
2024-04-15,431.5,Corn,ZC=F
2024-04-16,431,Corn,ZC=F
2024-04-17,430.25,Corn,ZC=F
2024-04-18,426.75,Corn,ZC=F
2024-04-19,433.5,Corn,ZC=F
2024-04-22,439.75,Corn,ZC=F
2024-04-23,443,Corn,ZC=F
2024-04-24,437.75,Corn,ZC=F
2024-04-25,441,Corn,ZC=F
2024-04-26,440,Corn,ZC=F
2024-04-29,439.25,Corn,ZC=F
2024-04-30,439.5,Corn,ZC=F
2024-05-01,443.25,Corn,ZC=F
2024-05-02,452,Corn,ZC=F
2024-05-03,447,Corn,ZC=F
2024-05-06,457,Corn,ZC=F
2024-05-07,453.75,Corn,ZC=F
2024-05-08,445.5,Corn,ZC=F
2024-05-09,442.75,Corn,ZC=F
2024-05-10,455.75,Corn,ZC=F
2024-05-13,458.5,Corn,ZC=F
2024-05-14,453.75,Corn,ZC=F
2024-05-15,462.5,Corn,ZC=F
2024-05-16,457,Corn,ZC=F
2024-05-17,452.5,Corn,ZC=F
2024-05-20,460.5,Corn,ZC=F
2024-05-21,458,Corn,ZC=F
2024-05-22,461.25,Corn,ZC=F
2024-05-23,464,Corn,ZC=F
2024-05-24,464.75,Corn,ZC=F
2024-05-28,462.5,Corn,ZC=F
2024-05-29,455.25,Corn,ZC=F
2024-05-30,448.75,Corn,ZC=F
2024-05-31,446.25,Corn,ZC=F
2024-06-03,443.5,Corn,ZC=F
2024-06-04,442.5,Corn,ZC=F
2024-06-05,439.25,Corn,ZC=F
2024-06-06,452,Corn,ZC=F
2024-06-07,448.75,Corn,ZC=F
2024-06-10,451.75,Corn,ZC=F
2024-06-11,449.5,Corn,ZC=F
2024-06-12,454.25,Corn,ZC=F
2024-06-13,458.5,Corn,ZC=F
2024-06-14,450,Corn,ZC=F
2024-06-17,443.75,Corn,ZC=F
2024-06-18,450,Corn,ZC=F
2024-06-20,439.75,Corn,ZC=F
2024-06-21,435,Corn,ZC=F
2024-06-24,433.5,Corn,ZC=F
2024-06-25,425.5,Corn,ZC=F
2024-06-26,420,Corn,ZC=F
2024-06-27,413.75,Corn,ZC=F
2024-06-28,397.25,Corn,ZC=F
2024-07-01,398.25,Corn,ZC=F
2024-07-02,402,Corn,ZC=F
2024-07-03,403.5,Corn,ZC=F
2024-07-05,411.25,Corn,ZC=F
2024-07-08,395.75,Corn,ZC=F
2024-07-09,400.25,Corn,ZC=F
2024-07-10,403.25,Corn,ZC=F
2024-07-11,406.75,Corn,ZC=F
2024-07-12,400,Corn,ZC=F
2024-07-15,390.5,Corn,ZC=F
2024-07-16,395.75,Corn,ZC=F
2024-07-17,398,Corn,ZC=F
2024-07-18,391.25,Corn,ZC=F
2024-07-19,390.5,Corn,ZC=F
2024-07-22,400.25,Corn,ZC=F
2024-07-23,402.5,Corn,ZC=F
2024-07-24,403.75,Corn,ZC=F
2024-07-25,406,Corn,ZC=F
2024-07-26,394.5,Corn,ZC=F
2024-07-29,396.25,Corn,ZC=F
2024-07-30,388.75,Corn,ZC=F
2024-07-31,382.75,Corn,ZC=F
2024-08-01,382,Corn,ZC=F
2024-08-02,386.5,Corn,ZC=F
2024-08-05,390.75,Corn,ZC=F
2024-08-06,388.75,Corn,ZC=F
2024-08-07,383.25,Corn,ZC=F
2024-08-08,379.25,Corn,ZC=F
2024-08-09,376.75,Corn,ZC=F
2024-08-12,383.25,Corn,ZC=F
2024-08-13,377.75,Corn,ZC=F
2024-08-14,381,Corn,ZC=F
2024-08-15,375,Corn,ZC=F
2024-08-16,370.5,Corn,ZC=F
2024-08-19,378,Corn,ZC=F
2024-08-20,375,Corn,ZC=F
2024-08-21,375.5,Corn,ZC=F
2024-08-22,371.5,Corn,ZC=F
2024-08-23,367.75,Corn,ZC=F
2024-08-26,362,Corn,ZC=F
2024-08-27,367.25,Corn,ZC=F
2024-08-28,365.25,Corn,ZC=F
2024-08-29,371.75,Corn,ZC=F
2024-08-30,378,Corn,ZC=F
2024-09-03,386.5,Corn,ZC=F
2024-09-04,390.5,Corn,ZC=F
2024-09-05,390,Corn,ZC=F
2024-09-06,383.75,Corn,ZC=F
2024-09-09,384.25,Corn,ZC=F
2024-09-10,379.5,Corn,ZC=F
2024-09-11,380.5,Corn,ZC=F
2024-09-12,386.25,Corn,ZC=F
2024-09-13,390.75,Corn,ZC=F
2024-09-16,410.75,Corn,ZC=F
2024-09-17,412.5,Corn,ZC=F
2024-09-18,412.75,Corn,ZC=F
2024-09-19,405.75,Corn,ZC=F
2024-09-20,401.75,Corn,ZC=F
2024-09-23,413.5,Corn,ZC=F
2024-09-24,411.75,Corn,ZC=F
2024-09-25,415.25,Corn,ZC=F
2024-09-26,413.25,Corn,ZC=F
2024-09-27,418,Corn,ZC=F
2024-09-30,424.75,Corn,ZC=F
2024-10-01,429,Corn,ZC=F
2024-10-02,432.5,Corn,ZC=F
2024-10-03,428.25,Corn,ZC=F
2024-10-04,424.75,Corn,ZC=F
2024-10-07,426,Corn,ZC=F
2024-10-08,420.75,Corn,ZC=F
2024-10-09,421,Corn,ZC=F
2024-10-10,418.5,Corn,ZC=F
2024-10-11,415.75,Corn,ZC=F
2024-10-14,408.25,Corn,ZC=F
2024-10-15,401.25,Corn,ZC=F
2024-10-16,404.75,Corn,ZC=F
2024-10-17,406.75,Corn,ZC=F
2024-10-18,404.75,Corn,ZC=F
2024-10-21,409.5,Corn,ZC=F
2024-10-22,416.5,Corn,ZC=F
2024-10-23,419,Corn,ZC=F
2024-10-24,421.5,Corn,ZC=F
2024-10-25,415.25,Corn,ZC=F
2024-10-28,410.75,Corn,ZC=F
2024-10-29,413.75,Corn,ZC=F
2024-10-30,411.5,Corn,ZC=F
2024-10-31,410.75,Corn,ZC=F
2024-11-01,414.5,Corn,ZC=F
2024-11-04,416.5,Corn,ZC=F
2024-11-05,418.5,Corn,ZC=F
2024-11-06,426.25,Corn,ZC=F
2024-11-07,427.5,Corn,ZC=F
2024-11-08,431,Corn,ZC=F
2024-11-11,430,Corn,ZC=F
2024-11-12,428.5,Corn,ZC=F
2024-11-13,426.5,Corn,ZC=F
2024-11-14,419,Corn,ZC=F
2024-11-15,424,Corn,ZC=F
2024-11-18,429.25,Corn,ZC=F
2024-11-19,427.25,Corn,ZC=F
2024-11-20,430.25,Corn,ZC=F
2024-11-21,426.75,Corn,ZC=F
2024-11-22,425.5,Corn,ZC=F
2024-11-25,424.75,Corn,ZC=F
2024-11-26,420,Corn,ZC=F
2024-11-27,415.75,Corn,ZC=F
2024-11-29,423,Corn,ZC=F
2024-12-02,424.5,Corn,ZC=F
2024-12-03,423.25,Corn,ZC=F
2024-12-04,422,Corn,ZC=F
2024-12-05,426.5,Corn,ZC=F
2024-12-06,430.75,Corn,ZC=F
2024-12-09,434,Corn,ZC=F
2024-12-10,440.5,Corn,ZC=F
2024-12-11,438,Corn,ZC=F
2024-12-12,431.75,Corn,ZC=F
2024-12-13,430,Corn,ZC=F
2024-12-16,445,Corn,ZC=F
2024-12-17,443.5,Corn,ZC=F
2024-12-18,437.25,Corn,ZC=F
2024-12-19,440.75,Corn,ZC=F
2024-12-20,446.25,Corn,ZC=F
2024-12-23,447.75,Corn,ZC=F
2024-12-24,448.5,Corn,ZC=F
2024-12-26,453.75,Corn,ZC=F
2024-12-27,454,Corn,ZC=F
2024-12-30,452.25,Corn,ZC=F
2024-12-31,458.5,Corn,ZC=F
2025-01-02,459.5,Corn,ZC=F
2025-01-03,450.75,Corn,ZC=F
2025-01-06,457.75,Corn,ZC=F
2025-01-07,458,Corn,ZC=F
2025-01-08,454,Corn,ZC=F
2025-01-09,456,Corn,ZC=F
2025-01-10,470.5,Corn,ZC=F
2025-01-13,476.5,Corn,ZC=F
2025-01-14,474.5,Corn,ZC=F
2025-01-15,478.75,Corn,ZC=F
2025-01-16,474.5,Corn,ZC=F
2025-01-17,484.25,Corn,ZC=F
2025-01-21,490,Corn,ZC=F
2025-01-22,484.25,Corn,ZC=F
2025-01-23,489.75,Corn,ZC=F
2025-01-24,486.5,Corn,ZC=F
2025-01-27,482,Corn,ZC=F
2025-01-28,485.25,Corn,ZC=F
2025-01-29,497,Corn,ZC=F
2025-01-30,490.25,Corn,ZC=F
2025-01-31,482,Corn,ZC=F
2025-02-03,488.75,Corn,ZC=F
2025-02-04,494.5,Corn,ZC=F
2025-02-05,493.25,Corn,ZC=F
2025-02-06,495.25,Corn,ZC=F
2025-02-07,487.5,Corn,ZC=F
2025-02-10,491.5,Corn,ZC=F
2025-02-11,484,Corn,ZC=F
2025-02-12,490.25,Corn,ZC=F
2025-02-13,493.5,Corn,ZC=F
2025-02-14,496.25,Corn,ZC=F
2025-02-18,502,Corn,ZC=F
2025-02-19,497.5,Corn,ZC=F
2025-02-20,498,Corn,ZC=F
2025-02-21,491.25,Corn,ZC=F
2025-02-24,482.5,Corn,ZC=F
2025-02-25,479.75,Corn,ZC=F
2025-02-26,478.25,Corn,ZC=F
2025-02-27,464.75,Corn,ZC=F
2025-02-28,453.5,Corn,ZC=F
2025-03-03,440.25,Corn,ZC=F
2025-03-04,436,Corn,ZC=F
2025-03-05,440.25,Corn,ZC=F
2025-03-06,449.5,Corn,ZC=F
2025-03-07,455.25,Corn,ZC=F
2025-03-10,458.75,Corn,ZC=F
2025-03-11,456.5,Corn,ZC=F
2025-03-12,448.75,Corn,ZC=F
2025-03-13,453.5,Corn,ZC=F
2025-03-14,445.5,Corn,ZC=F
2025-03-17,461,Corn,ZC=F
2025-03-18,458.75,Corn,ZC=F
2025-03-19,462,Corn,ZC=F
2025-03-20,469,Corn,ZC=F
2025-03-21,464.25,Corn,ZC=F
2025-03-24,464.5,Corn,ZC=F
2025-03-25,457.75,Corn,ZC=F
2025-03-26,451.25,Corn,ZC=F
2025-03-27,450,Corn,ZC=F
2025-03-28,453.25,Corn,ZC=F
2025-03-31,457.25,Corn,ZC=F
2025-04-01,461.75,Corn,ZC=F
2025-04-02,457.75,Corn,ZC=F
2025-04-03,457.5,Corn,ZC=F
2025-04-04,460.25,Corn,ZC=F
2025-04-07,464.5,Corn,ZC=F
2025-04-08,469,Corn,ZC=F
2025-04-09,474,Corn,ZC=F
2025-04-10,483,Corn,ZC=F
2025-04-11,490.25,Corn,ZC=F
2025-04-14,485,Corn,ZC=F
2025-04-15,481.25,Corn,ZC=F
2025-04-16,484.25,Corn,ZC=F
2025-04-17,482.25,Corn,ZC=F
2025-04-21,481.75,Corn,ZC=F
2025-04-22,475.75,Corn,ZC=F
2025-04-23,472,Corn,ZC=F
2025-04-24,477.25,Corn,ZC=F
2025-04-25,478.75,Corn,ZC=F
2025-04-28,475.5,Corn,ZC=F
2025-04-29,460.5,Corn,ZC=F
2025-04-30,467.25,Corn,ZC=F
2025-05-01,464.25,Corn,ZC=F
2025-05-02,461.25,Corn,ZC=F
2025-05-05,446.5,Corn,ZC=F
2025-05-06,447.5,Corn,ZC=F
2025-05-07,441,Corn,ZC=F
2025-05-08,439,Corn,ZC=F
2025-05-09,441.5,Corn,ZC=F
2025-05-12,440.25,Corn,ZC=F
2025-05-13,436,Corn,ZC=F
2025-05-14,438.5,Corn,ZC=F
2025-05-15,448.5,Corn,ZC=F
2025-05-16,443.5,Corn,ZC=F
2025-05-19,447.5,Corn,ZC=F
2025-05-20,454.5,Corn,ZC=F
2025-05-21,461,Corn,ZC=F
2025-05-22,463,Corn,ZC=F
2025-05-23,459.5,Corn,ZC=F
2025-05-27,459.5,Corn,ZC=F
2025-05-28,451,Corn,ZC=F
2025-05-29,447,Corn,ZC=F
2025-05-30,444,Corn,ZC=F
2025-06-02,438.25,Corn,ZC=F
2025-06-03,438.5,Corn,ZC=F
2025-06-04,438.75,Corn,ZC=F
2025-06-05,439.5,Corn,ZC=F
2025-06-06,442.5,Corn,ZC=F
2025-06-09,433.5,Corn,ZC=F
2025-06-10,438.75,Corn,ZC=F
2025-06-11,437,Corn,ZC=F
2025-06-12,438.5,Corn,ZC=F
2025-06-13,444.5,Corn,ZC=F
2025-06-16,434.75,Corn,ZC=F
2025-06-17,431.5,Corn,ZC=F
2025-06-18,433.5,Corn,ZC=F
2025-06-20,428.75,Corn,ZC=F
2025-06-23,419.25,Corn,ZC=F
2025-06-24,416.25,Corn,ZC=F
2025-06-25,410.25,Corn,ZC=F
2025-06-26,409.5,Corn,ZC=F
2025-06-27,417.5,Corn,ZC=F
2025-06-30,420.5,Corn,ZC=F
2025-07-01,420,Corn,ZC=F
2025-07-02,429.25,Corn,ZC=F
2025-07-03,431.5,Corn,ZC=F
2025-07-07,418,Corn,ZC=F
2025-07-08,411,Corn,ZC=F
2025-07-09,412.5,Corn,ZC=F
2025-07-10,407.25,Corn,ZC=F
2025-07-11,403,Corn,ZC=F
2025-07-14,412.75,Corn,ZC=F
2025-07-15,401.25,Corn,ZC=F
2025-07-16,405.25,Corn,ZC=F
2025-07-17,402,Corn,ZC=F
2025-07-18,408.5,Corn,ZC=F
2025-07-21,403.75,Corn,ZC=F
2025-07-22,399.25,Corn,ZC=F
2025-07-23,398.5,Corn,ZC=F
2025-07-24,401.75,Corn,ZC=F
2025-07-25,399.5,Corn,ZC=F
2025-07-28,393.75,Corn,ZC=F
2025-07-29,389.25,Corn,ZC=F
2025-07-30,391.75,Corn,ZC=F
2025-07-31,394,Corn,ZC=F
2025-08-01,389.5,Corn,ZC=F
2025-08-04,387,Corn,ZC=F
2025-08-05,381.5,Corn,ZC=F
2025-08-06,379.75,Corn,ZC=F
2025-08-07,384.5,Corn,ZC=F
2025-08-08,382.75,Corn,ZC=F
2025-08-11,385,Corn,ZC=F
2025-08-12,371.5,Corn,ZC=F
2025-08-13,374,Corn,ZC=F
2025-08-14,375,Corn,ZC=F
2025-08-15,383.75,Corn,ZC=F
2025-08-18,383,Corn,ZC=F
2025-08-19,379.5,Corn,ZC=F
2025-08-20,380,Corn,ZC=F
2025-08-21,387.25,Corn,ZC=F
2025-08-22,388.25,Corn,ZC=F
2025-08-25,389.25,Corn,ZC=F
2025-08-26,387.5,Corn,ZC=F
2025-08-27,382.5,Corn,ZC=F
2025-08-28,385.5,Corn,ZC=F
2025-08-29,398,Corn,ZC=F
2025-09-02,403,Corn,ZC=F
2025-09-03,397.75,Corn,ZC=F
2025-09-04,399.75,Corn,ZC=F
2025-09-05,399,Corn,ZC=F
2025-09-08,403,Corn,ZC=F
2025-09-09,401.25,Corn,ZC=F
2025-09-10,397.25,Corn,ZC=F
2025-09-11,399,Corn,ZC=F
2025-09-12,399,Corn,ZC=F
2025-09-15,423.25,Corn,ZC=F
2025-09-16,429.5,Corn,ZC=F
2025-09-17,426.75,Corn,ZC=F
2025-09-18,423.75,Corn,ZC=F
2025-09-19,424,Corn,ZC=F
2025-09-22,421.75,Corn,ZC=F
2025-09-23,426.25,Corn,ZC=F
2025-09-24,424.25,Corn,ZC=F
2025-09-25,425.75,Corn,ZC=F
2025-09-26,422,Corn,ZC=F
2025-09-29,421.5,Corn,ZC=F
2025-09-30,415.5,Corn,ZC=F
2025-10-01,416.5,Corn,ZC=F
2025-10-02,421.75,Corn,ZC=F
2025-10-03,419,Corn,ZC=F
2025-10-06,421.75,Corn,ZC=F
2025-10-07,419.75,Corn,ZC=F
2025-10-08,422,Corn,ZC=F
2025-10-09,418.25,Corn,ZC=F
2025-10-10,413,Corn,ZC=F
2025-10-13,410.75,Corn,ZC=F
2025-10-14,413,Corn,ZC=F
2025-10-15,416.75,Corn,ZC=F
2025-10-16,421.75,Corn,ZC=F
2025-10-17,422.5,Corn,ZC=F
2025-10-20,423.25,Corn,ZC=F
2025-10-21,419.75,Corn,ZC=F
2025-10-22,423,Corn,ZC=F
2025-10-23,428,Corn,ZC=F
2025-10-24,423.25,Corn,ZC=F
2025-10-27,428.75,Corn,ZC=F
2025-10-28,432,Corn,ZC=F
2025-10-29,434,Corn,ZC=F
2025-10-30,430.25,Corn,ZC=F
2025-10-31,431.5,Corn,ZC=F
2025-11-03,434.25,Corn,ZC=F
2025-11-04,431.5,Corn,ZC=F
2025-11-05,435.25,Corn,ZC=F
2025-11-06,428.75,Corn,ZC=F
2025-11-07,427.25,Corn,ZC=F
2025-11-10,429.75,Corn,ZC=F
2025-11-11,432,Corn,ZC=F
2025-11-12,435.25,Corn,ZC=F
2025-11-13,441.5,Corn,ZC=F
2025-11-14,430.25,Corn,ZC=F
2025-11-17,434.75,Corn,ZC=F
2025-11-18,436.75,Corn,ZC=F
2025-11-19,429.75,Corn,ZC=F
2025-11-20,426.5,Corn,ZC=F
2025-11-21,425.5,Corn,ZC=F
2025-11-24,423.75,Corn,ZC=F
2025-11-25,423.5,Corn,ZC=F
2025-11-26,431.75,Corn,ZC=F
2025-11-28,435.5,Corn,ZC=F
2025-12-01,432.75,Corn,ZC=F
2025-12-02,438,Corn,ZC=F
2025-12-03,431.5,Corn,ZC=F
2025-12-04,437.75,Corn,ZC=F
2025-12-05,436.75,Corn,ZC=F
2025-12-08,436.25,Corn,ZC=F
2025-12-09,440.75,Corn,ZC=F
2025-12-10,434.75,Corn,ZC=F
2025-12-11,435.25,Corn,ZC=F
2025-12-12,431.5,Corn,ZC=F
2025-12-15,439.75,Corn,ZC=F
2025-12-16,436.5,Corn,ZC=F
2025-12-17,440.5,Corn,ZC=F
2025-12-18,444.5,Corn,ZC=F
2025-12-19,443.75,Corn,ZC=F
2025-12-22,447,Corn,ZC=F
2025-12-23,447.5,Corn,ZC=F
2025-12-24,451,Corn,ZC=F
2025-12-26,450,Corn,ZC=F
2025-12-29,442.25,Corn,ZC=F
2025-12-30,440.5,Corn,ZC=F
2025-12-31,440.25,Corn,ZC=F
2026-01-02,437.5,Corn,ZC=F
2026-01-05,444.5,Corn,ZC=F
2026-01-06,444,Corn,ZC=F
2026-01-07,446.75,Corn,ZC=F
2026-01-08,446,Corn,ZC=F
2026-01-09,445.75,Corn,ZC=F
2026-01-12,421.5,Corn,ZC=F
2026-01-13,419.75,Corn,ZC=F
2026-01-14,422,Corn,ZC=F
2026-01-15,420.25,Corn,ZC=F
2026-01-16,424.75,Corn,ZC=F
2026-01-20,423.75,Corn,ZC=F
2026-01-21,421.75,Corn,ZC=F
2026-01-22,424,Corn,ZC=F
2026-01-23,430.5,Corn,ZC=F
2026-01-26,428.25,Corn,ZC=F
2026-01-27,426.5,Corn,ZC=F
2026-01-28,430,Corn,ZC=F
2026-01-29,430.75,Corn,ZC=F
2026-01-30,428.25,Corn,ZC=F
2026-02-02,425.75,Corn,ZC=F
2026-02-03,428.5,Corn,ZC=F
2026-02-04,429.5,Corn,ZC=F
2026-02-05,435,Corn,ZC=F
2026-02-06,430.25,Corn,ZC=F
2026-02-09,428.75,Corn,ZC=F
2026-02-10,428.75,Corn,ZC=F
2026-02-11,427.5,Corn,ZC=F
2026-02-12,431.25,Corn,ZC=F
2026-02-13,431.75,Corn,ZC=F
2026-02-17,426.25,Corn,ZC=F
2026-02-18,427,Corn,ZC=F
2026-02-19,425.75,Corn,ZC=F
2026-02-20,427.5,Corn,ZC=F
2026-02-23,427.5,Corn,ZC=F
2026-02-24,427.75,Corn,ZC=F
2026-02-25,430.5,Corn,ZC=F
2026-02-26,433.25,Corn,ZC=F
2026-02-27,438.75,Corn,ZC=F
2026-03-02,433.25,Corn,ZC=F
2026-03-03,434.25,Corn,ZC=F
2026-03-04,431.75,Corn,ZC=F
2026-03-05,441.5,Corn,ZC=F
2026-03-06,447,Corn,ZC=F
2026-03-09,437.5,Corn,ZC=F
2026-03-10,436.25,Corn,ZC=F
2026-03-11,444.25,Corn,ZC=F
2026-03-12,448.25,Corn,ZC=F
2019-01-02,70.839996337890625,Cotton,CT=F
2019-01-03,70.83000183105469,Cotton,CT=F
2019-01-04,72.5199966430664,Cotton,CT=F
2019-01-07,72.75,Cotton,CT=F
2019-01-08,71.66999816894531,Cotton,CT=F
2019-01-09,73.12999725341797,Cotton,CT=F
2019-01-10,72.8499984741211,Cotton,CT=F
2019-01-11,72.48999786376953,Cotton,CT=F
2019-01-14,72.98999786376953,Cotton,CT=F
2019-01-15,72.36000061035156,Cotton,CT=F
2019-01-16,73.2699966430664,Cotton,CT=F
2019-01-17,74.37000274658203,Cotton,CT=F
2019-01-18,73.88999938964844,Cotton,CT=F
2019-01-22,73.12999725341797,Cotton,CT=F
2019-01-23,73.5199966430664,Cotton,CT=F
2019-01-24,73.13999938964844,Cotton,CT=F
2019-01-25,74.12999725341797,Cotton,CT=F
2019-01-28,73.8499984741211,Cotton,CT=F
2019-01-29,74.1500015258789,Cotton,CT=F
2019-01-30,74.36000061035156,Cotton,CT=F
2019-01-31,74.4000015258789,Cotton,CT=F
2019-02-01,73.63999938964844,Cotton,CT=F
2019-02-04,72.76000213623047,Cotton,CT=F
2019-02-05,73.4000015258789,Cotton,CT=F
2019-02-06,73.660003662109375,Cotton,CT=F
2019-02-07,72.80999755859375,Cotton,CT=F
2019-02-08,72.55000305175781,Cotton,CT=F
2019-02-11,70.55000305175781,Cotton,CT=F
2019-02-12,69.779998779296875,Cotton,CT=F
2019-02-13,69.86000061035156,Cotton,CT=F
2019-02-14,70.12999725341797,Cotton,CT=F
2019-02-15,70.220001220703125,Cotton,CT=F
2019-02-19,70.410003662109375,Cotton,CT=F
2019-02-20,70.279998779296875,Cotton,CT=F
2019-02-21,72.19000244140625,Cotton,CT=F
2019-02-22,71.839996337890625,Cotton,CT=F
2019-02-25,71.93000030517578,Cotton,CT=F
2019-02-26,70.8499984741211,Cotton,CT=F
2019-02-27,71.19000244140625,Cotton,CT=F
2019-02-28,71.73999786376953,Cotton,CT=F
2019-03-01,72.7300033569336,Cotton,CT=F
2019-03-04,71.970001220703125,Cotton,CT=F
2019-03-05,73.44999694824219,Cotton,CT=F
2019-03-06,73.05000305175781,Cotton,CT=F
2019-03-07,71.9000015258789,Cotton,CT=F
2019-03-08,73.48999786376953,Cotton,CT=F
2019-03-11,73.19999694824219,Cotton,CT=F
2019-03-12,74.8499984741211,Cotton,CT=F
2019-03-13,75.720001220703125,Cotton,CT=F
2019-03-14,74.30000305175781,Cotton,CT=F
2019-03-15,75.5,Cotton,CT=F
2019-03-18,75.2699966430664,Cotton,CT=F
2019-03-19,75.6500015258789,Cotton,CT=F
2019-03-20,75.5,Cotton,CT=F
2019-03-21,77.18000030517578,Cotton,CT=F
2019-03-22,76.58000183105469,Cotton,CT=F
2019-03-25,77.7300033569336,Cotton,CT=F
2019-03-26,77.88999938964844,Cotton,CT=F
2019-03-27,76.94999694824219,Cotton,CT=F
2019-03-28,75.87000274658203,Cotton,CT=F
2019-03-29,77.61000061035156,Cotton,CT=F
2019-04-01,77.36000061035156,Cotton,CT=F
2019-04-02,77.2699966430664,Cotton,CT=F
2019-04-03,77.05000305175781,Cotton,CT=F
2019-04-04,77.31999969482422,Cotton,CT=F
2019-04-05,78.25,Cotton,CT=F
2019-04-08,78.91999816894531,Cotton,CT=F
2019-04-09,78.089996337890625,Cotton,CT=F
2019-04-10,77.62000274658203,Cotton,CT=F
2019-04-11,76.9800033569336,Cotton,CT=F
2019-04-12,78.11000061035156,Cotton,CT=F
2019-04-15,76.48999786376953,Cotton,CT=F
2019-04-16,77.94000244140625,Cotton,CT=F
2019-04-17,78.11000061035156,Cotton,CT=F
2019-04-18,77.30999755859375,Cotton,CT=F
2019-04-22,77.19000244140625,Cotton,CT=F
2019-04-23,76.56999969482422,Cotton,CT=F
2019-04-24,75.7699966430664,Cotton,CT=F
2019-04-25,76.970001220703125,Cotton,CT=F
2019-04-26,76.75,Cotton,CT=F
2019-04-29,76.12999725341797,Cotton,CT=F
2019-04-30,75.9800033569336,Cotton,CT=F
2019-05-01,75.910003662109375,Cotton,CT=F
2019-05-02,74.6500015258789,Cotton,CT=F
2019-05-03,74.779998779296875,Cotton,CT=F
2019-05-06,72.6500015258789,Cotton,CT=F
2019-05-07,72.279998779296875,Cotton,CT=F
2019-05-08,71.44999694824219,Cotton,CT=F
2019-05-09,70.2300033569336,Cotton,CT=F
2019-05-10,68.44999694824219,Cotton,CT=F
2019-05-13,65.44999694824219,Cotton,CT=F
2019-05-14,66.76000213623047,Cotton,CT=F
2019-05-15,66.3499984741211,Cotton,CT=F
2019-05-16,66.80000305175781,Cotton,CT=F
2019-05-17,65.98999786376953,Cotton,CT=F
2019-05-20,67.910003662109375,Cotton,CT=F
2019-05-21,67.31999969482422,Cotton,CT=F
2019-05-22,66.75,Cotton,CT=F
2019-05-23,67.4800033569336,Cotton,CT=F
2019-05-24,68.38999938964844,Cotton,CT=F
2019-05-28,69.470001220703125,Cotton,CT=F
2019-05-29,69.05999755859375,Cotton,CT=F
2019-05-30,69.339996337890625,Cotton,CT=F
2019-05-31,68.08000183105469,Cotton,CT=F
2019-06-03,69.41999816894531,Cotton,CT=F
2019-06-04,68.970001220703125,Cotton,CT=F
2019-06-05,68.73999786376953,Cotton,CT=F
2019-06-06,68.589996337890625,Cotton,CT=F
2019-06-07,65.589996337890625,Cotton,CT=F
2019-06-10,65.98999786376953,Cotton,CT=F
2019-06-11,65.6500015258789,Cotton,CT=F
2019-06-12,66.56999969482422,Cotton,CT=F
2019-06-13,66.83000183105469,Cotton,CT=F
2019-06-14,65.94000244140625,Cotton,CT=F
2019-06-17,65.62999725341797,Cotton,CT=F
2019-06-18,65.31999969482422,Cotton,CT=F
2019-06-19,65.37999725341797,Cotton,CT=F
2019-06-20,63.209999084472656,Cotton,CT=F
2019-06-21,61.189998626708984,Cotton,CT=F
2019-06-24,62.29999923706055,Cotton,CT=F
2019-06-25,62.20000076293945,Cotton,CT=F
2019-06-26,63.4900016784668,Cotton,CT=F
2019-06-27,62.9900016784668,Cotton,CT=F
2019-06-28,63.150001525878906,Cotton,CT=F
2019-07-01,63.16999816894531,Cotton,CT=F
2019-07-02,63.77000045776367,Cotton,CT=F
2019-07-03,63.75,Cotton,CT=F
2019-07-05,63.439998626708984,Cotton,CT=F
2019-07-08,62.33000183105469,Cotton,CT=F
2019-07-09,60.22999954223633,Cotton,CT=F
2019-07-10,63.540000915527344,Cotton,CT=F
2019-07-11,62.88999938964844,Cotton,CT=F
2019-07-12,62.36000061035156,Cotton,CT=F
2019-07-15,63.70000076293945,Cotton,CT=F
2019-07-16,62.33000183105469,Cotton,CT=F
2019-07-17,61.88999938964844,Cotton,CT=F
2019-07-18,60.779998779296875,Cotton,CT=F
2019-07-19,62.25,Cotton,CT=F
2019-07-22,62.790000915527344,Cotton,CT=F
2019-07-23,63.290000915527344,Cotton,CT=F
2019-07-24,63.88999938964844,Cotton,CT=F
2019-07-25,63.810001373291016,Cotton,CT=F
2019-07-26,64.23999786376953,Cotton,CT=F
2019-07-29,63.77000045776367,Cotton,CT=F
2019-07-30,62.869998931884766,Cotton,CT=F
2019-07-31,63.220001220703125,Cotton,CT=F
2019-08-01,61.84000015258789,Cotton,CT=F
2019-08-02,58.939998626708984,Cotton,CT=F
2019-08-05,57.90999984741211,Cotton,CT=F
2019-08-06,58.27000045776367,Cotton,CT=F
2019-08-07,58.58000183105469,Cotton,CT=F
2019-08-08,59.540000915527344,Cotton,CT=F
2019-08-09,59.04999923706055,Cotton,CT=F
2019-08-12,58.029998779296875,Cotton,CT=F
2019-08-13,59.34000015258789,Cotton,CT=F
2019-08-14,59.61000061035156,Cotton,CT=F
2019-08-15,59.65999984741211,Cotton,CT=F
2019-08-16,60.08000183105469,Cotton,CT=F
2019-08-19,59.18000030517578,Cotton,CT=F
2019-08-20,59.16999816894531,Cotton,CT=F
2019-08-21,59.869998931884766,Cotton,CT=F
2019-08-22,58.869998931884766,Cotton,CT=F
2019-08-23,57.970001220703125,Cotton,CT=F
2019-08-26,57.65999984741211,Cotton,CT=F
2019-08-27,57.540000915527344,Cotton,CT=F
2019-08-28,58.349998474121094,Cotton,CT=F
2019-08-29,58.880001068115234,Cotton,CT=F
2019-08-30,59.04999923706055,Cotton,CT=F
2019-09-03,58.310001373291016,Cotton,CT=F
2019-09-04,58.77000045776367,Cotton,CT=F
2019-09-05,59.15999984741211,Cotton,CT=F
2019-09-06,58.72999954223633,Cotton,CT=F
2019-09-09,59.119998931884766,Cotton,CT=F
2019-09-10,59.5,Cotton,CT=F
2019-09-11,59.369998931884766,Cotton,CT=F
2019-09-12,62.25,Cotton,CT=F
2019-09-13,61.630001068115234,Cotton,CT=F
2019-09-16,61.59000015258789,Cotton,CT=F
2019-09-17,60.119998931884766,Cotton,CT=F
2019-09-18,59.36000061035156,Cotton,CT=F
2019-09-19,58.9900016784668,Cotton,CT=F
2019-09-20,59.130001068115234,Cotton,CT=F
2019-09-23,59.83000183105469,Cotton,CT=F
2019-09-24,59.31999969482422,Cotton,CT=F
2019-09-25,59.369998931884766,Cotton,CT=F
2019-09-26,59.20000076293945,Cotton,CT=F
2019-09-27,59.81999969482422,Cotton,CT=F
2019-09-30,59.75,Cotton,CT=F
2019-10-01,59.900001525878906,Cotton,CT=F
2019-10-02,60.25,Cotton,CT=F
2019-10-03,60.52000045776367,Cotton,CT=F
2019-10-04,60.59000015258789,Cotton,CT=F
2019-10-07,60.75,Cotton,CT=F
2019-10-08,60.2400016784668,Cotton,CT=F
2019-10-09,61.0099983215332,Cotton,CT=F
2019-10-10,61.41999816894531,Cotton,CT=F
2019-10-11,63.880001068115234,Cotton,CT=F
2019-10-14,62.220001220703125,Cotton,CT=F
2019-10-15,63.529998779296875,Cotton,CT=F
2019-10-16,64.54000091552734,Cotton,CT=F
2019-10-17,64.98999786376953,Cotton,CT=F
2019-10-18,65.160003662109375,Cotton,CT=F
2019-10-21,64.55999755859375,Cotton,CT=F
2019-10-22,64.66999816894531,Cotton,CT=F
2019-10-23,64.94999694824219,Cotton,CT=F
2019-10-24,64.6500015258789,Cotton,CT=F
2019-10-25,64.9000015258789,Cotton,CT=F
2019-10-28,64.79000091552734,Cotton,CT=F
2019-10-29,64.720001220703125,Cotton,CT=F
2019-10-30,65.69999694824219,Cotton,CT=F
2019-10-31,64.44000244140625,Cotton,CT=F
2019-11-01,64.2300033569336,Cotton,CT=F
2019-11-04,63.65999984741211,Cotton,CT=F
2019-11-05,63.810001373291016,Cotton,CT=F
2019-11-06,63.689998626708984,Cotton,CT=F
2019-11-07,64.3499984741211,Cotton,CT=F
2019-11-08,64.720001220703125,Cotton,CT=F
2019-11-11,64.29000091552734,Cotton,CT=F
2019-11-12,64.73999786376953,Cotton,CT=F
2019-11-13,64.220001220703125,Cotton,CT=F
2019-11-14,64.2699966430664,Cotton,CT=F
2019-11-15,64.86000061035156,Cotton,CT=F
2019-11-18,64.20999908447266,Cotton,CT=F
2019-11-19,63.439998626708984,Cotton,CT=F
2019-11-20,62.2400016784668,Cotton,CT=F
2019-11-21,61.84000015258789,Cotton,CT=F
2019-11-22,63.41999816894531,Cotton,CT=F
2019-11-25,64.69000244140625,Cotton,CT=F
2019-11-26,64.9000015258789,Cotton,CT=F
2019-11-27,64.910003662109375,Cotton,CT=F
2019-11-29,64.4000015258789,Cotton,CT=F
2019-12-02,63.849998474121094,Cotton,CT=F
2019-12-03,63.099998474121094,Cotton,CT=F
2019-12-04,63.16999816894531,Cotton,CT=F
2019-12-05,63.5099983215332,Cotton,CT=F
2019-12-06,65,Cotton,CT=F
2019-12-09,65.37999725341797,Cotton,CT=F
2019-12-10,65.93000030517578,Cotton,CT=F
2019-12-11,65.87999725341797,Cotton,CT=F
2019-12-12,67.16999816894531,Cotton,CT=F
2019-12-13,66.80000305175781,Cotton,CT=F
2019-12-16,66.970001220703125,Cotton,CT=F
2019-12-17,66.44000244140625,Cotton,CT=F
2019-12-18,66.73999786376953,Cotton,CT=F
2019-12-19,67.58000183105469,Cotton,CT=F
2019-12-20,67.95999908447266,Cotton,CT=F
2019-12-23,68.61000061035156,Cotton,CT=F
2019-12-24,68.69999694824219,Cotton,CT=F
2019-12-26,68.69999694824219,Cotton,CT=F
2019-12-27,68.91999816894531,Cotton,CT=F
2019-12-30,69.55999755859375,Cotton,CT=F
2019-12-31,69.05000305175781,Cotton,CT=F
2020-01-02,69.2699966430664,Cotton,CT=F
2020-01-03,69.19999694824219,Cotton,CT=F
2020-01-06,70.04000091552734,Cotton,CT=F
2020-01-07,69.83000183105469,Cotton,CT=F
2020-01-08,69.95999908447266,Cotton,CT=F
2020-01-09,70.69000244140625,Cotton,CT=F
2020-01-10,71.30999755859375,Cotton,CT=F
2020-01-13,71.529998779296875,Cotton,CT=F
2020-01-14,71.37999725341797,Cotton,CT=F
2020-01-15,70.31999969482422,Cotton,CT=F
2020-01-16,70.220001220703125,Cotton,CT=F
2020-01-17,71.25,Cotton,CT=F
2020-01-21,69.23999786376953,Cotton,CT=F
2020-01-22,71.12999725341797,Cotton,CT=F
2020-01-23,70.029998779296875,Cotton,CT=F
2020-01-24,69.4000015258789,Cotton,CT=F
2020-01-27,69.51000213623047,Cotton,CT=F
2020-01-28,70.36000061035156,Cotton,CT=F
2020-01-29,70.05999755859375,Cotton,CT=F
2020-01-30,69.05000305175781,Cotton,CT=F
2020-01-31,67.5,Cotton,CT=F
2020-02-03,66.839996337890625,Cotton,CT=F
2020-02-04,67.3499984741211,Cotton,CT=F
2020-02-05,67.51000213623047,Cotton,CT=F
2020-02-06,67.910003662109375,Cotton,CT=F
2020-02-07,67.75,Cotton,CT=F
2020-02-10,68.19000244140625,Cotton,CT=F
2020-02-11,68.2300033569336,Cotton,CT=F
2020-02-12,68.58000183105469,Cotton,CT=F
2020-02-13,67.75,Cotton,CT=F
2020-02-14,67.410003662109375,Cotton,CT=F
2020-02-18,67.87000274658203,Cotton,CT=F
2020-02-19,68.4800033569336,Cotton,CT=F
2020-02-20,68.75,Cotton,CT=F
2020-02-21,68.93000030517578,Cotton,CT=F
2020-02-24,67.529998779296875,Cotton,CT=F
2020-02-25,66.33000183105469,Cotton,CT=F
2020-02-26,65.55000305175781,Cotton,CT=F
2020-02-27,62.599998474121094,Cotton,CT=F
2020-02-28,61.59000015258789,Cotton,CT=F
2020-03-02,63.47999954223633,Cotton,CT=F
2020-03-03,62.75,Cotton,CT=F
2020-03-04,62.959999084472656,Cotton,CT=F
2020-03-05,63.529998779296875,Cotton,CT=F
2020-03-06,62.970001220703125,Cotton,CT=F
2020-03-09,61.38999938964844,Cotton,CT=F
2020-03-10,61.40999984741211,Cotton,CT=F
2020-03-11,61.54999923706055,Cotton,CT=F
2020-03-12,59.70000076293945,Cotton,CT=F
2020-03-13,60.4900016784668,Cotton,CT=F
2020-03-16,58.79999923706055,Cotton,CT=F
2020-03-17,57.91999816894531,Cotton,CT=F
2020-03-18,56.63999938964844,Cotton,CT=F
2020-03-19,54.93000030517578,Cotton,CT=F
2020-03-20,53.68000030517578,Cotton,CT=F
2020-03-23,52.150001525878906,Cotton,CT=F
2020-03-24,52.88999938964844,Cotton,CT=F
2020-03-25,53.439998626708984,Cotton,CT=F
2020-03-26,52.779998779296875,Cotton,CT=F
2020-03-27,51.33000183105469,Cotton,CT=F
2020-03-30,50.70000076293945,Cotton,CT=F
2020-03-31,51.130001068115234,Cotton,CT=F
2020-04-01,48.40999984741211,Cotton,CT=F
2020-04-02,49.9900016784668,Cotton,CT=F
2020-04-03,50.97999954223633,Cotton,CT=F
2020-04-06,53.04999923706055,Cotton,CT=F
2020-04-07,52.900001525878906,Cotton,CT=F
2020-04-08,53.84000015258789,Cotton,CT=F
2020-04-09,54.369998931884766,Cotton,CT=F
2020-04-13,52.7599983215332,Cotton,CT=F
2020-04-14,52.5099983215332,Cotton,CT=F
2020-04-15,52.75,Cotton,CT=F
2020-04-16,52.790000915527344,Cotton,CT=F
2020-04-17,52.77000045776367,Cotton,CT=F
2020-04-20,54.029998779296875,Cotton,CT=F
2020-04-21,53.310001373291016,Cotton,CT=F
2020-04-22,56.279998779296875,Cotton,CT=F
2020-04-23,56.880001068115234,Cotton,CT=F
2020-04-24,54.93000030517578,Cotton,CT=F
2020-04-27,53.93000030517578,Cotton,CT=F
2020-04-28,56.18000030517578,Cotton,CT=F
2020-04-29,58.02000045776367,Cotton,CT=F
2020-04-30,58.060001373291016,Cotton,CT=F
2020-05-01,56.560001373291016,Cotton,CT=F
2020-05-04,55,Cotton,CT=F
2020-05-05,53.90999984741211,Cotton,CT=F
2020-05-06,54.83000183105469,Cotton,CT=F
2020-05-07,55.38999938964844,Cotton,CT=F
2020-05-08,56.27000045776367,Cotton,CT=F
2020-05-11,56.630001068115234,Cotton,CT=F
2020-05-12,58.34000015258789,Cotton,CT=F
2020-05-13,57.459999084472656,Cotton,CT=F
2020-05-14,57.849998474121094,Cotton,CT=F
2020-05-15,58.25,Cotton,CT=F
2020-05-18,57.79999923706055,Cotton,CT=F
2020-05-19,59.20000076293945,Cotton,CT=F
2020-05-20,58.209999084472656,Cotton,CT=F
2020-05-21,58.060001373291016,Cotton,CT=F
2020-05-22,57.61000061035156,Cotton,CT=F
2020-05-26,58.22999954223633,Cotton,CT=F
2020-05-27,58.34000015258789,Cotton,CT=F
2020-05-28,57.56999969482422,Cotton,CT=F
2020-05-29,57.59000015258789,Cotton,CT=F
2020-06-01,60.060001373291016,Cotton,CT=F
2020-06-02,60.369998931884766,Cotton,CT=F
2020-06-03,60.47999954223633,Cotton,CT=F
2020-06-04,60,Cotton,CT=F
2020-06-05,61.790000915527344,Cotton,CT=F
2020-06-08,60.810001373291016,Cotton,CT=F
2020-06-09,60.52000045776367,Cotton,CT=F
2020-06-10,60.5099983215332,Cotton,CT=F
2020-06-11,60.02000045776367,Cotton,CT=F
2020-06-12,59.84000015258789,Cotton,CT=F
2020-06-15,59.0099983215332,Cotton,CT=F
2020-06-16,60.06999969482422,Cotton,CT=F
2020-06-17,61.34000015258789,Cotton,CT=F
2020-06-18,61.16999816894531,Cotton,CT=F
2020-06-19,61.560001373291016,Cotton,CT=F
2020-06-22,62.52000045776367,Cotton,CT=F
2020-06-23,63.040000915527344,Cotton,CT=F
2020-06-24,61.65999984741211,Cotton,CT=F
2020-06-25,61.810001373291016,Cotton,CT=F
2020-06-26,60.54999923706055,Cotton,CT=F
2020-06-29,59.619998931884766,Cotton,CT=F
2020-06-30,60.97999954223633,Cotton,CT=F
2020-07-01,62.58000183105469,Cotton,CT=F
2020-07-02,63.04999923706055,Cotton,CT=F
2020-07-06,63.06999969482422,Cotton,CT=F
2020-07-07,63.2400016784668,Cotton,CT=F
2020-07-08,64.660003662109375,Cotton,CT=F
2020-07-09,63.34000015258789,Cotton,CT=F
2020-07-10,64.70999908447266,Cotton,CT=F
2020-07-13,63.75,Cotton,CT=F
2020-07-14,62.689998626708984,Cotton,CT=F
2020-07-15,62.59000015258789,Cotton,CT=F
2020-07-16,62.880001068115234,Cotton,CT=F
2020-07-17,62.0099983215332,Cotton,CT=F
2020-07-20,62.9900016784668,Cotton,CT=F
2020-07-21,62.90999984741211,Cotton,CT=F
2020-07-22,62.7400016784668,Cotton,CT=F
2020-07-23,61.68000030517578,Cotton,CT=F
2020-07-24,59.959999084472656,Cotton,CT=F
2020-07-27,60.689998626708984,Cotton,CT=F
2020-07-28,60.59000015258789,Cotton,CT=F
2020-07-29,61.029998779296875,Cotton,CT=F
2020-07-30,62.81999969482422,Cotton,CT=F
2020-07-31,62.29999923706055,Cotton,CT=F
2020-08-03,63.529998779296875,Cotton,CT=F
2020-08-04,63.93000030517578,Cotton,CT=F
2020-08-05,64.36000061035156,Cotton,CT=F
2020-08-06,64.410003662109375,Cotton,CT=F
2020-08-07,61.880001068115234,Cotton,CT=F
2020-08-10,62.34000015258789,Cotton,CT=F
2020-08-11,63.029998779296875,Cotton,CT=F
2020-08-12,61.84000015258789,Cotton,CT=F
2020-08-13,62.43000030517578,Cotton,CT=F
2020-08-14,62.290000915527344,Cotton,CT=F
2020-08-17,62.619998931884766,Cotton,CT=F
2020-08-18,62.38999938964844,Cotton,CT=F
2020-08-19,63.209999084472656,Cotton,CT=F
2020-08-20,63.91999816894531,Cotton,CT=F
2020-08-21,63.72999954223633,Cotton,CT=F
2020-08-24,65.160003662109375,Cotton,CT=F
2020-08-25,64.9800033569336,Cotton,CT=F
2020-08-26,64.9800033569336,Cotton,CT=F
2020-08-27,64.76000213623047,Cotton,CT=F
2020-08-28,64.37000274658203,Cotton,CT=F
2020-08-31,64.410003662109375,Cotton,CT=F
2020-09-01,64.660003662109375,Cotton,CT=F
2020-09-02,64.18000030517578,Cotton,CT=F
2020-09-03,63.560001373291016,Cotton,CT=F
2020-09-04,64.12000274658203,Cotton,CT=F
2020-09-08,63.189998626708984,Cotton,CT=F
2020-09-09,63.349998474121094,Cotton,CT=F
2020-09-10,63.959999084472656,Cotton,CT=F
2020-09-11,64.05999755859375,Cotton,CT=F
2020-09-14,65.45999908447266,Cotton,CT=F
2020-09-15,65.38999938964844,Cotton,CT=F
2020-09-16,64.970001220703125,Cotton,CT=F
2020-09-17,64.3499984741211,Cotton,CT=F
2020-09-18,64.160003662109375,Cotton,CT=F
2020-09-21,63.7400016784668,Cotton,CT=F
2020-09-22,63.84000015258789,Cotton,CT=F
2020-09-23,63.7599983215332,Cotton,CT=F
2020-09-24,63.970001220703125,Cotton,CT=F
2020-09-25,64.660003662109375,Cotton,CT=F
2020-09-28,64.4000015258789,Cotton,CT=F
2020-09-29,64,Cotton,CT=F
2020-09-30,64.48999786376953,Cotton,CT=F
2020-10-01,64.61000061035156,Cotton,CT=F
2020-10-02,64.5199966430664,Cotton,CT=F
2020-10-05,64.7300033569336,Cotton,CT=F
2020-10-06,65.55999755859375,Cotton,CT=F
2020-10-07,66.29000091552734,Cotton,CT=F
2020-10-08,66.19000244140625,Cotton,CT=F
2020-10-09,67.63999938964844,Cotton,CT=F
2020-10-12,68.37000274658203,Cotton,CT=F
2020-10-13,68.83000183105469,Cotton,CT=F
2020-10-14,68.93000030517578,Cotton,CT=F
2020-10-15,69.220001220703125,Cotton,CT=F
2020-10-16,69.91999816894531,Cotton,CT=F
2020-10-19,71.160003662109375,Cotton,CT=F
2020-10-20,71.0199966430664,Cotton,CT=F
2020-10-21,71.04000091552734,Cotton,CT=F
2020-10-22,71.94000244140625,Cotton,CT=F
2020-10-23,71.29000091552734,Cotton,CT=F
2020-10-26,72.11000061035156,Cotton,CT=F
2020-10-27,72.029998779296875,Cotton,CT=F
2020-10-28,70.16999816894531,Cotton,CT=F
2020-10-29,69.81999969482422,Cotton,CT=F
2020-10-30,68.91999816894531,Cotton,CT=F
2020-11-02,68.7300033569336,Cotton,CT=F
2020-11-03,70.23999786376953,Cotton,CT=F
2020-11-04,70.2300033569336,Cotton,CT=F
2020-11-05,70.06999969482422,Cotton,CT=F
2020-11-06,68.62000274658203,Cotton,CT=F
2020-11-09,70,Cotton,CT=F
2020-11-10,69.8499984741211,Cotton,CT=F
2020-11-11,69.279998779296875,Cotton,CT=F
2020-11-12,68.4800033569336,Cotton,CT=F
2020-11-13,68.45999908447266,Cotton,CT=F
2020-11-16,69.56999969482422,Cotton,CT=F
2020-11-17,69.11000061035156,Cotton,CT=F
2020-11-18,69.68000030517578,Cotton,CT=F
2020-11-19,69.31999969482422,Cotton,CT=F
2020-11-20,70.87999725341797,Cotton,CT=F
2020-11-23,72.1500015258789,Cotton,CT=F
2020-11-24,71.529998779296875,Cotton,CT=F
2020-11-25,70.80000305175781,Cotton,CT=F
2020-11-27,71.68000030517578,Cotton,CT=F
2020-11-30,70.589996337890625,Cotton,CT=F
2020-12-01,70.589996337890625,Cotton,CT=F
2020-12-02,69.98999786376953,Cotton,CT=F
2020-12-03,69.41999816894531,Cotton,CT=F
2020-12-04,69.86000061035156,Cotton,CT=F
2020-12-07,70.62999725341797,Cotton,CT=F
2020-12-08,70.18000030517578,Cotton,CT=F
2020-12-09,73.05000305175781,Cotton,CT=F
2020-12-10,74.26000213623047,Cotton,CT=F
2020-12-11,74.08000183105469,Cotton,CT=F
2020-12-14,74.66999816894531,Cotton,CT=F
2020-12-15,75.589996337890625,Cotton,CT=F
2020-12-16,75.6500015258789,Cotton,CT=F
2020-12-17,77.19000244140625,Cotton,CT=F
2020-12-18,77.160003662109375,Cotton,CT=F
2020-12-21,74.76000213623047,Cotton,CT=F
2020-12-22,74.81999969482422,Cotton,CT=F
2020-12-23,76.13999938964844,Cotton,CT=F
2020-12-24,76.19999694824219,Cotton,CT=F
2020-12-28,76.3499984741211,Cotton,CT=F
2020-12-29,77.01000213623047,Cotton,CT=F
2020-12-30,77.970001220703125,Cotton,CT=F
2020-12-31,78.12000274658203,Cotton,CT=F
2021-01-04,78.970001220703125,Cotton,CT=F
2021-01-05,80.3499984741211,Cotton,CT=F
2021-01-06,80.05999755859375,Cotton,CT=F
2021-01-07,79.76000213623047,Cotton,CT=F
2021-01-08,79.7699966430664,Cotton,CT=F
2021-01-11,80.43000030517578,Cotton,CT=F
2021-01-12,81.69999694824219,Cotton,CT=F
2021-01-13,80.91999816894531,Cotton,CT=F
2021-01-14,81.1500015258789,Cotton,CT=F
2021-01-15,80.69999694824219,Cotton,CT=F
2021-01-19,81.1500015258789,Cotton,CT=F
2021-01-20,81.589996337890625,Cotton,CT=F
2021-01-21,82.56999969482422,Cotton,CT=F
2021-01-22,81.55999755859375,Cotton,CT=F
2021-01-25,82.33000183105469,Cotton,CT=F
2021-01-26,81.70999908447266,Cotton,CT=F
2021-01-27,80.839996337890625,Cotton,CT=F
2021-01-28,79.93000030517578,Cotton,CT=F
2021-01-29,80.63999938964844,Cotton,CT=F
2021-02-01,80.029998779296875,Cotton,CT=F
2021-02-02,80.69000244140625,Cotton,CT=F
2021-02-03,80.98999786376953,Cotton,CT=F
2021-02-04,84.279998779296875,Cotton,CT=F
2021-02-05,82.73999786376953,Cotton,CT=F
2021-02-08,84.279998779296875,Cotton,CT=F
2021-02-09,86.93000030517578,Cotton,CT=F
2021-02-10,84.66999816894531,Cotton,CT=F
2021-02-11,86.410003662109375,Cotton,CT=F
2021-02-12,87.2699966430664,Cotton,CT=F
2021-02-16,88.12000274658203,Cotton,CT=F
2021-02-17,88.36000061035156,Cotton,CT=F
2021-02-18,88.7300033569336,Cotton,CT=F
2021-02-19,88.94999694824219,Cotton,CT=F
2021-02-22,90.910003662109375,Cotton,CT=F
2021-02-23,91.37000274658203,Cotton,CT=F
2021-02-24,92.33000183105469,Cotton,CT=F
2021-02-25,88.23999786376953,Cotton,CT=F
2021-02-26,87.81999969482422,Cotton,CT=F
2021-03-01,90.26000213623047,Cotton,CT=F
2021-03-02,89.44000244140625,Cotton,CT=F
2021-03-03,86.9000015258789,Cotton,CT=F
2021-03-04,85.589996337890625,Cotton,CT=F
2021-03-05,86.20999908447266,Cotton,CT=F
2021-03-08,86.7699966430664,Cotton,CT=F
2021-03-09,82.7699966430664,Cotton,CT=F
2021-03-10,85.220001220703125,Cotton,CT=F
2021-03-11,88.3499984741211,Cotton,CT=F
2021-03-12,87.55999755859375,Cotton,CT=F
2021-03-15,86.720001220703125,Cotton,CT=F
2021-03-16,86.91999816894531,Cotton,CT=F
2021-03-17,86.51000213623047,Cotton,CT=F
2021-03-18,85.44999694824219,Cotton,CT=F
2021-03-19,84.68000030517578,Cotton,CT=F
2021-03-22,84.62000274658203,Cotton,CT=F
2021-03-23,83.529998779296875,Cotton,CT=F
2021-03-24,82.44000244140625,Cotton,CT=F
2021-03-25,78.44000244140625,Cotton,CT=F
2021-03-26,80.37999725341797,Cotton,CT=F
2021-03-29,80.48999786376953,Cotton,CT=F
2021-03-30,80.63999938964844,Cotton,CT=F
2021-03-31,80.87999725341797,Cotton,CT=F
2021-04-01,77.94999694824219,Cotton,CT=F
2021-04-05,77.87999725341797,Cotton,CT=F
2021-04-06,79.220001220703125,Cotton,CT=F
2021-04-07,79.5,Cotton,CT=F
2021-04-08,81.410003662109375,Cotton,CT=F
2021-04-09,82.4000015258789,Cotton,CT=F
2021-04-12,80.13999938964844,Cotton,CT=F
2021-04-13,81.81999969482422,Cotton,CT=F
2021-04-14,84.19999694824219,Cotton,CT=F
2021-04-15,85.0199966430664,Cotton,CT=F
2021-04-16,83.70999908447266,Cotton,CT=F
2021-04-19,83.26000213623047,Cotton,CT=F
2021-04-20,83.7699966430664,Cotton,CT=F
2021-04-21,84.83000183105469,Cotton,CT=F
2021-04-22,84.63999938964844,Cotton,CT=F
2021-04-23,87.51000213623047,Cotton,CT=F
2021-04-26,87.86000061035156,Cotton,CT=F
2021-04-27,90.06999969482422,Cotton,CT=F
2021-04-28,88.73999786376953,Cotton,CT=F
2021-04-29,85.88999938964844,Cotton,CT=F
2021-04-30,87.43000030517578,Cotton,CT=F
2021-05-03,87.20999908447266,Cotton,CT=F
2021-05-04,86.16999816894531,Cotton,CT=F
2021-05-05,86.2300033569336,Cotton,CT=F
2021-05-06,89.4800033569336,Cotton,CT=F
2021-05-07,89.660003662109375,Cotton,CT=F
2021-05-10,88.470001220703125,Cotton,CT=F
2021-05-11,87.75,Cotton,CT=F
2021-05-12,88.2300033569336,Cotton,CT=F
2021-05-13,84.9800033569336,Cotton,CT=F
2021-05-14,82.43000030517578,Cotton,CT=F
2021-05-17,82.31999969482422,Cotton,CT=F
2021-05-18,84.01000213623047,Cotton,CT=F
2021-05-19,82.91999816894531,Cotton,CT=F
2021-05-20,81.529998779296875,Cotton,CT=F
2021-05-21,82.81999969482422,Cotton,CT=F
2021-05-24,82.81999969482422,Cotton,CT=F
2021-05-25,82.70999908447266,Cotton,CT=F
2021-05-26,82.44000244140625,Cotton,CT=F
2021-05-27,82.61000061035156,Cotton,CT=F
2021-05-28,82.12000274658203,Cotton,CT=F
2021-06-01,84.25,Cotton,CT=F
2021-06-02,83.7699966430664,Cotton,CT=F
2021-06-03,84.20999908447266,Cotton,CT=F
2021-06-04,85.80000305175781,Cotton,CT=F
2021-06-07,84.36000061035156,Cotton,CT=F
2021-06-08,85.13999938964844,Cotton,CT=F
2021-06-09,86.62000274658203,Cotton,CT=F
2021-06-10,87.36000061035156,Cotton,CT=F
2021-06-11,87,Cotton,CT=F
2021-06-14,84.94999694824219,Cotton,CT=F
2021-06-15,85.279998779296875,Cotton,CT=F
2021-06-16,85.33000183105469,Cotton,CT=F
2021-06-17,84.16999816894531,Cotton,CT=F
2021-06-18,84.41999816894531,Cotton,CT=F
2021-06-21,84.089996337890625,Cotton,CT=F
2021-06-22,84.220001220703125,Cotton,CT=F
2021-06-23,86.45999908447266,Cotton,CT=F
2021-06-24,86.029998779296875,Cotton,CT=F
2021-06-25,86.43000030517578,Cotton,CT=F
2021-06-28,86.660003662109375,Cotton,CT=F
2021-06-29,86.48999786376953,Cotton,CT=F
2021-06-30,84.029998779296875,Cotton,CT=F
2021-07-01,85.01000213623047,Cotton,CT=F
2021-07-02,86.029998779296875,Cotton,CT=F
2021-07-06,86.37999725341797,Cotton,CT=F
2021-07-07,86.62999725341797,Cotton,CT=F
2021-07-08,85.87999725341797,Cotton,CT=F
2021-07-09,87.98999786376953,Cotton,CT=F
2021-07-12,88.470001220703125,Cotton,CT=F
2021-07-13,88.7699966430664,Cotton,CT=F
2021-07-14,90.56999969482422,Cotton,CT=F
2021-07-15,89.839996337890625,Cotton,CT=F
2021-07-16,90.69999694824219,Cotton,CT=F
2021-07-19,87.11000061035156,Cotton,CT=F
2021-07-20,88.87000274658203,Cotton,CT=F
2021-07-21,89.089996337890625,Cotton,CT=F
2021-07-22,90.2699966430664,Cotton,CT=F
2021-07-23,90.31999969482422,Cotton,CT=F
2021-07-26,90.29000091552734,Cotton,CT=F
2021-07-27,90.73999786376953,Cotton,CT=F
2021-07-28,90.910003662109375,Cotton,CT=F
2021-07-29,90.76000213623047,Cotton,CT=F
2021-07-30,89.83000183105469,Cotton,CT=F
2021-08-02,90.06999969482422,Cotton,CT=F
2021-08-03,90.30000305175781,Cotton,CT=F
2021-08-04,90.720001220703125,Cotton,CT=F
2021-08-05,91.16999816894531,Cotton,CT=F
2021-08-06,92.41999816894531,Cotton,CT=F
2021-08-09,91.30000305175781,Cotton,CT=F
2021-08-10,92.73999786376953,Cotton,CT=F
2021-08-11,91.63999938964844,Cotton,CT=F
2021-08-12,93.7699966430664,Cotton,CT=F
2021-08-13,95.20999908447266,Cotton,CT=F
2021-08-16,94.8499984741211,Cotton,CT=F
2021-08-17,95.69999694824219,Cotton,CT=F
2021-08-18,95.5199966430664,Cotton,CT=F
2021-08-19,93.470001220703125,Cotton,CT=F
2021-08-20,93.9000015258789,Cotton,CT=F
2021-08-23,94.54000091552734,Cotton,CT=F
2021-08-24,95.76000213623047,Cotton,CT=F
2021-08-25,95.94999694824219,Cotton,CT=F
2021-08-26,95.36000061035156,Cotton,CT=F
2021-08-27,96.2699966430664,Cotton,CT=F
2021-08-30,95.61000061035156,Cotton,CT=F
2021-08-31,93.910003662109375,Cotton,CT=F
2021-09-01,94.1500015258789,Cotton,CT=F
2021-09-02,95.13999938964844,Cotton,CT=F
2021-09-03,95.62000274658203,Cotton,CT=F
2021-09-07,95.410003662109375,Cotton,CT=F
2021-09-08,95.19999694824219,Cotton,CT=F
2021-09-09,94.55999755859375,Cotton,CT=F
2021-09-10,95.2300033569336,Cotton,CT=F
2021-09-13,94.410003662109375,Cotton,CT=F
2021-09-14,94.95999908447266,Cotton,CT=F
2021-09-15,94.66999816894531,Cotton,CT=F
2021-09-16,93.410003662109375,Cotton,CT=F
2021-09-17,93.31999969482422,Cotton,CT=F
2021-09-20,89.88999938964844,Cotton,CT=F
2021-09-21,91.18000030517578,Cotton,CT=F
2021-09-22,91.83000183105469,Cotton,CT=F
2021-09-23,93.30999755859375,Cotton,CT=F
2021-09-24,96.8499984741211,Cotton,CT=F
2021-09-27,98.910003662109375,Cotton,CT=F
2021-09-28,100.91000366210938,Cotton,CT=F
2021-09-29,103.94000244140625,Cotton,CT=F
2021-09-30,107.80000305175781,Cotton,CT=F
2021-10-01,106.52999877929688,Cotton,CT=F
2021-10-04,106.93000030517578,Cotton,CT=F
2021-10-05,110.93000030517578,Cotton,CT=F
2021-10-06,113.0999984741211,Cotton,CT=F
2021-10-07,113.6500015258789,Cotton,CT=F
2021-10-08,110.5999984741211,Cotton,CT=F
2021-10-11,109.79000091552734,Cotton,CT=F
2021-10-12,106.37999725341797,Cotton,CT=F
2021-10-13,103.86000061035156,Cotton,CT=F
2021-10-14,107.0999984741211,Cotton,CT=F
2021-10-15,107.33000183105469,Cotton,CT=F
2021-10-18,107.04000091552734,Cotton,CT=F
2021-10-19,107.83000183105469,Cotton,CT=F
2021-10-20,110.7300033569336,Cotton,CT=F
2021-10-21,106.13999938964844,Cotton,CT=F
2021-10-22,108.26000213623047,Cotton,CT=F
2021-10-25,108.54000091552734,Cotton,CT=F
2021-10-26,108.70999908447266,Cotton,CT=F
2021-10-27,110.5199966430664,Cotton,CT=F
2021-10-28,113.7300033569336,Cotton,CT=F
2021-10-29,114.8499984741211,Cotton,CT=F
2021-11-01,119.83999633789063,Cotton,CT=F
2021-11-02,117.25,Cotton,CT=F
2021-11-03,118.81999969482422,Cotton,CT=F
2021-11-04,116.45999908447266,Cotton,CT=F
2021-11-05,116.87000274658203,Cotton,CT=F
2021-11-08,116.55000305175781,Cotton,CT=F
2021-11-09,119.37999725341797,Cotton,CT=F
2021-11-10,118.68000030517578,Cotton,CT=F
2021-11-11,118.54000091552734,Cotton,CT=F
2021-11-12,117.69000244140625,Cotton,CT=F
2021-11-15,117.62000274658203,Cotton,CT=F
2021-11-16,117.9800033569336,Cotton,CT=F
2021-11-17,119.69999694824219,Cotton,CT=F
2021-11-18,117.58999633789063,Cotton,CT=F
2021-11-19,119.22000122070313,Cotton,CT=F
2021-11-22,117.70999908447266,Cotton,CT=F
2021-11-23,120.36000061035156,Cotton,CT=F
2021-11-24,120.37999725341797,Cotton,CT=F
2021-11-26,116.5999984741211,Cotton,CT=F
2021-11-29,116.6500015258789,Cotton,CT=F
2021-11-30,111.6500015258789,Cotton,CT=F
2021-12-01,109.38999938964844,Cotton,CT=F
2021-12-02,108.9000015258789,Cotton,CT=F
2021-12-03,109.30000305175781,Cotton,CT=F
2021-12-06,112.01000213623047,Cotton,CT=F
2021-12-07,111.2699966430664,Cotton,CT=F
2021-12-08,111.55000305175781,Cotton,CT=F
2021-12-09,106.58999633789063,Cotton,CT=F
2021-12-10,106.2300033569336,Cotton,CT=F
2021-12-13,106.80999755859375,Cotton,CT=F
2021-12-14,105.9000015258789,Cotton,CT=F
2021-12-15,105.79000091552734,Cotton,CT=F
2021-12-16,109.68000030517578,Cotton,CT=F
2021-12-17,107.30000305175781,Cotton,CT=F
2021-12-20,105.54000091552734,Cotton,CT=F
2021-12-21,107.2699966430664,Cotton,CT=F
2021-12-22,108.83000183105469,Cotton,CT=F
2021-12-23,109.12000274658203,Cotton,CT=F
2021-12-27,112.27999877929688,Cotton,CT=F
2021-12-28,110.05000305175781,Cotton,CT=F
2021-12-29,112.98999786376953,Cotton,CT=F
2021-12-30,114.33999633789063,Cotton,CT=F
2021-12-31,112.5999984741211,Cotton,CT=F
2022-01-03,113.2300033569336,Cotton,CT=F
2022-01-04,116.38999938964844,Cotton,CT=F
2022-01-05,116.27999877929688,Cotton,CT=F
2022-01-06,114.72000122070313,Cotton,CT=F
2022-01-07,115.12000274658203,Cotton,CT=F
2022-01-10,115.22000122070313,Cotton,CT=F
2022-01-11,116.0199966430664,Cotton,CT=F
2022-01-12,117.63999938964844,Cotton,CT=F
2022-01-13,116.83999633789063,Cotton,CT=F
2022-01-14,119.69999694824219,Cotton,CT=F
2022-01-18,121.08000183105469,Cotton,CT=F
2022-01-19,123.94999694824219,Cotton,CT=F
2022-01-20,122.87000274658203,Cotton,CT=F
2022-01-21,120.75,Cotton,CT=F
2022-01-24,120.37999725341797,Cotton,CT=F
2022-01-25,120.91999816894531,Cotton,CT=F
2022-01-26,122.33000183105469,Cotton,CT=F
2022-01-27,121.62999725341797,Cotton,CT=F
2022-01-28,123.76000213623047,Cotton,CT=F
2022-01-31,127.56999969482422,Cotton,CT=F
2022-02-01,127.33000183105469,Cotton,CT=F
2022-02-02,126.33000183105469,Cotton,CT=F
2022-02-03,127.62000274658203,Cotton,CT=F
2022-02-04,126.73999786376953,Cotton,CT=F
2022-02-07,125.56999969482422,Cotton,CT=F
2022-02-08,127.1500015258789,Cotton,CT=F
2022-02-09,126.43000030517578,Cotton,CT=F
2022-02-10,125.66000366210938,Cotton,CT=F
2022-02-11,125.27999877929688,Cotton,CT=F
2022-02-14,122.93000030517578,Cotton,CT=F
2022-02-15,123.04000091552734,Cotton,CT=F
2022-02-16,121.91000366210938,Cotton,CT=F
2022-02-17,121.93000030517578,Cotton,CT=F
2022-02-18,122.98999786376953,Cotton,CT=F
2022-02-22,121.11000061035156,Cotton,CT=F
2022-02-23,122.4000015258789,Cotton,CT=F
2022-02-24,122.58999633789063,Cotton,CT=F
2022-02-25,122.12000274658203,Cotton,CT=F
2022-02-28,122.56999969482422,Cotton,CT=F
2022-03-01,126.3499984741211,Cotton,CT=F
2022-03-02,122.04000091552734,Cotton,CT=F
2022-03-03,123.55000305175781,Cotton,CT=F
2022-03-04,120.19999694824219,Cotton,CT=F
2022-03-07,120.66000366210938,Cotton,CT=F
2022-03-08,122.16999816894531,Cotton,CT=F
2022-03-09,121.66999816894531,Cotton,CT=F
2022-03-10,116.86000061035156,Cotton,CT=F
2022-03-11,121.02999877929688,Cotton,CT=F
2022-03-14,118.7699966430664,Cotton,CT=F
2022-03-15,118.5999984741211,Cotton,CT=F
2022-03-16,119.80000305175781,Cotton,CT=F
2022-03-17,121.86000061035156,Cotton,CT=F
2022-03-18,126.86000061035156,Cotton,CT=F
2022-03-21,130.00999450683594,Cotton,CT=F
2022-03-22,130.0399932861328,Cotton,CT=F
2022-03-23,130.02999877929688,Cotton,CT=F
2022-03-24,130.89999389648438,Cotton,CT=F
2022-03-25,135.89999389648438,Cotton,CT=F
2022-03-28,139.07000732421875,Cotton,CT=F
2022-03-29,136.80999755859375,Cotton,CT=F
2022-03-30,139.83999633789063,Cotton,CT=F
2022-03-31,135.69000244140625,Cotton,CT=F
2022-04-01,134.5500030517578,Cotton,CT=F
2022-04-04,137.94000244140625,Cotton,CT=F
2022-04-05,137.52999877929688,Cotton,CT=F
2022-04-06,135.69000244140625,Cotton,CT=F
2022-04-07,133.1999969482422,Cotton,CT=F
2022-04-08,132.41000366210938,Cotton,CT=F
2022-04-11,135.2899932861328,Cotton,CT=F
2022-04-12,138.50999450683594,Cotton,CT=F
2022-04-13,142.77000427246094,Cotton,CT=F
2022-04-14,141.97999572753906,Cotton,CT=F
2022-04-18,144.74000549316406,Cotton,CT=F
2022-04-19,139.67999267578125,Cotton,CT=F
2022-04-20,140.38999938964844,Cotton,CT=F
2022-04-21,138.58999633789063,Cotton,CT=F
2022-04-22,139.4600067138672,Cotton,CT=F
2022-04-25,141.41000366210938,Cotton,CT=F
2022-04-26,142.52999877929688,Cotton,CT=F
2022-04-27,146.0800018310547,Cotton,CT=F
2022-04-28,153.0800018310547,Cotton,CT=F
2022-04-29,152.3300018310547,Cotton,CT=F
2022-05-02,157.16000366210938,Cotton,CT=F
2022-05-03,153.3300018310547,Cotton,CT=F
2022-05-04,158.02000427246094,Cotton,CT=F
2022-05-05,152.02000427246094,Cotton,CT=F
2022-05-06,146.8699951171875,Cotton,CT=F
2022-05-09,142.92999267578125,Cotton,CT=F
2022-05-10,142.94000244140625,Cotton,CT=F
2022-05-11,143.60000610351563,Cotton,CT=F
2022-05-12,145.52999877929688,Cotton,CT=F
2022-05-13,145.1999969482422,Cotton,CT=F
2022-05-16,150.64999389648438,Cotton,CT=F
2022-05-17,148.4600067138672,Cotton,CT=F
2022-05-18,144.47000122070313,Cotton,CT=F
2022-05-19,147.6999969482422,Cotton,CT=F
2022-05-20,142.27000427246094,Cotton,CT=F
2022-05-23,142.75,Cotton,CT=F
2022-05-24,141.5399932861328,Cotton,CT=F
2022-05-25,145.16000366210938,Cotton,CT=F
2022-05-26,140.61000061035156,Cotton,CT=F
2022-05-27,139.4199981689453,Cotton,CT=F
2022-05-31,138.97999572753906,Cotton,CT=F
2022-06-01,136.05999755859375,Cotton,CT=F
2022-06-02,139.11000061035156,Cotton,CT=F
2022-06-03,138.17999267578125,Cotton,CT=F
2022-06-06,137.74000549316406,Cotton,CT=F
2022-06-07,136.9499969482422,Cotton,CT=F
2022-06-08,140.6199951171875,Cotton,CT=F
2022-06-09,146.50999450683594,Cotton,CT=F
2022-06-10,145.05999755859375,Cotton,CT=F
2022-06-13,145.66000366210938,Cotton,CT=F
2022-06-14,143.47999572753906,Cotton,CT=F
2022-06-15,143.17999267578125,Cotton,CT=F
2022-06-16,143.52999877929688,Cotton,CT=F
2022-06-17,143.4499969482422,Cotton,CT=F
2022-06-21,143.50999450683594,Cotton,CT=F
2022-06-22,143.32000732421875,Cotton,CT=F
2022-06-23,136.32000732421875,Cotton,CT=F
2022-06-24,103.76000213623047,Cotton,CT=F
2022-06-27,100.3499984741211,Cotton,CT=F
2022-06-28,100.12000274658203,Cotton,CT=F
2022-06-29,104.27999877929688,Cotton,CT=F
2022-06-30,103.94000244140625,Cotton,CT=F
2022-07-01,103.68000030517578,Cotton,CT=F
2022-07-05,99.68000030517578,Cotton,CT=F
2022-07-06,94.69000244140625,Cotton,CT=F
2022-07-07,98.12000274658203,Cotton,CT=F
2022-07-08,102.61000061035156,Cotton,CT=F
2022-07-11,102.44000244140625,Cotton,CT=F
2022-07-12,98.44000244140625,Cotton,CT=F
2022-07-13,95.410003662109375,Cotton,CT=F
2022-07-14,91.410003662109375,Cotton,CT=F
2022-07-15,96.410003662109375,Cotton,CT=F
2022-07-18,100.41999816894531,Cotton,CT=F
2022-07-19,100.19999694824219,Cotton,CT=F
2022-07-20,100.37999725341797,Cotton,CT=F
2022-07-21,99.5999984741211,Cotton,CT=F
2022-07-22,99.43000030517578,Cotton,CT=F
2022-07-25,97.5199966430664,Cotton,CT=F
2022-07-26,99.69000244140625,Cotton,CT=F
2022-07-27,99.83000183105469,Cotton,CT=F
2022-07-28,102.37000274658203,Cotton,CT=F
2022-07-29,103.12999725341797,Cotton,CT=F
2022-08-01,100.29000091552734,Cotton,CT=F
2022-08-02,100.87000274658203,Cotton,CT=F
2022-08-03,100.36000061035156,Cotton,CT=F
2022-08-04,100.12000274658203,Cotton,CT=F
2022-08-05,101.68000030517578,Cotton,CT=F
2022-08-08,101.58000183105469,Cotton,CT=F
2022-08-09,104.54000091552734,Cotton,CT=F
2022-08-10,106.75,Cotton,CT=F
2022-08-11,110.44000244140625,Cotton,CT=F
2022-08-12,114.44000244140625,Cotton,CT=F
2022-08-15,119.44000244140625,Cotton,CT=F
2022-08-16,122.25,Cotton,CT=F
2022-08-17,118.31999969482422,Cotton,CT=F
2022-08-18,117.12000274658203,Cotton,CT=F
2022-08-19,119.75,Cotton,CT=F
2022-08-22,117.88999938964844,Cotton,CT=F
2022-08-23,116.26000213623047,Cotton,CT=F
2022-08-24,117.56999969482422,Cotton,CT=F
2022-08-25,117.18000030517578,Cotton,CT=F
2022-08-26,122.12000274658203,Cotton,CT=F
2022-08-29,122.0199966430664,Cotton,CT=F
2022-08-30,117.47000122070313,Cotton,CT=F
2022-08-31,118.29000091552734,Cotton,CT=F
2022-09-01,113.29000091552734,Cotton,CT=F
2022-09-02,108.38999938964844,Cotton,CT=F
2022-09-06,108.29000091552734,Cotton,CT=F
2022-09-07,106.0999984741211,Cotton,CT=F
2022-09-08,108.31999969482422,Cotton,CT=F
2022-09-09,109.5199966430664,Cotton,CT=F
2022-09-12,110.20999908447266,Cotton,CT=F
2022-09-13,106.31999969482422,Cotton,CT=F
2022-09-14,107.08999633789063,Cotton,CT=F
2022-09-15,105.23999786376953,Cotton,CT=F
2022-09-16,101.23999786376953,Cotton,CT=F
2022-09-19,97.54000091552734,Cotton,CT=F
2022-09-20,93.54000091552734,Cotton,CT=F
2022-09-21,97.25,Cotton,CT=F
2022-09-22,96.83000183105469,Cotton,CT=F
2022-09-23,94.48999786376953,Cotton,CT=F
2022-09-26,90.31999969482422,Cotton,CT=F
2022-09-27,90.04000091552734,Cotton,CT=F
2022-09-28,90.44000244140625,Cotton,CT=F
2022-09-29,87.11000061035156,Cotton,CT=F
2022-09-30,93.220001220703125,Cotton,CT=F
2022-10-03,92.13999938964844,Cotton,CT=F
2022-10-04,96.13999938964844,Cotton,CT=F
2022-10-05,91.2300033569336,Cotton,CT=F
2022-10-06,90.9000015258789,Cotton,CT=F
2022-10-07,92.2300033569336,Cotton,CT=F
2022-10-10,88.2300033569336,Cotton,CT=F
2022-10-11,88.86000061035156,Cotton,CT=F
2022-10-12,84.91999816894531,Cotton,CT=F
2022-10-13,84.79000091552734,Cotton,CT=F
2022-10-14,83.1500015258789,Cotton,CT=F
2022-10-17,83.089996337890625,Cotton,CT=F
2022-10-18,82.29000091552734,Cotton,CT=F
2022-10-19,78.29000091552734,Cotton,CT=F
2022-10-20,77.4000015258789,Cotton,CT=F
2022-10-21,79.12999725341797,Cotton,CT=F
2022-10-24,76.12999725341797,Cotton,CT=F
2022-10-25,78.470001220703125,Cotton,CT=F
2022-10-26,77.81999969482422,Cotton,CT=F
2022-10-27,75.11000061035156,Cotton,CT=F
2022-10-28,72.11000061035156,Cotton,CT=F
2022-10-31,72,Cotton,CT=F
2022-11-01,75,Cotton,CT=F
2022-11-02,79,Cotton,CT=F
2022-11-03,83,Cotton,CT=F
2022-11-04,86.93000030517578,Cotton,CT=F
2022-11-07,87.48999786376953,Cotton,CT=F
2022-11-08,87.68000030517578,Cotton,CT=F
2022-11-09,86.5,Cotton,CT=F
2022-11-10,86.37999725341797,Cotton,CT=F
2022-11-11,88.19999694824219,Cotton,CT=F
2022-11-14,85.279998779296875,Cotton,CT=F
2022-11-15,88.73999786376953,Cotton,CT=F
2022-11-16,88.44000244140625,Cotton,CT=F
2022-11-17,87.04000091552734,Cotton,CT=F
2022-11-18,85.160003662109375,Cotton,CT=F
2022-11-21,81.160003662109375,Cotton,CT=F
2022-11-22,83.220001220703125,Cotton,CT=F
2022-11-23,83.94000244140625,Cotton,CT=F
2022-11-25,81.339996337890625,Cotton,CT=F
2022-11-28,80.19999694824219,Cotton,CT=F
2022-11-29,81.5999984741211,Cotton,CT=F
2022-11-30,86.05000305175781,Cotton,CT=F
2022-12-01,85.93000030517578,Cotton,CT=F
2022-12-02,84.279998779296875,Cotton,CT=F
2022-12-05,84.94000244140625,Cotton,CT=F
2022-12-06,85.38999938964844,Cotton,CT=F
2022-12-07,82.61000061035156,Cotton,CT=F
2022-12-08,80.8499984741211,Cotton,CT=F
2022-12-09,80.94999694824219,Cotton,CT=F
2022-12-12,79.38999938964844,Cotton,CT=F
2022-12-13,81.62999725341797,Cotton,CT=F
2022-12-14,81.37000274658203,Cotton,CT=F
2022-12-15,81.029998779296875,Cotton,CT=F
2022-12-16,81.91999816894531,Cotton,CT=F
2022-12-19,84.08000183105469,Cotton,CT=F
2022-12-20,87.839996337890625,Cotton,CT=F
2022-12-21,88.30000305175781,Cotton,CT=F
2022-12-22,84.30000305175781,Cotton,CT=F
2022-12-23,85.20999908447266,Cotton,CT=F
2022-12-27,84.23999786376953,Cotton,CT=F
2022-12-28,83.26000213623047,Cotton,CT=F
2022-12-29,82.63999938964844,Cotton,CT=F
2022-12-30,83.37000274658203,Cotton,CT=F
2023-01-03,83.13999938964844,Cotton,CT=F
2023-01-04,80.44000244140625,Cotton,CT=F
2023-01-05,82.58000183105469,Cotton,CT=F
2023-01-06,85.68000030517578,Cotton,CT=F
2023-01-09,86.220001220703125,Cotton,CT=F
2023-01-10,84.76000213623047,Cotton,CT=F
2023-01-11,84.26000213623047,Cotton,CT=F
2023-01-12,82.04000091552734,Cotton,CT=F
2023-01-13,82.29000091552734,Cotton,CT=F
2023-01-17,82.81999969482422,Cotton,CT=F
2023-01-18,84.80999755859375,Cotton,CT=F
2023-01-19,83.38999938964844,Cotton,CT=F
2023-01-20,86.69999694824219,Cotton,CT=F
2023-01-23,87.38999938964844,Cotton,CT=F
2023-01-24,86.23999786376953,Cotton,CT=F
2023-01-25,86.660003662109375,Cotton,CT=F
2023-01-26,87.5,Cotton,CT=F
2023-01-27,86.88999938964844,Cotton,CT=F
2023-01-30,85.0999984741211,Cotton,CT=F
2023-01-31,86.220001220703125,Cotton,CT=F
2023-02-01,85.61000061035156,Cotton,CT=F
2023-02-02,86.38999938964844,Cotton,CT=F
2023-02-03,85.43000030517578,Cotton,CT=F
2023-02-06,83.2699966430664,Cotton,CT=F
2023-02-07,85.62999725341797,Cotton,CT=F
2023-02-08,85.37000274658203,Cotton,CT=F
2023-02-09,85.5,Cotton,CT=F
2023-02-10,85.2699966430664,Cotton,CT=F
2023-02-13,85.63999938964844,Cotton,CT=F
2023-02-14,85.4000015258789,Cotton,CT=F
2023-02-15,82.55000305175781,Cotton,CT=F
2023-02-16,81.25,Cotton,CT=F
2023-02-17,80.25,Cotton,CT=F
2023-02-21,80.91999816894531,Cotton,CT=F
2023-02-22,82.25,Cotton,CT=F
2023-02-23,82.410003662109375,Cotton,CT=F
2023-02-24,85.12999725341797,Cotton,CT=F
2023-02-27,85,Cotton,CT=F
2023-02-28,84.19000244140625,Cotton,CT=F
2023-03-01,84.56999969482422,Cotton,CT=F
2023-03-02,82.8499984741211,Cotton,CT=F
2023-03-03,84.37000274658203,Cotton,CT=F
2023-03-06,84.86000061035156,Cotton,CT=F
2023-03-07,82.88999938964844,Cotton,CT=F
2023-03-08,82.73999786376953,Cotton,CT=F
2023-03-09,82.30000305175781,Cotton,CT=F
2023-03-10,78.18000030517578,Cotton,CT=F
2023-03-13,81.18000030517578,Cotton,CT=F
2023-03-14,81.37000274658203,Cotton,CT=F
2023-03-15,79.11000061035156,Cotton,CT=F
2023-03-16,79.160003662109375,Cotton,CT=F
2023-03-17,77.83000183105469,Cotton,CT=F
2023-03-20,77.220001220703125,Cotton,CT=F
2023-03-21,77.8499984741211,Cotton,CT=F
2023-03-22,78.279998779296875,Cotton,CT=F
2023-03-23,77.58000183105469,Cotton,CT=F
2023-03-24,76.54000091552734,Cotton,CT=F
2023-03-27,79.5199966430664,Cotton,CT=F
2023-03-28,82.5199966430664,Cotton,CT=F
2023-03-29,82.76000213623047,Cotton,CT=F
2023-03-30,83.5,Cotton,CT=F
2023-03-31,82.779998779296875,Cotton,CT=F
2023-04-03,82.37999725341797,Cotton,CT=F
2023-04-04,81.05000305175781,Cotton,CT=F
2023-04-05,81.06999969482422,Cotton,CT=F
2023-04-06,83.19999694824219,Cotton,CT=F
2023-04-10,82.44999694824219,Cotton,CT=F
2023-04-11,82.75,Cotton,CT=F
2023-04-12,82.44999694824219,Cotton,CT=F
2023-04-13,83.3499984741211,Cotton,CT=F
2023-04-14,82.86000061035156,Cotton,CT=F
2023-04-17,83.30000305175781,Cotton,CT=F
2023-04-18,84.55000305175781,Cotton,CT=F
2023-04-19,83.23999786376953,Cotton,CT=F
2023-04-20,79.23999786376953,Cotton,CT=F
2023-04-21,78.410003662109375,Cotton,CT=F
2023-04-24,78.9800033569336,Cotton,CT=F
2023-04-25,77,Cotton,CT=F
2023-04-26,76.51000213623047,Cotton,CT=F
2023-04-27,78.62999725341797,Cotton,CT=F
2023-04-28,79.029998779296875,Cotton,CT=F
2023-05-01,79.54000091552734,Cotton,CT=F
2023-05-02,78.5999984741211,Cotton,CT=F
2023-05-03,76.98999786376953,Cotton,CT=F
2023-05-04,79.98999786376953,Cotton,CT=F
2023-05-05,82.12999725341797,Cotton,CT=F
2023-05-08,81.529998779296875,Cotton,CT=F
2023-05-09,80.98999786376953,Cotton,CT=F
2023-05-10,80.76000213623047,Cotton,CT=F
2023-05-11,79.62000274658203,Cotton,CT=F
2023-05-12,80.529998779296875,Cotton,CT=F
2023-05-15,82.37000274658203,Cotton,CT=F
2023-05-16,83.37999725341797,Cotton,CT=F
2023-05-17,86.94000244140625,Cotton,CT=F
2023-05-18,86.660003662109375,Cotton,CT=F
2023-05-19,86.720001220703125,Cotton,CT=F
2023-05-22,85.31999969482422,Cotton,CT=F
2023-05-23,84.3499984741211,Cotton,CT=F
2023-05-24,81.720001220703125,Cotton,CT=F
2023-05-25,80.12000274658203,Cotton,CT=F
2023-05-26,83.3499984741211,Cotton,CT=F
2023-05-30,83.98999786376953,Cotton,CT=F
2023-05-31,83.4800033569336,Cotton,CT=F
2023-06-01,86.41999816894531,Cotton,CT=F
2023-06-02,86.05000305175781,Cotton,CT=F
2023-06-05,84.79000091552734,Cotton,CT=F
2023-06-06,85.339996337890625,Cotton,CT=F
2023-06-07,85.01000213623047,Cotton,CT=F
2023-06-08,84.30999755859375,Cotton,CT=F
2023-06-09,84.04000091552734,Cotton,CT=F
2023-06-12,83.48999786376953,Cotton,CT=F
2023-06-13,82.720001220703125,Cotton,CT=F
2023-06-14,81.79000091552734,Cotton,CT=F
2023-06-15,80.63999938964844,Cotton,CT=F
2023-06-16,81.45999908447266,Cotton,CT=F
2023-06-20,80.660003662109375,Cotton,CT=F
2023-06-21,79.30999755859375,Cotton,CT=F
2023-06-22,79.29000091552734,Cotton,CT=F
2023-06-23,78.05999755859375,Cotton,CT=F
2023-06-26,77.06999969482422,Cotton,CT=F
2023-06-27,77.63999938964844,Cotton,CT=F
2023-06-28,80.12000274658203,Cotton,CT=F
2023-06-29,81.25,Cotton,CT=F
2023-06-30,82.839996337890625,Cotton,CT=F
2023-07-03,83.43000030517578,Cotton,CT=F
2023-07-05,82.44999694824219,Cotton,CT=F
2023-07-06,82.87999725341797,Cotton,CT=F
2023-07-07,81.19999694824219,Cotton,CT=F
2023-07-10,79.94999694824219,Cotton,CT=F
2023-07-11,82.94999694824219,Cotton,CT=F
2023-07-12,82.51000213623047,Cotton,CT=F
2023-07-13,82.79000091552734,Cotton,CT=F
2023-07-14,82.660003662109375,Cotton,CT=F
2023-07-17,83.48999786376953,Cotton,CT=F
2023-07-18,83.779998779296875,Cotton,CT=F
2023-07-19,85.62000274658203,Cotton,CT=F
2023-07-20,85.93000030517578,Cotton,CT=F
2023-07-21,85.08000183105469,Cotton,CT=F
2023-07-24,85.58000183105469,Cotton,CT=F
2023-07-25,88.55000305175781,Cotton,CT=F
2023-07-26,89.9800033569336,Cotton,CT=F
2023-07-27,86.62000274658203,Cotton,CT=F
2023-07-28,85.05999755859375,Cotton,CT=F
2023-07-31,85.44000244140625,Cotton,CT=F
2023-08-01,86.87000274658203,Cotton,CT=F
2023-08-02,85.08000183105469,Cotton,CT=F
2023-08-03,85.279998779296875,Cotton,CT=F
2023-08-04,85.2699966430664,Cotton,CT=F
2023-08-07,86.37999725341797,Cotton,CT=F
2023-08-08,86.19999694824219,Cotton,CT=F
2023-08-09,86.11000061035156,Cotton,CT=F
2023-08-10,87.29000091552734,Cotton,CT=F
2023-08-11,89.29000091552734,Cotton,CT=F
2023-08-14,87.6500015258789,Cotton,CT=F
2023-08-15,86.19999694824219,Cotton,CT=F
2023-08-16,85.31999969482422,Cotton,CT=F
2023-08-17,84.36000061035156,Cotton,CT=F
2023-08-18,84.31999969482422,Cotton,CT=F
2023-08-21,84.45999908447266,Cotton,CT=F
2023-08-22,84.98999786376953,Cotton,CT=F
2023-08-23,86.20999908447266,Cotton,CT=F
2023-08-24,86.089996337890625,Cotton,CT=F
2023-08-25,87.51000213623047,Cotton,CT=F
2023-08-28,87.06999969482422,Cotton,CT=F
2023-08-29,87.089996337890625,Cotton,CT=F
2023-08-30,88.279998779296875,Cotton,CT=F
2023-08-31,88.0999984741211,Cotton,CT=F
2023-09-01,89.61000061035156,Cotton,CT=F
2023-09-05,88,Cotton,CT=F
2023-09-06,86,Cotton,CT=F
2023-09-07,83.62000274658203,Cotton,CT=F
2023-09-08,84.410003662109375,Cotton,CT=F
2023-09-11,86.970001220703125,Cotton,CT=F
2023-09-12,87.48999786376953,Cotton,CT=F
2023-09-13,85.66999816894531,Cotton,CT=F
2023-09-14,86.470001220703125,Cotton,CT=F
2023-09-15,85.38999938964844,Cotton,CT=F
2023-09-18,85.54000091552734,Cotton,CT=F
2023-09-19,86.05999755859375,Cotton,CT=F
2023-09-20,85.37000274658203,Cotton,CT=F
2023-09-21,84.87000274658203,Cotton,CT=F
2023-09-22,84.04000091552734,Cotton,CT=F
2023-09-25,86.41999816894531,Cotton,CT=F
2023-09-26,88.18000030517578,Cotton,CT=F
2023-09-27,88.4000015258789,Cotton,CT=F
2023-09-28,88.7300033569336,Cotton,CT=F
2023-09-29,86.86000061035156,Cotton,CT=F
2023-10-02,87.45999908447266,Cotton,CT=F
2023-10-03,87.13999938964844,Cotton,CT=F
2023-10-04,86.720001220703125,Cotton,CT=F
2023-10-05,86.25,Cotton,CT=F
2023-10-06,86.8499984741211,Cotton,CT=F
2023-10-09,86.66999816894531,Cotton,CT=F
2023-10-10,85.44999694824219,Cotton,CT=F
2023-10-11,85.05000305175781,Cotton,CT=F
2023-10-12,84.91999816894531,Cotton,CT=F
2023-10-13,86.05999755859375,Cotton,CT=F
2023-10-16,85.1500015258789,Cotton,CT=F
2023-10-17,83.2300033569336,Cotton,CT=F
2023-10-18,84.23999786376953,Cotton,CT=F
2023-10-19,84.2699966430664,Cotton,CT=F
2023-10-20,82.4000015258789,Cotton,CT=F
2023-10-23,83.7300033569336,Cotton,CT=F
2023-10-24,82.93000030517578,Cotton,CT=F
2023-10-25,83.80999755859375,Cotton,CT=F
2023-10-26,84.589996337890625,Cotton,CT=F
2023-10-27,84.37999725341797,Cotton,CT=F
2023-10-30,82.910003662109375,Cotton,CT=F
2023-10-31,81.220001220703125,Cotton,CT=F
2023-11-01,79.44000244140625,Cotton,CT=F
2023-11-02,79.80000305175781,Cotton,CT=F
2023-11-03,79.62000274658203,Cotton,CT=F
2023-11-06,78,Cotton,CT=F
2023-11-07,76.4800033569336,Cotton,CT=F
2023-11-08,74.88999938964844,Cotton,CT=F
2023-11-09,76.5199966430664,Cotton,CT=F
2023-11-10,77.31999969482422,Cotton,CT=F
2023-11-13,77.4800033569336,Cotton,CT=F
2023-11-14,78.68000030517578,Cotton,CT=F
2023-11-15,78.410003662109375,Cotton,CT=F
2023-11-16,78.68000030517578,Cotton,CT=F
2023-11-17,78.91999816894531,Cotton,CT=F
2023-11-20,77.970001220703125,Cotton,CT=F
2023-11-21,77.339996337890625,Cotton,CT=F
2023-11-22,79.58000183105469,Cotton,CT=F
2023-11-23,79.58000183105469,Cotton,CT=F
2023-11-24,80.38999938964844,Cotton,CT=F
2023-11-27,78.589996337890625,Cotton,CT=F
2023-11-28,78.5999984741211,Cotton,CT=F
2023-11-29,78.589996337890625,Cotton,CT=F
2023-11-30,79.4000015258789,Cotton,CT=F
2023-12-01,78.41999816894531,Cotton,CT=F
2023-12-04,77.68000030517578,Cotton,CT=F
2023-12-05,78.68000030517578,Cotton,CT=F
2023-12-06,78.75,Cotton,CT=F
2023-12-07,82.589996337890625,Cotton,CT=F
2023-12-08,81.44000244140625,Cotton,CT=F
2023-12-11,82,Cotton,CT=F
2023-12-12,81.05000305175781,Cotton,CT=F
2023-12-13,81.18000030517578,Cotton,CT=F
2023-12-14,80.80999755859375,Cotton,CT=F
2023-12-15,79.93000030517578,Cotton,CT=F
2023-12-18,79.0999984741211,Cotton,CT=F
2023-12-19,79.45999908447266,Cotton,CT=F
2023-12-20,79.20999908447266,Cotton,CT=F
2023-12-21,79.12999725341797,Cotton,CT=F
2023-12-22,79.76000213623047,Cotton,CT=F
2023-12-26,80.05000305175781,Cotton,CT=F
2023-12-27,80.529998779296875,Cotton,CT=F
2023-12-28,80.94999694824219,Cotton,CT=F
2023-12-29,81,Cotton,CT=F
2024-01-02,79.94000244140625,Cotton,CT=F
2024-01-03,80.93000030517578,Cotton,CT=F
2024-01-04,80.12000274658203,Cotton,CT=F
2024-01-05,80.19000244140625,Cotton,CT=F
2024-01-08,80.41999816894531,Cotton,CT=F
2024-01-09,80.7300033569336,Cotton,CT=F
2024-01-10,80.18000030517578,Cotton,CT=F
2024-01-11,81.36000061035156,Cotton,CT=F
2024-01-12,81.30999755859375,Cotton,CT=F
2024-01-16,81.33000183105469,Cotton,CT=F
2024-01-17,81.69999694824219,Cotton,CT=F
2024-01-18,82.51000213623047,Cotton,CT=F
2024-01-19,83.94999694824219,Cotton,CT=F
2024-01-22,84.83000183105469,Cotton,CT=F
2024-01-23,84.5999984741211,Cotton,CT=F
2024-01-24,85.4000015258789,Cotton,CT=F
2024-01-25,85.76000213623047,Cotton,CT=F
2024-01-26,84.37000274658203,Cotton,CT=F
2024-01-29,84.26000213623047,Cotton,CT=F
2024-01-30,84.779998779296875,Cotton,CT=F
2024-01-31,85.16999816894531,Cotton,CT=F
2024-02-01,86.48999786376953,Cotton,CT=F
2024-02-02,87.11000061035156,Cotton,CT=F
2024-02-05,87.04000091552734,Cotton,CT=F
2024-02-06,87.54000091552734,Cotton,CT=F
2024-02-07,88.470001220703125,Cotton,CT=F
2024-02-08,89.0999984741211,Cotton,CT=F
2024-02-09,91.779998779296875,Cotton,CT=F
2024-02-12,90.529998779296875,Cotton,CT=F
2024-02-13,91.5199966430664,Cotton,CT=F
2024-02-14,93.4800033569336,Cotton,CT=F
2024-02-15,94.62999725341797,Cotton,CT=F
2024-02-16,93.87000274658203,Cotton,CT=F
2024-02-20,91.19000244140625,Cotton,CT=F
2024-02-21,92.5999984741211,Cotton,CT=F
2024-02-22,94.19999694824219,Cotton,CT=F
2024-02-23,94.93000030517578,Cotton,CT=F
2024-02-26,96.58000183105469,Cotton,CT=F
2024-02-27,100.75,Cotton,CT=F
2024-02-28,103.06999969482422,Cotton,CT=F
2024-02-29,101.55999755859375,Cotton,CT=F
2024-03-01,97.55999755859375,Cotton,CT=F
2024-03-04,98.44000244140625,Cotton,CT=F
2024-03-05,98.0999984741211,Cotton,CT=F
2024-03-06,99.13999938964844,Cotton,CT=F
2024-03-07,99.279998779296875,Cotton,CT=F
2024-03-08,95.279998779296875,Cotton,CT=F
2024-03-11,95.05999755859375,Cotton,CT=F
2024-03-12,95.2300033569336,Cotton,CT=F
2024-03-13,94.9000015258789,Cotton,CT=F
2024-03-14,93.4800033569336,Cotton,CT=F
2024-03-15,93.94000244140625,Cotton,CT=F
2024-03-18,94.56999969482422,Cotton,CT=F
2024-03-19,93.339996337890625,Cotton,CT=F
2024-03-20,92.18000030517578,Cotton,CT=F
2024-03-21,92.20999908447266,Cotton,CT=F
2024-03-22,91.529998779296875,Cotton,CT=F
2024-03-25,92.0199966430664,Cotton,CT=F
2024-03-26,93.410003662109375,Cotton,CT=F
2024-03-27,90.7699966430664,Cotton,CT=F
2024-03-28,91.37999725341797,Cotton,CT=F
2024-04-01,92.76000213623047,Cotton,CT=F
2024-04-02,90.80999755859375,Cotton,CT=F
2024-04-03,88.9800033569336,Cotton,CT=F
2024-04-04,87.13999938964844,Cotton,CT=F
2024-04-05,86.25,Cotton,CT=F
2024-04-08,86.6500015258789,Cotton,CT=F
2024-04-09,86.04000091552734,Cotton,CT=F
2024-04-10,85.30999755859375,Cotton,CT=F
2024-04-11,83.37000274658203,Cotton,CT=F
2024-04-12,82.62000274658203,Cotton,CT=F
2024-04-15,82.93000030517578,Cotton,CT=F
2024-04-16,81.29000091552734,Cotton,CT=F
2024-04-17,79.55999755859375,Cotton,CT=F
2024-04-18,78.0999984741211,Cotton,CT=F
2024-04-19,78.69000244140625,Cotton,CT=F
2024-04-22,80.04000091552734,Cotton,CT=F
2024-04-23,80.220001220703125,Cotton,CT=F
2024-04-24,79.51000213623047,Cotton,CT=F
2024-04-25,79.58000183105469,Cotton,CT=F
2024-04-26,79.4000015258789,Cotton,CT=F
2024-04-29,80.0199966430664,Cotton,CT=F
2024-04-30,77.91999816894531,Cotton,CT=F
2024-05-01,75.80999755859375,Cotton,CT=F
2024-05-02,74.91999816894531,Cotton,CT=F
2024-05-03,77.36000061035156,Cotton,CT=F
2024-05-06,76.55999755859375,Cotton,CT=F
2024-05-07,77,Cotton,CT=F
2024-05-08,80.05999755859375,Cotton,CT=F
2024-05-09,78.5999984741211,Cotton,CT=F
2024-05-10,77.30999755859375,Cotton,CT=F
2024-05-13,77.62999725341797,Cotton,CT=F
2024-05-14,74.62999725341797,Cotton,CT=F
2024-05-15,75.410003662109375,Cotton,CT=F
2024-05-16,76.23999786376953,Cotton,CT=F
2024-05-17,75.88999938964844,Cotton,CT=F
2024-05-20,76.029998779296875,Cotton,CT=F
2024-05-21,76.37999725341797,Cotton,CT=F
2024-05-22,79.37999725341797,Cotton,CT=F
2024-05-23,81.720001220703125,Cotton,CT=F
2024-05-24,80.5199966430664,Cotton,CT=F
2024-05-28,82.43000030517578,Cotton,CT=F
2024-05-29,81.0999984741211,Cotton,CT=F
2024-05-30,77.76000213623047,Cotton,CT=F
2024-05-31,76.1500015258789,Cotton,CT=F
2024-06-03,73.1500015258789,Cotton,CT=F
2024-06-04,73.4800033569336,Cotton,CT=F
2024-06-05,74.44000244140625,Cotton,CT=F
2024-06-06,75.44000244140625,Cotton,CT=F
2024-06-07,73.839996337890625,Cotton,CT=F
2024-06-10,71.80999755859375,Cotton,CT=F
2024-06-11,72.7300033569336,Cotton,CT=F
2024-06-12,71.73999786376953,Cotton,CT=F
2024-06-13,71.3499984741211,Cotton,CT=F
2024-06-14,70.970001220703125,Cotton,CT=F
2024-06-17,69.94000244140625,Cotton,CT=F
2024-06-18,71.029998779296875,Cotton,CT=F
2024-06-20,70.8499984741211,Cotton,CT=F
2024-06-21,68.19000244140625,Cotton,CT=F
2024-06-24,71.29000091552734,Cotton,CT=F
2024-06-25,72.5999984741211,Cotton,CT=F
2024-06-26,72.69999694824219,Cotton,CT=F
2024-06-27,72.0199966430664,Cotton,CT=F
2024-06-28,69.80999755859375,Cotton,CT=F
2024-07-01,70.06999969482422,Cotton,CT=F
2024-07-02,69.33000183105469,Cotton,CT=F
2024-07-03,68.68000030517578,Cotton,CT=F
2024-07-05,67.30999755859375,Cotton,CT=F
2024-07-08,67.31999969482422,Cotton,CT=F
2024-07-09,66.95999908447266,Cotton,CT=F
2024-07-10,69.33000183105469,Cotton,CT=F
2024-07-11,69.05999755859375,Cotton,CT=F
2024-07-12,68.91999816894531,Cotton,CT=F
2024-07-15,70.86000061035156,Cotton,CT=F
2024-07-16,70.37000274658203,Cotton,CT=F
2024-07-17,71.12000274658203,Cotton,CT=F
2024-07-18,71.37000274658203,Cotton,CT=F
2024-07-19,69.9800033569336,Cotton,CT=F
2024-07-22,70.12999725341797,Cotton,CT=F
2024-07-23,68.029998779296875,Cotton,CT=F
2024-07-24,67.01000213623047,Cotton,CT=F
2024-07-25,67.20999908447266,Cotton,CT=F
2024-07-26,66.06999969482422,Cotton,CT=F
2024-07-29,67.51000213623047,Cotton,CT=F
2024-07-30,68.1500015258789,Cotton,CT=F
2024-07-31,67.9800033569336,Cotton,CT=F
2024-08-01,66.87999725341797,Cotton,CT=F
2024-08-02,67.18000030517578,Cotton,CT=F
2024-08-05,66.55000305175781,Cotton,CT=F
2024-08-06,66.19999694824219,Cotton,CT=F
2024-08-07,66.470001220703125,Cotton,CT=F
2024-08-08,65.79000091552734,Cotton,CT=F
2024-08-09,67.089996337890625,Cotton,CT=F
2024-08-12,68.29000091552734,Cotton,CT=F
2024-08-13,67.0999984741211,Cotton,CT=F
2024-08-14,66.18000030517578,Cotton,CT=F
2024-08-15,66.339996337890625,Cotton,CT=F
2024-08-16,66.45999908447266,Cotton,CT=F
2024-08-19,67.9800033569336,Cotton,CT=F
2024-08-20,68.80000305175781,Cotton,CT=F
2024-08-21,69.70999908447266,Cotton,CT=F
2024-08-22,69.589996337890625,Cotton,CT=F
2024-08-23,71.29000091552734,Cotton,CT=F
2024-08-26,70.58000183105469,Cotton,CT=F
2024-08-27,70.0199966430664,Cotton,CT=F
2024-08-28,68.73999786376953,Cotton,CT=F
2024-08-29,70.12999725341797,Cotton,CT=F
2024-08-30,69.79000091552734,Cotton,CT=F
2024-09-03,70.76000213623047,Cotton,CT=F
2024-09-04,69.88999938964844,Cotton,CT=F
2024-09-05,69.48999786376953,Cotton,CT=F
2024-09-06,67.12000274658203,Cotton,CT=F
2024-09-09,67.54000091552734,Cotton,CT=F
2024-09-10,68.08000183105469,Cotton,CT=F
2024-09-11,69.30999755859375,Cotton,CT=F
2024-09-12,70.05000305175781,Cotton,CT=F
2024-09-13,69.4800033569336,Cotton,CT=F
2024-09-16,71.75,Cotton,CT=F
2024-09-17,70.80999755859375,Cotton,CT=F
2024-09-18,69.68000030517578,Cotton,CT=F
2024-09-19,71.58000183105469,Cotton,CT=F
2024-09-20,72.20999908447266,Cotton,CT=F
2024-09-23,71.69999694824219,Cotton,CT=F
2024-09-24,73.0999984741211,Cotton,CT=F
2024-09-25,74.0199966430664,Cotton,CT=F
2024-09-26,73.86000061035156,Cotton,CT=F
2024-09-27,73.54000091552734,Cotton,CT=F
2024-09-30,73.55999755859375,Cotton,CT=F
2024-10-01,73,Cotton,CT=F
2024-10-02,73.160003662109375,Cotton,CT=F
2024-10-03,72.48999786376953,Cotton,CT=F
2024-10-04,73.029998779296875,Cotton,CT=F
2024-10-07,73.29000091552734,Cotton,CT=F
2024-10-08,72.029998779296875,Cotton,CT=F
2024-10-09,72.01000213623047,Cotton,CT=F
2024-10-10,72.660003662109375,Cotton,CT=F
2024-10-11,72.20999908447266,Cotton,CT=F
2024-10-14,71.029998779296875,Cotton,CT=F
2024-10-15,70.62000274658203,Cotton,CT=F
2024-10-16,71.26000213623047,Cotton,CT=F
2024-10-17,70.76000213623047,Cotton,CT=F
2024-10-18,70.98999786376953,Cotton,CT=F
2024-10-21,72.19999694824219,Cotton,CT=F
2024-10-22,72.08000183105469,Cotton,CT=F
2024-10-23,72.51000213623047,Cotton,CT=F
2024-10-24,71.529998779296875,Cotton,CT=F
2024-10-25,70.660003662109375,Cotton,CT=F
2024-10-28,70.36000061035156,Cotton,CT=F
2024-10-29,70.55999755859375,Cotton,CT=F
2024-10-30,69.91999816894531,Cotton,CT=F
2024-10-31,69.56999969482422,Cotton,CT=F
2024-11-01,70.16999816894531,Cotton,CT=F
2024-11-04,69.93000030517578,Cotton,CT=F
2024-11-05,69.94999694824219,Cotton,CT=F
2024-11-06,69.69000244140625,Cotton,CT=F
2024-11-07,71.05000305175781,Cotton,CT=F
2024-11-08,70.9800033569336,Cotton,CT=F
2024-11-11,69.69000244140625,Cotton,CT=F
2024-11-12,68.7699966430664,Cotton,CT=F
2024-11-13,68.9000015258789,Cotton,CT=F
2024-11-14,68.31999969482422,Cotton,CT=F
2024-11-15,66.80000305175781,Cotton,CT=F
2024-11-18,66.62000274658203,Cotton,CT=F
2024-11-19,66.88999938964844,Cotton,CT=F
2024-11-20,68.45999908447266,Cotton,CT=F
2024-11-21,69.19000244140625,Cotton,CT=F
2024-11-22,71.6500015258789,Cotton,CT=F
2024-11-25,73.19999694824219,Cotton,CT=F
2024-11-26,73.37000274658203,Cotton,CT=F
2024-11-27,73.56999969482422,Cotton,CT=F
2024-11-29,73.3499984741211,Cotton,CT=F
2024-12-02,72.43000030517578,Cotton,CT=F
2024-12-03,72.69000244140625,Cotton,CT=F
2024-12-04,72.5999984741211,Cotton,CT=F
2024-12-05,72.38999938964844,Cotton,CT=F
2024-12-06,71.4000015258789,Cotton,CT=F
2024-12-09,69.94999694824219,Cotton,CT=F
2024-12-10,69.4800033569336,Cotton,CT=F
2024-12-11,70.1500015258789,Cotton,CT=F
2024-12-12,70.089996337890625,Cotton,CT=F
2024-12-13,69.2699966430664,Cotton,CT=F
2024-12-16,69.05999755859375,Cotton,CT=F
2024-12-17,68.69000244140625,Cotton,CT=F
2024-12-18,68.08000183105469,Cotton,CT=F
2024-12-19,67.910003662109375,Cotton,CT=F
2024-12-20,68.05999755859375,Cotton,CT=F
2024-12-23,69.41999816894531,Cotton,CT=F
2024-12-24,68.779998779296875,Cotton,CT=F
2024-12-26,68.75,Cotton,CT=F
2024-12-27,68.88999938964844,Cotton,CT=F
2024-12-30,68.4800033569336,Cotton,CT=F
2024-12-31,68.4000015258789,Cotton,CT=F
2025-01-02,68.56999969482422,Cotton,CT=F
2025-01-03,67.660003662109375,Cotton,CT=F
2025-01-06,68.68000030517578,Cotton,CT=F
2025-01-07,68.51000213623047,Cotton,CT=F
2025-01-08,68.2300033569336,Cotton,CT=F
2025-01-09,68.5,Cotton,CT=F
2025-01-10,67.01000213623047,Cotton,CT=F
2025-01-13,67.63999938964844,Cotton,CT=F
2025-01-14,67.5,Cotton,CT=F
2025-01-15,67.7699966430664,Cotton,CT=F
2025-01-16,66.7300033569336,Cotton,CT=F
2025-01-17,67.5999984741211,Cotton,CT=F
2025-01-21,67.660003662109375,Cotton,CT=F
2025-01-22,67.13999938964844,Cotton,CT=F
2025-01-23,67.470001220703125,Cotton,CT=F
2025-01-24,67.61000061035156,Cotton,CT=F
2025-01-27,67.2699966430664,Cotton,CT=F
2025-01-28,66.9800033569336,Cotton,CT=F
2025-01-29,66.660003662109375,Cotton,CT=F
2025-01-30,66.2699966430664,Cotton,CT=F
2025-01-31,65.87999725341797,Cotton,CT=F
2025-02-03,66.04000091552734,Cotton,CT=F
2025-02-04,66.94000244140625,Cotton,CT=F
2025-02-05,66.04000091552734,Cotton,CT=F
2025-02-06,66.029998779296875,Cotton,CT=F
2025-02-07,65.62999725341797,Cotton,CT=F
2025-02-10,66.54000091552734,Cotton,CT=F
2025-02-11,67.4000015258789,Cotton,CT=F
2025-02-12,67.470001220703125,Cotton,CT=F
2025-02-13,66.83000183105469,Cotton,CT=F
2025-02-14,67.11000061035156,Cotton,CT=F
2025-02-18,67.51000213623047,Cotton,CT=F
2025-02-19,66.23999786376953,Cotton,CT=F
2025-02-20,65.970001220703125,Cotton,CT=F
2025-02-21,66.08000183105469,Cotton,CT=F
2025-02-24,66.51000213623047,Cotton,CT=F
2025-02-25,65.95999908447266,Cotton,CT=F
2025-02-26,65.37000274658203,Cotton,CT=F
2025-02-27,65.19999694824219,Cotton,CT=F
2025-02-28,63.880001068115234,Cotton,CT=F
2025-03-03,64.13999938964844,Cotton,CT=F
2025-03-04,62.040000915527344,Cotton,CT=F
2025-03-05,62.36000061035156,Cotton,CT=F
2025-03-06,63.900001525878906,Cotton,CT=F
2025-03-07,64.76000213623047,Cotton,CT=F
2025-03-10,66,Cotton,CT=F
2025-03-11,66,Cotton,CT=F
2025-03-12,66.9800033569336,Cotton,CT=F
2025-03-13,66.529998779296875,Cotton,CT=F
2025-03-14,67.37000274658203,Cotton,CT=F
2025-03-17,66.9800033569336,Cotton,CT=F
2025-03-18,66.470001220703125,Cotton,CT=F
2025-03-19,66.3499984741211,Cotton,CT=F
2025-03-20,66.08000183105469,Cotton,CT=F
2025-03-21,65.2699966430664,Cotton,CT=F
2025-03-24,65.41999816894531,Cotton,CT=F
2025-03-25,65.13999938964844,Cotton,CT=F
2025-03-26,65.68000030517578,Cotton,CT=F
2025-03-27,67.06999969482422,Cotton,CT=F
2025-03-28,66.9000015258789,Cotton,CT=F
2025-03-31,66.83000183105469,Cotton,CT=F
2025-04-01,68.25,Cotton,CT=F
2025-04-02,67.80000305175781,Cotton,CT=F
2025-04-03,64.80000305175781,Cotton,CT=F
2025-04-04,63.36000061035156,Cotton,CT=F
2025-04-07,65.98999786376953,Cotton,CT=F
2025-04-08,65.55000305175781,Cotton,CT=F
2025-04-09,66.62999725341797,Cotton,CT=F
2025-04-10,66.470001220703125,Cotton,CT=F
2025-04-11,65.88999938964844,Cotton,CT=F
2025-04-14,64.089996337890625,Cotton,CT=F
2025-04-15,65.08000183105469,Cotton,CT=F
2025-04-16,65.79000091552734,Cotton,CT=F
2025-04-17,66.31999969482422,Cotton,CT=F
2025-04-21,65.7699966430664,Cotton,CT=F
2025-04-22,67.04000091552734,Cotton,CT=F
2025-04-23,68.75,Cotton,CT=F
2025-04-24,67.30000305175781,Cotton,CT=F
2025-04-25,66.8499984741211,Cotton,CT=F
2025-04-28,66.37999725341797,Cotton,CT=F
2025-04-29,66.3499984741211,Cotton,CT=F
2025-04-30,65.7699966430664,Cotton,CT=F
2025-05-01,65.61000061035156,Cotton,CT=F
2025-05-02,70.18000030517578,Cotton,CT=F
2025-05-05,70.3499984741211,Cotton,CT=F
2025-05-06,71.94000244140625,Cotton,CT=F
2025-05-07,70.470001220703125,Cotton,CT=F
2025-05-08,66.69000244140625,Cotton,CT=F
2025-05-09,66.61000061035156,Cotton,CT=F
2025-05-12,66.62999725341797,Cotton,CT=F
2025-05-13,66.279998779296875,Cotton,CT=F
2025-05-14,65.4800033569336,Cotton,CT=F
2025-05-15,65.43000030517578,Cotton,CT=F
2025-05-16,64.88999938964844,Cotton,CT=F
2025-05-19,65.63999938964844,Cotton,CT=F
2025-05-20,66.12000274658203,Cotton,CT=F
2025-05-21,66.06999969482422,Cotton,CT=F
2025-05-22,65.62999725341797,Cotton,CT=F
2025-05-23,66.11000061035156,Cotton,CT=F
2025-05-27,65.56999969482422,Cotton,CT=F
2025-05-28,65.33000183105469,Cotton,CT=F
2025-05-29,64.839996337890625,Cotton,CT=F
2025-05-30,65.05999755859375,Cotton,CT=F
2025-06-02,66.12999725341797,Cotton,CT=F
2025-06-03,66.05000305175781,Cotton,CT=F
2025-06-04,64.98999786376953,Cotton,CT=F
2025-06-05,65.36000061035156,Cotton,CT=F
2025-06-06,65.62000274658203,Cotton,CT=F
2025-06-09,65.98999786376953,Cotton,CT=F
2025-06-10,65.41999816894531,Cotton,CT=F
2025-06-11,65.470001220703125,Cotton,CT=F
2025-06-12,65.13999938964844,Cotton,CT=F
2025-06-13,65.36000061035156,Cotton,CT=F
2025-06-16,65.44000244140625,Cotton,CT=F
2025-06-17,65.05000305175781,Cotton,CT=F
2025-06-18,64.839996337890625,Cotton,CT=F
2025-06-20,64.04000091552734,Cotton,CT=F
2025-06-23,63.959999084472656,Cotton,CT=F
2025-06-24,66.01000213623047,Cotton,CT=F
2025-06-25,66.44000244140625,Cotton,CT=F
2025-06-26,67.06999969482422,Cotton,CT=F
2025-06-27,67.5199966430664,Cotton,CT=F
2025-06-30,66.279998779296875,Cotton,CT=F
2025-07-01,66.279998779296875,Cotton,CT=F
2025-07-02,66.7699966430664,Cotton,CT=F
2025-07-03,65.660003662109375,Cotton,CT=F
2025-07-04,65.660003662109375,Cotton,CT=F
2025-07-07,65.38999938964844,Cotton,CT=F
2025-07-08,64.68000030517578,Cotton,CT=F
2025-07-09,64.95999908447266,Cotton,CT=F
2025-07-10,66.25,Cotton,CT=F
2025-07-11,66.19999694824219,Cotton,CT=F
2025-07-14,66.410003662109375,Cotton,CT=F
2025-07-15,67.20999908447266,Cotton,CT=F
2025-07-16,66.94999694824219,Cotton,CT=F
2025-07-17,67.25,Cotton,CT=F
2025-07-18,67.12000274658203,Cotton,CT=F
2025-07-21,66.54000091552734,Cotton,CT=F
2025-07-22,66.589996337890625,Cotton,CT=F
2025-07-23,66.62000274658203,Cotton,CT=F
2025-07-24,67.339996337890625,Cotton,CT=F
2025-07-25,67.01000213623047,Cotton,CT=F
2025-07-28,67.4000015258789,Cotton,CT=F
2025-07-29,66.30000305175781,Cotton,CT=F
2025-07-30,65.9000015258789,Cotton,CT=F
2025-07-31,65.61000061035156,Cotton,CT=F
2025-08-01,64.41999816894531,Cotton,CT=F
2025-08-04,64.55999755859375,Cotton,CT=F
2025-08-05,65.589996337890625,Cotton,CT=F
2025-08-06,65.69999694824219,Cotton,CT=F
2025-08-07,64.95999908447266,Cotton,CT=F
2025-08-08,65.31999969482422,Cotton,CT=F
2025-08-11,65.29000091552734,Cotton,CT=F
2025-08-12,67.06999969482422,Cotton,CT=F
2025-08-13,66.410003662109375,Cotton,CT=F
2025-08-14,66.16999816894531,Cotton,CT=F
2025-08-15,66.0999984741211,Cotton,CT=F
2025-08-18,66.41999816894531,Cotton,CT=F
2025-08-19,66.25,Cotton,CT=F
2025-08-20,66.63999938964844,Cotton,CT=F
2025-08-21,65.88999938964844,Cotton,CT=F
2025-08-22,66.43000030517578,Cotton,CT=F
2025-08-25,65.98999786376953,Cotton,CT=F
2025-08-26,65.470001220703125,Cotton,CT=F
2025-08-27,65.410003662109375,Cotton,CT=F
2025-08-28,66.04000091552734,Cotton,CT=F
2025-08-29,65.20999908447266,Cotton,CT=F
2025-09-02,64.56999969482422,Cotton,CT=F
2025-09-03,64.7300033569336,Cotton,CT=F
2025-09-04,64.69000244140625,Cotton,CT=F
2025-09-05,64.38999938964844,Cotton,CT=F
2025-09-08,64.56999969482422,Cotton,CT=F
2025-09-09,64.6500015258789,Cotton,CT=F
2025-09-10,65.55999755859375,Cotton,CT=F
2025-09-11,65.37000274658203,Cotton,CT=F
2025-09-12,65.19000244140625,Cotton,CT=F
2025-09-15,65.41999816894531,Cotton,CT=F
2025-09-16,66.38999938964844,Cotton,CT=F
2025-09-17,65.86000061035156,Cotton,CT=F
2025-09-18,65.19000244140625,Cotton,CT=F
2025-09-19,64.94000244140625,Cotton,CT=F
2025-09-22,64.31999969482422,Cotton,CT=F
2025-09-23,64.529998779296875,Cotton,CT=F
2025-09-24,64.04000091552734,Cotton,CT=F
2025-09-25,63.83000183105469,Cotton,CT=F
2025-09-26,63.95000076293945,Cotton,CT=F
2025-09-29,63.04999923706055,Cotton,CT=F
2025-09-30,63.31999969482422,Cotton,CT=F
2025-10-01,63.150001525878906,Cotton,CT=F
2025-10-02,62.650001525878906,Cotton,CT=F
2025-10-03,62.86000061035156,Cotton,CT=F
2025-10-06,62.70000076293945,Cotton,CT=F
2025-10-07,62.02000045776367,Cotton,CT=F
2025-10-08,62.470001220703125,Cotton,CT=F
2025-10-09,62.029998779296875,Cotton,CT=F
2025-10-10,63.84000015258789,Cotton,CT=F
2025-10-13,63.59000015258789,Cotton,CT=F
2025-10-14,63.5099983215332,Cotton,CT=F
2025-10-15,63.7599983215332,Cotton,CT=F
2025-10-16,63.72999954223633,Cotton,CT=F
2025-10-17,64.279998779296875,Cotton,CT=F
2025-10-20,64.160003662109375,Cotton,CT=F
2025-10-21,64.41999816894531,Cotton,CT=F
2025-10-22,63.7400016784668,Cotton,CT=F
2025-10-23,64.06999969482422,Cotton,CT=F
2025-10-24,64.19999694824219,Cotton,CT=F
2025-10-27,64.55999755859375,Cotton,CT=F
2025-10-28,65.05000305175781,Cotton,CT=F
2025-10-29,66.01000213623047,Cotton,CT=F
2025-10-30,65.12000274658203,Cotton,CT=F
2025-10-31,65.54000091552734,Cotton,CT=F
2025-11-03,65.68000030517578,Cotton,CT=F
2025-11-04,65.19999694824219,Cotton,CT=F
2025-11-05,65.2300033569336,Cotton,CT=F
2025-11-06,64.54000091552734,Cotton,CT=F
2025-11-07,63.619998931884766,Cotton,CT=F
2025-11-10,64.30999755859375,Cotton,CT=F
2025-11-11,63.880001068115234,Cotton,CT=F
2025-11-12,63.29999923706055,Cotton,CT=F
2025-11-13,62.900001525878906,Cotton,CT=F
2025-11-14,62.4900016784668,Cotton,CT=F
2025-11-17,62.36000061035156,Cotton,CT=F
2025-11-18,62.56999969482422,Cotton,CT=F
2025-11-19,62.29999923706055,Cotton,CT=F
2025-11-20,61.68000030517578,Cotton,CT=F
2025-11-21,61.349998474121094,Cotton,CT=F
2025-11-24,61.439998626708984,Cotton,CT=F
2025-11-25,62.43000030517578,Cotton,CT=F
2025-11-26,62.77000045776367,Cotton,CT=F
2025-11-28,62.90999984741211,Cotton,CT=F
2025-12-01,62.83000183105469,Cotton,CT=F
2025-12-02,62.77000045776367,Cotton,CT=F
2025-12-03,62.65999984741211,Cotton,CT=F
2025-12-04,62.279998779296875,Cotton,CT=F
2025-12-05,62.130001068115234,Cotton,CT=F
2025-12-08,61.880001068115234,Cotton,CT=F
2025-12-09,63.86000061035156,Cotton,CT=F
2025-12-10,64.12000274658203,Cotton,CT=F
2025-12-11,63.970001220703125,Cotton,CT=F
2025-12-12,63.83000183105469,Cotton,CT=F
2025-12-15,63.939998626708984,Cotton,CT=F
2025-12-16,63.099998474121094,Cotton,CT=F
2025-12-17,63.43000030517578,Cotton,CT=F
2025-12-18,63.5099983215332,Cotton,CT=F
2025-12-19,63.75,Cotton,CT=F
2025-12-22,63.61000061035156,Cotton,CT=F
2025-12-23,64.01000213623047,Cotton,CT=F
2025-12-24,64.23999786376953,Cotton,CT=F
2025-12-26,64.48999786376953,Cotton,CT=F
2025-12-29,64.3499984741211,Cotton,CT=F
2025-12-30,64.31999969482422,Cotton,CT=F
2025-12-31,64.2699966430664,Cotton,CT=F
2026-01-02,64.01000213623047,Cotton,CT=F
2026-01-05,64.6500015258789,Cotton,CT=F
2026-01-06,65.05999755859375,Cotton,CT=F
2026-01-07,64.8499984741211,Cotton,CT=F
2026-01-08,64.45999908447266,Cotton,CT=F
2026-01-09,64.410003662109375,Cotton,CT=F
2026-01-12,64.910003662109375,Cotton,CT=F
2026-01-13,64.87999725341797,Cotton,CT=F
2026-01-14,64.98999786376953,Cotton,CT=F
2026-01-15,64.70999908447266,Cotton,CT=F
2026-01-16,64.660003662109375,Cotton,CT=F
2026-01-20,64.339996337890625,Cotton,CT=F
2026-01-21,64.30000305175781,Cotton,CT=F
2026-01-22,63.880001068115234,Cotton,CT=F
2026-01-23,63.810001373291016,Cotton,CT=F
2026-01-26,62.970001220703125,Cotton,CT=F
2026-01-27,63.83000183105469,Cotton,CT=F
2026-01-28,63.72999954223633,Cotton,CT=F
2026-01-29,63.47999954223633,Cotton,CT=F
2026-01-30,63.16999816894531,Cotton,CT=F
2026-02-02,62.66999816894531,Cotton,CT=F
2026-02-03,62.310001373291016,Cotton,CT=F
2026-02-04,62.2400016784668,Cotton,CT=F
2026-02-05,61.7599983215332,Cotton,CT=F
2026-02-06,61.060001373291016,Cotton,CT=F
2026-02-09,61.61000061035156,Cotton,CT=F
2026-02-10,61.59000015258789,Cotton,CT=F
2026-02-11,61.9900016784668,Cotton,CT=F
2026-02-12,62.290000915527344,Cotton,CT=F
2026-02-13,62.11000061035156,Cotton,CT=F
2026-02-17,61.52000045776367,Cotton,CT=F
2026-02-18,61.54999923706055,Cotton,CT=F
2026-02-19,61.93000030517578,Cotton,CT=F
2026-02-20,63.029998779296875,Cotton,CT=F
2026-02-23,63.560001373291016,Cotton,CT=F
2026-02-24,63.560001373291016,Cotton,CT=F
2026-02-25,64.16999816894531,Cotton,CT=F
2026-02-26,63.36000061035156,Cotton,CT=F
2026-02-27,63.61000061035156,Cotton,CT=F
2026-03-02,62.59000015258789,Cotton,CT=F
2026-03-03,62.040000915527344,Cotton,CT=F
2026-03-04,62.15999984741211,Cotton,CT=F
2026-03-05,63.029998779296875,Cotton,CT=F
2026-03-06,63.189998626708984,Cotton,CT=F
2026-03-09,63.59000015258789,Cotton,CT=F
2026-03-10,65.30000305175781,Cotton,CT=F
2026-03-11,65.16999816894531,Cotton,CT=F
2026-03-12,65.13999938964844,Cotton,CT=F
2019-01-02,894.75,Soybean,ZS=F
2019-01-03,900.25,Soybean,ZS=F
2019-01-04,909.5,Soybean,ZS=F
2019-01-07,912.25,Soybean,ZS=F
2019-01-08,906.25,Soybean,ZS=F
2019-01-09,911.5,Soybean,ZS=F
2019-01-10,895.5,Soybean,ZS=F
2019-01-11,899.25,Soybean,ZS=F
2019-01-14,890.75,Soybean,ZS=F
2019-01-15,893.25,Soybean,ZS=F
2019-01-16,894.5,Soybean,ZS=F
2019-01-17,907.75,Soybean,ZS=F
2019-01-18,916.75,Soybean,ZS=F
2019-01-22,909.25,Soybean,ZS=F
2019-01-23,915,Soybean,ZS=F
2019-01-24,916,Soybean,ZS=F
2019-01-25,925.25,Soybean,ZS=F
2019-01-28,923.25,Soybean,ZS=F
2019-01-29,919,Soybean,ZS=F
2019-01-30,921,Soybean,ZS=F
2019-01-31,915.25,Soybean,ZS=F
2019-02-01,917.75,Soybean,ZS=F
2019-02-04,918.5,Soybean,ZS=F
2019-02-05,920.25,Soybean,ZS=F
2019-02-06,921.75,Soybean,ZS=F
2019-02-07,913.25,Soybean,ZS=F
2019-02-08,914.5,Soybean,ZS=F
2019-02-11,905,Soybean,ZS=F
2019-02-12,917.5,Soybean,ZS=F
2019-02-13,916.5,Soybean,ZS=F
2019-02-14,903.5,Soybean,ZS=F
2019-02-15,907.5,Soybean,ZS=F
2019-02-19,900.75,Soybean,ZS=F
2019-02-20,902.5,Soybean,ZS=F
2019-02-21,911,Soybean,ZS=F
2019-02-22,910.25,Soybean,ZS=F
2019-02-25,911.75,Soybean,ZS=F
2019-02-26,903.75,Soybean,ZS=F
2019-02-27,903.5,Soybean,ZS=F
2019-02-28,897.5,Soybean,ZS=F
2019-03-01,899.25,Soybean,ZS=F
2019-03-04,903.25,Soybean,ZS=F
2019-03-05,901.25,Soybean,ZS=F
2019-03-06,889.75,Soybean,ZS=F
2019-03-07,890.75,Soybean,ZS=F
2019-03-08,883.75,Soybean,ZS=F
2019-03-11,877.75,Soybean,ZS=F
2019-03-12,884.75,Soybean,ZS=F
2019-03-13,889,Soybean,ZS=F
2019-03-14,889.5,Soybean,ZS=F
2019-03-15,909.25,Soybean,ZS=F
2019-03-18,905.75,Soybean,ZS=F
2019-03-19,904,Soybean,ZS=F
2019-03-20,906,Soybean,ZS=F
2019-03-21,910.5,Soybean,ZS=F
2019-03-22,903.75,Soybean,ZS=F
2019-03-25,906.5,Soybean,ZS=F
2019-03-26,900.75,Soybean,ZS=F
2019-03-27,887.5,Soybean,ZS=F
2019-03-28,889.5,Soybean,ZS=F
2019-03-29,884.25,Soybean,ZS=F
2019-04-01,895.5,Soybean,ZS=F
2019-04-02,900,Soybean,ZS=F
2019-04-03,898.75,Soybean,ZS=F
2019-04-04,906.5,Soybean,ZS=F
2019-04-05,899,Soybean,ZS=F
2019-04-08,898.75,Soybean,ZS=F
2019-04-09,898.75,Soybean,ZS=F
2019-04-10,902,Soybean,ZS=F
2019-04-11,895.25,Soybean,ZS=F
2019-04-12,895.25,Soybean,ZS=F
2019-04-15,898.75,Soybean,ZS=F
2019-04-16,888,Soybean,ZS=F
2019-04-17,879,Soybean,ZS=F
2019-04-18,880.5,Soybean,ZS=F
2019-04-22,877,Soybean,ZS=F
2019-04-23,862,Soybean,ZS=F
2019-04-24,855.25,Soybean,ZS=F
2019-04-25,859.25,Soybean,ZS=F
2019-04-26,853.75,Soybean,ZS=F
2019-04-29,847.5,Soybean,ZS=F
2019-04-30,841.25,Soybean,ZS=F
2019-05-01,839.5,Soybean,ZS=F
2019-05-02,830.5,Soybean,ZS=F
2019-05-03,829.5,Soybean,ZS=F
2019-05-06,817.5,Soybean,ZS=F
2019-05-07,817.75,Soybean,ZS=F
2019-05-08,814.25,Soybean,ZS=F
2019-05-09,800.25,Soybean,ZS=F
2019-05-10,797,Soybean,ZS=F
2019-05-13,791,Soybean,ZS=F
2019-05-14,817.75,Soybean,ZS=F
2019-05-15,835.5,Soybean,ZS=F
2019-05-16,839.75,Soybean,ZS=F
2019-05-17,821.75,Soybean,ZS=F
2019-05-20,831.75,Soybean,ZS=F
2019-05-21,822,Soybean,ZS=F
2019-05-22,828.5,Soybean,ZS=F
2019-05-23,821.5,Soybean,ZS=F
2019-05-24,829.75,Soybean,ZS=F
2019-05-28,856,Soybean,ZS=F
2019-05-29,872,Soybean,ZS=F
2019-05-30,889,Soybean,ZS=F
2019-05-31,877.75,Soybean,ZS=F
2019-06-03,879,Soybean,ZS=F
2019-06-04,881.75,Soybean,ZS=F
2019-06-05,869.75,Soybean,ZS=F
2019-06-06,868.75,Soybean,ZS=F
2019-06-07,856.25,Soybean,ZS=F
2019-06-10,858.5,Soybean,ZS=F
2019-06-11,859.25,Soybean,ZS=F
2019-06-12,878,Soybean,ZS=F
2019-06-13,888,Soybean,ZS=F
2019-06-14,896.75,Soybean,ZS=F
2019-06-17,912.75,Soybean,ZS=F
2019-06-18,913.5,Soybean,ZS=F
2019-06-19,903.25,Soybean,ZS=F
2019-06-20,915.5,Soybean,ZS=F
2019-06-21,902.75,Soybean,ZS=F
2019-06-24,909,Soybean,ZS=F
2019-06-25,903.5,Soybean,ZS=F
2019-06-26,894.25,Soybean,ZS=F
2019-06-27,887.75,Soybean,ZS=F
2019-06-28,899.75,Soybean,ZS=F
2019-07-01,885.5,Soybean,ZS=F
2019-07-02,876.25,Soybean,ZS=F
2019-07-03,885.25,Soybean,ZS=F
2019-07-05,872.25,Soybean,ZS=F
2019-07-08,875.25,Soybean,ZS=F
2019-07-09,882.75,Soybean,ZS=F
2019-07-10,893,Soybean,ZS=F
2019-07-11,896.25,Soybean,ZS=F
2019-07-12,906.75,Soybean,ZS=F
2019-07-15,901.75,Soybean,ZS=F
2019-07-16,887.75,Soybean,ZS=F
2019-07-17,882.5,Soybean,ZS=F
2019-07-18,881.25,Soybean,ZS=F
2019-07-19,901.5,Soybean,ZS=F
2019-07-22,888.25,Soybean,ZS=F
2019-07-23,885.75,Soybean,ZS=F
2019-07-24,891,Soybean,ZS=F
2019-07-25,882.5,Soybean,ZS=F
2019-07-26,883.25,Soybean,ZS=F
2019-07-29,885.75,Soybean,ZS=F
2019-07-30,878.75,Soybean,ZS=F
2019-07-31,864,Soybean,ZS=F
2019-08-01,847,Soybean,ZS=F
2019-08-02,850.25,Soybean,ZS=F
2019-08-05,850.25,Soybean,ZS=F
2019-08-06,847.75,Soybean,ZS=F
2019-08-07,848.75,Soybean,ZS=F
2019-08-08,865,Soybean,ZS=F
2019-08-09,873.75,Soybean,ZS=F
2019-08-12,861.5,Soybean,ZS=F
2019-08-13,872,Soybean,ZS=F
2019-08-14,861,Soybean,ZS=F
2019-08-15,858,Soybean,ZS=F
2019-08-16,867.25,Soybean,ZS=F
2019-08-19,854,Soybean,ZS=F
2019-08-20,855.75,Soybean,ZS=F
2019-08-21,860.5,Soybean,ZS=F
2019-08-22,856,Soybean,ZS=F
2019-08-23,843.25,Soybean,ZS=F
2019-08-26,853.75,Soybean,ZS=F
2019-08-27,846.25,Soybean,ZS=F
2019-08-28,852.75,Soybean,ZS=F
2019-08-29,856.25,Soybean,ZS=F
2019-08-30,857,Soybean,ZS=F
2019-09-03,856.5,Soybean,ZS=F
2019-09-04,862.5,Soybean,ZS=F
2019-09-05,849.75,Soybean,ZS=F
2019-09-06,845,Soybean,ZS=F
2019-09-09,845,Soybean,ZS=F
2019-09-10,859.25,Soybean,ZS=F
2019-09-11,854,Soybean,ZS=F
2019-09-12,883,Soybean,ZS=F
2019-09-13,884.75,Soybean,ZS=F
2019-09-16,900,Soybean,ZS=F
2019-09-17,893.75,Soybean,ZS=F
2019-09-18,888.75,Soybean,ZS=F
2019-09-19,893,Soybean,ZS=F
2019-09-20,882.75,Soybean,ZS=F
2019-09-23,892.5,Soybean,ZS=F
2019-09-24,894.25,Soybean,ZS=F
2019-09-25,889.25,Soybean,ZS=F
2019-09-26,888.5,Soybean,ZS=F
2019-09-27,883,Soybean,ZS=F
2019-09-30,906,Soybean,ZS=F
2019-10-01,919.5,Soybean,ZS=F
2019-10-02,913.75,Soybean,ZS=F
2019-10-03,911.75,Soybean,ZS=F
2019-10-04,916.25,Soybean,ZS=F
2019-10-07,915.25,Soybean,ZS=F
2019-10-08,920.5,Soybean,ZS=F
2019-10-09,923.75,Soybean,ZS=F
2019-10-10,923.5,Soybean,ZS=F
2019-10-11,936,Soybean,ZS=F
2019-10-14,940.5,Soybean,ZS=F
2019-10-15,934,Soybean,ZS=F
2019-10-16,928,Soybean,ZS=F
2019-10-17,931.5,Soybean,ZS=F
2019-10-18,934,Soybean,ZS=F
2019-10-21,933.25,Soybean,ZS=F
2019-10-22,934,Soybean,ZS=F
2019-10-23,933.75,Soybean,ZS=F
2019-10-24,933.25,Soybean,ZS=F
2019-10-25,920.25,Soybean,ZS=F
2019-10-28,920.75,Soybean,ZS=F
2019-10-29,918.25,Soybean,ZS=F
2019-10-30,916,Soybean,ZS=F
2019-10-31,916.75,Soybean,ZS=F
2019-11-01,924.25,Soybean,ZS=F
2019-11-04,925.75,Soybean,ZS=F
2019-11-05,921.75,Soybean,ZS=F
2019-11-06,915,Soybean,ZS=F
2019-11-07,925,Soybean,ZS=F
2019-11-08,919.5,Soybean,ZS=F
2019-11-11,905,Soybean,ZS=F
2019-11-12,905.75,Soybean,ZS=F
2019-11-13,902.5,Soybean,ZS=F
2019-11-14,900.25,Soybean,ZS=F
2019-11-15,918.25,Soybean,ZS=F
2019-11-18,910.25,Soybean,ZS=F
2019-11-19,911.5,Soybean,ZS=F
2019-11-20,905,Soybean,ZS=F
2019-11-21,901,Soybean,ZS=F
2019-11-22,897,Soybean,ZS=F
2019-11-25,892.5,Soybean,ZS=F
2019-11-26,884.25,Soybean,ZS=F
2019-11-27,882,Soybean,ZS=F
2019-11-29,876.75,Soybean,ZS=F
2019-12-02,870.5,Soybean,ZS=F
2019-12-03,871,Soybean,ZS=F
2019-12-04,878,Soybean,ZS=F
2019-12-05,884.25,Soybean,ZS=F
2019-12-06,889.5,Soybean,ZS=F
2019-12-09,897.25,Soybean,ZS=F
2019-12-10,901.25,Soybean,ZS=F
2019-12-11,893.5,Soybean,ZS=F
2019-12-12,898.25,Soybean,ZS=F
2019-12-13,907.5,Soybean,ZS=F
2019-12-16,922,Soybean,ZS=F
2019-12-17,928.75,Soybean,ZS=F
2019-12-18,928.5,Soybean,ZS=F
2019-12-19,924.5,Soybean,ZS=F
2019-12-20,928.25,Soybean,ZS=F
2019-12-23,934,Soybean,ZS=F
2019-12-24,936.5,Soybean,ZS=F
2019-12-26,937.75,Soybean,ZS=F
2019-12-27,929.5,Soybean,ZS=F
2019-12-30,939.5,Soybean,ZS=F
2019-12-31,943,Soybean,ZS=F
2020-01-02,944.25,Soybean,ZS=F
2020-01-03,930.5,Soybean,ZS=F
2020-01-06,932.75,Soybean,ZS=F
2020-01-07,935,Soybean,ZS=F
2020-01-08,938.25,Soybean,ZS=F
2020-01-09,933.75,Soybean,ZS=F
2020-01-10,935,Soybean,ZS=F
2020-01-13,929.25,Soybean,ZS=F
2020-01-14,928.5,Soybean,ZS=F
2020-01-15,928.75,Soybean,ZS=F
2020-01-16,924,Soybean,ZS=F
2020-01-17,929.75,Soybean,ZS=F
2020-01-21,916,Soybean,ZS=F
2020-01-22,913.75,Soybean,ZS=F
2020-01-23,909.5,Soybean,ZS=F
2020-01-24,902,Soybean,ZS=F
2020-01-27,897.25,Soybean,ZS=F
2020-01-28,895,Soybean,ZS=F
2020-01-29,893,Soybean,ZS=F
2020-01-30,876.25,Soybean,ZS=F
2020-01-31,872.5,Soybean,ZS=F
2020-02-03,877,Soybean,ZS=F
2020-02-04,879.5,Soybean,ZS=F
2020-02-05,880,Soybean,ZS=F
2020-02-06,881,Soybean,ZS=F
2020-02-07,882,Soybean,ZS=F
2020-02-10,884.25,Soybean,ZS=F
2020-02-11,884.75,Soybean,ZS=F
2020-02-12,892.5,Soybean,ZS=F
2020-02-13,896.25,Soybean,ZS=F
2020-02-14,893.75,Soybean,ZS=F
2020-02-18,892.25,Soybean,ZS=F
2020-02-19,897.25,Soybean,ZS=F
2020-02-20,892.75,Soybean,ZS=F
2020-02-21,890.5,Soybean,ZS=F
2020-02-24,874.25,Soybean,ZS=F
2020-02-25,879,Soybean,ZS=F
2020-02-26,881,Soybean,ZS=F
2020-02-27,886.25,Soybean,ZS=F
2020-02-28,883.5,Soybean,ZS=F
2020-03-02,890.5,Soybean,ZS=F
2020-03-03,893,Soybean,ZS=F
2020-03-04,898.75,Soybean,ZS=F
2020-03-05,889,Soybean,ZS=F
2020-03-06,883.25,Soybean,ZS=F
2020-03-09,863.5,Soybean,ZS=F
2020-03-10,873,Soybean,ZS=F
2020-03-11,867.75,Soybean,ZS=F
2020-03-12,855,Soybean,ZS=F
2020-03-13,846.75,Soybean,ZS=F
2020-03-16,821.75,Soybean,ZS=F
2020-03-17,824.25,Soybean,ZS=F
2020-03-18,825.5,Soybean,ZS=F
2020-03-19,843.25,Soybean,ZS=F
2020-03-20,862.5,Soybean,ZS=F
2020-03-23,884,Soybean,ZS=F
2020-03-24,886.75,Soybean,ZS=F
2020-03-25,881.5,Soybean,ZS=F
2020-03-26,880.25,Soybean,ZS=F
2020-03-27,881.5,Soybean,ZS=F
2020-03-30,882.25,Soybean,ZS=F
2020-03-31,886,Soybean,ZS=F
2020-04-01,862.75,Soybean,ZS=F
2020-04-02,858.75,Soybean,ZS=F
2020-04-03,854.25,Soybean,ZS=F
2020-04-06,855.5,Soybean,ZS=F
2020-04-07,854.75,Soybean,ZS=F
2020-04-08,854.5,Soybean,ZS=F
2020-04-09,863.5,Soybean,ZS=F
2020-04-13,854.25,Soybean,ZS=F
2020-04-14,847,Soybean,ZS=F
2020-04-15,842,Soybean,ZS=F
2020-04-16,836.75,Soybean,ZS=F
2020-04-17,832.5,Soybean,ZS=F
2020-04-20,826.5,Soybean,ZS=F
2020-04-21,830.75,Soybean,ZS=F
2020-04-22,834.75,Soybean,ZS=F
2020-04-23,839.25,Soybean,ZS=F
2020-04-24,832.25,Soybean,ZS=F
2020-04-27,829,Soybean,ZS=F
2020-04-28,826,Soybean,ZS=F
2020-04-29,831.75,Soybean,ZS=F
2020-04-30,850.25,Soybean,ZS=F
2020-05-01,847.25,Soybean,ZS=F
2020-05-04,834,Soybean,ZS=F
2020-05-05,838.25,Soybean,ZS=F
2020-05-06,830.5,Soybean,ZS=F
2020-05-07,841.5,Soybean,ZS=F
2020-05-08,848.75,Soybean,ZS=F
2020-05-11,852.25,Soybean,ZS=F
2020-05-12,849.25,Soybean,ZS=F
2020-05-13,836,Soybean,ZS=F
2020-05-14,835.25,Soybean,ZS=F
2020-05-15,838.5,Soybean,ZS=F
2020-05-18,845,Soybean,ZS=F
2020-05-19,842.5,Soybean,ZS=F
2020-05-20,846.75,Soybean,ZS=F
2020-05-21,835,Soybean,ZS=F
2020-05-22,833.25,Soybean,ZS=F
2020-05-26,847,Soybean,ZS=F
2020-05-27,848.5,Soybean,ZS=F
2020-05-28,847,Soybean,ZS=F
2020-05-29,840.75,Soybean,ZS=F
2020-06-01,840.5,Soybean,ZS=F
2020-06-02,850.5,Soybean,ZS=F
2020-06-03,857.5,Soybean,ZS=F
2020-06-04,867.75,Soybean,ZS=F
2020-06-05,867.75,Soybean,ZS=F
2020-06-08,864.75,Soybean,ZS=F
2020-06-09,863.25,Soybean,ZS=F
2020-06-10,865.5,Soybean,ZS=F
2020-06-11,866,Soybean,ZS=F
2020-06-12,871.25,Soybean,ZS=F
2020-06-15,869,Soybean,ZS=F
2020-06-16,867,Soybean,ZS=F
2020-06-17,871.25,Soybean,ZS=F
2020-06-18,873,Soybean,ZS=F
2020-06-19,876.5,Soybean,ZS=F
2020-06-22,876.25,Soybean,ZS=F
2020-06-23,875,Soybean,ZS=F
2020-06-24,870.75,Soybean,ZS=F
2020-06-25,869.25,Soybean,ZS=F
2020-06-26,865,Soybean,ZS=F
2020-06-29,866.5,Soybean,ZS=F
2020-06-30,884.25,Soybean,ZS=F
2020-07-01,893.75,Soybean,ZS=F
2020-07-02,892.5,Soybean,ZS=F
2020-07-06,898.5,Soybean,ZS=F
2020-07-07,895.25,Soybean,ZS=F
2020-07-08,894.75,Soybean,ZS=F
2020-07-09,898.25,Soybean,ZS=F
2020-07-10,891.5,Soybean,ZS=F
2020-07-13,876.5,Soybean,ZS=F
2020-07-14,882.25,Soybean,ZS=F
2020-07-15,886.25,Soybean,ZS=F
2020-07-16,893.5,Soybean,ZS=F
2020-07-17,898,Soybean,ZS=F
2020-07-20,903,Soybean,ZS=F
2020-07-21,896.5,Soybean,ZS=F
2020-07-22,899.25,Soybean,ZS=F
2020-07-23,906.25,Soybean,ZS=F
2020-07-24,904.75,Soybean,ZS=F
2020-07-27,906.5,Soybean,ZS=F
2020-07-28,896.75,Soybean,ZS=F
2020-07-29,891.5,Soybean,ZS=F
2020-07-30,891.75,Soybean,ZS=F
2020-07-31,897.5,Soybean,ZS=F
2020-08-03,897.5,Soybean,ZS=F
2020-08-04,883.75,Soybean,ZS=F
2020-08-05,882,Soybean,ZS=F
2020-08-06,880.75,Soybean,ZS=F
2020-08-07,870.25,Soybean,ZS=F
2020-08-10,876.5,Soybean,ZS=F
2020-08-11,878,Soybean,ZS=F
2020-08-12,890.5,Soybean,ZS=F
2020-08-13,907.25,Soybean,ZS=F
2020-08-14,903.5,Soybean,ZS=F
2020-08-17,912.5,Soybean,ZS=F
2020-08-18,912,Soybean,ZS=F
2020-08-19,912.5,Soybean,ZS=F
2020-08-20,903,Soybean,ZS=F
2020-08-21,900.75,Soybean,ZS=F
2020-08-24,899.75,Soybean,ZS=F
2020-08-25,913.75,Soybean,ZS=F
2020-08-26,919.5,Soybean,ZS=F
2020-08-27,937.25,Soybean,ZS=F
2020-08-28,950.5,Soybean,ZS=F
2020-08-31,951.25,Soybean,ZS=F
2020-09-01,955,Soybean,ZS=F
2020-09-02,962.5,Soybean,ZS=F
2020-09-03,968.75,Soybean,ZS=F
2020-09-04,969.5,Soybean,ZS=F
2020-09-08,973,Soybean,ZS=F
2020-09-09,979.75,Soybean,ZS=F
2020-09-10,985,Soybean,ZS=F
2020-09-11,1005.5,Soybean,ZS=F
2020-09-14,1019.25,Soybean,ZS=F
2020-09-15,991.5,Soybean,ZS=F
2020-09-16,1011.25,Soybean,ZS=F
2020-09-17,1028.5,Soybean,ZS=F
2020-09-18,1043.5,Soybean,ZS=F
2020-09-21,1022.5,Soybean,ZS=F
2020-09-22,1019.75,Soybean,ZS=F
2020-09-23,1014.5,Soybean,ZS=F
2020-09-24,1000,Soybean,ZS=F
2020-09-25,1002.5,Soybean,ZS=F
2020-09-28,996.25,Soybean,ZS=F
2020-09-29,993,Soybean,ZS=F
2020-09-30,1023.5,Soybean,ZS=F
2020-10-01,1023.5,Soybean,ZS=F
2020-10-02,1020.75,Soybean,ZS=F
2020-10-05,1021.5,Soybean,ZS=F
2020-10-06,1044,Soybean,ZS=F
2020-10-07,1051,Soybean,ZS=F
2020-10-08,1050,Soybean,ZS=F
2020-10-09,1065.5,Soybean,ZS=F
2020-10-12,1033.75,Soybean,ZS=F
2020-10-13,1044,Soybean,ZS=F
2020-10-14,1056.25,Soybean,ZS=F
2020-10-15,1062.25,Soybean,ZS=F
2020-10-16,1050,Soybean,ZS=F
2020-10-19,1054.25,Soybean,ZS=F
2020-10-20,1064,Soybean,ZS=F
2020-10-21,1072,Soybean,ZS=F
2020-10-22,1073.75,Soybean,ZS=F
2020-10-23,1083.75,Soybean,ZS=F
2020-10-26,1087.75,Soybean,ZS=F
2020-10-27,1082.25,Soybean,ZS=F
2020-10-28,1057.25,Soybean,ZS=F
2020-10-29,1051.75,Soybean,ZS=F
2020-10-30,1056.5,Soybean,ZS=F
2020-11-02,1050.75,Soybean,ZS=F
2020-11-03,1059,Soybean,ZS=F
2020-11-04,1079,Soybean,ZS=F
2020-11-05,1101.75,Soybean,ZS=F
2020-11-06,1098.5,Soybean,ZS=F
2020-11-09,1105,Soybean,ZS=F
2020-11-10,1138.25,Soybean,ZS=F
2020-11-11,1143.25,Soybean,ZS=F
2020-11-12,1137,Soybean,ZS=F
2020-11-13,1141.5,Soybean,ZS=F
2020-11-16,1153.5,Soybean,ZS=F
2020-11-17,1169.75,Soybean,ZS=F
2020-11-18,1175.75,Soybean,ZS=F
2020-11-19,1177.5,Soybean,ZS=F
2020-11-20,1181,Soybean,ZS=F
2020-11-23,1191.5,Soybean,ZS=F
2020-11-24,1191.25,Soybean,ZS=F
2020-11-25,1184,Soybean,ZS=F
2020-11-27,1191.75,Soybean,ZS=F
2020-11-30,1168.5,Soybean,ZS=F
2020-12-01,1162,Soybean,ZS=F
2020-12-02,1153,Soybean,ZS=F
2020-12-03,1168.25,Soybean,ZS=F
2020-12-04,1163,Soybean,ZS=F
2020-12-07,1158.5,Soybean,ZS=F
2020-12-08,1145.75,Soybean,ZS=F
2020-12-09,1158.5,Soybean,ZS=F
2020-12-10,1152.75,Soybean,ZS=F
2020-12-11,1160.5,Soybean,ZS=F
2020-12-14,1169.5,Soybean,ZS=F
2020-12-15,1184.25,Soybean,ZS=F
2020-12-16,1183.75,Soybean,ZS=F
2020-12-17,1201.25,Soybean,ZS=F
2020-12-18,1220,Soybean,ZS=F
2020-12-21,1243.25,Soybean,ZS=F
2020-12-22,1247.25,Soybean,ZS=F
2020-12-23,1258.75,Soybean,ZS=F
2020-12-24,1263.5,Soybean,ZS=F
2020-12-28,1255.25,Soybean,ZS=F
2020-12-29,1295.5,Soybean,ZS=F
2020-12-30,1303.75,Soybean,ZS=F
2020-12-31,1315.25,Soybean,ZS=F
2021-01-04,1316.5,Soybean,ZS=F
2021-01-05,1350,Soybean,ZS=F
2021-01-06,1365.25,Soybean,ZS=F
2021-01-07,1360.5,Soybean,ZS=F
2021-01-08,1375.75,Soybean,ZS=F
2021-01-11,1374.5,Soybean,ZS=F
2021-01-12,1422,Soybean,ZS=F
2021-01-13,1411,Soybean,ZS=F
2021-01-14,1436.5,Soybean,ZS=F
2021-01-15,1416.75,Soybean,ZS=F
2021-01-19,1385.75,Soybean,ZS=F
2021-01-20,1369.5,Soybean,ZS=F
2021-01-21,1370.25,Soybean,ZS=F
2021-01-22,1311.75,Soybean,ZS=F
2021-01-25,1343.5,Soybean,ZS=F
2021-01-26,1370.25,Soybean,ZS=F
2021-01-27,1374.75,Soybean,ZS=F
2021-01-28,1353.25,Soybean,ZS=F
2021-01-29,1370,Soybean,ZS=F
2021-02-01,1365.25,Soybean,ZS=F
2021-02-02,1354.75,Soybean,ZS=F
2021-02-03,1371.25,Soybean,ZS=F
2021-02-04,1372.5,Soybean,ZS=F
2021-02-05,1366.75,Soybean,ZS=F
2021-02-08,1387.75,Soybean,ZS=F
2021-02-09,1401.75,Soybean,ZS=F
2021-02-10,1354,Soybean,ZS=F
2021-02-11,1367.5,Soybean,ZS=F
2021-02-12,1372,Soybean,ZS=F
2021-02-16,1384.75,Soybean,ZS=F
2021-02-17,1383.75,Soybean,ZS=F
2021-02-18,1375,Soybean,ZS=F
2021-02-19,1377.25,Soybean,ZS=F
2021-02-22,1383.75,Soybean,ZS=F
2021-02-23,1406,Soybean,ZS=F
2021-02-24,1423.75,Soybean,ZS=F
2021-02-25,1406,Soybean,ZS=F
2021-02-26,1405.25,Soybean,ZS=F
2021-03-01,1392.5,Soybean,ZS=F
2021-03-02,1414,Soybean,ZS=F
2021-03-03,1410.75,Soybean,ZS=F
2021-03-04,1415.25,Soybean,ZS=F
2021-03-05,1434.25,Soybean,ZS=F
2021-03-08,1437.75,Soybean,ZS=F
2021-03-09,1441.25,Soybean,ZS=F
2021-03-10,1411.5,Soybean,ZS=F
2021-03-11,1415.5,Soybean,ZS=F
2021-03-12,1415.75,Soybean,ZS=F
2021-03-15,1419.5,Soybean,ZS=F
2021-03-16,1423.25,Soybean,ZS=F
2021-03-17,1417.75,Soybean,ZS=F
2021-03-18,1392.25,Soybean,ZS=F
2021-03-19,1416.25,Soybean,ZS=F
2021-03-22,1417.5,Soybean,ZS=F
2021-03-23,1423.25,Soybean,ZS=F
2021-03-24,1432.75,Soybean,ZS=F
2021-03-25,1414.25,Soybean,ZS=F
2021-03-26,1400.5,Soybean,ZS=F
2021-03-29,1393,Soybean,ZS=F
2021-03-30,1366.75,Soybean,ZS=F
2021-03-31,1436.75,Soybean,ZS=F
2021-04-01,1402,Soybean,ZS=F
2021-04-05,1412.75,Soybean,ZS=F
2021-04-06,1418.75,Soybean,ZS=F
2021-04-07,1408.75,Soybean,ZS=F
2021-04-08,1415.25,Soybean,ZS=F
2021-04-09,1403,Soybean,ZS=F
2021-04-12,1382,Soybean,ZS=F
2021-04-13,1389.5,Soybean,ZS=F
2021-04-14,1410,Soybean,ZS=F
2021-04-15,1418.25,Soybean,ZS=F
2021-04-16,1433.25,Soybean,ZS=F
2021-04-19,1449.75,Soybean,ZS=F
2021-04-20,1472,Soybean,ZS=F
2021-04-21,1497.25,Soybean,ZS=F
2021-04-22,1533.25,Soybean,ZS=F
2021-04-23,1539.75,Soybean,ZS=F
2021-04-26,1569,Soybean,ZS=F
2021-04-27,1549.75,Soybean,ZS=F
2021-04-28,1557.75,Soybean,ZS=F
2021-04-29,1542.5,Soybean,ZS=F
2021-04-30,1571,Soybean,ZS=F
2021-05-03,1560.25,Soybean,ZS=F
2021-05-04,1577,Soybean,ZS=F
2021-05-05,1582,Soybean,ZS=F
2021-05-06,1605.5,Soybean,ZS=F
2021-05-07,1621,Soybean,ZS=F
2021-05-10,1620,Soybean,ZS=F
2021-05-11,1637.5,Soybean,ZS=F
2021-05-12,1660.5,Soybean,ZS=F
2021-05-13,1612.25,Soybean,ZS=F
2021-05-14,1603.75,Soybean,ZS=F
2021-05-17,1587.5,Soybean,ZS=F
2021-05-18,1574.25,Soybean,ZS=F
2021-05-19,1538.25,Soybean,ZS=F
2021-05-20,1533.25,Soybean,ZS=F
2021-05-21,1526.25,Soybean,ZS=F
2021-05-24,1522.75,Soybean,ZS=F
2021-05-25,1511.75,Soybean,ZS=F
2021-05-26,1503.5,Soybean,ZS=F
2021-05-27,1537,Soybean,ZS=F
2021-05-28,1530.5,Soybean,ZS=F
2021-06-01,1548.5,Soybean,ZS=F
2021-06-02,1562.5,Soybean,ZS=F
2021-06-03,1549.25,Soybean,ZS=F
2021-06-04,1583.75,Soybean,ZS=F
2021-06-07,1560.25,Soybean,ZS=F
2021-06-08,1580,Soybean,ZS=F
2021-06-09,1562.5,Soybean,ZS=F
2021-06-10,1544,Soybean,ZS=F
2021-06-11,1508.5,Soybean,ZS=F
2021-06-14,1472.25,Soybean,ZS=F
2021-06-15,1465.75,Soybean,ZS=F
2021-06-16,1448.5,Soybean,ZS=F
2021-06-17,1329.75,Soybean,ZS=F
2021-06-18,1396,Soybean,ZS=F
2021-06-21,1415,Soybean,ZS=F
2021-06-22,1394.5,Soybean,ZS=F
2021-06-23,1385,Soybean,ZS=F
2021-06-24,1371.25,Soybean,ZS=F
2021-06-25,1329.75,Soybean,ZS=F
2021-06-28,1357,Soybean,ZS=F
2021-06-29,1359.75,Soybean,ZS=F
2021-06-30,1450,Soybean,ZS=F
2021-07-01,1446.75,Soybean,ZS=F
2021-07-02,1451.75,Soybean,ZS=F
2021-07-06,1363.75,Soybean,ZS=F
2021-07-07,1386.5,Soybean,ZS=F
2021-07-08,1390.25,Soybean,ZS=F
2021-07-09,1404,Soybean,ZS=F
2021-07-12,1432.5,Soybean,ZS=F
2021-07-13,1438,Soybean,ZS=F
2021-07-14,1467.75,Soybean,ZS=F
2021-07-15,1447.5,Soybean,ZS=F
2021-07-16,1454.75,Soybean,ZS=F
2021-07-19,1428,Soybean,ZS=F
2021-07-20,1443.5,Soybean,ZS=F
2021-07-21,1439.25,Soybean,ZS=F
2021-07-22,1416.25,Soybean,ZS=F
2021-07-23,1401,Soybean,ZS=F
2021-07-26,1412.75,Soybean,ZS=F
2021-07-27,1418.25,Soybean,ZS=F
2021-07-28,1432,Soybean,ZS=F
2021-07-29,1434.25,Soybean,ZS=F
2021-07-30,1414.75,Soybean,ZS=F
2021-08-02,1418.75,Soybean,ZS=F
2021-08-03,1392.25,Soybean,ZS=F
2021-08-04,1403.5,Soybean,ZS=F
2021-08-05,1402.5,Soybean,ZS=F
2021-08-06,1422.25,Soybean,ZS=F
2021-08-09,1433.75,Soybean,ZS=F
2021-08-10,1447.5,Soybean,ZS=F
2021-08-11,1405.5,Soybean,ZS=F
2021-08-12,1401.5,Soybean,ZS=F
2021-08-13,1424.25,Soybean,ZS=F
2021-08-16,1376,Soybean,ZS=F
2021-08-17,1369,Soybean,ZS=F
2021-08-18,1358.25,Soybean,ZS=F
2021-08-19,1323,Soybean,ZS=F
2021-08-20,1293.75,Soybean,ZS=F
2021-08-23,1294,Soybean,ZS=F
2021-08-24,1337,Soybean,ZS=F
2021-08-25,1346,Soybean,ZS=F
2021-08-26,1367.5,Soybean,ZS=F
2021-08-27,1359.25,Soybean,ZS=F
2021-08-30,1304.75,Soybean,ZS=F
2021-08-31,1298.75,Soybean,ZS=F
2021-09-01,1277.75,Soybean,ZS=F
2021-09-02,1279.25,Soybean,ZS=F
2021-09-03,1283,Soybean,ZS=F
2021-09-07,1268.75,Soybean,ZS=F
2021-09-08,1270.75,Soybean,ZS=F
2021-09-09,1258.75,Soybean,ZS=F
2021-09-10,1275.25,Soybean,ZS=F
2021-09-13,1272.5,Soybean,ZS=F
2021-09-14,1276.5,Soybean,ZS=F
2021-09-15,1294.5,Soybean,ZS=F
2021-09-16,1296,Soybean,ZS=F
2021-09-17,1284,Soybean,ZS=F
2021-09-20,1262.5,Soybean,ZS=F
2021-09-21,1274,Soybean,ZS=F
2021-09-22,1282.75,Soybean,ZS=F
2021-09-23,1284.25,Soybean,ZS=F
2021-09-24,1285,Soybean,ZS=F
2021-09-27,1287.5,Soybean,ZS=F
2021-09-28,1277,Soybean,ZS=F
2021-09-29,1283.75,Soybean,ZS=F
2021-09-30,1256,Soybean,ZS=F
2021-10-01,1246.5,Soybean,ZS=F
2021-10-04,1235.75,Soybean,ZS=F
2021-10-05,1250.5,Soybean,ZS=F
2021-10-06,1242,Soybean,ZS=F
2021-10-07,1247.25,Soybean,ZS=F
2021-10-08,1243,Soybean,ZS=F
2021-10-11,1228.25,Soybean,ZS=F
2021-10-12,1198.25,Soybean,ZS=F
2021-10-13,1195.25,Soybean,ZS=F
2021-10-14,1206.25,Soybean,ZS=F
2021-10-15,1217.75,Soybean,ZS=F
2021-10-18,1221.5,Soybean,ZS=F
2021-10-19,1228,Soybean,ZS=F
2021-10-20,1245.5,Soybean,ZS=F
2021-10-21,1224,Soybean,ZS=F
2021-10-22,1220.5,Soybean,ZS=F
2021-10-25,1237.25,Soybean,ZS=F
2021-10-26,1238,Soybean,ZS=F
2021-10-27,1239.25,Soybean,ZS=F
2021-10-28,1233.75,Soybean,ZS=F
2021-10-29,1235.75,Soybean,ZS=F
2021-11-01,1236.75,Soybean,ZS=F
2021-11-02,1244,Soybean,ZS=F
2021-11-03,1231.5,Soybean,ZS=F
2021-11-04,1209.25,Soybean,ZS=F
2021-11-05,1192.25,Soybean,ZS=F
2021-11-08,1178,Soybean,ZS=F
2021-11-09,1199.5,Soybean,ZS=F
2021-11-10,1203.5,Soybean,ZS=F
2021-11-11,1212.25,Soybean,ZS=F
2021-11-12,1234,Soybean,ZS=F
2021-11-15,1257.25,Soybean,ZS=F
2021-11-16,1251.25,Soybean,ZS=F
2021-11-17,1277,Soybean,ZS=F
2021-11-18,1265.25,Soybean,ZS=F
2021-11-19,1263.25,Soybean,ZS=F
2021-11-22,1274.25,Soybean,ZS=F
2021-11-23,1273,Soybean,ZS=F
2021-11-24,1266.5,Soybean,ZS=F
2021-11-26,1252.75,Soybean,ZS=F
2021-11-29,1241.5,Soybean,ZS=F
2021-11-30,1217.25,Soybean,ZS=F
2021-12-01,1228.25,Soybean,ZS=F
2021-12-02,1244.25,Soybean,ZS=F
2021-12-03,1267.25,Soybean,ZS=F
2021-12-06,1261.5,Soybean,ZS=F
2021-12-07,1250.25,Soybean,ZS=F
2021-12-08,1261,Soybean,ZS=F
2021-12-09,1264.5,Soybean,ZS=F
2021-12-10,1267.75,Soybean,ZS=F
2021-12-13,1244,Soybean,ZS=F
2021-12-14,1259.5,Soybean,ZS=F
2021-12-15,1262.5,Soybean,ZS=F
2021-12-16,1277.25,Soybean,ZS=F
2021-12-17,1285.25,Soybean,ZS=F
2021-12-20,1292.25,Soybean,ZS=F
2021-12-21,1308,Soybean,ZS=F
2021-12-22,1328.75,Soybean,ZS=F
2021-12-23,1332,Soybean,ZS=F
2021-12-27,1362.5,Soybean,ZS=F
2021-12-28,1359.25,Soybean,ZS=F
2021-12-29,1356.5,Soybean,ZS=F
2021-12-30,1327.75,Soybean,ZS=F
2021-12-31,1328.75,Soybean,ZS=F
2022-01-03,1344,Soybean,ZS=F
2022-01-04,1378.75,Soybean,ZS=F
2022-01-05,1384.25,Soybean,ZS=F
2022-01-06,1377.25,Soybean,ZS=F
2022-01-07,1401.5,Soybean,ZS=F
2022-01-10,1374.75,Soybean,ZS=F
2022-01-11,1376.75,Soybean,ZS=F
2022-01-12,1391.25,Soybean,ZS=F
2022-01-13,1365.25,Soybean,ZS=F
2022-01-14,1356.75,Soybean,ZS=F
2022-01-18,1361.25,Soybean,ZS=F
2022-01-19,1391.25,Soybean,ZS=F
2022-01-20,1425.75,Soybean,ZS=F
2022-01-21,1414.25,Soybean,ZS=F
2022-01-24,1403,Soybean,ZS=F
2022-01-25,1407.25,Soybean,ZS=F
2022-01-26,1440,Soybean,ZS=F
2022-01-27,1448.25,Soybean,ZS=F
2022-01-28,1470,Soybean,ZS=F
2022-01-31,1490.5,Soybean,ZS=F
2022-02-01,1528.5,Soybean,ZS=F
2022-02-02,1545.25,Soybean,ZS=F
2022-02-03,1544.25,Soybean,ZS=F
2022-02-04,1553.5,Soybean,ZS=F
2022-02-07,1581.75,Soybean,ZS=F
2022-02-08,1569,Soybean,ZS=F
2022-02-09,1594.75,Soybean,ZS=F
2022-02-10,1574.25,Soybean,ZS=F
2022-02-11,1583,Soybean,ZS=F
2022-02-14,1570,Soybean,ZS=F
2022-02-15,1551.25,Soybean,ZS=F
2022-02-16,1587.5,Soybean,ZS=F
2022-02-17,1592,Soybean,ZS=F
2022-02-18,1601.5,Soybean,ZS=F
2022-02-22,1635,Soybean,ZS=F
2022-02-23,1675,Soybean,ZS=F
2022-02-24,1661.5,Soybean,ZS=F
2022-02-25,1590.25,Soybean,ZS=F
2022-02-28,1644.25,Soybean,ZS=F
2022-03-01,1705.5,Soybean,ZS=F
2022-03-02,1677.5,Soybean,ZS=F
2022-03-03,1680.25,Soybean,ZS=F
2022-03-04,1676.25,Soybean,ZS=F
2022-03-07,1674.25,Soybean,ZS=F
2022-03-08,1704.5,Soybean,ZS=F
2022-03-09,1686.5,Soybean,ZS=F
2022-03-10,1700,Soybean,ZS=F
2022-03-11,1690.75,Soybean,ZS=F
2022-03-14,1687.25,Soybean,ZS=F
2022-03-15,1658.75,Soybean,ZS=F
2022-03-16,1649.25,Soybean,ZS=F
2022-03-17,1668.5,Soybean,ZS=F
2022-03-18,1668,Soybean,ZS=F
2022-03-21,1691,Soybean,ZS=F
2022-03-22,1696.5,Soybean,ZS=F
2022-03-23,1718.75,Soybean,ZS=F
2022-03-24,1700.75,Soybean,ZS=F
2022-03-25,1710.25,Soybean,ZS=F
2022-03-28,1664.25,Soybean,ZS=F
2022-03-29,1643,Soybean,ZS=F
2022-03-30,1664,Soybean,ZS=F
2022-03-31,1618.25,Soybean,ZS=F
2022-04-01,1582.75,Soybean,ZS=F
2022-04-04,1602.25,Soybean,ZS=F
2022-04-05,1631,Soybean,ZS=F
2022-04-06,1619.5,Soybean,ZS=F
2022-04-07,1645.5,Soybean,ZS=F
2022-04-08,1689,Soybean,ZS=F
2022-04-11,1655.25,Soybean,ZS=F
2022-04-12,1670.25,Soybean,ZS=F
2022-04-13,1676,Soybean,ZS=F
2022-04-14,1682.25,Soybean,ZS=F
2022-04-18,1714.75,Soybean,ZS=F
2022-04-19,1716.5,Soybean,ZS=F
2022-04-20,1746.75,Soybean,ZS=F
2022-04-21,1748.25,Soybean,ZS=F
2022-04-22,1716,Soybean,ZS=F
2022-04-25,1703.5,Soybean,ZS=F
2022-04-26,1705.25,Soybean,ZS=F
2022-04-27,1726.5,Soybean,ZS=F
2022-04-28,1706.5,Soybean,ZS=F
2022-04-29,1708.25,Soybean,ZS=F
2022-05-02,1674,Soybean,ZS=F
2022-05-03,1659,Soybean,ZS=F
2022-05-04,1669.75,Soybean,ZS=F
2022-05-05,1678.5,Soybean,ZS=F
2022-05-06,1655.5,Soybean,ZS=F
2022-05-09,1621,Soybean,ZS=F
2022-05-10,1630,Soybean,ZS=F
2022-05-11,1650.25,Soybean,ZS=F
2022-05-12,1660.25,Soybean,ZS=F
2022-05-13,1723.25,Soybean,ZS=F
2022-05-16,1656.5,Soybean,ZS=F
2022-05-17,1678,Soybean,ZS=F
2022-05-18,1662.75,Soybean,ZS=F
2022-05-19,1690.5,Soybean,ZS=F
2022-05-20,1705.25,Soybean,ZS=F
2022-05-23,1687,Soybean,ZS=F
2022-05-24,1693,Soybean,ZS=F
2022-05-25,1681,Soybean,ZS=F
2022-05-26,1726.5,Soybean,ZS=F
2022-05-27,1732.25,Soybean,ZS=F
2022-05-31,1683.25,Soybean,ZS=F
2022-06-01,1690.25,Soybean,ZS=F
2022-06-02,1729.25,Soybean,ZS=F
2022-06-03,1697.75,Soybean,ZS=F
2022-06-06,1699.25,Soybean,ZS=F
2022-06-07,1728.25,Soybean,ZS=F
2022-06-08,1740,Soybean,ZS=F
2022-06-09,1769,Soybean,ZS=F
2022-06-10,1745.5,Soybean,ZS=F
2022-06-13,1707.5,Soybean,ZS=F
2022-06-14,1698.5,Soybean,ZS=F
2022-06-15,1693.75,Soybean,ZS=F
2022-06-16,1709.5,Soybean,ZS=F
2022-06-17,1702,Soybean,ZS=F
2022-06-21,1681,Soybean,ZS=F
2022-06-22,1652.75,Soybean,ZS=F
2022-06-23,1593.25,Soybean,ZS=F
2022-06-24,1610.75,Soybean,ZS=F
2022-06-27,1630.5,Soybean,ZS=F
2022-06-28,1663.75,Soybean,ZS=F
2022-06-29,1674.25,Soybean,ZS=F
2022-06-30,1675,Soybean,ZS=F
2022-07-01,1626,Soybean,ZS=F
2022-07-05,1575.25,Soybean,ZS=F
2022-07-06,1580.25,Soybean,ZS=F
2022-07-07,1591.25,Soybean,ZS=F
2022-07-08,1630.25,Soybean,ZS=F
2022-07-11,1641,Soybean,ZS=F
2022-07-12,1592.75,Soybean,ZS=F
2022-07-13,1588.25,Soybean,ZS=F
2022-07-14,1610,Soybean,ZS=F
2022-07-15,1466,Soybean,ZS=F
2022-07-18,1497.25,Soybean,ZS=F
2022-07-19,1477.25,Soybean,ZS=F
2022-07-20,1449,Soybean,ZS=F
2022-07-21,1418.5,Soybean,ZS=F
2022-07-22,1434.5,Soybean,ZS=F
2022-07-25,1473,Soybean,ZS=F
2022-07-26,1532.75,Soybean,ZS=F
2022-07-27,1578.75,Soybean,ZS=F
2022-07-28,1609.25,Soybean,ZS=F
2022-07-29,1637,Soybean,ZS=F
2022-08-01,1594.25,Soybean,ZS=F
2022-08-02,1569.25,Soybean,ZS=F
2022-08-03,1558,Soybean,ZS=F
2022-08-04,1615,Soybean,ZS=F
2022-08-05,1614.75,Soybean,ZS=F
2022-08-08,1619.5,Soybean,ZS=F
2022-08-09,1693.25,Soybean,ZS=F
2022-08-10,1688.75,Soybean,ZS=F
2022-08-11,1709.5,Soybean,ZS=F
2022-08-12,1669.25,Soybean,ZS=F
2022-08-15,1494,Soybean,ZS=F
2022-08-16,1454.25,Soybean,ZS=F
2022-08-17,1475.25,Soybean,ZS=F
2022-08-18,1495.5,Soybean,ZS=F
2022-08-19,1488.75,Soybean,ZS=F
2022-08-22,1527,Soybean,ZS=F
2022-08-23,1566.75,Soybean,ZS=F
2022-08-24,1560.75,Soybean,ZS=F
2022-08-25,1552.5,Soybean,ZS=F
2022-08-26,1605.25,Soybean,ZS=F
2022-08-29,1534.75,Soybean,ZS=F
2022-08-30,1513,Soybean,ZS=F
2022-08-31,1507.5,Soybean,ZS=F
2022-09-01,1472.75,Soybean,ZS=F
2022-09-02,1510.5,Soybean,ZS=F
2022-09-06,1490,Soybean,ZS=F
2022-09-07,1466.75,Soybean,ZS=F
2022-09-08,1470.5,Soybean,ZS=F
2022-09-09,1489.25,Soybean,ZS=F
2022-09-12,1549.75,Soybean,ZS=F
2022-09-13,1534.25,Soybean,ZS=F
2022-09-14,1503.75,Soybean,ZS=F
2022-09-15,1451.5,Soybean,ZS=F
2022-09-16,1448.5,Soybean,ZS=F
2022-09-19,1461.25,Soybean,ZS=F
2022-09-20,1478.75,Soybean,ZS=F
2022-09-21,1461.25,Soybean,ZS=F
2022-09-22,1457,Soybean,ZS=F
2022-09-23,1425.75,Soybean,ZS=F
2022-09-26,1411.25,Soybean,ZS=F
2022-09-27,1408,Soybean,ZS=F
2022-09-28,1408.75,Soybean,ZS=F
2022-09-29,1410.75,Soybean,ZS=F
2022-09-30,1364.75,Soybean,ZS=F
2022-10-03,1374,Soybean,ZS=F
2022-10-04,1383.5,Soybean,ZS=F
2022-10-05,1369.75,Soybean,ZS=F
2022-10-06,1358,Soybean,ZS=F
2022-10-07,1367,Soybean,ZS=F
2022-10-10,1374,Soybean,ZS=F
2022-10-11,1376.25,Soybean,ZS=F
2022-10-12,1396,Soybean,ZS=F
2022-10-13,1395.75,Soybean,ZS=F
2022-10-14,1383.75,Soybean,ZS=F
2022-10-17,1385.25,Soybean,ZS=F
2022-10-18,1372,Soybean,ZS=F
2022-10-19,1372.5,Soybean,ZS=F
2022-10-20,1391.5,Soybean,ZS=F
2022-10-21,1395.5,Soybean,ZS=F
2022-10-24,1372,Soybean,ZS=F
2022-10-25,1382,Soybean,ZS=F
2022-10-26,1381.75,Soybean,ZS=F
2022-10-27,1382.25,Soybean,ZS=F
2022-10-28,1387.75,Soybean,ZS=F
2022-10-31,1407,Soybean,ZS=F
2022-11-01,1435.75,Soybean,ZS=F
2022-11-02,1440,Soybean,ZS=F
2022-11-03,1426.75,Soybean,ZS=F
2022-11-04,1451.5,Soybean,ZS=F
2022-11-07,1440,Soybean,ZS=F
2022-11-08,1444,Soybean,ZS=F
2022-11-09,1459.75,Soybean,ZS=F
2022-11-10,1430.5,Soybean,ZS=F
2022-11-11,1455.5,Soybean,ZS=F
2022-11-14,1441.75,Soybean,ZS=F
2022-11-15,1457.25,Soybean,ZS=F
2022-11-16,1429.25,Soybean,ZS=F
2022-11-17,1417,Soybean,ZS=F
2022-11-18,1428.25,Soybean,ZS=F
2022-11-21,1436.75,Soybean,ZS=F
2022-11-22,1429.75,Soybean,ZS=F
2022-11-23,1436,Soybean,ZS=F
2022-11-25,1436.25,Soybean,ZS=F
2022-11-28,1457.25,Soybean,ZS=F
2022-11-29,1459.5,Soybean,ZS=F
2022-11-30,1469.5,Soybean,ZS=F
2022-12-01,1429.75,Soybean,ZS=F
2022-12-02,1438.5,Soybean,ZS=F
2022-12-05,1437.75,Soybean,ZS=F
2022-12-06,1455,Soybean,ZS=F
2022-12-07,1472,Soybean,ZS=F
2022-12-08,1486.25,Soybean,ZS=F
2022-12-09,1483.75,Soybean,ZS=F
2022-12-12,1460.5,Soybean,ZS=F
2022-12-13,1479.75,Soybean,ZS=F
2022-12-14,1482.25,Soybean,ZS=F
2022-12-15,1473.5,Soybean,ZS=F
2022-12-16,1480,Soybean,ZS=F
2022-12-19,1460.75,Soybean,ZS=F
2022-12-20,1478.5,Soybean,ZS=F
2022-12-21,1481,Soybean,ZS=F
2022-12-22,1467.75,Soybean,ZS=F
2022-12-23,1479,Soybean,ZS=F
2022-12-27,1482.25,Soybean,ZS=F
2022-12-28,1506.5,Soybean,ZS=F
2022-12-29,1508.75,Soybean,ZS=F
2022-12-30,1519.25,Soybean,ZS=F
2023-01-03,1487.25,Soybean,ZS=F
2023-01-04,1478.25,Soybean,ZS=F
2023-01-05,1466.75,Soybean,ZS=F
2023-01-06,1501.5,Soybean,ZS=F
2023-01-09,1503.5,Soybean,ZS=F
2023-01-10,1510,Soybean,ZS=F
2023-01-11,1515,Soybean,ZS=F
2023-01-12,1529.5,Soybean,ZS=F
2023-01-13,1538.25,Soybean,ZS=F
2023-01-17,1539.75,Soybean,ZS=F
2023-01-18,1524.5,Soybean,ZS=F
2023-01-19,1514.75,Soybean,ZS=F
2023-01-20,1506.5,Soybean,ZS=F
2023-01-23,1490.25,Soybean,ZS=F
2023-01-24,1488.5,Soybean,ZS=F
2023-01-25,1502.5,Soybean,ZS=F
2023-01-26,1523.5,Soybean,ZS=F
2023-01-27,1509.5,Soybean,ZS=F
2023-01-30,1535.25,Soybean,ZS=F
2023-01-31,1538,Soybean,ZS=F
2023-02-01,1520.25,Soybean,ZS=F
2023-02-02,1534.25,Soybean,ZS=F
2023-02-03,1532,Soybean,ZS=F
2023-02-06,1521.25,Soybean,ZS=F
2023-02-07,1515.25,Soybean,ZS=F
2023-02-08,1519.75,Soybean,ZS=F
2023-02-09,1519.25,Soybean,ZS=F
2023-02-10,1542.5,Soybean,ZS=F
2023-02-13,1542.75,Soybean,ZS=F
2023-02-14,1537.5,Soybean,ZS=F
2023-02-15,1525.75,Soybean,ZS=F
2023-02-16,1526.5,Soybean,ZS=F
2023-02-17,1527.25,Soybean,ZS=F
2023-02-21,1548.75,Soybean,ZS=F
2023-02-22,1539.5,Soybean,ZS=F
2023-02-23,1534.25,Soybean,ZS=F
2023-02-24,1529,Soybean,ZS=F
2023-02-27,1518.25,Soybean,ZS=F
2023-02-28,1490.5,Soybean,ZS=F
2023-03-01,1504.25,Soybean,ZS=F
2023-03-02,1519.75,Soybean,ZS=F
2023-03-03,1530.5,Soybean,ZS=F
2023-03-06,1541,Soybean,ZS=F
2023-03-07,1525.25,Soybean,ZS=F
2023-03-08,1526.75,Soybean,ZS=F
2023-03-09,1520,Soybean,ZS=F
2023-03-10,1513,Soybean,ZS=F
2023-03-13,1500,Soybean,ZS=F
2023-03-14,1499.75,Soybean,ZS=F
2023-03-15,1489.25,Soybean,ZS=F
2023-03-16,1491.5,Soybean,ZS=F
2023-03-17,1476.5,Soybean,ZS=F
2023-03-20,1486,Soybean,ZS=F
2023-03-21,1467,Soybean,ZS=F
2023-03-22,1448.5,Soybean,ZS=F
2023-03-23,1419.5,Soybean,ZS=F
2023-03-24,1428.25,Soybean,ZS=F
2023-03-27,1442.25,Soybean,ZS=F
2023-03-28,1467.75,Soybean,ZS=F
2023-03-29,1477.25,Soybean,ZS=F
2023-03-30,1474.5,Soybean,ZS=F
2023-03-31,1505.5,Soybean,ZS=F
2023-04-03,1522,Soybean,ZS=F
2023-04-04,1517.5,Soybean,ZS=F
2023-04-05,1511,Soybean,ZS=F
2023-04-06,1492.5,Soybean,ZS=F
2023-04-10,1487.25,Soybean,ZS=F
2023-04-11,1497.25,Soybean,ZS=F
2023-04-12,1504.25,Soybean,ZS=F
2023-04-13,1501,Soybean,ZS=F
2023-04-14,1500.5,Soybean,ZS=F
2023-04-17,1517,Soybean,ZS=F
2023-04-18,1519.25,Soybean,ZS=F
2023-04-19,1506.5,Soybean,ZS=F
2023-04-20,1497.5,Soybean,ZS=F
2023-04-21,1483.5,Soybean,ZS=F
2023-04-24,1465.25,Soybean,ZS=F
2023-04-25,1445.25,Soybean,ZS=F
2023-04-26,1436,Soybean,ZS=F
2023-04-27,1426.75,Soybean,ZS=F
2023-04-28,1444.25,Soybean,ZS=F
2023-05-01,1454.75,Soybean,ZS=F
2023-05-02,1439.5,Soybean,ZS=F
2023-05-03,1448,Soybean,ZS=F
2023-05-04,1448.5,Soybean,ZS=F
2023-05-05,1469,Soybean,ZS=F
2023-05-08,1468.75,Soybean,ZS=F
2023-05-09,1451.75,Soybean,ZS=F
2023-05-10,1436.5,Soybean,ZS=F
2023-05-11,1443.25,Soybean,ZS=F
2023-05-12,1435,Soybean,ZS=F
2023-05-15,1400.75,Soybean,ZS=F
2023-05-16,1364,Soybean,ZS=F
2023-05-17,1337,Soybean,ZS=F
2023-05-18,1333.25,Soybean,ZS=F
2023-05-19,1307.25,Soybean,ZS=F
2023-05-22,1341.25,Soybean,ZS=F
2023-05-23,1322.5,Soybean,ZS=F
2023-05-24,1324.5,Soybean,ZS=F
2023-05-25,1324,Soybean,ZS=F
2023-05-26,1337.25,Soybean,ZS=F
2023-05-30,1296.5,Soybean,ZS=F
2023-05-31,1299.75,Soybean,ZS=F
2023-06-01,1329.5,Soybean,ZS=F
2023-06-02,1352.5,Soybean,ZS=F
2023-06-05,1350,Soybean,ZS=F
2023-06-06,1353.25,Soybean,ZS=F
2023-06-07,1360.75,Soybean,ZS=F
2023-06-08,1363.25,Soybean,ZS=F
2023-06-09,1386.5,Soybean,ZS=F
2023-06-12,1372.75,Soybean,ZS=F
2023-06-13,1399.25,Soybean,ZS=F
2023-06-14,1388.25,Soybean,ZS=F
2023-06-15,1428.25,Soybean,ZS=F
2023-06-16,1466.5,Soybean,ZS=F
2023-06-20,1477.25,Soybean,ZS=F
2023-06-21,1514.75,Soybean,ZS=F
2023-06-22,1500.5,Soybean,ZS=F
2023-06-23,1494.5,Soybean,ZS=F
2023-06-26,1521,Soybean,ZS=F
2023-06-27,1495,Soybean,ZS=F
2023-06-28,1451,Soybean,ZS=F
2023-06-29,1483,Soybean,ZS=F
2023-06-30,1557.25,Soybean,ZS=F
2023-07-03,1562,Soybean,ZS=F
2023-07-05,1547.25,Soybean,ZS=F
2023-07-06,1525.75,Soybean,ZS=F
2023-07-07,1485.5,Soybean,ZS=F
2023-07-10,1508,Soybean,ZS=F
2023-07-11,1520.5,Soybean,ZS=F
2023-07-12,1488.5,Soybean,ZS=F
2023-07-13,1518,Soybean,ZS=F
2023-07-14,1495.75,Soybean,ZS=F
2023-07-17,1484,Soybean,ZS=F
2023-07-18,1492,Soybean,ZS=F
2023-07-19,1491.5,Soybean,ZS=F
2023-07-20,1495,Soybean,ZS=F
2023-07-21,1501,Soybean,ZS=F
2023-07-24,1523.25,Soybean,ZS=F
2023-07-25,1515.5,Soybean,ZS=F
2023-07-26,1546.25,Soybean,ZS=F
2023-07-27,1532,Soybean,ZS=F
2023-07-28,1486.75,Soybean,ZS=F
2023-07-31,1445.75,Soybean,ZS=F
2023-08-01,1446.75,Soybean,ZS=F
2023-08-02,1429.75,Soybean,ZS=F
2023-08-03,1428.75,Soybean,ZS=F
2023-08-04,1444,Soybean,ZS=F
2023-08-07,1414.5,Soybean,ZS=F
2023-08-08,1430,Soybean,ZS=F
2023-08-09,1431.5,Soybean,ZS=F
2023-08-10,1412,Soybean,ZS=F
2023-08-11,1401.25,Soybean,ZS=F
2023-08-14,1391,Soybean,ZS=F
2023-08-15,1323.25,Soybean,ZS=F
2023-08-16,1334.75,Soybean,ZS=F
2023-08-17,1336.75,Soybean,ZS=F
2023-08-18,1362.75,Soybean,ZS=F
2023-08-21,1370,Soybean,ZS=F
2023-08-22,1351.5,Soybean,ZS=F
2023-08-23,1359.5,Soybean,ZS=F
2023-08-24,1365.75,Soybean,ZS=F
2023-08-25,1381,Soybean,ZS=F
2023-08-28,1395.25,Soybean,ZS=F
2023-08-29,1382,Soybean,ZS=F
2023-08-30,1381.25,Soybean,ZS=F
2023-08-31,1360,Soybean,ZS=F
2023-09-01,1356.25,Soybean,ZS=F
2023-09-05,1349,Soybean,ZS=F
2023-09-06,1360.25,Soybean,ZS=F
2023-09-07,1345,Soybean,ZS=F
2023-09-08,1349.5,Soybean,ZS=F
2023-09-11,1352.5,Soybean,ZS=F
2023-09-12,1331.75,Soybean,ZS=F
2023-09-13,1336,Soybean,ZS=F
2023-09-14,1343.75,Soybean,ZS=F
2023-09-15,1340.25,Soybean,ZS=F
2023-09-18,1316.75,Soybean,ZS=F
2023-09-19,1315.5,Soybean,ZS=F
2023-09-20,1320,Soybean,ZS=F
2023-09-21,1293.75,Soybean,ZS=F
2023-09-22,1296.25,Soybean,ZS=F
2023-09-25,1297.75,Soybean,ZS=F
2023-09-26,1302.75,Soybean,ZS=F
2023-09-27,1303.25,Soybean,ZS=F
2023-09-28,1300.5,Soybean,ZS=F
2023-09-29,1275,Soybean,ZS=F
2023-10-02,1277,Soybean,ZS=F
2023-10-03,1272.75,Soybean,ZS=F
2023-10-04,1273,Soybean,ZS=F
2023-10-05,1280.75,Soybean,ZS=F
2023-10-06,1266,Soybean,ZS=F
2023-10-09,1264.25,Soybean,ZS=F
2023-10-10,1271.5,Soybean,ZS=F
2023-10-11,1252.5,Soybean,ZS=F
2023-10-12,1290,Soybean,ZS=F
2023-10-13,1280.25,Soybean,ZS=F
2023-10-16,1286.25,Soybean,ZS=F
2023-10-17,1296.75,Soybean,ZS=F
2023-10-18,1311,Soybean,ZS=F
2023-10-19,1315.5,Soybean,ZS=F
2023-10-20,1302.25,Soybean,ZS=F
2023-10-23,1286.75,Soybean,ZS=F
2023-10-24,1295.25,Soybean,ZS=F
2023-10-25,1288.25,Soybean,ZS=F
2023-10-26,1279.5,Soybean,ZS=F
2023-10-27,1297.25,Soybean,ZS=F
2023-10-30,1282.75,Soybean,ZS=F
2023-10-31,1287,Soybean,ZS=F
2023-11-01,1291.25,Soybean,ZS=F
2023-11-02,1304,Soybean,ZS=F
2023-11-03,1327.5,Soybean,ZS=F
2023-11-06,1340.5,Soybean,ZS=F
2023-11-07,1348.75,Soybean,ZS=F
2023-11-08,1349,Soybean,ZS=F
2023-11-09,1327.75,Soybean,ZS=F
2023-11-10,1333.5,Soybean,ZS=F
2023-11-13,1368,Soybean,ZS=F
2023-11-14,1368.75,Soybean,ZS=F
2023-11-15,1385,Soybean,ZS=F
2023-11-16,1360.25,Soybean,ZS=F
2023-11-17,1340.25,Soybean,ZS=F
2023-11-20,1367.25,Soybean,ZS=F
2023-11-21,1377.25,Soybean,ZS=F
2023-11-22,1356.5,Soybean,ZS=F
2023-11-24,1330.75,Soybean,ZS=F
2023-11-27,1329.75,Soybean,ZS=F
2023-11-28,1346.5,Soybean,ZS=F
2023-11-29,1347,Soybean,ZS=F
2023-11-30,1342.75,Soybean,ZS=F
2023-12-01,1325,Soybean,ZS=F
2023-12-04,1306.25,Soybean,ZS=F
2023-12-05,1305.5,Soybean,ZS=F
2023-12-06,1295.5,Soybean,ZS=F
2023-12-07,1311.75,Soybean,ZS=F
2023-12-08,1304,Soybean,ZS=F
2023-12-11,1336,Soybean,ZS=F
2023-12-12,1323.75,Soybean,ZS=F
2023-12-13,1307.5,Soybean,ZS=F
2023-12-14,1314,Soybean,ZS=F
2023-12-15,1315.75,Soybean,ZS=F
2023-12-18,1327,Soybean,ZS=F
2023-12-19,1312.5,Soybean,ZS=F
2023-12-20,1308.25,Soybean,ZS=F
2023-12-21,1297.25,Soybean,ZS=F
2023-12-22,1299.75,Soybean,ZS=F
2023-12-26,1313.25,Soybean,ZS=F
2023-12-27,1316.75,Soybean,ZS=F
2023-12-28,1305.25,Soybean,ZS=F
2023-12-29,1293.5,Soybean,ZS=F
2024-01-02,1274,Soybean,ZS=F
2024-01-03,1269.5,Soybean,ZS=F
2024-01-04,1262,Soybean,ZS=F
2024-01-05,1249.75,Soybean,ZS=F
2024-01-08,1239.5,Soybean,ZS=F
2024-01-09,1241.5,Soybean,ZS=F
2024-01-10,1228.75,Soybean,ZS=F
2024-01-11,1231.25,Soybean,ZS=F
2024-01-12,1205.75,Soybean,ZS=F
2024-01-16,1227.25,Soybean,ZS=F
2024-01-17,1205.75,Soybean,ZS=F
2024-01-18,1213.5,Soybean,ZS=F
2024-01-19,1213.25,Soybean,ZS=F
2024-01-22,1224.25,Soybean,ZS=F
2024-01-23,1239.5,Soybean,ZS=F
2024-01-24,1240.25,Soybean,ZS=F
2024-01-25,1223,Soybean,ZS=F
2024-01-26,1209.25,Soybean,ZS=F
2024-01-29,1194.25,Soybean,ZS=F
2024-01-30,1218.75,Soybean,ZS=F
2024-01-31,1222.25,Soybean,ZS=F
2024-02-01,1203.25,Soybean,ZS=F
2024-02-02,1188.5,Soybean,ZS=F
2024-02-05,1196.25,Soybean,ZS=F
2024-02-06,1199.5,Soybean,ZS=F
2024-02-07,1189,Soybean,ZS=F
2024-02-08,1193.5,Soybean,ZS=F
2024-02-09,1183.5,Soybean,ZS=F
2024-02-12,1193,Soybean,ZS=F
2024-02-13,1186.25,Soybean,ZS=F
2024-02-14,1170.5,Soybean,ZS=F
2024-02-15,1162.25,Soybean,ZS=F
2024-02-16,1172.25,Soybean,ZS=F
2024-02-20,1179,Soybean,ZS=F
2024-02-21,1160.75,Soybean,ZS=F
2024-02-22,1147.75,Soybean,ZS=F
2024-02-23,1133,Soybean,ZS=F
2024-02-26,1136,Soybean,ZS=F
2024-02-27,1131.25,Soybean,ZS=F
2024-02-28,1134,Soybean,ZS=F
2024-02-29,1128.25,Soybean,ZS=F
2024-03-01,1143,Soybean,ZS=F
2024-03-04,1147,Soybean,ZS=F
2024-03-05,1140.75,Soybean,ZS=F
2024-03-06,1140.25,Soybean,ZS=F
2024-03-07,1157,Soybean,ZS=F
2024-03-08,1170.5,Soybean,ZS=F
2024-03-11,1165,Soybean,ZS=F
2024-03-12,1182,Soybean,ZS=F
2024-03-13,1181.75,Soybean,ZS=F
2024-03-14,1180.75,Soybean,ZS=F
2024-03-15,1198.25,Soybean,ZS=F
2024-03-18,1187.75,Soybean,ZS=F
2024-03-19,1185.5,Soybean,ZS=F
2024-03-20,1209.5,Soybean,ZS=F
2024-03-21,1212,Soybean,ZS=F
2024-03-22,1192.5,Soybean,ZS=F
2024-03-25,1209.25,Soybean,ZS=F
2024-03-26,1199,Soybean,ZS=F
2024-03-27,1192.5,Soybean,ZS=F
2024-03-28,1191.5,Soybean,ZS=F
2024-04-01,1185.75,Soybean,ZS=F
2024-04-02,1174,Soybean,ZS=F
2024-04-03,1182.25,Soybean,ZS=F
2024-04-04,1180,Soybean,ZS=F
2024-04-05,1185,Soybean,ZS=F
2024-04-08,1181.5,Soybean,ZS=F
2024-04-09,1174.5,Soybean,ZS=F
2024-04-10,1164.75,Soybean,ZS=F
2024-04-11,1159.25,Soybean,ZS=F
2024-04-12,1174,Soybean,ZS=F
2024-04-15,1158.25,Soybean,ZS=F
2024-04-16,1145,Soybean,ZS=F
2024-04-17,1149.5,Soybean,ZS=F
2024-04-18,1134.25,Soybean,ZS=F
2024-04-19,1150.5,Soybean,ZS=F
2024-04-22,1161,Soybean,ZS=F
2024-04-23,1167.5,Soybean,ZS=F
2024-04-24,1166,Soybean,ZS=F
2024-04-25,1162.75,Soybean,ZS=F
2024-04-26,1159.5,Soybean,ZS=F
2024-04-29,1160.75,Soybean,ZS=F
2024-04-30,1145.5,Soybean,ZS=F
2024-05-01,1155.75,Soybean,ZS=F
2024-05-02,1190,Soybean,ZS=F
2024-05-03,1201.75,Soybean,ZS=F
2024-05-06,1234.75,Soybean,ZS=F
2024-05-07,1232.25,Soybean,ZS=F
2024-05-08,1212.75,Soybean,ZS=F
2024-05-09,1192.75,Soybean,ZS=F
2024-05-10,1205,Soybean,ZS=F
2024-05-13,1205.5,Soybean,ZS=F
2024-05-14,1199,Soybean,ZS=F
2024-05-15,1213.5,Soybean,ZS=F
2024-05-16,1216.25,Soybean,ZS=F
2024-05-17,1228,Soybean,ZS=F
2024-05-20,1248,Soybean,ZS=F
2024-05-21,1236.25,Soybean,ZS=F
2024-05-22,1246.25,Soybean,ZS=F
2024-05-23,1239.25,Soybean,ZS=F
2024-05-24,1248,Soybean,ZS=F
2024-05-28,1229.5,Soybean,ZS=F
2024-05-29,1214,Soybean,ZS=F
2024-05-30,1209.75,Soybean,ZS=F
2024-05-31,1205,Soybean,ZS=F
2024-06-03,1184.5,Soybean,ZS=F
2024-06-04,1179,Soybean,ZS=F
2024-06-05,1177.25,Soybean,ZS=F
2024-06-06,1200,Soybean,ZS=F
2024-06-07,1179.25,Soybean,ZS=F
2024-06-10,1188.25,Soybean,ZS=F
2024-06-11,1178,Soybean,ZS=F
2024-06-12,1177.25,Soybean,ZS=F
2024-06-13,1189.5,Soybean,ZS=F
2024-06-14,1179.75,Soybean,ZS=F
2024-06-17,1157.75,Soybean,ZS=F
2024-06-18,1174,Soybean,ZS=F
2024-06-20,1155.25,Soybean,ZS=F
2024-06-21,1160.5,Soybean,ZS=F
2024-06-24,1175.25,Soybean,ZS=F
2024-06-25,1163.25,Soybean,ZS=F
2024-06-26,1162.75,Soybean,ZS=F
2024-06-27,1152.25,Soybean,ZS=F
2024-06-28,1150.5,Soybean,ZS=F
2024-07-01,1159.5,Soybean,ZS=F
2024-07-02,1165,Soybean,ZS=F
2024-07-03,1176.5,Soybean,ZS=F
2024-07-05,1188.5,Soybean,ZS=F
2024-07-08,1174.25,Soybean,ZS=F
2024-07-09,1161.5,Soybean,ZS=F
2024-07-10,1141.25,Soybean,ZS=F
2024-07-11,1142.75,Soybean,ZS=F
2024-07-12,1134.5,Soybean,ZS=F
2024-07-15,1078,Soybean,ZS=F
2024-07-16,1090.5,Soybean,ZS=F
2024-07-17,1097.25,Soybean,ZS=F
2024-07-18,1098.5,Soybean,ZS=F
2024-07-19,1097.25,Soybean,ZS=F
2024-07-22,1117.75,Soybean,ZS=F
2024-07-23,1117.5,Soybean,ZS=F
2024-07-24,1111,Soybean,ZS=F
2024-07-25,1116,Soybean,ZS=F
2024-07-26,1077.5,Soybean,ZS=F
2024-07-29,1054.75,Soybean,ZS=F
2024-07-30,1027.25,Soybean,ZS=F
2024-07-31,1028.5,Soybean,ZS=F
2024-08-01,1022,Soybean,ZS=F
2024-08-02,1029.25,Soybean,ZS=F
2024-08-05,1044.25,Soybean,ZS=F
2024-08-06,1028.5,Soybean,ZS=F
2024-08-07,1020.25,Soybean,ZS=F
2024-08-08,1009.75,Soybean,ZS=F
2024-08-09,1028,Soybean,ZS=F
2024-08-12,1012,Soybean,ZS=F
2024-08-13,989,Soybean,ZS=F
2024-08-14,979.75,Soybean,ZS=F
2024-08-15,951.5,Soybean,ZS=F
2024-08-16,938.75,Soybean,ZS=F
2024-08-19,956.25,Soybean,ZS=F
2024-08-20,957.25,Soybean,ZS=F
2024-08-21,963,Soybean,ZS=F
2024-08-22,941.25,Soybean,ZS=F
2024-08-23,952,Soybean,ZS=F
2024-08-26,959.75,Soybean,ZS=F
2024-08-27,967.5,Soybean,ZS=F
2024-08-28,958.5,Soybean,ZS=F
2024-08-29,973.75,Soybean,ZS=F
2024-08-30,982,Soybean,ZS=F
2024-09-03,997,Soybean,ZS=F
2024-09-04,1006,Soybean,ZS=F
2024-09-05,1008.25,Soybean,ZS=F
2024-09-06,989.25,Soybean,ZS=F
2024-09-09,1000,Soybean,ZS=F
2024-09-10,977.5,Soybean,ZS=F
2024-09-11,979.75,Soybean,ZS=F
2024-09-12,991.5,Soybean,ZS=F
2024-09-13,986.75,Soybean,ZS=F
2024-09-16,1004.5,Soybean,ZS=F
2024-09-17,1006,Soybean,ZS=F
2024-09-18,1014,Soybean,ZS=F
2024-09-19,1013.25,Soybean,ZS=F
2024-09-20,1012,Soybean,ZS=F
2024-09-23,1039.25,Soybean,ZS=F
2024-09-24,1042.25,Soybean,ZS=F
2024-09-25,1053.25,Soybean,ZS=F
2024-09-26,1041,Soybean,ZS=F
2024-09-27,1065.75,Soybean,ZS=F
2024-09-30,1057,Soybean,ZS=F
2024-10-01,1057.25,Soybean,ZS=F
2024-10-02,1056,Soybean,ZS=F
2024-10-03,1046,Soybean,ZS=F
2024-10-04,1037.75,Soybean,ZS=F
2024-10-07,1034,Soybean,ZS=F
2024-10-08,1016.25,Soybean,ZS=F
2024-10-09,1020.25,Soybean,ZS=F
2024-10-10,1014.75,Soybean,ZS=F
2024-10-11,1005.5,Soybean,ZS=F
2024-10-14,996,Soybean,ZS=F
2024-10-15,991,Soybean,ZS=F
2024-10-16,980,Soybean,ZS=F
2024-10-17,988.75,Soybean,ZS=F
2024-10-18,970,Soybean,ZS=F
2024-10-21,981,Soybean,ZS=F
2024-10-22,991.75,Soybean,ZS=F
2024-10-23,997.5,Soybean,ZS=F
2024-10-24,996.25,Soybean,ZS=F
2024-10-25,987.75,Soybean,ZS=F
2024-10-28,974,Soybean,ZS=F
2024-10-29,965.25,Soybean,ZS=F
2024-10-30,976.5,Soybean,ZS=F
2024-10-31,982.5,Soybean,ZS=F
2024-11-01,982.5,Soybean,ZS=F
2024-11-04,987.25,Soybean,ZS=F
2024-11-05,993.75,Soybean,ZS=F
2024-11-06,994.5,Soybean,ZS=F
2024-11-07,1015.5,Soybean,ZS=F
2024-11-08,1016.75,Soybean,ZS=F
2024-11-11,1011.75,Soybean,ZS=F
2024-11-12,1003.5,Soybean,ZS=F
2024-11-13,1004.25,Soybean,ZS=F
2024-11-14,985.75,Soybean,ZS=F
2024-11-15,998.5,Soybean,ZS=F
2024-11-18,1009.75,Soybean,ZS=F
2024-11-19,998.5,Soybean,ZS=F
2024-11-20,990.5,Soybean,ZS=F
2024-11-21,977.75,Soybean,ZS=F
2024-11-22,983.5,Soybean,ZS=F
2024-11-25,985.75,Soybean,ZS=F
2024-11-26,983.5,Soybean,ZS=F
2024-11-27,988.75,Soybean,ZS=F
2024-11-29,989.5,Soybean,ZS=F
2024-12-02,985.25,Soybean,ZS=F
2024-12-03,991.75,Soybean,ZS=F
2024-12-04,983.75,Soybean,ZS=F
2024-12-05,993.75,Soybean,ZS=F
2024-12-06,993.75,Soybean,ZS=F
2024-12-09,990,Soybean,ZS=F
2024-12-10,994.75,Soybean,ZS=F
2024-12-11,995.5,Soybean,ZS=F
2024-12-12,995.75,Soybean,ZS=F
2024-12-13,988.25,Soybean,ZS=F
2024-12-16,982,Soybean,ZS=F
2024-12-17,976.75,Soybean,ZS=F
2024-12-18,951.75,Soybean,ZS=F
2024-12-19,963,Soybean,ZS=F
2024-12-20,974.5,Soybean,ZS=F
2024-12-23,969.5,Soybean,ZS=F
2024-12-24,975.25,Soybean,ZS=F
2024-12-26,988,Soybean,ZS=F
2024-12-27,980,Soybean,ZS=F
2024-12-30,982,Soybean,ZS=F
2024-12-31,998.25,Soybean,ZS=F
2025-01-02,999.5,Soybean,ZS=F
2025-01-03,981,Soybean,ZS=F
2025-01-06,992.5,Soybean,ZS=F
2025-01-07,992.25,Soybean,ZS=F
2025-01-08,987.5,Soybean,ZS=F
2025-01-09,992.25,Soybean,ZS=F
2025-01-10,1013.5,Soybean,ZS=F
2025-01-13,1041.5,Soybean,ZS=F
2025-01-14,1043,Soybean,ZS=F
2025-01-15,1042.75,Soybean,ZS=F
2025-01-16,1019,Soybean,ZS=F
2025-01-17,1034,Soybean,ZS=F
2025-01-21,1067.25,Soybean,ZS=F
2025-01-22,1056,Soybean,ZS=F
2025-01-23,1065.5,Soybean,ZS=F
2025-01-24,1055.75,Soybean,ZS=F
2025-01-27,1045,Soybean,ZS=F
2025-01-28,1045,Soybean,ZS=F
2025-01-29,1060.5,Soybean,ZS=F
2025-01-30,1044,Soybean,ZS=F
2025-01-31,1042,Soybean,ZS=F
2025-02-03,1058.25,Soybean,ZS=F
2025-02-04,1075,Soybean,ZS=F
2025-02-05,1057,Soybean,ZS=F
2025-02-06,1060.5,Soybean,ZS=F
2025-02-07,1049.5,Soybean,ZS=F
2025-02-10,1049.5,Soybean,ZS=F
2025-02-11,1043.5,Soybean,ZS=F
2025-02-12,1027.75,Soybean,ZS=F
2025-02-13,1030,Soybean,ZS=F
2025-02-14,1036,Soybean,ZS=F
2025-02-18,1038.5,Soybean,ZS=F
2025-02-19,1031.75,Soybean,ZS=F
2025-02-20,1045.5,Soybean,ZS=F
2025-02-21,1039.5,Soybean,ZS=F
2025-02-24,1029,Soybean,ZS=F
2025-02-25,1031.25,Soybean,ZS=F
2025-02-26,1024.5,Soybean,ZS=F
2025-02-27,1022.75,Soybean,ZS=F
2025-02-28,1011.5,Soybean,ZS=F
2025-03-03,998.25,Soybean,ZS=F
2025-03-04,984,Soybean,ZS=F
2025-03-05,997.75,Soybean,ZS=F
2025-03-06,1014,Soybean,ZS=F
2025-03-07,1010.25,Soybean,ZS=F
2025-03-10,999.75,Soybean,ZS=F
2025-03-11,997.75,Soybean,ZS=F
2025-03-12,987.5,Soybean,ZS=F
2025-03-13,996.75,Soybean,ZS=F
2025-03-14,999.25,Soybean,ZS=F
2025-03-17,1015.5,Soybean,ZS=F
2025-03-18,1012.75,Soybean,ZS=F
2025-03-19,1008.25,Soybean,ZS=F
2025-03-20,1013,Soybean,ZS=F
2025-03-21,1009.75,Soybean,ZS=F
2025-03-24,1007.25,Soybean,ZS=F
2025-03-25,1001.75,Soybean,ZS=F
2025-03-26,1001,Soybean,ZS=F
2025-03-27,1016.75,Soybean,ZS=F
2025-03-28,1023,Soybean,ZS=F
2025-03-31,1014.75,Soybean,ZS=F
2025-04-01,1034.25,Soybean,ZS=F
2025-04-02,1029.5,Soybean,ZS=F
2025-04-03,1011.5,Soybean,ZS=F
2025-04-04,977,Soybean,ZS=F
2025-04-07,983,Soybean,ZS=F
2025-04-08,992.75,Soybean,ZS=F
2025-04-09,1012.75,Soybean,ZS=F
2025-04-10,1029,Soybean,ZS=F
2025-04-11,1042.75,Soybean,ZS=F
2025-04-14,1041.75,Soybean,ZS=F
2025-04-15,1036,Soybean,ZS=F
2025-04-16,1038.75,Soybean,ZS=F
2025-04-17,1036.5,Soybean,ZS=F
2025-04-21,1029.5,Soybean,ZS=F
2025-04-22,1035,Soybean,ZS=F
2025-04-23,1040.25,Soybean,ZS=F
2025-04-24,1053,Soybean,ZS=F
2025-04-25,1049.75,Soybean,ZS=F
2025-04-28,1052,Soybean,ZS=F
2025-04-29,1041,Soybean,ZS=F
2025-04-30,1034.75,Soybean,ZS=F
2025-05-01,1040.25,Soybean,ZS=F
2025-05-02,1048.75,Soybean,ZS=F
2025-05-05,1038,Soybean,ZS=F
2025-05-06,1034.75,Soybean,ZS=F
2025-05-07,1030.5,Soybean,ZS=F
2025-05-08,1036.75,Soybean,ZS=F
2025-05-09,1044,Soybean,ZS=F
2025-05-12,1066,Soybean,ZS=F
2025-05-13,1067.25,Soybean,ZS=F
2025-05-14,1067,Soybean,ZS=F
2025-05-15,1051.25,Soybean,ZS=F
2025-05-16,1050,Soybean,ZS=F
2025-05-19,1050.75,Soybean,ZS=F
2025-05-20,1053,Soybean,ZS=F
2025-05-21,1062.75,Soybean,ZS=F
2025-05-22,1067.5,Soybean,ZS=F
2025-05-23,1060.25,Soybean,ZS=F
2025-05-27,1062.5,Soybean,ZS=F
2025-05-28,1048.5,Soybean,ZS=F
2025-05-29,1051.75,Soybean,ZS=F
2025-05-30,1041.75,Soybean,ZS=F
2025-06-02,1033.5,Soybean,ZS=F
2025-06-03,1040.75,Soybean,ZS=F
2025-06-04,1045,Soybean,ZS=F
2025-06-05,1051.75,Soybean,ZS=F
2025-06-06,1057.25,Soybean,ZS=F
2025-06-09,1056,Soybean,ZS=F
2025-06-10,1057.75,Soybean,ZS=F
2025-06-11,1050.5,Soybean,ZS=F
2025-06-12,1042.25,Soybean,ZS=F
2025-06-13,1069.75,Soybean,ZS=F
2025-06-16,1069.75,Soybean,ZS=F
2025-06-17,1074,Soybean,ZS=F
2025-06-18,1074.75,Soybean,ZS=F
2025-06-20,1068,Soybean,ZS=F
2025-06-23,1058.75,Soybean,ZS=F
2025-06-24,1046.75,Soybean,ZS=F
2025-06-25,1025.25,Soybean,ZS=F
2025-06-26,1022.75,Soybean,ZS=F
2025-06-27,1027.75,Soybean,ZS=F
2025-06-30,1024.25,Soybean,ZS=F
2025-07-01,1024.75,Soybean,ZS=F
2025-07-02,1050.5,Soybean,ZS=F
2025-07-03,1056.25,Soybean,ZS=F
2025-07-07,1031.75,Soybean,ZS=F
2025-07-08,1024.25,Soybean,ZS=F
2025-07-09,1012.25,Soybean,ZS=F
2025-07-10,1012.5,Soybean,ZS=F
2025-07-11,1004,Soybean,ZS=F
2025-07-14,997,Soybean,ZS=F
2025-07-15,995,Soybean,ZS=F
2025-07-16,1013.5,Soybean,ZS=F
2025-07-17,1021.5,Soybean,ZS=F
2025-07-18,1027.75,Soybean,ZS=F
2025-07-21,1015,Soybean,ZS=F
2025-07-22,1010.25,Soybean,ZS=F
2025-07-23,1005.75,Soybean,ZS=F
2025-07-24,1004.25,Soybean,ZS=F
2025-07-25,998.75,Soybean,ZS=F
2025-07-28,988.75,Soybean,ZS=F
2025-07-29,981.75,Soybean,ZS=F
2025-07-30,967.75,Soybean,ZS=F
2025-07-31,961.75,Soybean,ZS=F
2025-08-01,961.75,Soybean,ZS=F
2025-08-04,969,Soybean,ZS=F
2025-08-05,969,Soybean,ZS=F
2025-08-06,961.5,Soybean,ZS=F
2025-08-07,971.75,Soybean,ZS=F
2025-08-08,966.75,Soybean,ZS=F
2025-08-11,989.5,Soybean,ZS=F
2025-08-12,1011.75,Soybean,ZS=F
2025-08-13,1023.5,Soybean,ZS=F
2025-08-14,1008.5,Soybean,ZS=F
2025-08-15,1022.25,Soybean,ZS=F
2025-08-18,1020.75,Soybean,ZS=F
2025-08-19,1013,Soybean,ZS=F
2025-08-20,1015,Soybean,ZS=F
2025-08-21,1034.5,Soybean,ZS=F
2025-08-22,1036.5,Soybean,ZS=F
2025-08-25,1025.5,Soybean,ZS=F
2025-08-26,1028.75,Soybean,ZS=F
2025-08-27,1027.25,Soybean,ZS=F
2025-08-28,1028.25,Soybean,ZS=F
2025-08-29,1036.75,Soybean,ZS=F
2025-09-02,1025.75,Soybean,ZS=F
2025-09-03,1016,Soybean,ZS=F
2025-09-04,1012,Soybean,ZS=F
2025-09-05,1006.5,Soybean,ZS=F
2025-09-08,1013.5,Soybean,ZS=F
2025-09-09,1011.5,Soybean,ZS=F
2025-09-10,1005.5,Soybean,ZS=F
2025-09-11,1015.25,Soybean,ZS=F
2025-09-12,1025.75,Soybean,ZS=F
2025-09-15,1042.75,Soybean,ZS=F
2025-09-16,1049.75,Soybean,ZS=F
2025-09-17,1043.75,Soybean,ZS=F
2025-09-18,1037.5,Soybean,ZS=F
2025-09-19,1025.5,Soybean,ZS=F
2025-09-22,1011,Soybean,ZS=F
2025-09-23,1012,Soybean,ZS=F
2025-09-24,1009,Soybean,ZS=F
2025-09-25,1012.25,Soybean,ZS=F
2025-09-26,1013.75,Soybean,ZS=F
2025-09-29,1010.5,Soybean,ZS=F
2025-09-30,1001.75,Soybean,ZS=F
2025-10-01,1013,Soybean,ZS=F
2025-10-02,1023.75,Soybean,ZS=F
2025-10-03,1018,Soybean,ZS=F
2025-10-06,1017.75,Soybean,ZS=F
2025-10-07,1022,Soybean,ZS=F
2025-10-08,1029.5,Soybean,ZS=F
2025-10-09,1022.25,Soybean,ZS=F
2025-10-10,1006.75,Soybean,ZS=F
2025-10-13,1007.75,Soybean,ZS=F
2025-10-14,1006.5,Soybean,ZS=F
2025-10-15,1006.5,Soybean,ZS=F
2025-10-16,1010.75,Soybean,ZS=F
2025-10-17,1019.5,Soybean,ZS=F
2025-10-20,1031.75,Soybean,ZS=F
2025-10-21,1030.75,Soybean,ZS=F
2025-10-22,1034.75,Soybean,ZS=F
2025-10-23,1044.75,Soybean,ZS=F
2025-10-24,1041.75,Soybean,ZS=F
2025-10-27,1067.25,Soybean,ZS=F
2025-10-28,1078.25,Soybean,ZS=F
2025-10-29,1080.25,Soybean,ZS=F
2025-10-30,1091.25,Soybean,ZS=F
2025-10-31,1099.75,Soybean,ZS=F
2025-11-03,1119.75,Soybean,ZS=F
2025-11-04,1108.25,Soybean,ZS=F
2025-11-05,1119.75,Soybean,ZS=F
2025-11-06,1091.75,Soybean,ZS=F
2025-11-07,1101.75,Soybean,ZS=F
2025-11-10,1116,Soybean,ZS=F
2025-11-11,1113.25,Soybean,ZS=F
2025-11-12,1120.5,Soybean,ZS=F
2025-11-13,1132,Soybean,ZS=F
2025-11-14,1112.75,Soybean,ZS=F
2025-11-17,1157.25,Soybean,ZS=F
2025-11-18,1153.5,Soybean,ZS=F
2025-11-19,1136.25,Soybean,ZS=F
2025-11-20,1122.5,Soybean,ZS=F
2025-11-21,1125,Soybean,ZS=F
2025-11-24,1123.25,Soybean,ZS=F
2025-11-25,1124.75,Soybean,ZS=F
2025-11-26,1131.5,Soybean,ZS=F
2025-11-28,1137.75,Soybean,ZS=F
2025-12-01,1128,Soybean,ZS=F
2025-12-02,1124.75,Soybean,ZS=F
2025-12-03,1115.75,Soybean,ZS=F
2025-12-04,1119.5,Soybean,ZS=F
2025-12-05,1105.25,Soybean,ZS=F
2025-12-08,1093.75,Soybean,ZS=F
2025-12-09,1087.25,Soybean,ZS=F
2025-12-10,1091.25,Soybean,ZS=F
2025-12-11,1093.5,Soybean,ZS=F
2025-12-12,1076.75,Soybean,ZS=F
2025-12-15,1071.75,Soybean,ZS=F
2025-12-16,1062.75,Soybean,ZS=F
2025-12-17,1058.25,Soybean,ZS=F
2025-12-18,1052.25,Soybean,ZS=F
2025-12-19,1049.25,Soybean,ZS=F
2025-12-22,1053.25,Soybean,ZS=F
2025-12-23,1051.5,Soybean,ZS=F
2025-12-24,1063.25,Soybean,ZS=F
2025-12-26,1058.75,Soybean,ZS=F
2025-12-29,1049.5,Soybean,ZS=F
2025-12-30,1046.25,Soybean,ZS=F
2025-12-31,1030.5,Soybean,ZS=F
2026-01-02,1029.5,Soybean,ZS=F
2026-01-05,1047.25,Soybean,ZS=F
2026-01-06,1042,Soybean,ZS=F
2026-01-07,1052.75,Soybean,ZS=F
2026-01-08,1047,Soybean,ZS=F
2026-01-09,1048.5,Soybean,ZS=F
2026-01-12,1033,Soybean,ZS=F
2026-01-13,1023.25,Soybean,ZS=F
2026-01-14,1030.5,Soybean,ZS=F
2026-01-15,1053,Soybean,ZS=F
2026-01-16,1057.75,Soybean,ZS=F
2026-01-20,1053,Soybean,ZS=F
2026-01-21,1064.5,Soybean,ZS=F
2026-01-22,1064,Soybean,ZS=F
2026-01-23,1067.75,Soybean,ZS=F
2026-01-26,1061.75,Soybean,ZS=F
2026-01-27,1067.25,Soybean,ZS=F
2026-01-28,1075,Soybean,ZS=F
2026-01-29,1072.25,Soybean,ZS=F
2026-01-30,1064.25,Soybean,ZS=F
2026-02-02,1060.25,Soybean,ZS=F
2026-02-03,1065.75,Soybean,ZS=F
2026-02-04,1092.25,Soybean,ZS=F
2026-02-05,1112.25,Soybean,ZS=F
2026-02-06,1115.25,Soybean,ZS=F
2026-02-09,1110.75,Soybean,ZS=F
2026-02-10,1122.5,Soybean,ZS=F
2026-02-11,1124,Soybean,ZS=F
2026-02-12,1137.25,Soybean,ZS=F
2026-02-13,1133,Soybean,ZS=F
2026-02-17,1134,Soybean,ZS=F
2026-02-18,1133.5,Soybean,ZS=F
2026-02-19,1141,Soybean,ZS=F
2026-02-20,1137.5,Soybean,ZS=F
2026-02-23,1134.25,Soybean,ZS=F
2026-02-24,1139.5,Soybean,ZS=F
2026-02-25,1148.25,Soybean,ZS=F
2026-02-26,1147.75,Soybean,ZS=F
2026-02-27,1157.25,Soybean,ZS=F
2026-03-02,1150,Soybean,ZS=F
2026-03-03,1155.75,Soybean,ZS=F
2026-03-04,1154.5,Soybean,ZS=F
2026-03-05,1163.75,Soybean,ZS=F
2026-03-06,1185,Soybean,ZS=F
2026-03-09,1180.5,Soybean,ZS=F
2026-03-10,1187.25,Soybean,ZS=F
2026-03-11,1200.5,Soybean,ZS=F
2026-03-12,1213,Soybean,ZS=F
2019-01-02,11.930000305175781,Sugar,SB=F
2019-01-03,11.6899995803833,Sugar,SB=F
2019-01-04,11.930000305175781,Sugar,SB=F
2019-01-07,12.649999618530273,Sugar,SB=F
2019-01-08,12.760000228881836,Sugar,SB=F
2019-01-09,12.869999885559082,Sugar,SB=F
2019-01-10,12.670000076293945,Sugar,SB=F
2019-01-11,12.779999732971191,Sugar,SB=F
2019-01-14,12.75,Sugar,SB=F
2019-01-15,13.15999984741211,Sugar,SB=F
2019-01-16,13.170000076293945,Sugar,SB=F
2019-01-17,12.850000381469727,Sugar,SB=F
2019-01-18,13.029999732971191,Sugar,SB=F
2019-01-22,12.930000305175781,Sugar,SB=F
2019-01-23,12.970000267028809,Sugar,SB=F
2019-01-24,12.979999542236328,Sugar,SB=F
2019-01-25,12.4399995803833,Sugar,SB=F
2019-01-28,12.789999961853027,Sugar,SB=F
2019-01-29,12.6899995803833,Sugar,SB=F
2019-01-30,12.529999732971191,Sugar,SB=F
2019-01-31,12.729999542236328,Sugar,SB=F
2019-02-01,12.600000381469727,Sugar,SB=F
2019-02-04,12.850000381469727,Sugar,SB=F
2019-02-05,12.819999694824219,Sugar,SB=F
2019-02-06,12.899999618530273,Sugar,SB=F
2019-02-07,12.729999542236328,Sugar,SB=F
2019-02-08,12.710000038146973,Sugar,SB=F
2019-02-11,12.670000076293945,Sugar,SB=F
2019-02-12,12.850000381469727,Sugar,SB=F
2019-02-13,12.75,Sugar,SB=F
2019-02-14,12.609999656677246,Sugar,SB=F
2019-02-15,13.140000343322754,Sugar,SB=F
2019-02-19,13.350000381469727,Sugar,SB=F
2019-02-20,13.4399995803833,Sugar,SB=F
2019-02-21,13.239999771118164,Sugar,SB=F
2019-02-22,13.369999885559082,Sugar,SB=F
2019-02-25,13.100000381469727,Sugar,SB=F
2019-02-26,12.880000114440918,Sugar,SB=F
2019-02-27,12.90999984741211,Sugar,SB=F
2019-02-28,12.729999542236328,Sugar,SB=F
2019-03-01,12.619999885559082,Sugar,SB=F
2019-03-04,12.359999656677246,Sugar,SB=F
2019-03-05,12.4399995803833,Sugar,SB=F
2019-03-06,12.15999984741211,Sugar,SB=F
2019-03-07,12.140000343322754,Sugar,SB=F
2019-03-08,12.180000305175781,Sugar,SB=F
2019-03-11,12.289999961853027,Sugar,SB=F
2019-03-12,12.329999923706055,Sugar,SB=F
2019-03-13,12.359999656677246,Sugar,SB=F
2019-03-14,12.40999984741211,Sugar,SB=F
2019-03-15,12.520000457763672,Sugar,SB=F
2019-03-18,12.84000015258789,Sugar,SB=F
2019-03-19,12.779999732971191,Sugar,SB=F
2019-03-20,12.739999771118164,Sugar,SB=F
2019-03-21,12.5,Sugar,SB=F
2019-03-22,12.569999694824219,Sugar,SB=F
2019-03-25,12.479999542236328,Sugar,SB=F
2019-03-26,12.59000015258789,Sugar,SB=F
2019-03-27,12.579999923706055,Sugar,SB=F
2019-03-28,12.529999732971191,Sugar,SB=F
2019-03-29,12.529999732971191,Sugar,SB=F
2019-04-01,12.670000076293945,Sugar,SB=F
2019-04-02,12.65999984741211,Sugar,SB=F
2019-04-03,12.420000076293945,Sugar,SB=F
2019-04-04,12.710000038146973,Sugar,SB=F
2019-04-05,12.760000228881836,Sugar,SB=F
2019-04-08,12.569999694824219,Sugar,SB=F
2019-04-09,12.779999732971191,Sugar,SB=F
2019-04-10,12.8100004196167,Sugar,SB=F
2019-04-11,12.65999984741211,Sugar,SB=F
2019-04-12,12.770000457763672,Sugar,SB=F
2019-04-15,12.65999984741211,Sugar,SB=F
2019-04-16,12.510000228881836,Sugar,SB=F
2019-04-17,12.350000381469727,Sugar,SB=F
2019-04-18,12.760000228881836,Sugar,SB=F
2019-04-22,12.539999961853027,Sugar,SB=F
2019-04-23,12.699999809265137,Sugar,SB=F
2019-04-24,12.680000305175781,Sugar,SB=F
2019-04-25,12.359999656677246,Sugar,SB=F
2019-04-26,12.260000228881836,Sugar,SB=F
2019-04-29,11.630000114440918,Sugar,SB=F
2019-04-30,11.989999771118164,Sugar,SB=F
2019-05-01,12.210000038146973,Sugar,SB=F
2019-05-02,12.229999542236328,Sugar,SB=F
2019-05-03,12.010000228881836,Sugar,SB=F
2019-05-06,11.880000114440918,Sugar,SB=F
2019-05-07,11.949999809265137,Sugar,SB=F
2019-05-08,11.649999618530273,Sugar,SB=F
2019-05-09,11.779999732971191,Sugar,SB=F
2019-05-10,11.720000267028809,Sugar,SB=F
2019-05-13,11.84000015258789,Sugar,SB=F
2019-05-14,11.9399995803833,Sugar,SB=F
2019-05-15,11.850000381469727,Sugar,SB=F
2019-05-16,11.779999732971191,Sugar,SB=F
2019-05-17,11.550000190734863,Sugar,SB=F
2019-05-20,11.619999885559082,Sugar,SB=F
2019-05-21,11.8100004196167,Sugar,SB=F
2019-05-22,11.619999885559082,Sugar,SB=F
2019-05-23,11.569999694824219,Sugar,SB=F
2019-05-24,11.65999984741211,Sugar,SB=F
2019-05-28,11.75,Sugar,SB=F
2019-05-29,11.869999885559082,Sugar,SB=F
2019-05-30,11.760000228881836,Sugar,SB=F
2019-05-31,12.100000381469727,Sugar,SB=F
2019-06-03,12.1899995803833,Sugar,SB=F
2019-06-04,12.420000076293945,Sugar,SB=F
2019-06-05,12.210000038146973,Sugar,SB=F
2019-06-06,12.510000228881836,Sugar,SB=F
2019-06-07,12.5,Sugar,SB=F
2019-06-10,12.399999618530273,Sugar,SB=F
2019-06-11,12.539999961853027,Sugar,SB=F
2019-06-12,12.619999885559082,Sugar,SB=F
2019-06-13,12.75,Sugar,SB=F
2019-06-14,12.75,Sugar,SB=F
2019-06-17,12.65999984741211,Sugar,SB=F
2019-06-18,12.609999656677246,Sugar,SB=F
2019-06-19,12.5,Sugar,SB=F
2019-06-20,12.430000305175781,Sugar,SB=F
2019-06-21,12.220000267028809,Sugar,SB=F
2019-06-24,12.270000457763672,Sugar,SB=F
2019-06-25,12.329999923706055,Sugar,SB=F
2019-06-26,12.029999732971191,Sugar,SB=F
2019-06-27,12.529999732971191,Sugar,SB=F
2019-06-28,12.319999694824219,Sugar,SB=F
2019-07-01,12.569999694824219,Sugar,SB=F
2019-07-02,12.350000381469727,Sugar,SB=F
2019-07-03,12.539999961853027,Sugar,SB=F
2019-07-05,12.359999656677246,Sugar,SB=F
2019-07-08,12.449999809265137,Sugar,SB=F
2019-07-09,12.350000381469727,Sugar,SB=F
2019-07-10,12.5,Sugar,SB=F
2019-07-11,12.380000114440918,Sugar,SB=F
2019-07-12,12.300000190734863,Sugar,SB=F
2019-07-15,12.0600004196167,Sugar,SB=F
2019-07-16,11.989999771118164,Sugar,SB=F
2019-07-17,11.789999961853027,Sugar,SB=F
2019-07-18,11.550000190734863,Sugar,SB=F
2019-07-19,11.59000015258789,Sugar,SB=F
2019-07-22,11.5600004196167,Sugar,SB=F
2019-07-23,11.979999542236328,Sugar,SB=F
2019-07-24,12.0600004196167,Sugar,SB=F
2019-07-25,12,Sugar,SB=F
2019-07-26,12.020000457763672,Sugar,SB=F
2019-07-29,12.069999694824219,Sugar,SB=F
2019-07-30,12.149999618530273,Sugar,SB=F
2019-07-31,12.210000038146973,Sugar,SB=F
2019-08-01,12.119999885559082,Sugar,SB=F
2019-08-02,12.020000457763672,Sugar,SB=F
2019-08-05,11.819999694824219,Sugar,SB=F
2019-08-06,11.729999542236328,Sugar,SB=F
2019-08-07,11.34000015258789,Sugar,SB=F
2019-08-08,11.430000305175781,Sugar,SB=F
2019-08-09,11.859999656677246,Sugar,SB=F
2019-08-12,11.5600004196167,Sugar,SB=F
2019-08-13,11.720000267028809,Sugar,SB=F
2019-08-14,11.609999656677246,Sugar,SB=F
2019-08-15,11.630000114440918,Sugar,SB=F
2019-08-16,11.640000343322754,Sugar,SB=F
2019-08-19,11.470000267028809,Sugar,SB=F
2019-08-20,11.4399995803833,Sugar,SB=F
2019-08-21,11.390000343322754,Sugar,SB=F
2019-08-22,11.579999923706055,Sugar,SB=F
2019-08-23,11.470000267028809,Sugar,SB=F
2019-08-26,11.430000305175781,Sugar,SB=F
2019-08-27,11.239999771118164,Sugar,SB=F
2019-08-28,11.369999885559082,Sugar,SB=F
2019-08-29,11.210000038146973,Sugar,SB=F
2019-08-30,11.140000343322754,Sugar,SB=F
2019-09-03,11.1899995803833,Sugar,SB=F
2019-09-04,11.010000228881836,Sugar,SB=F
2019-09-05,10.970000267028809,Sugar,SB=F
2019-09-06,11.020000457763672,Sugar,SB=F
2019-09-09,10.920000076293945,Sugar,SB=F
2019-09-10,10.880000114440918,Sugar,SB=F
2019-09-11,10.8100004196167,Sugar,SB=F
2019-09-12,10.760000228881836,Sugar,SB=F
2019-09-13,10.890000343322754,Sugar,SB=F
2019-09-16,11.09000015258789,Sugar,SB=F
2019-09-17,10.9399995803833,Sugar,SB=F
2019-09-18,11,Sugar,SB=F
2019-09-19,10.989999771118164,Sugar,SB=F
2019-09-20,11.09000015258789,Sugar,SB=F
2019-09-23,11.220000267028809,Sugar,SB=F
2019-09-24,11.5,Sugar,SB=F
2019-09-25,11.800000190734863,Sugar,SB=F
2019-09-26,11.630000114440918,Sugar,SB=F
2019-09-27,11.529999732971191,Sugar,SB=F
2019-09-30,11.920000076293945,Sugar,SB=F
2019-10-01,12.880000114440918,Sugar,SB=F
2019-10-02,12.890000343322754,Sugar,SB=F
2019-10-03,12.739999771118164,Sugar,SB=F
2019-10-04,12.760000228881836,Sugar,SB=F
2019-10-07,12.520000457763672,Sugar,SB=F
2019-10-08,12.460000038146973,Sugar,SB=F
2019-10-09,12.40999984741211,Sugar,SB=F
2019-10-10,12.40999984741211,Sugar,SB=F
2019-10-11,12.40999984741211,Sugar,SB=F
2019-10-14,12.520000457763672,Sugar,SB=F
2019-10-15,12.59000015258789,Sugar,SB=F
2019-10-16,12.350000381469727,Sugar,SB=F
2019-10-17,12.239999771118164,Sugar,SB=F
2019-10-18,12.319999694824219,Sugar,SB=F
2019-10-21,12.270000457763672,Sugar,SB=F
2019-10-22,12.180000305175781,Sugar,SB=F
2019-10-23,12.149999618530273,Sugar,SB=F
2019-10-24,12.300000190734863,Sugar,SB=F
2019-10-25,12.350000381469727,Sugar,SB=F
2019-10-28,12.539999961853027,Sugar,SB=F
2019-10-29,12.34000015258789,Sugar,SB=F
2019-10-30,12.40999984741211,Sugar,SB=F
2019-10-31,12.479999542236328,Sugar,SB=F
2019-11-01,12.479999542236328,Sugar,SB=F
2019-11-04,12.510000228881836,Sugar,SB=F
2019-11-05,12.710000038146973,Sugar,SB=F
2019-11-06,12.5600004196167,Sugar,SB=F
2019-11-07,12.390000343322754,Sugar,SB=F
2019-11-08,12.569999694824219,Sugar,SB=F
2019-11-11,12.569999694824219,Sugar,SB=F
2019-11-12,12.59000015258789,Sugar,SB=F
2019-11-13,12.850000381469727,Sugar,SB=F
2019-11-14,12.8100004196167,Sugar,SB=F
2019-11-15,12.729999542236328,Sugar,SB=F
2019-11-18,12.760000228881836,Sugar,SB=F
2019-11-19,12.6899995803833,Sugar,SB=F
2019-11-20,12.75,Sugar,SB=F
2019-11-21,12.609999656677246,Sugar,SB=F
2019-11-22,12.829999923706055,Sugar,SB=F
2019-11-25,12.819999694824219,Sugar,SB=F
2019-11-26,12.779999732971191,Sugar,SB=F
2019-11-27,12.789999961853027,Sugar,SB=F
2019-11-29,12.9399995803833,Sugar,SB=F
2019-12-02,12.75,Sugar,SB=F
2019-12-03,12.859999656677246,Sugar,SB=F
2019-12-04,13.0600004196167,Sugar,SB=F
2019-12-05,13.079999923706055,Sugar,SB=F
2019-12-06,13.180000305175781,Sugar,SB=F
2019-12-09,13.380000114440918,Sugar,SB=F
2019-12-10,13.460000038146973,Sugar,SB=F
2019-12-11,13.420000076293945,Sugar,SB=F
2019-12-12,13.520000457763672,Sugar,SB=F
2019-12-13,13.5,Sugar,SB=F
2019-12-16,13.289999961853027,Sugar,SB=F
2019-12-17,13.270000457763672,Sugar,SB=F
2019-12-18,13.430000305175781,Sugar,SB=F
2019-12-19,13.550000190734863,Sugar,SB=F
2019-12-20,13.539999961853027,Sugar,SB=F
2019-12-23,13.449999809265137,Sugar,SB=F
2019-12-24,13.369999885559082,Sugar,SB=F
2019-12-26,13.4399995803833,Sugar,SB=F
2019-12-27,13.539999961853027,Sugar,SB=F
2019-12-30,13.529999732971191,Sugar,SB=F
2019-12-31,13.420000076293945,Sugar,SB=F
2020-01-02,13.130000114440918,Sugar,SB=F
2020-01-03,13.3100004196167,Sugar,SB=F
2020-01-06,13.729999542236328,Sugar,SB=F
2020-01-07,13.59000015258789,Sugar,SB=F
2020-01-08,13.470000267028809,Sugar,SB=F
2020-01-09,13.710000038146973,Sugar,SB=F
2020-01-10,14.069999694824219,Sugar,SB=F
2020-01-13,14.15999984741211,Sugar,SB=F
2020-01-14,14.319999694824219,Sugar,SB=F
2020-01-15,14.520000457763672,Sugar,SB=F
2020-01-16,14.430000305175781,Sugar,SB=F
2020-01-17,14.449999809265137,Sugar,SB=F
2020-01-21,14.550000190734863,Sugar,SB=F
2020-01-22,14.65999984741211,Sugar,SB=F
2020-01-23,14.569999694824219,Sugar,SB=F
2020-01-24,14.390000343322754,Sugar,SB=F
2020-01-27,14.210000038146973,Sugar,SB=F
2020-01-28,14.539999961853027,Sugar,SB=F
2020-01-29,14.489999771118164,Sugar,SB=F
2020-01-30,14.59000015258789,Sugar,SB=F
2020-01-31,14.609999656677246,Sugar,SB=F
2020-02-03,14.890000343322754,Sugar,SB=F
2020-02-04,14.710000038146973,Sugar,SB=F
2020-02-05,14.729999542236328,Sugar,SB=F
2020-02-06,14.739999771118164,Sugar,SB=F
2020-02-07,14.920000076293945,Sugar,SB=F
2020-02-10,15.039999961853027,Sugar,SB=F
2020-02-11,15.40999984741211,Sugar,SB=F
2020-02-12,15.779999732971191,Sugar,SB=F
2020-02-13,15.15999984741211,Sugar,SB=F
2020-02-14,15.0600004196167,Sugar,SB=F
2020-02-18,15.279999732971191,Sugar,SB=F
2020-02-19,15.579999923706055,Sugar,SB=F
2020-02-20,15.399999618530273,Sugar,SB=F
2020-02-21,15.59000015258789,Sugar,SB=F
2020-02-24,15.270000457763672,Sugar,SB=F
2020-02-25,15.149999618530273,Sugar,SB=F
2020-02-26,14.789999961853027,Sugar,SB=F
2020-02-27,14.390000343322754,Sugar,SB=F
2020-02-28,14.460000038146973,Sugar,SB=F
2020-03-02,13.8100004196167,Sugar,SB=F
2020-03-03,13.760000228881836,Sugar,SB=F
2020-03-04,13.470000267028809,Sugar,SB=F
2020-03-05,13.420000076293945,Sugar,SB=F
2020-03-06,13.020000457763672,Sugar,SB=F
2020-03-09,12.609999656677246,Sugar,SB=F
2020-03-10,12.59000015258789,Sugar,SB=F
2020-03-11,12.260000228881836,Sugar,SB=F
2020-03-12,11.619999885559082,Sugar,SB=F
2020-03-13,11.699999809265137,Sugar,SB=F
2020-03-16,11.09000015258789,Sugar,SB=F
2020-03-17,10.890000343322754,Sugar,SB=F
2020-03-18,10.670000076293945,Sugar,SB=F
2020-03-19,10.59000015258789,Sugar,SB=F
2020-03-20,10.90999984741211,Sugar,SB=F
2020-03-23,11.039999961853027,Sugar,SB=F
2020-03-24,11.270000457763672,Sugar,SB=F
2020-03-25,11.40999984741211,Sugar,SB=F
2020-03-26,11.329999923706055,Sugar,SB=F
2020-03-27,11.100000381469727,Sugar,SB=F
2020-03-30,10.729999542236328,Sugar,SB=F
2020-03-31,10.420000076293945,Sugar,SB=F
2020-04-01,10.039999961853027,Sugar,SB=F
2020-04-02,10.289999961853027,Sugar,SB=F
2020-04-03,10.3100004196167,Sugar,SB=F
2020-04-06,10.449999809265137,Sugar,SB=F
2020-04-07,10.380000114440918,Sugar,SB=F
2020-04-08,10.369999885559082,Sugar,SB=F
2020-04-09,10.430000305175781,Sugar,SB=F
2020-04-13,10.170000076293945,Sugar,SB=F
2020-04-14,10.050000190734863,Sugar,SB=F
2020-04-15,10.15999984741211,Sugar,SB=F
2020-04-16,10.15999984741211,Sugar,SB=F
2020-04-17,10.369999885559082,Sugar,SB=F
2020-04-20,10.0600004196167,Sugar,SB=F
2020-04-21,9.75,Sugar,SB=F
2020-04-22,9.829999923706055,Sugar,SB=F
2020-04-23,9.84000015258789,Sugar,SB=F
2020-04-24,9.729999542236328,Sugar,SB=F
2020-04-27,9.210000038146973,Sugar,SB=F
2020-04-28,9.34000015258789,Sugar,SB=F
2020-04-29,9.760000228881836,Sugar,SB=F
2020-04-30,10.390000343322754,Sugar,SB=F
2020-05-01,10.970000267028809,Sugar,SB=F
2020-05-04,10.399999618530273,Sugar,SB=F
2020-05-05,10.779999732971191,Sugar,SB=F
2020-05-06,10.270000457763672,Sugar,SB=F
2020-05-07,10.329999923706055,Sugar,SB=F
2020-05-08,10.289999961853027,Sugar,SB=F
2020-05-11,10.119999885559082,Sugar,SB=F
2020-05-12,10.25,Sugar,SB=F
2020-05-13,10.260000228881836,Sugar,SB=F
2020-05-14,10.460000038146973,Sugar,SB=F
2020-05-15,10.380000114440918,Sugar,SB=F
2020-05-18,10.800000190734863,Sugar,SB=F
2020-05-19,10.850000381469727,Sugar,SB=F
2020-05-20,11.1899995803833,Sugar,SB=F
2020-05-21,10.979999542236328,Sugar,SB=F
2020-05-22,10.930000305175781,Sugar,SB=F
2020-05-26,11.050000190734863,Sugar,SB=F
2020-05-27,10.800000190734863,Sugar,SB=F
2020-05-28,10.800000190734863,Sugar,SB=F
2020-05-29,10.90999984741211,Sugar,SB=F
2020-06-01,11,Sugar,SB=F
2020-06-02,11.220000267028809,Sugar,SB=F
2020-06-03,11.619999885559082,Sugar,SB=F
2020-06-04,11.729999542236328,Sugar,SB=F
2020-06-05,12.020000457763672,Sugar,SB=F
2020-06-08,11.9399995803833,Sugar,SB=F
2020-06-09,12,Sugar,SB=F
2020-06-10,12.229999542236328,Sugar,SB=F
2020-06-11,11.9399995803833,Sugar,SB=F
2020-06-12,11.869999885559082,Sugar,SB=F
2020-06-15,12.039999961853027,Sugar,SB=F
2020-06-16,12.1899995803833,Sugar,SB=F
2020-06-17,12.109999656677246,Sugar,SB=F
2020-06-18,11.890000343322754,Sugar,SB=F
2020-06-19,12.050000190734863,Sugar,SB=F
2020-06-22,11.920000076293945,Sugar,SB=F
2020-06-23,11.789999961853027,Sugar,SB=F
2020-06-24,11.75,Sugar,SB=F
2020-06-25,11.8100004196167,Sugar,SB=F
2020-06-26,11.550000190734863,Sugar,SB=F
2020-06-29,11.710000038146973,Sugar,SB=F
2020-06-30,11.84000015258789,Sugar,SB=F
2020-07-01,12.170000076293945,Sugar,SB=F
2020-07-02,12.239999771118164,Sugar,SB=F
2020-07-06,11.930000305175781,Sugar,SB=F
2020-07-07,12.180000305175781,Sugar,SB=F
2020-07-08,12.079999923706055,Sugar,SB=F
2020-07-09,11.84000015258789,Sugar,SB=F
2020-07-10,11.760000228881836,Sugar,SB=F
2020-07-13,11.579999923706055,Sugar,SB=F
2020-07-14,11.319999694824219,Sugar,SB=F
2020-07-15,11.819999694824219,Sugar,SB=F
2020-07-16,11.789999961853027,Sugar,SB=F
2020-07-17,11.729999542236328,Sugar,SB=F
2020-07-20,11.720000267028809,Sugar,SB=F
2020-07-21,11.670000076293945,Sugar,SB=F
2020-07-22,11.859999656677246,Sugar,SB=F
2020-07-23,11.770000457763672,Sugar,SB=F
2020-07-24,11.489999771118164,Sugar,SB=F
2020-07-27,12.119999885559082,Sugar,SB=F
2020-07-28,12.010000228881836,Sugar,SB=F
2020-07-29,12.010000228881836,Sugar,SB=F
2020-07-30,12.109999656677246,Sugar,SB=F
2020-07-31,12.640000343322754,Sugar,SB=F
2020-08-03,12.720000267028809,Sugar,SB=F
2020-08-04,12.779999732971191,Sugar,SB=F
2020-08-05,12.539999961853027,Sugar,SB=F
2020-08-06,12.9399995803833,Sugar,SB=F
2020-08-07,12.670000076293945,Sugar,SB=F
2020-08-10,12.550000190734863,Sugar,SB=F
2020-08-11,12.739999771118164,Sugar,SB=F
2020-08-12,12.84000015258789,Sugar,SB=F
2020-08-13,13.109999656677246,Sugar,SB=F
2020-08-14,13.100000381469727,Sugar,SB=F
2020-08-17,13.0600004196167,Sugar,SB=F
2020-08-18,12.890000343322754,Sugar,SB=F
2020-08-19,13.239999771118164,Sugar,SB=F
2020-08-20,13.010000228881836,Sugar,SB=F
2020-08-21,12.829999923706055,Sugar,SB=F
2020-08-24,12.710000038146973,Sugar,SB=F
2020-08-25,12.760000228881836,Sugar,SB=F
2020-08-26,12.579999923706055,Sugar,SB=F
2020-08-27,12.770000457763672,Sugar,SB=F
2020-08-28,12.600000381469727,Sugar,SB=F
2020-08-31,12.65999984741211,Sugar,SB=F
2020-09-01,12.600000381469727,Sugar,SB=F
2020-09-02,12.4399995803833,Sugar,SB=F
2020-09-03,12.069999694824219,Sugar,SB=F
2020-09-04,11.930000305175781,Sugar,SB=F
2020-09-08,12.039999961853027,Sugar,SB=F
2020-09-09,12.029999732971191,Sugar,SB=F
2020-09-10,11.90999984741211,Sugar,SB=F
2020-09-11,11.920000076293945,Sugar,SB=F
2020-09-14,11.760000228881836,Sugar,SB=F
2020-09-15,12.079999923706055,Sugar,SB=F
2020-09-16,12.350000381469727,Sugar,SB=F
2020-09-17,12.619999885559082,Sugar,SB=F
2020-09-18,12.770000457763672,Sugar,SB=F
2020-09-21,12.550000190734863,Sugar,SB=F
2020-09-22,12.890000343322754,Sugar,SB=F
2020-09-23,12.819999694824219,Sugar,SB=F
2020-09-24,12.84000015258789,Sugar,SB=F
2020-09-25,13,Sugar,SB=F
2020-09-28,12.59000015258789,Sugar,SB=F
2020-09-29,12.989999771118164,Sugar,SB=F
2020-09-30,13.069999694824219,Sugar,SB=F
2020-10-01,13.579999923706055,Sugar,SB=F
2020-10-02,13.550000190734863,Sugar,SB=F
2020-10-05,13.609999656677246,Sugar,SB=F
2020-10-06,13.880000114440918,Sugar,SB=F
2020-10-07,14.140000343322754,Sugar,SB=F
2020-10-08,14.170000076293945,Sugar,SB=F
2020-10-09,14.229999542236328,Sugar,SB=F
2020-10-12,13.84000015258789,Sugar,SB=F
2020-10-13,14.010000228881836,Sugar,SB=F
2020-10-14,14.199999809265137,Sugar,SB=F
2020-10-15,14.180000305175781,Sugar,SB=F
2020-10-16,14.430000305175781,Sugar,SB=F
2020-10-19,14.720000267028809,Sugar,SB=F
2020-10-20,14.539999961853027,Sugar,SB=F
2020-10-21,14.5,Sugar,SB=F
2020-10-22,14.779999732971191,Sugar,SB=F
2020-10-23,14.720000267028809,Sugar,SB=F
2020-10-26,14.770000457763672,Sugar,SB=F
2020-10-27,14.829999923706055,Sugar,SB=F
2020-10-28,14.890000343322754,Sugar,SB=F
2020-10-29,14.399999618530273,Sugar,SB=F
2020-10-30,14.359999656677246,Sugar,SB=F
2020-11-02,14.970000267028809,Sugar,SB=F
2020-11-03,14.720000267028809,Sugar,SB=F
2020-11-04,14.649999618530273,Sugar,SB=F
2020-11-05,14.479999542236328,Sugar,SB=F
2020-11-06,14.90999984741211,Sugar,SB=F
2020-11-09,14.880000114440918,Sugar,SB=F
2020-11-10,14.680000305175781,Sugar,SB=F
2020-11-11,14.489999771118164,Sugar,SB=F
2020-11-12,14.920000076293945,Sugar,SB=F
2020-11-13,14.960000038146973,Sugar,SB=F
2020-11-16,15.470000267028809,Sugar,SB=F
2020-11-17,15.3100004196167,Sugar,SB=F
2020-11-18,15.449999809265137,Sugar,SB=F
2020-11-19,15.279999732971191,Sugar,SB=F
2020-11-20,15.210000038146973,Sugar,SB=F
2020-11-23,15.149999618530273,Sugar,SB=F
2020-11-24,15.039999961853027,Sugar,SB=F
2020-11-25,14.770000457763672,Sugar,SB=F
2020-11-27,14.819999694824219,Sugar,SB=F
2020-11-30,14.510000228881836,Sugar,SB=F
2020-12-01,14.510000228881836,Sugar,SB=F
2020-12-02,14.600000381469727,Sugar,SB=F
2020-12-03,14.710000038146973,Sugar,SB=F
2020-12-04,14.4399995803833,Sugar,SB=F
2020-12-07,14.449999809265137,Sugar,SB=F
2020-12-08,14.390000343322754,Sugar,SB=F
2020-12-09,14.970000267028809,Sugar,SB=F
2020-12-10,14.65999984741211,Sugar,SB=F
2020-12-11,14.430000305175781,Sugar,SB=F
2020-12-14,14.119999885559082,Sugar,SB=F
2020-12-15,14.210000038146973,Sugar,SB=F
2020-12-16,14.489999771118164,Sugar,SB=F
2020-12-17,14.680000305175781,Sugar,SB=F
2020-12-18,14.4399995803833,Sugar,SB=F
2020-12-21,14.529999732971191,Sugar,SB=F
2020-12-22,14.539999961853027,Sugar,SB=F
2020-12-23,14.829999923706055,Sugar,SB=F
2020-12-24,14.899999618530273,Sugar,SB=F
2020-12-28,14.979999542236328,Sugar,SB=F
2020-12-29,15.039999961853027,Sugar,SB=F
2020-12-30,15.279999732971191,Sugar,SB=F
2020-12-31,15.489999771118164,Sugar,SB=F
2021-01-04,15.760000228881836,Sugar,SB=F
2021-01-05,16.1200008392334,Sugar,SB=F
2021-01-06,16.25,Sugar,SB=F
2021-01-07,15.600000381469727,Sugar,SB=F
2021-01-08,15.600000381469727,Sugar,SB=F
2021-01-11,15.670000076293945,Sugar,SB=F
2021-01-12,15.460000038146973,Sugar,SB=F
2021-01-13,15.84000015258789,Sugar,SB=F
2021-01-14,16.670000076293945,Sugar,SB=F
2021-01-15,16.450000762939453,Sugar,SB=F
2021-01-19,16.100000381469727,Sugar,SB=F
2021-01-20,16.270000457763672,Sugar,SB=F
2021-01-21,16.049999237060547,Sugar,SB=F
2021-01-22,15.869999885559082,Sugar,SB=F
2021-01-25,15.739999771118164,Sugar,SB=F
2021-01-26,15.739999771118164,Sugar,SB=F
2021-01-27,15.800000190734863,Sugar,SB=F
2021-01-28,15.59000015258789,Sugar,SB=F
2021-01-29,15.829999923706055,Sugar,SB=F
2021-02-01,16.149999618530273,Sugar,SB=F
2021-02-02,16.290000915527344,Sugar,SB=F
2021-02-03,16.040000915527344,Sugar,SB=F
2021-02-04,16.049999237060547,Sugar,SB=F
2021-02-05,16.420000076293945,Sugar,SB=F
2021-02-08,16.270000457763672,Sugar,SB=F
2021-02-09,16.440000534057617,Sugar,SB=F
2021-02-10,16.709999084472656,Sugar,SB=F
2021-02-11,16.549999237060547,Sugar,SB=F
2021-02-12,16.3799991607666,Sugar,SB=F
2021-02-16,16.729999542236328,Sugar,SB=F
2021-02-17,16.959999084472656,Sugar,SB=F
2021-02-18,17.510000228881836,Sugar,SB=F
2021-02-19,17.790000915527344,Sugar,SB=F
2021-02-22,18.780000686645508,Sugar,SB=F
2021-02-23,18.40999984741211,Sugar,SB=F
2021-02-24,18.15999984741211,Sugar,SB=F
2021-02-25,17.84000015258789,Sugar,SB=F
2021-02-26,17.530000686645508,Sugar,SB=F
2021-03-01,16.209999084472656,Sugar,SB=F
2021-03-02,16.43000030517578,Sugar,SB=F
2021-03-03,16.139999389648438,Sugar,SB=F
2021-03-04,16.260000228881836,Sugar,SB=F
2021-03-05,16.399999618530273,Sugar,SB=F
2021-03-08,16.200000762939453,Sugar,SB=F
2021-03-09,15.899999618530273,Sugar,SB=F
2021-03-10,15.960000038146973,Sugar,SB=F
2021-03-11,16.360000610351563,Sugar,SB=F
2021-03-12,16.1299991607666,Sugar,SB=F
2021-03-15,16.1200008392334,Sugar,SB=F
2021-03-16,16.299999237060547,Sugar,SB=F
2021-03-17,15.989999771118164,Sugar,SB=F
2021-03-18,15.890000343322754,Sugar,SB=F
2021-03-19,15.760000228881836,Sugar,SB=F
2021-03-22,15.529999732971191,Sugar,SB=F
2021-03-23,15.430000305175781,Sugar,SB=F
2021-03-24,15.630000114440918,Sugar,SB=F
2021-03-25,15.09000015258789,Sugar,SB=F
2021-03-26,15.1899995803833,Sugar,SB=F
2021-03-29,14.920000076293945,Sugar,SB=F
2021-03-30,14.920000076293945,Sugar,SB=F
2021-03-31,14.770000457763672,Sugar,SB=F
2021-04-01,14.710000038146973,Sugar,SB=F
2021-04-05,14.84000015258789,Sugar,SB=F
2021-04-06,15.15999984741211,Sugar,SB=F
2021-04-07,15.140000343322754,Sugar,SB=F
2021-04-08,15.180000305175781,Sugar,SB=F
2021-04-09,15.460000038146973,Sugar,SB=F
2021-04-12,15.350000381469727,Sugar,SB=F
2021-04-13,15.430000305175781,Sugar,SB=F
2021-04-14,15.859999656677246,Sugar,SB=F
2021-04-15,16.3799991607666,Sugar,SB=F
2021-04-16,16.719999313354492,Sugar,SB=F
2021-04-19,16.290000915527344,Sugar,SB=F
2021-04-20,16.770000457763672,Sugar,SB=F
2021-04-21,16.940000534057617,Sugar,SB=F
2021-04-22,16.920000076293945,Sugar,SB=F
2021-04-23,16.90999984741211,Sugar,SB=F
2021-04-26,17.170000076293945,Sugar,SB=F
2021-04-27,17.940000534057617,Sugar,SB=F
2021-04-28,17.299999237060547,Sugar,SB=F
2021-04-29,17.079999923706055,Sugar,SB=F
2021-04-30,17.440000534057617,Sugar,SB=F
2021-05-03,16.729999542236328,Sugar,SB=F
2021-05-04,17.1200008392334,Sugar,SB=F
2021-05-05,17.530000686645508,Sugar,SB=F
2021-05-06,17.549999237060547,Sugar,SB=F
2021-05-07,17.489999771118164,Sugar,SB=F
2021-05-10,17.489999771118164,Sugar,SB=F
2021-05-11,18.100000381469727,Sugar,SB=F
2021-05-12,17.84000015258789,Sugar,SB=F
2021-05-13,17.110000610351563,Sugar,SB=F
2021-05-14,16.959999084472656,Sugar,SB=F
2021-05-17,16.989999771118164,Sugar,SB=F
2021-05-18,17.209999084472656,Sugar,SB=F
2021-05-19,16.950000762939453,Sugar,SB=F
2021-05-20,17.040000915527344,Sugar,SB=F
2021-05-21,16.670000076293945,Sugar,SB=F
2021-05-24,16.829999923706055,Sugar,SB=F
2021-05-25,17.040000915527344,Sugar,SB=F
2021-05-26,16.780000686645508,Sugar,SB=F
2021-05-27,17.1200008392334,Sugar,SB=F
2021-05-28,17.360000610351563,Sugar,SB=F
2021-06-01,17.690000534057617,Sugar,SB=F
2021-06-02,17.68000030517578,Sugar,SB=F
2021-06-03,17.43000030517578,Sugar,SB=F
2021-06-04,17.709999084472656,Sugar,SB=F
2021-06-07,17.3799991607666,Sugar,SB=F
2021-06-08,17.709999084472656,Sugar,SB=F
2021-06-09,17.729999542236328,Sugar,SB=F
2021-06-10,17.65999984741211,Sugar,SB=F
2021-06-11,17.540000915527344,Sugar,SB=F
2021-06-14,17.290000915527344,Sugar,SB=F
2021-06-15,17.049999237060547,Sugar,SB=F
2021-06-16,17.040000915527344,Sugar,SB=F
2021-06-17,16.549999237060547,Sugar,SB=F
2021-06-18,16.43000030517578,Sugar,SB=F
2021-06-21,16.780000686645508,Sugar,SB=F
2021-06-22,16.43000030517578,Sugar,SB=F
2021-06-23,16.690000534057617,Sugar,SB=F
2021-06-24,16.93000030517578,Sugar,SB=F
2021-06-25,16.899999618530273,Sugar,SB=F
2021-06-28,17.229999542236328,Sugar,SB=F
2021-06-29,17.229999542236328,Sugar,SB=F
2021-06-30,17.6299991607666,Sugar,SB=F
2021-07-01,17.940000534057617,Sugar,SB=F
2021-07-02,18.149999618530273,Sugar,SB=F
2021-07-06,17.8700008392334,Sugar,SB=F
2021-07-07,17.75,Sugar,SB=F
2021-07-08,17.450000762939453,Sugar,SB=F
2021-07-09,17.280000686645508,Sugar,SB=F
2021-07-12,16.989999771118164,Sugar,SB=F
2021-07-13,17.079999923706055,Sugar,SB=F
2021-07-14,16.93000030517578,Sugar,SB=F
2021-07-15,17.329999923706055,Sugar,SB=F
2021-07-16,17.709999084472656,Sugar,SB=F
2021-07-19,17.06999969482422,Sugar,SB=F
2021-07-20,17.40999984741211,Sugar,SB=F
2021-07-21,17.670000076293945,Sugar,SB=F
2021-07-22,17.6200008392334,Sugar,SB=F
2021-07-23,18.170000076293945,Sugar,SB=F
2021-07-26,18.420000076293945,Sugar,SB=F
2021-07-27,18.350000381469727,Sugar,SB=F
2021-07-28,18.610000610351563,Sugar,SB=F
2021-07-29,18.299999237060547,Sugar,SB=F
2021-07-30,17.90999984741211,Sugar,SB=F
2021-08-02,17.950000762939453,Sugar,SB=F
2021-08-03,17.979999542236328,Sugar,SB=F
2021-08-04,17.93000030517578,Sugar,SB=F
2021-08-05,18.6200008392334,Sugar,SB=F
2021-08-06,18.68000030517578,Sugar,SB=F
2021-08-09,18.469999313354492,Sugar,SB=F
2021-08-10,19.59000015258789,Sugar,SB=F
2021-08-11,19.469999313354492,Sugar,SB=F
2021-08-12,19.540000915527344,Sugar,SB=F
2021-08-13,19.950000762939453,Sugar,SB=F
2021-08-16,20.030000686645508,Sugar,SB=F
2021-08-17,20.020000457763672,Sugar,SB=F
2021-08-18,20.170000076293945,Sugar,SB=F
2021-08-19,19.790000915527344,Sugar,SB=F
2021-08-20,19.579999923706055,Sugar,SB=F
2021-08-23,19.579999923706055,Sugar,SB=F
2021-08-24,19.579999923706055,Sugar,SB=F
2021-08-25,19.729999542236328,Sugar,SB=F
2021-08-26,19.68000030517578,Sugar,SB=F
2021-08-27,20.040000915527344,Sugar,SB=F
2021-08-30,20.219999313354492,Sugar,SB=F
2021-08-31,19.84000015258789,Sugar,SB=F
2021-09-01,19.670000076293945,Sugar,SB=F
2021-09-02,19.899999618530273,Sugar,SB=F
2021-09-03,19.6200008392334,Sugar,SB=F
2021-09-07,19.479999542236328,Sugar,SB=F
2021-09-08,19.489999771118164,Sugar,SB=F
2021-09-09,19.239999771118164,Sugar,SB=F
2021-09-10,18.790000915527344,Sugar,SB=F
2021-09-13,18.979999542236328,Sugar,SB=F
2021-09-14,18.959999084472656,Sugar,SB=F
2021-09-15,19.520000457763672,Sugar,SB=F
2021-09-16,19.489999771118164,Sugar,SB=F
2021-09-17,19.18000030517578,Sugar,SB=F
2021-09-20,18.860000610351563,Sugar,SB=F
2021-09-21,18.969999313354492,Sugar,SB=F
2021-09-22,19.329999923706055,Sugar,SB=F
2021-09-23,19.489999771118164,Sugar,SB=F
2021-09-24,19.100000381469727,Sugar,SB=F
2021-09-27,18.729999542236328,Sugar,SB=F
2021-09-28,18.979999542236328,Sugar,SB=F
2021-09-29,18.940000534057617,Sugar,SB=F
2021-09-30,19.829999923706055,Sugar,SB=F
2021-10-01,20.059999465942383,Sugar,SB=F
2021-10-04,19.690000534057617,Sugar,SB=F
2021-10-05,19.850000381469727,Sugar,SB=F
2021-10-06,19.770000457763672,Sugar,SB=F
2021-10-07,19.84000015258789,Sugar,SB=F
2021-10-08,20.290000915527344,Sugar,SB=F
2021-10-11,20.329999923706055,Sugar,SB=F
2021-10-12,20.06999969482422,Sugar,SB=F
2021-10-13,19.860000610351563,Sugar,SB=F
2021-10-14,19.59000015258789,Sugar,SB=F
2021-10-15,19.799999237060547,Sugar,SB=F
2021-10-18,19.350000381469727,Sugar,SB=F
2021-10-19,18.8700008392334,Sugar,SB=F
2021-10-20,18.969999313354492,Sugar,SB=F
2021-10-21,18.940000534057617,Sugar,SB=F
2021-10-22,19.079999923706055,Sugar,SB=F
2021-10-25,19.389999389648438,Sugar,SB=F
2021-10-26,19.65999984741211,Sugar,SB=F
2021-10-27,19.700000762939453,Sugar,SB=F
2021-10-28,19.6200008392334,Sugar,SB=F
2021-10-29,19.270000457763672,Sugar,SB=F
2021-11-01,19.3700008392334,Sugar,SB=F
2021-11-02,19.540000915527344,Sugar,SB=F
2021-11-03,19.3799991607666,Sugar,SB=F
2021-11-04,19.6299991607666,Sugar,SB=F
2021-11-05,19.940000534057617,Sugar,SB=F
2021-11-08,19.920000076293945,Sugar,SB=F
2021-11-09,19.899999618530273,Sugar,SB=F
2021-11-10,19.600000381469727,Sugar,SB=F
2021-11-11,20.1200008392334,Sugar,SB=F
2021-11-12,20.010000228881836,Sugar,SB=F
2021-11-15,19.739999771118164,Sugar,SB=F
2021-11-16,19.989999771118164,Sugar,SB=F
2021-11-17,20.420000076293945,Sugar,SB=F
2021-11-18,20.18000030517578,Sugar,SB=F
2021-11-19,19.989999771118164,Sugar,SB=F
2021-11-22,19.760000228881836,Sugar,SB=F
2021-11-23,20.110000610351563,Sugar,SB=F
2021-11-24,19.93000030517578,Sugar,SB=F
2021-11-26,19.350000381469727,Sugar,SB=F
2021-11-29,19.190000534057617,Sugar,SB=F
2021-11-30,18.600000381469727,Sugar,SB=F
2021-12-01,18.600000381469727,Sugar,SB=F
2021-12-02,18.6200008392334,Sugar,SB=F
2021-12-03,18.75,Sugar,SB=F
2021-12-06,19.15999984741211,Sugar,SB=F
2021-12-07,19.479999542236328,Sugar,SB=F
2021-12-08,19.81999969482422,Sugar,SB=F
2021-12-09,19.690000534057617,Sugar,SB=F
2021-12-10,19.709999084472656,Sugar,SB=F
2021-12-13,19.639999389648438,Sugar,SB=F
2021-12-14,19.649999618530273,Sugar,SB=F
2021-12-15,19.290000915527344,Sugar,SB=F
2021-12-16,19.399999618530273,Sugar,SB=F
2021-12-17,19.110000610351563,Sugar,SB=F
2021-12-20,18.59000015258789,Sugar,SB=F
2021-12-21,18.739999771118164,Sugar,SB=F
2021-12-22,19.260000228881836,Sugar,SB=F
2021-12-23,19.239999771118164,Sugar,SB=F
2021-12-27,19.209999084472656,Sugar,SB=F
2021-12-28,18.959999084472656,Sugar,SB=F
2021-12-29,19.100000381469727,Sugar,SB=F
2021-12-30,18.780000686645508,Sugar,SB=F
2021-12-31,18.8799991607666,Sugar,SB=F
2022-01-03,18.739999771118164,Sugar,SB=F
2022-01-04,18.75,Sugar,SB=F
2022-01-05,18.34000015258789,Sugar,SB=F
2022-01-06,18.190000534057617,Sugar,SB=F
2022-01-07,18.049999237060547,Sugar,SB=F
2022-01-10,17.829999923706055,Sugar,SB=F
2022-01-11,18.110000610351563,Sugar,SB=F
2022-01-12,18.34000015258789,Sugar,SB=F
2022-01-13,18.09000015258789,Sugar,SB=F
2022-01-14,18.309999465942383,Sugar,SB=F
2022-01-18,18.65999984741211,Sugar,SB=F
2022-01-19,19.06999969482422,Sugar,SB=F
2022-01-20,18.93000030517578,Sugar,SB=F
2022-01-21,18.899999618530273,Sugar,SB=F
2022-01-24,18.809999465942383,Sugar,SB=F
2022-01-25,18.780000686645508,Sugar,SB=F
2022-01-26,18.489999771118164,Sugar,SB=F
2022-01-27,18.40999984741211,Sugar,SB=F
2022-01-28,18.200000762939453,Sugar,SB=F
2022-01-31,18.219999313354492,Sugar,SB=F
2022-02-01,18.479999542236328,Sugar,SB=F
2022-02-02,17.93000030517578,Sugar,SB=F
2022-02-03,17.989999771118164,Sugar,SB=F
2022-02-04,18.229999542236328,Sugar,SB=F
2022-02-07,18.049999237060547,Sugar,SB=F
2022-02-08,18.079999923706055,Sugar,SB=F
2022-02-09,18.479999542236328,Sugar,SB=F
2022-02-10,18.299999237060547,Sugar,SB=F
2022-02-11,18.260000228881836,Sugar,SB=F
2022-02-14,18.1200008392334,Sugar,SB=F
2022-02-15,18.06999969482422,Sugar,SB=F
2022-02-16,18.06999969482422,Sugar,SB=F
2022-02-17,18.280000686645508,Sugar,SB=F
2022-02-18,18.200000762939453,Sugar,SB=F
2022-02-22,18.479999542236328,Sugar,SB=F
2022-02-23,18.530000686645508,Sugar,SB=F
2022-02-24,18.31999969482422,Sugar,SB=F
2022-02-25,17.989999771118164,Sugar,SB=F
2022-02-28,18,Sugar,SB=F
2022-03-01,18.34000015258789,Sugar,SB=F
2022-03-02,18.639999389648438,Sugar,SB=F
2022-03-03,18.93000030517578,Sugar,SB=F
2022-03-04,19.350000381469727,Sugar,SB=F
2022-03-07,19.270000457763672,Sugar,SB=F
2022-03-08,19.43000030517578,Sugar,SB=F
2022-03-09,18.940000534057617,Sugar,SB=F
2022-03-10,19.100000381469727,Sugar,SB=F
2022-03-11,19.239999771118164,Sugar,SB=F
2022-03-14,19.1299991607666,Sugar,SB=F
2022-03-15,18.729999542236328,Sugar,SB=F
2022-03-16,18.559999465942383,Sugar,SB=F
2022-03-17,18.690000534057617,Sugar,SB=F
2022-03-18,18.93000030517578,Sugar,SB=F
2022-03-21,19.280000686645508,Sugar,SB=F
2022-03-22,19.149999618530273,Sugar,SB=F
2022-03-23,19.239999771118164,Sugar,SB=F
2022-03-24,19.260000228881836,Sugar,SB=F
2022-03-25,19.610000610351563,Sugar,SB=F
2022-03-28,19.59000015258789,Sugar,SB=F
2022-03-29,19.110000610351563,Sugar,SB=F
2022-03-30,19.469999313354492,Sugar,SB=F
2022-03-31,19.489999771118164,Sugar,SB=F
2022-04-01,19.3700008392334,Sugar,SB=F
2022-04-04,19.610000610351563,Sugar,SB=F
2022-04-05,19.649999618530273,Sugar,SB=F
2022-04-06,19.59000015258789,Sugar,SB=F
2022-04-07,19.84000015258789,Sugar,SB=F
2022-04-08,20.40999984741211,Sugar,SB=F
2022-04-11,20.309999465942383,Sugar,SB=F
2022-04-12,20.219999313354492,Sugar,SB=F
2022-04-13,20.100000381469727,Sugar,SB=F
2022-04-14,20.059999465942383,Sugar,SB=F
2022-04-18,20.260000228881836,Sugar,SB=F
2022-04-19,19.739999771118164,Sugar,SB=F
2022-04-20,19.6200008392334,Sugar,SB=F
2022-04-21,19.8700008392334,Sugar,SB=F
2022-04-22,19.239999771118164,Sugar,SB=F
2022-04-25,18.950000762939453,Sugar,SB=F
2022-04-26,18.989999771118164,Sugar,SB=F
2022-04-27,19.020000457763672,Sugar,SB=F
2022-04-28,19.420000076293945,Sugar,SB=F
2022-04-29,19.350000381469727,Sugar,SB=F
2022-05-02,18.850000381469727,Sugar,SB=F
2022-05-03,18.6200008392334,Sugar,SB=F
2022-05-04,18.6200008392334,Sugar,SB=F
2022-05-05,18.780000686645508,Sugar,SB=F
2022-05-06,19.15999984741211,Sugar,SB=F
2022-05-09,18.65999984741211,Sugar,SB=F
2022-05-10,18.540000915527344,Sugar,SB=F
2022-05-11,18.549999237060547,Sugar,SB=F
2022-05-12,18.639999389648438,Sugar,SB=F
2022-05-13,19.170000076293945,Sugar,SB=F
2022-05-16,19.68000030517578,Sugar,SB=F
2022-05-17,20,Sugar,SB=F
2022-05-18,19.829999923706055,Sugar,SB=F
2022-05-19,19.770000457763672,Sugar,SB=F
2022-05-20,19.950000762939453,Sugar,SB=F
2022-05-23,19.770000457763672,Sugar,SB=F
2022-05-24,19.75,Sugar,SB=F
2022-05-25,19.68000030517578,Sugar,SB=F
2022-05-26,19.540000915527344,Sugar,SB=F
2022-05-27,19.610000610351563,Sugar,SB=F
2022-05-31,19.399999618530273,Sugar,SB=F
2022-06-01,19.440000534057617,Sugar,SB=F
2022-06-02,19.350000381469727,Sugar,SB=F
2022-06-03,19.290000915527344,Sugar,SB=F
2022-06-06,19.559999465942383,Sugar,SB=F
2022-06-07,18.969999313354492,Sugar,SB=F
2022-06-08,18.979999542236328,Sugar,SB=F
2022-06-09,19.290000915527344,Sugar,SB=F
2022-06-10,18.8700008392334,Sugar,SB=F
2022-06-13,18.709999084472656,Sugar,SB=F
2022-06-14,18.700000762939453,Sugar,SB=F
2022-06-15,18.459999084472656,Sugar,SB=F
2022-06-16,18.579999923706055,Sugar,SB=F
2022-06-17,18.600000381469727,Sugar,SB=F
2022-06-21,18.65999984741211,Sugar,SB=F
2022-06-22,18.450000762939453,Sugar,SB=F
2022-06-23,18.3799991607666,Sugar,SB=F
2022-06-24,18.3700008392334,Sugar,SB=F
2022-06-27,18.299999237060547,Sugar,SB=F
2022-06-28,18.530000686645508,Sugar,SB=F
2022-06-29,18.549999237060547,Sugar,SB=F
2022-06-30,18.829999923706055,Sugar,SB=F
2022-07-01,18.06999969482422,Sugar,SB=F
2022-07-05,17.799999237060547,Sugar,SB=F
2022-07-06,17.989999771118164,Sugar,SB=F
2022-07-07,18.520000457763672,Sugar,SB=F
2022-07-08,19.020000457763672,Sugar,SB=F
2022-07-11,18.860000610351563,Sugar,SB=F
2022-07-12,18.690000534057617,Sugar,SB=F
2022-07-13,19.139999389648438,Sugar,SB=F
2022-07-14,18.969999313354492,Sugar,SB=F
2022-07-15,19.25,Sugar,SB=F
2022-07-18,19.40999984741211,Sugar,SB=F
2022-07-19,18.84000015258789,Sugar,SB=F
2022-07-20,18.670000076293945,Sugar,SB=F
2022-07-21,18.350000381469727,Sugar,SB=F
2022-07-22,17.889999389648438,Sugar,SB=F
2022-07-25,17.469999313354492,Sugar,SB=F
2022-07-26,17.469999313354492,Sugar,SB=F
2022-07-27,17.399999618530273,Sugar,SB=F
2022-07-28,17.719999313354492,Sugar,SB=F
2022-07-29,17.540000915527344,Sugar,SB=F
2022-08-01,17.600000381469727,Sugar,SB=F
2022-08-02,17.690000534057617,Sugar,SB=F
2022-08-03,17.770000457763672,Sugar,SB=F
2022-08-04,17.549999237060547,Sugar,SB=F
2022-08-05,17.940000534057617,Sugar,SB=F
2022-08-08,17.959999084472656,Sugar,SB=F
2022-08-09,17.979999542236328,Sugar,SB=F
2022-08-10,18.280000686645508,Sugar,SB=F
2022-08-11,18.489999771118164,Sugar,SB=F
2022-08-12,18.600000381469727,Sugar,SB=F
2022-08-15,18.540000915527344,Sugar,SB=F
2022-08-16,18.270000457763672,Sugar,SB=F
2022-08-17,18.239999771118164,Sugar,SB=F
2022-08-18,17.770000457763672,Sugar,SB=F
2022-08-19,18.09000015258789,Sugar,SB=F
2022-08-22,17.940000534057617,Sugar,SB=F
2022-08-23,17.889999389648438,Sugar,SB=F
2022-08-24,18.040000915527344,Sugar,SB=F
2022-08-25,17.899999618530273,Sugar,SB=F
2022-08-26,18.469999313354492,Sugar,SB=F
2022-08-29,18.440000534057617,Sugar,SB=F
2022-08-30,18.100000381469727,Sugar,SB=F
2022-08-31,17.889999389648438,Sugar,SB=F
2022-09-01,17.989999771118164,Sugar,SB=F
2022-09-02,18.149999618530273,Sugar,SB=F
2022-09-06,17.979999542236328,Sugar,SB=F
2022-09-07,18.049999237060547,Sugar,SB=F
2022-09-08,17.93000030517578,Sugar,SB=F
2022-09-09,18.219999313354492,Sugar,SB=F
2022-09-12,18.350000381469727,Sugar,SB=F
2022-09-13,18.3799991607666,Sugar,SB=F
2022-09-14,18.270000457763672,Sugar,SB=F
2022-09-15,18.18000030517578,Sugar,SB=F
2022-09-16,17.8799991607666,Sugar,SB=F
2022-09-19,17.690000534057617,Sugar,SB=F
2022-09-20,18.190000534057617,Sugar,SB=F
2022-09-21,18.219999313354492,Sugar,SB=F
2022-09-22,18.489999771118164,Sugar,SB=F
2022-09-23,18.280000686645508,Sugar,SB=F
2022-09-26,18.350000381469727,Sugar,SB=F
2022-09-27,18.190000534057617,Sugar,SB=F
2022-09-28,18.290000915527344,Sugar,SB=F
2022-09-29,18.440000534057617,Sugar,SB=F
2022-09-30,18.420000076293945,Sugar,SB=F
2022-10-03,17.420000076293945,Sugar,SB=F
2022-10-04,17.90999984741211,Sugar,SB=F
2022-10-05,17.950000762939453,Sugar,SB=F
2022-10-06,18.459999084472656,Sugar,SB=F
2022-10-07,18.68000030517578,Sugar,SB=F
2022-10-10,18.610000610351563,Sugar,SB=F
2022-10-11,18.739999771118164,Sugar,SB=F
2022-10-12,18.68000030517578,Sugar,SB=F
2022-10-13,18.809999465942383,Sugar,SB=F
2022-10-14,18.84000015258789,Sugar,SB=F
2022-10-17,18.770000457763672,Sugar,SB=F
2022-10-18,18.670000076293945,Sugar,SB=F
2022-10-19,18.649999618530273,Sugar,SB=F
2022-10-20,18.389999389648438,Sugar,SB=F
2022-10-21,18.3799991607666,Sugar,SB=F
2022-10-24,18.1299991607666,Sugar,SB=F
2022-10-25,18.110000610351563,Sugar,SB=F
2022-10-26,17.860000610351563,Sugar,SB=F
2022-10-27,17.709999084472656,Sugar,SB=F
2022-10-28,17.579999923706055,Sugar,SB=F
2022-10-31,17.969999313354492,Sugar,SB=F
2022-11-01,18.43000030517578,Sugar,SB=F
2022-11-02,18.469999313354492,Sugar,SB=F
2022-11-03,18.469999313354492,Sugar,SB=F
2022-11-04,18.709999084472656,Sugar,SB=F
2022-11-07,18.68000030517578,Sugar,SB=F
2022-11-08,19,Sugar,SB=F
2022-11-09,19.3799991607666,Sugar,SB=F
2022-11-10,19.40999984741211,Sugar,SB=F
2022-11-11,19.639999389648438,Sugar,SB=F
2022-11-14,19.829999923706055,Sugar,SB=F
2022-11-15,20.290000915527344,Sugar,SB=F
2022-11-16,20.270000457763672,Sugar,SB=F
2022-11-17,19.729999542236328,Sugar,SB=F
2022-11-18,20.049999237060547,Sugar,SB=F
2022-11-21,19.860000610351563,Sugar,SB=F
2022-11-22,19.739999771118164,Sugar,SB=F
2022-11-23,19.549999237060547,Sugar,SB=F
2022-11-25,19.329999923706055,Sugar,SB=F
2022-11-28,19.3799991607666,Sugar,SB=F
2022-11-29,19.530000686645508,Sugar,SB=F
2022-11-30,19.6299991607666,Sugar,SB=F
2022-12-01,19.6200008392334,Sugar,SB=F
2022-12-02,19.479999542236328,Sugar,SB=F
2022-12-05,19.549999237060547,Sugar,SB=F
2022-12-06,19.389999389648438,Sugar,SB=F
2022-12-07,19.479999542236328,Sugar,SB=F
2022-12-08,19.68000030517578,Sugar,SB=F
2022-12-09,19.600000381469727,Sugar,SB=F
2022-12-12,19.3799991607666,Sugar,SB=F
2022-12-13,19.760000228881836,Sugar,SB=F
2022-12-14,20.290000915527344,Sugar,SB=F
2022-12-15,19.979999542236328,Sugar,SB=F
2022-12-16,20.09000015258789,Sugar,SB=F
2022-12-19,20.139999389648438,Sugar,SB=F
2022-12-20,20.579999923706055,Sugar,SB=F
2022-12-21,20.75,Sugar,SB=F
2022-12-22,20.889999389648438,Sugar,SB=F
2022-12-23,20.979999542236328,Sugar,SB=F
2022-12-27,20.31999969482422,Sugar,SB=F
2022-12-28,20.15999984741211,Sugar,SB=F
2022-12-29,20.290000915527344,Sugar,SB=F
2022-12-30,20.040000915527344,Sugar,SB=F
2023-01-03,19.700000762939453,Sugar,SB=F
2023-01-04,19.540000915527344,Sugar,SB=F
2023-01-05,19.34000015258789,Sugar,SB=F
2023-01-06,18.959999084472656,Sugar,SB=F
2023-01-09,19.170000076293945,Sugar,SB=F
2023-01-10,19.639999389648438,Sugar,SB=F
2023-01-11,19.649999618530273,Sugar,SB=F
2023-01-12,19.59000015258789,Sugar,SB=F
2023-01-13,19.729999542236328,Sugar,SB=F
2023-01-17,20.139999389648438,Sugar,SB=F
2023-01-18,19.81999969482422,Sugar,SB=F
2023-01-19,19.68000030517578,Sugar,SB=F
2023-01-20,19.719999313354492,Sugar,SB=F
2023-01-23,19.700000762939453,Sugar,SB=F
2023-01-24,19.8799991607666,Sugar,SB=F
2023-01-25,20.110000610351563,Sugar,SB=F
2023-01-26,20.68000030517578,Sugar,SB=F
2023-01-27,20.959999084472656,Sugar,SB=F
2023-01-30,21.209999084472656,Sugar,SB=F
2023-01-31,21.760000228881836,Sugar,SB=F
2023-02-01,21.3700008392334,Sugar,SB=F
2023-02-02,21.65999984741211,Sugar,SB=F
2023-02-03,21.239999771118164,Sugar,SB=F
2023-02-06,20.65999984741211,Sugar,SB=F
2023-02-07,20.84000015258789,Sugar,SB=F
2023-02-08,21.200000762939453,Sugar,SB=F
2023-02-09,21.450000762939453,Sugar,SB=F
2023-02-10,21.579999923706055,Sugar,SB=F
2023-02-13,21.200000762939453,Sugar,SB=F
2023-02-14,21.56999969482422,Sugar,SB=F
2023-02-15,21.3799991607666,Sugar,SB=F
2023-02-16,21.450000762939453,Sugar,SB=F
2023-02-17,21.40999984741211,Sugar,SB=F
2023-02-21,21.329999923706055,Sugar,SB=F
2023-02-22,21.290000915527344,Sugar,SB=F
2023-02-23,21.579999923706055,Sugar,SB=F
2023-02-24,21.280000686645508,Sugar,SB=F
2023-02-27,22.09000015258789,Sugar,SB=F
2023-02-28,22.079999923706055,Sugar,SB=F
2023-03-01,20.56999969482422,Sugar,SB=F
2023-03-02,20.309999465942383,Sugar,SB=F
2023-03-03,20.920000076293945,Sugar,SB=F
2023-03-06,20.8700008392334,Sugar,SB=F
2023-03-07,21.020000457763672,Sugar,SB=F
2023-03-08,20.8799991607666,Sugar,SB=F
2023-03-09,21.149999618530273,Sugar,SB=F
2023-03-10,21.15999984741211,Sugar,SB=F
2023-03-13,20.799999237060547,Sugar,SB=F
2023-03-14,20.68000030517578,Sugar,SB=F
2023-03-15,20.5,Sugar,SB=F
2023-03-16,20.760000228881836,Sugar,SB=F
2023-03-17,20.670000076293945,Sugar,SB=F
2023-03-20,20.479999542236328,Sugar,SB=F
2023-03-21,20.799999237060547,Sugar,SB=F
2023-03-22,21.139999389648438,Sugar,SB=F
2023-03-23,20.889999389648438,Sugar,SB=F
2023-03-24,20.81999969482422,Sugar,SB=F
2023-03-27,20.93000030517578,Sugar,SB=F
2023-03-28,21.309999465942383,Sugar,SB=F
2023-03-29,21.25,Sugar,SB=F
2023-03-30,21.959999084472656,Sugar,SB=F
2023-03-31,22.25,Sugar,SB=F
2023-04-03,22.399999618530273,Sugar,SB=F
2023-04-04,22.469999313354492,Sugar,SB=F
2023-04-05,22.950000762939453,Sugar,SB=F
2023-04-06,23.610000610351563,Sugar,SB=F
2023-04-10,23.559999465942383,Sugar,SB=F
2023-04-11,24.3700008392334,Sugar,SB=F
2023-04-12,24.049999237060547,Sugar,SB=F
2023-04-13,24.040000915527344,Sugar,SB=F
2023-04-14,24.100000381469727,Sugar,SB=F
2023-04-17,24.440000534057617,Sugar,SB=F
2023-04-18,24.540000915527344,Sugar,SB=F
2023-04-19,24.3700008392334,Sugar,SB=F
2023-04-20,25.25,Sugar,SB=F
2023-04-21,24.829999923706055,Sugar,SB=F
2023-04-24,25.90999984741211,Sugar,SB=F
2023-04-25,26.649999618530273,Sugar,SB=F
2023-04-26,26.510000228881836,Sugar,SB=F
2023-04-27,26.989999771118164,Sugar,SB=F
2023-04-28,26.989999771118164,Sugar,SB=F
2023-05-01,25.540000915527344,Sugar,SB=F
2023-05-02,25.139999389648438,Sugar,SB=F
2023-05-03,25.170000076293945,Sugar,SB=F
2023-05-04,25.520000457763672,Sugar,SB=F
2023-05-05,26.31999969482422,Sugar,SB=F
2023-05-08,26.09000015258789,Sugar,SB=F
2023-05-09,26.190000534057617,Sugar,SB=F
2023-05-10,26.65999984741211,Sugar,SB=F
2023-05-11,26.020000457763672,Sugar,SB=F
2023-05-12,26.219999313354492,Sugar,SB=F
2023-05-15,26.290000915527344,Sugar,SB=F
2023-05-16,26.06999969482422,Sugar,SB=F
2023-05-17,25.90999984741211,Sugar,SB=F
2023-05-18,25.610000610351563,Sugar,SB=F
2023-05-19,25.780000686645508,Sugar,SB=F
2023-05-22,25.989999771118164,Sugar,SB=F
2023-05-23,25.809999465942383,Sugar,SB=F
2023-05-24,25.489999771118164,Sugar,SB=F
2023-05-25,24.829999923706055,Sugar,SB=F
2023-05-26,25.3700008392334,Sugar,SB=F
2023-05-30,25.329999923706055,Sugar,SB=F
2023-05-31,25.059999465942383,Sugar,SB=F
2023-06-01,24.8799991607666,Sugar,SB=F
2023-06-02,24.729999542236328,Sugar,SB=F
2023-06-05,24.399999618530273,Sugar,SB=F
2023-06-06,24.579999923706055,Sugar,SB=F
2023-06-07,24.5,Sugar,SB=F
2023-06-08,25.479999542236328,Sugar,SB=F
2023-06-09,25.3799991607666,Sugar,SB=F
2023-06-12,25.469999313354492,Sugar,SB=F
2023-06-13,25.15999984741211,Sugar,SB=F
2023-06-14,25.84000015258789,Sugar,SB=F
2023-06-15,26,Sugar,SB=F
2023-06-16,26.43000030517578,Sugar,SB=F
2023-06-20,26.219999313354492,Sugar,SB=F
2023-06-21,25.8799991607666,Sugar,SB=F
2023-06-22,24.93000030517578,Sugar,SB=F
2023-06-23,24.18000030517578,Sugar,SB=F
2023-06-26,23.719999313354492,Sugar,SB=F
2023-06-27,23.030000686645508,Sugar,SB=F
2023-06-28,22.56999969482422,Sugar,SB=F
2023-06-29,22.06999969482422,Sugar,SB=F
2023-06-30,22.889999389648438,Sugar,SB=F
2023-07-03,23.31999969482422,Sugar,SB=F
2023-07-05,23.530000686645508,Sugar,SB=F
2023-07-06,23.25,Sugar,SB=F
2023-07-07,23.530000686645508,Sugar,SB=F
2023-07-10,23.440000534057617,Sugar,SB=F
2023-07-11,23.530000686645508,Sugar,SB=F
2023-07-12,23.90999984741211,Sugar,SB=F
2023-07-13,24.010000228881836,Sugar,SB=F
2023-07-14,24.31999969482422,Sugar,SB=F
2023-07-17,23.799999237060547,Sugar,SB=F
2023-07-18,23.860000610351563,Sugar,SB=F
2023-07-19,24.209999084472656,Sugar,SB=F
2023-07-20,24.670000076293945,Sugar,SB=F
2023-07-21,25.010000228881836,Sugar,SB=F
2023-07-24,24.920000076293945,Sugar,SB=F
2023-07-25,24.690000534057617,Sugar,SB=F
2023-07-26,24.389999389648438,Sugar,SB=F
2023-07-27,24.43000030517578,Sugar,SB=F
2023-07-28,23.920000076293945,Sugar,SB=F
2023-07-31,24.110000610351563,Sugar,SB=F
2023-08-01,24.389999389648438,Sugar,SB=F
2023-08-02,24.200000762939453,Sugar,SB=F
2023-08-03,24.020000457763672,Sugar,SB=F
2023-08-04,23.690000534057617,Sugar,SB=F
2023-08-07,23.739999771118164,Sugar,SB=F
2023-08-08,23.450000762939453,Sugar,SB=F
2023-08-09,23.709999084472656,Sugar,SB=F
2023-08-10,23.950000762939453,Sugar,SB=F
2023-08-11,24.329999923706055,Sugar,SB=F
2023-08-14,24.049999237060547,Sugar,SB=F
2023-08-15,23.770000457763672,Sugar,SB=F
2023-08-16,24.190000534057617,Sugar,SB=F
2023-08-17,24,Sugar,SB=F
2023-08-18,23.760000228881836,Sugar,SB=F
2023-08-21,23.399999618530273,Sugar,SB=F
2023-08-22,23.399999618530273,Sugar,SB=F
2023-08-23,23.850000381469727,Sugar,SB=F
2023-08-24,24.290000915527344,Sugar,SB=F
2023-08-25,24.829999923706055,Sugar,SB=F
2023-08-28,25.56999969482422,Sugar,SB=F
2023-08-29,25.450000762939453,Sugar,SB=F
2023-08-30,25.34000015258789,Sugar,SB=F
2023-08-31,25.059999465942383,Sugar,SB=F
2023-09-01,25.809999465942383,Sugar,SB=F
2023-09-05,26.649999618530273,Sugar,SB=F
2023-09-06,26.219999313354492,Sugar,SB=F
2023-09-07,26.68000030517578,Sugar,SB=F
2023-09-08,26.309999465942383,Sugar,SB=F
2023-09-11,26.399999618530273,Sugar,SB=F
2023-09-12,26.829999923706055,Sugar,SB=F
2023-09-13,26.540000915527344,Sugar,SB=F
2023-09-14,26.979999542236328,Sugar,SB=F
2023-09-15,26.90999984741211,Sugar,SB=F
2023-09-18,27.110000610351563,Sugar,SB=F
2023-09-19,27.440000534057617,Sugar,SB=F
2023-09-20,26.790000915527344,Sugar,SB=F
2023-09-21,26.93000030517578,Sugar,SB=F
2023-09-22,26.969999313354492,Sugar,SB=F
2023-09-25,26.309999465942383,Sugar,SB=F
2023-09-26,26.020000457763672,Sugar,SB=F
2023-09-27,26.1299991607666,Sugar,SB=F
2023-09-28,26.729999542236328,Sugar,SB=F
2023-09-29,26.270000457763672,Sugar,SB=F
2023-10-02,26.350000381469727,Sugar,SB=F
2023-10-03,25.670000076293945,Sugar,SB=F
2023-10-04,25.93000030517578,Sugar,SB=F
2023-10-05,26.15999984741211,Sugar,SB=F
2023-10-06,26.739999771118164,Sugar,SB=F
2023-10-09,27.18000030517578,Sugar,SB=F
2023-10-10,27.049999237060547,Sugar,SB=F
2023-10-11,26.399999618530273,Sugar,SB=F
2023-10-12,26.350000381469727,Sugar,SB=F
2023-10-13,27.030000686645508,Sugar,SB=F
2023-10-16,27.049999237060547,Sugar,SB=F
2023-10-17,27.489999771118164,Sugar,SB=F
2023-10-18,27.479999542236328,Sugar,SB=F
2023-10-19,27.290000915527344,Sugar,SB=F
2023-10-20,26.850000381469727,Sugar,SB=F
2023-10-23,27.479999542236328,Sugar,SB=F
2023-10-24,27.530000686645508,Sugar,SB=F
2023-10-25,27.6299991607666,Sugar,SB=F
2023-10-26,27.040000915527344,Sugar,SB=F
2023-10-27,27.34000015258789,Sugar,SB=F
2023-10-30,26.75,Sugar,SB=F
2023-10-31,27.09000015258789,Sugar,SB=F
2023-11-01,27.510000228881836,Sugar,SB=F
2023-11-02,27.479999542236328,Sugar,SB=F
2023-11-03,27.770000457763672,Sugar,SB=F
2023-11-06,27.950000762939453,Sugar,SB=F
2023-11-07,27.59000015258789,Sugar,SB=F
2023-11-08,27.209999084472656,Sugar,SB=F
2023-11-09,27.780000686645508,Sugar,SB=F
2023-11-10,27.290000915527344,Sugar,SB=F
2023-11-13,27.709999084472656,Sugar,SB=F
2023-11-14,27.18000030517578,Sugar,SB=F
2023-11-15,27.149999618530273,Sugar,SB=F
2023-11-16,27.190000534057617,Sugar,SB=F
2023-11-17,27.18000030517578,Sugar,SB=F
2023-11-20,27.559999465942383,Sugar,SB=F
2023-11-21,27.75,Sugar,SB=F
2023-11-22,27.219999313354492,Sugar,SB=F
2023-11-23,27.219999313354492,Sugar,SB=F
2023-11-24,26.979999542236328,Sugar,SB=F
2023-11-27,27.200000762939453,Sugar,SB=F
2023-11-28,26.989999771118164,Sugar,SB=F
2023-11-29,26.860000610351563,Sugar,SB=F
2023-11-30,26.040000915527344,Sugar,SB=F
2023-12-01,25.09000015258789,Sugar,SB=F
2023-12-04,25.809999465942383,Sugar,SB=F
2023-12-05,24.959999084472656,Sugar,SB=F
2023-12-06,23,Sugar,SB=F
2023-12-07,23.030000686645508,Sugar,SB=F
2023-12-08,23.360000610351563,Sugar,SB=F
2023-12-11,22.469999313354492,Sugar,SB=F
2023-12-12,22.59000015258789,Sugar,SB=F
2023-12-13,21.969999313354492,Sugar,SB=F
2023-12-14,22.18000030517578,Sugar,SB=F
2023-12-15,21.989999771118164,Sugar,SB=F
2023-12-18,21.309999465942383,Sugar,SB=F
2023-12-19,21.43000030517578,Sugar,SB=F
2023-12-20,20.920000076293945,Sugar,SB=F
2023-12-21,20.239999771118164,Sugar,SB=F
2023-12-22,20.6200008392334,Sugar,SB=F
2023-12-26,20.530000686645508,Sugar,SB=F
2023-12-27,20.600000381469727,Sugar,SB=F
2023-12-28,21.760000228881836,Sugar,SB=F
2023-12-29,20.579999923706055,Sugar,SB=F
2024-01-02,20.899999618530273,Sugar,SB=F
2024-01-03,20.850000381469727,Sugar,SB=F
2024-01-04,21.079999923706055,Sugar,SB=F
2024-01-05,21.110000610351563,Sugar,SB=F
2024-01-08,21.739999771118164,Sugar,SB=F
2024-01-09,21.700000762939453,Sugar,SB=F
2024-01-10,21.40999984741211,Sugar,SB=F
2024-01-11,21.760000228881836,Sugar,SB=F
2024-01-12,21.610000610351563,Sugar,SB=F
2024-01-16,22.520000457763672,Sugar,SB=F
2024-01-17,22.350000381469727,Sugar,SB=F
2024-01-18,23.040000915527344,Sugar,SB=F
2024-01-19,23.56999969482422,Sugar,SB=F
2024-01-22,23.5,Sugar,SB=F
2024-01-23,23.75,Sugar,SB=F
2024-01-24,24.459999084472656,Sugar,SB=F
2024-01-25,24.040000915527344,Sugar,SB=F
2024-01-26,23.770000457763672,Sugar,SB=F
2024-01-29,23.530000686645508,Sugar,SB=F
2024-01-30,23.90999984741211,Sugar,SB=F
2024-01-31,24.1299991607666,Sugar,SB=F
2024-02-01,23.559999465942383,Sugar,SB=F
2024-02-02,23.889999389648438,Sugar,SB=F
2024-02-05,23.530000686645508,Sugar,SB=F
2024-02-06,23.559999465942383,Sugar,SB=F
2024-02-07,23.8799991607666,Sugar,SB=F
2024-02-08,23.979999542236328,Sugar,SB=F
2024-02-09,24.020000457763672,Sugar,SB=F
2024-02-12,23.559999465942383,Sugar,SB=F
2024-02-13,23.299999237060547,Sugar,SB=F
2024-02-14,23.3700008392334,Sugar,SB=F
2024-02-15,22.81999969482422,Sugar,SB=F
2024-02-16,23.079999923706055,Sugar,SB=F
2024-02-20,22.75,Sugar,SB=F
2024-02-21,22.770000457763672,Sugar,SB=F
2024-02-22,22.829999923706055,Sugar,SB=F
2024-02-23,22.6200008392334,Sugar,SB=F
2024-02-26,23.149999618530273,Sugar,SB=F
2024-02-27,23.84000015258789,Sugar,SB=F
2024-02-28,24.010000228881836,Sugar,SB=F
2024-02-29,22.579999923706055,Sugar,SB=F
2024-03-01,21.09000015258789,Sugar,SB=F
2024-03-04,20.600000381469727,Sugar,SB=F
2024-03-05,20.8700008392334,Sugar,SB=F
2024-03-06,21.450000762939453,Sugar,SB=F
2024-03-07,21.280000686645508,Sugar,SB=F
2024-03-08,21.149999618530273,Sugar,SB=F
2024-03-11,21.950000762939453,Sugar,SB=F
2024-03-12,21.889999389648438,Sugar,SB=F
2024-03-13,21.93000030517578,Sugar,SB=F
2024-03-14,21.770000457763672,Sugar,SB=F
2024-03-15,22.1200008392334,Sugar,SB=F
2024-03-18,22.15999984741211,Sugar,SB=F
2024-03-19,21.639999389648438,Sugar,SB=F
2024-03-20,21.770000457763672,Sugar,SB=F
2024-03-21,22.059999465942383,Sugar,SB=F
2024-03-22,21.850000381469727,Sugar,SB=F
2024-03-25,21.950000762939453,Sugar,SB=F
2024-03-26,22.389999389648438,Sugar,SB=F
2024-03-27,22.190000534057617,Sugar,SB=F
2024-03-28,22.520000457763672,Sugar,SB=F
2024-04-01,22.719999313354492,Sugar,SB=F
2024-04-02,22.31999969482422,Sugar,SB=F
2024-04-03,22.219999313354492,Sugar,SB=F
2024-04-04,22.360000610351563,Sugar,SB=F
2024-04-05,21.989999771118164,Sugar,SB=F
2024-04-08,21.59000015258789,Sugar,SB=F
2024-04-09,21.489999771118164,Sugar,SB=F
2024-04-10,21.459999084472656,Sugar,SB=F
2024-04-11,20.850000381469727,Sugar,SB=F
2024-04-12,20.450000762939453,Sugar,SB=F
2024-04-15,20.020000457763672,Sugar,SB=F
2024-04-16,19.6299991607666,Sugar,SB=F
2024-04-17,19.31999969482422,Sugar,SB=F
2024-04-18,19.59000015258789,Sugar,SB=F
2024-04-19,19.729999542236328,Sugar,SB=F
2024-04-22,19.799999237060547,Sugar,SB=F
2024-04-23,19.90999984741211,Sugar,SB=F
2024-04-24,20,Sugar,SB=F
2024-04-25,19.479999542236328,Sugar,SB=F
2024-04-26,19.399999618530273,Sugar,SB=F
2024-04-29,20.200000762939453,Sugar,SB=F
2024-04-30,19.709999084472656,Sugar,SB=F
2024-05-01,19.219999313354492,Sugar,SB=F
2024-05-02,19.25,Sugar,SB=F
2024-05-03,19.280000686645508,Sugar,SB=F
2024-05-06,19.479999542236328,Sugar,SB=F
2024-05-07,19.950000762939453,Sugar,SB=F
2024-05-08,19.600000381469727,Sugar,SB=F
2024-05-09,19.579999923706055,Sugar,SB=F
2024-05-10,19.299999237060547,Sugar,SB=F
2024-05-13,18.6299991607666,Sugar,SB=F
2024-05-14,18.8700008392334,Sugar,SB=F
2024-05-15,18.649999618530273,Sugar,SB=F
2024-05-16,18.329999923706055,Sugar,SB=F
2024-05-17,18.1299991607666,Sugar,SB=F
2024-05-20,18.68000030517578,Sugar,SB=F
2024-05-21,18.559999465942383,Sugar,SB=F
2024-05-22,18.229999542236328,Sugar,SB=F
2024-05-23,18.260000228881836,Sugar,SB=F
2024-05-24,18.40999984741211,Sugar,SB=F
2024-05-28,18.729999542236328,Sugar,SB=F
2024-05-29,18.350000381469727,Sugar,SB=F
2024-05-30,18.190000534057617,Sugar,SB=F
2024-05-31,18.299999237060547,Sugar,SB=F
2024-06-03,18.780000686645508,Sugar,SB=F
2024-06-04,18.860000610351563,Sugar,SB=F
2024-06-05,19.1299991607666,Sugar,SB=F
2024-06-06,19.219999313354492,Sugar,SB=F
2024-06-07,19,Sugar,SB=F
2024-06-10,18.6299991607666,Sugar,SB=F
2024-06-11,18.790000915527344,Sugar,SB=F
2024-06-12,19.100000381469727,Sugar,SB=F
2024-06-13,19.59000015258789,Sugar,SB=F
2024-06-14,19.43000030517578,Sugar,SB=F
2024-06-17,18.979999542236328,Sugar,SB=F
2024-06-18,18.920000076293945,Sugar,SB=F
2024-06-20,18.889999389648438,Sugar,SB=F
2024-06-21,18.969999313354492,Sugar,SB=F
2024-06-24,19.40999984741211,Sugar,SB=F
2024-06-25,19.100000381469727,Sugar,SB=F
2024-06-26,19.239999771118164,Sugar,SB=F
2024-06-27,20.1200008392334,Sugar,SB=F
2024-06-28,20.309999465942383,Sugar,SB=F
2024-07-01,20.229999542236328,Sugar,SB=F
2024-07-02,20.610000610351563,Sugar,SB=F
2024-07-03,20.530000686645508,Sugar,SB=F
2024-07-05,20.139999389648438,Sugar,SB=F
2024-07-08,20.1299991607666,Sugar,SB=F
2024-07-09,19.6200008392334,Sugar,SB=F
2024-07-10,19.809999465942383,Sugar,SB=F
2024-07-11,19.43000030517578,Sugar,SB=F
2024-07-12,19.200000762939453,Sugar,SB=F
2024-07-15,19.760000228881836,Sugar,SB=F
2024-07-16,19.6200008392334,Sugar,SB=F
2024-07-17,19.360000610351563,Sugar,SB=F
2024-07-18,18.940000534057617,Sugar,SB=F
2024-07-19,18.65999984741211,Sugar,SB=F
2024-07-22,18.299999237060547,Sugar,SB=F
2024-07-23,18.15999984741211,Sugar,SB=F
2024-07-24,17.90999984741211,Sugar,SB=F
2024-07-25,18.65999984741211,Sugar,SB=F
2024-07-26,18.420000076293945,Sugar,SB=F
2024-07-29,19.010000228881836,Sugar,SB=F
2024-07-30,19.1200008392334,Sugar,SB=F
2024-07-31,18.940000534057617,Sugar,SB=F
2024-08-01,18.5,Sugar,SB=F
2024-08-02,18.100000381469727,Sugar,SB=F
2024-08-05,18.079999923706055,Sugar,SB=F
2024-08-06,17.8700008392334,Sugar,SB=F
2024-08-07,18.139999389648438,Sugar,SB=F
2024-08-08,18.56999969482422,Sugar,SB=F
2024-08-09,18.479999542236328,Sugar,SB=F
2024-08-12,18.290000915527344,Sugar,SB=F
2024-08-13,18.389999389648438,Sugar,SB=F
2024-08-14,17.969999313354492,Sugar,SB=F
2024-08-15,17.8799991607666,Sugar,SB=F
2024-08-16,18.030000686645508,Sugar,SB=F
2024-08-19,18.020000457763672,Sugar,SB=F
2024-08-20,17.56999969482422,Sugar,SB=F
2024-08-21,17.649999618530273,Sugar,SB=F
2024-08-22,17.850000381469727,Sugar,SB=F
2024-08-23,18.389999389648438,Sugar,SB=F
2024-08-26,19.040000915527344,Sugar,SB=F
2024-08-27,19.600000381469727,Sugar,SB=F
2024-08-28,19.540000915527344,Sugar,SB=F
2024-08-29,19.889999389648438,Sugar,SB=F
2024-08-30,19.3799991607666,Sugar,SB=F
2024-09-03,19.489999771118164,Sugar,SB=F
2024-09-04,19.239999771118164,Sugar,SB=F
2024-09-05,19.219999313354492,Sugar,SB=F
2024-09-06,18.90999984741211,Sugar,SB=F
2024-09-09,18.829999923706055,Sugar,SB=F
2024-09-10,18.469999313354492,Sugar,SB=F
2024-09-11,18.729999542236328,Sugar,SB=F
2024-09-12,19.06999969482422,Sugar,SB=F
2024-09-13,19.010000228881836,Sugar,SB=F
2024-09-16,19.18000030517578,Sugar,SB=F
2024-09-17,19.979999542236328,Sugar,SB=F
2024-09-18,21.15999984741211,Sugar,SB=F
2024-09-19,21.93000030517578,Sugar,SB=F
2024-09-20,22.65999984741211,Sugar,SB=F
2024-09-23,22.549999237060547,Sugar,SB=F
2024-09-24,23.1200008392334,Sugar,SB=F
2024-09-25,23.420000076293945,Sugar,SB=F
2024-09-26,23.309999465942383,Sugar,SB=F
2024-09-27,22.790000915527344,Sugar,SB=F
2024-09-30,22.670000076293945,Sugar,SB=F
2024-10-01,22.969999313354492,Sugar,SB=F
2024-10-02,22.68000030517578,Sugar,SB=F
2024-10-03,23.239999771118164,Sugar,SB=F
2024-10-04,23.010000228881836,Sugar,SB=F
2024-10-07,22.549999237060547,Sugar,SB=F
2024-10-08,22.489999771118164,Sugar,SB=F
2024-10-09,22.040000915527344,Sugar,SB=F
2024-10-10,22.15999984741211,Sugar,SB=F
2024-10-11,22.239999771118164,Sugar,SB=F
2024-10-14,22.389999389648438,Sugar,SB=F
2024-10-15,22.81999969482422,Sugar,SB=F
2024-10-16,22,Sugar,SB=F
2024-10-17,22.15999984741211,Sugar,SB=F
2024-10-18,22.18000030517578,Sugar,SB=F
2024-10-21,21.829999923706055,Sugar,SB=F
2024-10-22,21.729999542236328,Sugar,SB=F
2024-10-23,22.34000015258789,Sugar,SB=F
2024-10-24,22.200000762939453,Sugar,SB=F
2024-10-25,22.139999389648438,Sugar,SB=F
2024-10-28,21.959999084472656,Sugar,SB=F
2024-10-29,22.079999923706055,Sugar,SB=F
2024-10-30,22.219999313354492,Sugar,SB=F
2024-10-31,22.739999771118164,Sugar,SB=F
2024-11-01,22.06999969482422,Sugar,SB=F
2024-11-04,21.93000030517578,Sugar,SB=F
2024-11-05,21.899999618530273,Sugar,SB=F
2024-11-06,22.030000686645508,Sugar,SB=F
2024-11-07,22.200000762939453,Sugar,SB=F
2024-11-08,21.81999969482422,Sugar,SB=F
2024-11-11,21.360000610351563,Sugar,SB=F
2024-11-12,21.350000381469727,Sugar,SB=F
2024-11-13,21.170000076293945,Sugar,SB=F
2024-11-14,21.559999465942383,Sugar,SB=F
2024-11-15,21.579999923706055,Sugar,SB=F
2024-11-18,22.200000762939453,Sugar,SB=F
2024-11-19,22.020000457763672,Sugar,SB=F
2024-11-20,21.649999618530273,Sugar,SB=F
2024-11-21,21.3799991607666,Sugar,SB=F
2024-11-22,21.360000610351563,Sugar,SB=F
2024-11-25,21.149999618530273,Sugar,SB=F
2024-11-26,21.56999969482422,Sugar,SB=F
2024-11-27,21.690000534057617,Sugar,SB=F
2024-11-29,21.079999923706055,Sugar,SB=F
2024-12-02,21.06999969482422,Sugar,SB=F
2024-12-03,21.3700008392334,Sugar,SB=F
2024-12-04,21.260000228881836,Sugar,SB=F
2024-12-05,21.200000762939453,Sugar,SB=F
2024-12-06,21.809999465942383,Sugar,SB=F
2024-12-09,21.5,Sugar,SB=F
2024-12-10,21.040000915527344,Sugar,SB=F
2024-12-11,21.280000686645508,Sugar,SB=F
2024-12-12,20.889999389648438,Sugar,SB=F
2024-12-13,20.719999313354492,Sugar,SB=F
2024-12-16,20.68000030517578,Sugar,SB=F
2024-12-17,19.84000015258789,Sugar,SB=F
2024-12-18,19.649999618530273,Sugar,SB=F
2024-12-19,19.399999618530273,Sugar,SB=F
2024-12-20,19.510000228881836,Sugar,SB=F
2024-12-23,19.540000915527344,Sugar,SB=F
2024-12-24,19.540000915527344,Sugar,SB=F
2024-12-26,19.260000228881836,Sugar,SB=F
2024-12-27,19.3700008392334,Sugar,SB=F
2024-12-30,19.1299991607666,Sugar,SB=F
2024-12-31,19.260000228881836,Sugar,SB=F
2025-01-02,19.729999542236328,Sugar,SB=F
2025-01-03,19.649999618530273,Sugar,SB=F
2025-01-06,19.329999923706055,Sugar,SB=F
2025-01-07,19.450000762939453,Sugar,SB=F
2025-01-08,19.239999771118164,Sugar,SB=F
2025-01-09,19.100000381469727,Sugar,SB=F
2025-01-10,19.219999313354492,Sugar,SB=F
2025-01-13,18.899999618530273,Sugar,SB=F
2025-01-14,18.31999969482422,Sugar,SB=F
2025-01-15,18.010000228881836,Sugar,SB=F
2025-01-16,18.40999984741211,Sugar,SB=F
2025-01-17,18.219999313354492,Sugar,SB=F
2025-01-21,17.790000915527344,Sugar,SB=F
2025-01-22,18.15999984741211,Sugar,SB=F
2025-01-23,18.690000534057617,Sugar,SB=F
2025-01-24,19.020000457763672,Sugar,SB=F
2025-01-27,19.170000076293945,Sugar,SB=F
2025-01-28,19.229999542236328,Sugar,SB=F
2025-01-29,19.450000762939453,Sugar,SB=F
2025-01-30,19.469999313354492,Sugar,SB=F
2025-01-31,19.350000381469727,Sugar,SB=F
2025-02-03,19.260000228881836,Sugar,SB=F
2025-02-04,19.65999984741211,Sugar,SB=F
2025-02-05,19.760000228881836,Sugar,SB=F
2025-02-06,19.56999969482422,Sugar,SB=F
2025-02-07,19.360000610351563,Sugar,SB=F
2025-02-10,19.5,Sugar,SB=F
2025-02-11,19.8700008392334,Sugar,SB=F
2025-02-12,19.760000228881836,Sugar,SB=F
2025-02-13,20.170000076293945,Sugar,SB=F
2025-02-14,20.420000076293945,Sugar,SB=F
2025-02-18,20.520000457763672,Sugar,SB=F
2025-02-19,20.690000534057617,Sugar,SB=F
2025-02-20,21.049999237060547,Sugar,SB=F
2025-02-21,21.309999465942383,Sugar,SB=F
2025-02-24,21.09000015258789,Sugar,SB=F
2025-02-25,21.459999084472656,Sugar,SB=F
2025-02-26,20.639999389648438,Sugar,SB=F
2025-02-27,19.690000534057617,Sugar,SB=F
2025-02-28,19.510000228881836,Sugar,SB=F
2025-03-03,18.219999313354492,Sugar,SB=F
2025-03-04,18.100000381469727,Sugar,SB=F
2025-03-05,18.200000762939453,Sugar,SB=F
2025-03-06,18.1299991607666,Sugar,SB=F
2025-03-07,18.309999465942383,Sugar,SB=F
2025-03-10,18.850000381469727,Sugar,SB=F
2025-03-11,18.670000076293945,Sugar,SB=F
2025-03-12,18.860000610351563,Sugar,SB=F
2025-03-13,19.25,Sugar,SB=F
2025-03-14,19.190000534057617,Sugar,SB=F
2025-03-17,19.969999313354492,Sugar,SB=F
2025-03-18,19.989999771118164,Sugar,SB=F
2025-03-19,19.690000534057617,Sugar,SB=F
2025-03-20,20,Sugar,SB=F
2025-03-21,19.719999313354492,Sugar,SB=F
2025-03-24,19.260000228881836,Sugar,SB=F
2025-03-25,19.510000228881836,Sugar,SB=F
2025-03-26,19.350000381469727,Sugar,SB=F
2025-03-27,19.09000015258789,Sugar,SB=F
2025-03-28,18.959999084472656,Sugar,SB=F
2025-03-31,18.860000610351563,Sugar,SB=F
2025-04-01,19.350000381469727,Sugar,SB=F
2025-04-02,19.59000015258789,Sugar,SB=F
2025-04-03,19.110000610351563,Sugar,SB=F
2025-04-04,18.84000015258789,Sugar,SB=F
2025-04-07,18.68000030517578,Sugar,SB=F
2025-04-08,18.309999465942383,Sugar,SB=F
2025-04-09,17.90999984741211,Sugar,SB=F
2025-04-10,18.1200008392334,Sugar,SB=F
2025-04-11,18,Sugar,SB=F
2025-04-14,17.8700008392334,Sugar,SB=F
2025-04-15,17.520000457763672,Sugar,SB=F
2025-04-16,17.860000610351563,Sugar,SB=F
2025-04-17,17.93000030517578,Sugar,SB=F
2025-04-21,17.809999465942383,Sugar,SB=F
2025-04-22,17.989999771118164,Sugar,SB=F
2025-04-23,17.940000534057617,Sugar,SB=F
2025-04-24,17.920000076293945,Sugar,SB=F
2025-04-25,18.18000030517578,Sugar,SB=F
2025-04-28,17.84000015258789,Sugar,SB=F
2025-04-29,17.6200008392334,Sugar,SB=F
2025-04-30,17.459999084472656,Sugar,SB=F
2025-05-01,17.15999984741211,Sugar,SB=F
2025-05-02,17.200000762939453,Sugar,SB=F
2025-05-05,17.469999313354492,Sugar,SB=F
2025-05-06,17.440000534057617,Sugar,SB=F
2025-05-07,17.1299991607666,Sugar,SB=F
2025-05-08,17.5,Sugar,SB=F
2025-05-09,17.780000686645508,Sugar,SB=F
2025-05-12,17.700000762939453,Sugar,SB=F
2025-05-13,18.219999313354492,Sugar,SB=F
2025-05-14,18.059999465942383,Sugar,SB=F
2025-05-15,17.670000076293945,Sugar,SB=F
2025-05-16,17.520000457763672,Sugar,SB=F
2025-05-19,17.450000762939453,Sugar,SB=F
2025-05-20,17.34000015258789,Sugar,SB=F
2025-05-21,17.700000762939453,Sugar,SB=F
2025-05-22,17.399999618530273,Sugar,SB=F
2025-05-23,17.290000915527344,Sugar,SB=F
2025-05-27,17.219999313354492,Sugar,SB=F
2025-05-28,16.899999618530273,Sugar,SB=F
2025-05-29,17,Sugar,SB=F
2025-05-30,17.049999237060547,Sugar,SB=F
2025-06-02,16.8799991607666,Sugar,SB=F
2025-06-03,16.899999618530273,Sugar,SB=F
2025-06-04,16.75,Sugar,SB=F
2025-06-05,16.56999969482422,Sugar,SB=F
2025-06-06,16.489999771118164,Sugar,SB=F
2025-06-09,16.670000076293945,Sugar,SB=F
2025-06-10,16.479999542236328,Sugar,SB=F
2025-06-11,16.420000076293945,Sugar,SB=F
2025-06-12,16.270000457763672,Sugar,SB=F
2025-06-13,16.1299991607666,Sugar,SB=F
2025-06-16,16.520000457763672,Sugar,SB=F
2025-06-17,16.079999923706055,Sugar,SB=F
2025-06-18,15.880000114440918,Sugar,SB=F
2025-06-20,16.100000381469727,Sugar,SB=F
2025-06-23,16.040000915527344,Sugar,SB=F
2025-06-24,15.770000457763672,Sugar,SB=F
2025-06-25,15.979999542236328,Sugar,SB=F
2025-06-26,15.649999618530273,Sugar,SB=F
2025-06-27,15.8100004196167,Sugar,SB=F
2025-06-30,15.479999542236328,Sugar,SB=F
2025-07-01,15.699999809265137,Sugar,SB=F
2025-07-02,15.579999923706055,Sugar,SB=F
2025-07-03,16.3799991607666,Sugar,SB=F
2025-07-04,16.3799991607666,Sugar,SB=F
2025-07-07,16.280000686645508,Sugar,SB=F
2025-07-08,16.1299991607666,Sugar,SB=F
2025-07-09,16.559999465942383,Sugar,SB=F
2025-07-10,16.260000228881836,Sugar,SB=F
2025-07-11,16.56999969482422,Sugar,SB=F
2025-07-14,16.299999237060547,Sugar,SB=F
2025-07-15,16.559999465942383,Sugar,SB=F
2025-07-16,16.559999465942383,Sugar,SB=F
2025-07-17,16.739999771118164,Sugar,SB=F
2025-07-18,16.81999969482422,Sugar,SB=F
2025-07-21,16.3700008392334,Sugar,SB=F
2025-07-22,16.280000686645508,Sugar,SB=F
2025-07-23,16.239999771118164,Sugar,SB=F
2025-07-24,16.56999969482422,Sugar,SB=F
2025-07-25,16.290000915527344,Sugar,SB=F
2025-07-28,16.43000030517578,Sugar,SB=F
2025-07-29,16.59000015258789,Sugar,SB=F
2025-07-30,16.450000762939453,Sugar,SB=F
2025-07-31,16.350000381469727,Sugar,SB=F
2025-08-01,16.18000030517578,Sugar,SB=F
2025-08-04,16.25,Sugar,SB=F
2025-08-05,16.09000015258789,Sugar,SB=F
2025-08-06,16.010000228881836,Sugar,SB=F
2025-08-07,16.010000228881836,Sugar,SB=F
2025-08-08,16.25,Sugar,SB=F
2025-08-11,16.489999771118164,Sugar,SB=F
2025-08-12,16.940000534057617,Sugar,SB=F
2025-08-13,16.850000381469727,Sugar,SB=F
2025-08-14,16.579999923706055,Sugar,SB=F
2025-08-15,16.440000534057617,Sugar,SB=F
2025-08-18,16.25,Sugar,SB=F
2025-08-19,16.309999465942383,Sugar,SB=F
2025-08-20,16.56999969482422,Sugar,SB=F
2025-08-21,16.350000381469727,Sugar,SB=F
2025-08-22,16.479999542236328,Sugar,SB=F
2025-08-25,16.399999618530273,Sugar,SB=F
2025-08-26,16.40999984741211,Sugar,SB=F
2025-08-27,16.469999313354492,Sugar,SB=F
2025-08-28,16.479999542236328,Sugar,SB=F
2025-08-29,16.3700008392334,Sugar,SB=F
2025-09-02,16.149999618530273,Sugar,SB=F
2025-09-03,16.030000686645508,Sugar,SB=F
2025-09-04,15.6899995803833,Sugar,SB=F
2025-09-05,15.550000190734863,Sugar,SB=F
2025-09-08,15.630000114440918,Sugar,SB=F
2025-09-09,15.84000015258789,Sugar,SB=F
2025-09-10,15.930000305175781,Sugar,SB=F
2025-09-11,15.819999694824219,Sugar,SB=F
2025-09-12,15.789999961853027,Sugar,SB=F
2025-09-15,16,Sugar,SB=F
2025-09-16,15.899999618530273,Sugar,SB=F
2025-09-17,15.539999961853027,Sugar,SB=F
2025-09-18,15.380000114440918,Sugar,SB=F
2025-09-19,15.460000038146973,Sugar,SB=F
2025-09-22,15.25,Sugar,SB=F
2025-09-23,15.65999984741211,Sugar,SB=F
2025-09-24,15.640000343322754,Sugar,SB=F
2025-09-25,15.760000228881836,Sugar,SB=F
2025-09-26,15.869999885559082,Sugar,SB=F
2025-09-29,16.020000457763672,Sugar,SB=F
2025-09-30,16.100000381469727,Sugar,SB=F
2025-10-01,16.1299991607666,Sugar,SB=F
2025-10-02,16.399999618530273,Sugar,SB=F
2025-10-03,16.469999313354492,Sugar,SB=F
2025-10-06,16.809999465942383,Sugar,SB=F
2025-10-07,16.6299991607666,Sugar,SB=F
2025-10-08,16.290000915527344,Sugar,SB=F
2025-10-09,16.260000228881836,Sugar,SB=F
2025-10-10,16.100000381469727,Sugar,SB=F
2025-10-13,15.609999656677246,Sugar,SB=F
2025-10-14,15.880000114440918,Sugar,SB=F
2025-10-15,15.6899995803833,Sugar,SB=F
2025-10-16,15.800000190734863,Sugar,SB=F
2025-10-17,15.5,Sugar,SB=F
2025-10-20,15.720000267028809,Sugar,SB=F
2025-10-21,15.239999771118164,Sugar,SB=F
2025-10-22,15.100000381469727,Sugar,SB=F
2025-10-23,15.289999961853027,Sugar,SB=F
2025-10-24,14.970000267028809,Sugar,SB=F
2025-10-27,14.460000038146973,Sugar,SB=F
2025-10-28,14.369999885559082,Sugar,SB=F
2025-10-29,14.420000076293945,Sugar,SB=F
2025-10-30,14.279999732971191,Sugar,SB=F
2025-10-31,14.430000305175781,Sugar,SB=F
2025-11-03,14.649999618530273,Sugar,SB=F
2025-11-04,14.220000267028809,Sugar,SB=F
2025-11-05,14.109999656677246,Sugar,SB=F
2025-11-06,14.1899995803833,Sugar,SB=F
2025-11-07,14.100000381469727,Sugar,SB=F
2025-11-10,14.199999809265137,Sugar,SB=F
2025-11-11,14.25,Sugar,SB=F
2025-11-12,14.520000457763672,Sugar,SB=F
2025-11-13,14.4399995803833,Sugar,SB=F
2025-11-14,14.960000038146973,Sugar,SB=F
2025-11-17,14.800000190734863,Sugar,SB=F
2025-11-18,14.699999809265137,Sugar,SB=F
2025-11-19,14.65999984741211,Sugar,SB=F
2025-11-20,14.65999984741211,Sugar,SB=F
2025-11-21,14.779999732971191,Sugar,SB=F
2025-11-24,14.819999694824219,Sugar,SB=F
2025-11-25,14.90999984741211,Sugar,SB=F
2025-11-26,15.140000343322754,Sugar,SB=F
2025-11-28,15.210000038146973,Sugar,SB=F
2025-12-01,14.760000228881836,Sugar,SB=F
2025-12-02,14.979999542236328,Sugar,SB=F
2025-12-03,14.930000305175781,Sugar,SB=F
2025-12-04,14.880000114440918,Sugar,SB=F
2025-12-05,14.800000190734863,Sugar,SB=F
2025-12-08,14.819999694824219,Sugar,SB=F
2025-12-09,14.670000076293945,Sugar,SB=F
2025-12-10,14.90999984741211,Sugar,SB=F
2025-12-11,14.850000381469727,Sugar,SB=F
2025-12-12,15.100000381469727,Sugar,SB=F
2025-12-15,14.949999809265137,Sugar,SB=F
2025-12-16,14.819999694824219,Sugar,SB=F
2025-12-17,14.760000228881836,Sugar,SB=F
2025-12-18,14.479999542236328,Sugar,SB=F
2025-12-19,14.819999694824219,Sugar,SB=F
2025-12-22,14.989999771118164,Sugar,SB=F
2025-12-23,15.199999809265137,Sugar,SB=F
2025-12-24,15.289999961853027,Sugar,SB=F
2025-12-26,15.170000076293945,Sugar,SB=F
2025-12-29,15.260000228881836,Sugar,SB=F
2025-12-30,14.84000015258789,Sugar,SB=F
2025-12-31,15.010000228881836,Sugar,SB=F
2026-01-02,14.600000381469727,Sugar,SB=F
2026-01-05,14.729999542236328,Sugar,SB=F
2026-01-06,14.760000228881836,Sugar,SB=F
2026-01-07,14.979999542236328,Sugar,SB=F
2026-01-08,14.970000267028809,Sugar,SB=F
2026-01-09,14.890000343322754,Sugar,SB=F
2026-01-12,14.84000015258789,Sugar,SB=F
2026-01-13,14.890000343322754,Sugar,SB=F
2026-01-14,14.680000305175781,Sugar,SB=F
2026-01-15,14.569999694824219,Sugar,SB=F
2026-01-16,14.960000038146973,Sugar,SB=F
2026-01-20,14.720000267028809,Sugar,SB=F
2026-01-21,14.739999771118164,Sugar,SB=F
2026-01-22,14.960000038146973,Sugar,SB=F
2026-01-23,14.729999542236328,Sugar,SB=F
2026-01-26,14.789999961853027,Sugar,SB=F
2026-01-27,14.829999923706055,Sugar,SB=F
2026-01-28,14.710000038146973,Sugar,SB=F
2026-01-29,14.699999809265137,Sugar,SB=F
2026-01-30,14.270000457763672,Sugar,SB=F
2026-02-02,14.260000228881836,Sugar,SB=F
2026-02-03,14.630000114440918,Sugar,SB=F
2026-02-04,14.4399995803833,Sugar,SB=F
2026-02-05,14.270000457763672,Sugar,SB=F
2026-02-06,14.109999656677246,Sugar,SB=F
2026-02-09,14.350000381469727,Sugar,SB=F
2026-02-10,14.119999885559082,Sugar,SB=F
2026-02-11,13.84000015258789,Sugar,SB=F
2026-02-12,13.75,Sugar,SB=F
2026-02-13,13.779999732971191,Sugar,SB=F
2026-02-17,13.859999656677246,Sugar,SB=F
2026-02-18,14.170000076293945,Sugar,SB=F
2026-02-19,14.069999694824219,Sugar,SB=F
2026-02-20,14.300000190734863,Sugar,SB=F
2026-02-23,14.449999809265137,Sugar,SB=F
2026-02-24,14.550000190734863,Sugar,SB=F
2026-02-25,14.59000015258789,Sugar,SB=F
2026-02-26,14.40999984741211,Sugar,SB=F
2026-02-27,14.300000190734863,Sugar,SB=F
2026-03-02,13.90999984741211,Sugar,SB=F
2026-03-03,13.930000305175781,Sugar,SB=F
2026-03-04,13.729999542236328,Sugar,SB=F
2026-03-05,13.720000267028809,Sugar,SB=F
2026-03-06,14.100000381469727,Sugar,SB=F
2026-03-09,14.59000015258789,Sugar,SB=F
2026-03-10,14.380000114440918,Sugar,SB=F
2026-03-11,14.25,Sugar,SB=F
2026-03-12,14.380000114440918,Sugar,SB=F
2019-01-02,506.75,Wheat,ZW=F
2019-01-03,513.75,Wheat,ZW=F
2019-01-04,517,Wheat,ZW=F
2019-01-07,516.75,Wheat,ZW=F
2019-01-08,517.75,Wheat,ZW=F
2019-01-09,520,Wheat,ZW=F
2019-01-10,513.75,Wheat,ZW=F
2019-01-11,519.5,Wheat,ZW=F
2019-01-14,514.25,Wheat,ZW=F
2019-01-15,511,Wheat,ZW=F
2019-01-16,512.5,Wheat,ZW=F
2019-01-17,517.75,Wheat,ZW=F
2019-01-18,517.75,Wheat,ZW=F
2019-01-22,521.25,Wheat,ZW=F
2019-01-23,526,Wheat,ZW=F
2019-01-24,521.5,Wheat,ZW=F
2019-01-25,520,Wheat,ZW=F
2019-01-28,518.75,Wheat,ZW=F
2019-01-29,513.25,Wheat,ZW=F
2019-01-30,516.75,Wheat,ZW=F
2019-01-31,516.5,Wheat,ZW=F
2019-02-01,524.25,Wheat,ZW=F
2019-02-04,525.75,Wheat,ZW=F
2019-02-05,527.25,Wheat,ZW=F
2019-02-06,526,Wheat,ZW=F
2019-02-07,513.25,Wheat,ZW=F
2019-02-08,517.25,Wheat,ZW=F
2019-02-11,518.25,Wheat,ZW=F
2019-02-12,520,Wheat,ZW=F
2019-02-13,522.25,Wheat,ZW=F
2019-02-14,507,Wheat,ZW=F
2019-02-15,504.25,Wheat,ZW=F
2019-02-19,489.75,Wheat,ZW=F
2019-02-20,480.75,Wheat,ZW=F
2019-02-21,486.5,Wheat,ZW=F
2019-02-22,486.75,Wheat,ZW=F
2019-02-25,466.75,Wheat,ZW=F
2019-02-26,460.25,Wheat,ZW=F
2019-02-27,461,Wheat,ZW=F
2019-02-28,452.5,Wheat,ZW=F
2019-03-01,454,Wheat,ZW=F
2019-03-04,446.75,Wheat,ZW=F
2019-03-05,454.25,Wheat,ZW=F
2019-03-06,440.5,Wheat,ZW=F
2019-03-07,431.5,Wheat,ZW=F
2019-03-08,432.75,Wheat,ZW=F
2019-03-11,422.25,Wheat,ZW=F
2019-03-12,446.25,Wheat,ZW=F
2019-03-13,440.25,Wheat,ZW=F
2019-03-14,448.25,Wheat,ZW=F
2019-03-15,462.25,Wheat,ZW=F
2019-03-18,456.75,Wheat,ZW=F
2019-03-19,456.5,Wheat,ZW=F
2019-03-20,464.75,Wheat,ZW=F
2019-03-21,466.5,Wheat,ZW=F
2019-03-22,466,Wheat,ZW=F
2019-03-25,469.5,Wheat,ZW=F
2019-03-26,469.25,Wheat,ZW=F
2019-03-27,469.5,Wheat,ZW=F
2019-03-28,464.5,Wheat,ZW=F
2019-03-29,457.75,Wheat,ZW=F
2019-04-01,462.75,Wheat,ZW=F
2019-04-02,464,Wheat,ZW=F
2019-04-03,471,Wheat,ZW=F
2019-04-04,470.75,Wheat,ZW=F
2019-04-05,467.75,Wheat,ZW=F
2019-04-08,465.25,Wheat,ZW=F
2019-04-09,459.5,Wheat,ZW=F
2019-04-10,458,Wheat,ZW=F
2019-04-11,460.5,Wheat,ZW=F
2019-04-12,464.5,Wheat,ZW=F
2019-04-15,459.5,Wheat,ZW=F
2019-04-16,445,Wheat,ZW=F
2019-04-17,447,Wheat,ZW=F
2019-04-18,444.25,Wheat,ZW=F
2019-04-22,435.75,Wheat,ZW=F
2019-04-23,438.75,Wheat,ZW=F
2019-04-24,432.25,Wheat,ZW=F
2019-04-25,434.75,Wheat,ZW=F
2019-04-26,435,Wheat,ZW=F
2019-04-29,426.75,Wheat,ZW=F
2019-04-30,418.5,Wheat,ZW=F
2019-05-01,425,Wheat,ZW=F
2019-05-02,433.25,Wheat,ZW=F
2019-05-03,428,Wheat,ZW=F
2019-05-06,428,Wheat,ZW=F
2019-05-07,430.5,Wheat,ZW=F
2019-05-08,431.25,Wheat,ZW=F
2019-05-09,421.75,Wheat,ZW=F
2019-05-10,419,Wheat,ZW=F
2019-05-13,431.25,Wheat,ZW=F
2019-05-14,439.25,Wheat,ZW=F
2019-05-15,448.75,Wheat,ZW=F
2019-05-16,467,Wheat,ZW=F
2019-05-17,465,Wheat,ZW=F
2019-05-20,478.25,Wheat,ZW=F
2019-05-21,478.75,Wheat,ZW=F
2019-05-22,472.75,Wheat,ZW=F
2019-05-23,470.25,Wheat,ZW=F
2019-05-24,489.5,Wheat,ZW=F
2019-05-28,504.75,Wheat,ZW=F
2019-05-29,490.5,Wheat,ZW=F
2019-05-30,514.5,Wheat,ZW=F
2019-05-31,503,Wheat,ZW=F
2019-06-03,519.75,Wheat,ZW=F
2019-06-04,507.25,Wheat,ZW=F
2019-06-05,490.75,Wheat,ZW=F
2019-06-06,510,Wheat,ZW=F
2019-06-07,504.5,Wheat,ZW=F
2019-06-10,507.5,Wheat,ZW=F
2019-06-11,518,Wheat,ZW=F
2019-06-12,526.25,Wheat,ZW=F
2019-06-13,535.5,Wheat,ZW=F
2019-06-14,538.5,Wheat,ZW=F
2019-06-17,539.5,Wheat,ZW=F
2019-06-18,531.5,Wheat,ZW=F
2019-06-19,522.25,Wheat,ZW=F
2019-06-20,526.5,Wheat,ZW=F
2019-06-21,526,Wheat,ZW=F
2019-06-24,538,Wheat,ZW=F
2019-06-25,535.75,Wheat,ZW=F
2019-06-26,543.75,Wheat,ZW=F
2019-06-27,547.5,Wheat,ZW=F
2019-06-28,528,Wheat,ZW=F
2019-07-01,514,Wheat,ZW=F
2019-07-02,503.5,Wheat,ZW=F
2019-07-03,518,Wheat,ZW=F
2019-07-05,519.25,Wheat,ZW=F
2019-07-08,516.75,Wheat,ZW=F
2019-07-09,509.75,Wheat,ZW=F
2019-07-10,511.75,Wheat,ZW=F
2019-07-11,536.25,Wheat,ZW=F
2019-07-12,536.25,Wheat,ZW=F
2019-07-15,507.75,Wheat,ZW=F
2019-07-16,507.5,Wheat,ZW=F
2019-07-17,505.5,Wheat,ZW=F
2019-07-18,493.5,Wheat,ZW=F
2019-07-19,502.5,Wheat,ZW=F
2019-07-22,487.25,Wheat,ZW=F
2019-07-23,487.25,Wheat,ZW=F
2019-07-24,497.75,Wheat,ZW=F
2019-07-25,499.5,Wheat,ZW=F
2019-07-26,496,Wheat,ZW=F
2019-07-29,503.5,Wheat,ZW=F
2019-07-30,497.25,Wheat,ZW=F
2019-07-31,487.25,Wheat,ZW=F
2019-08-01,475.75,Wheat,ZW=F
2019-08-02,490.75,Wheat,ZW=F
2019-08-05,494.5,Wheat,ZW=F
2019-08-06,484,Wheat,ZW=F
2019-08-07,488.25,Wheat,ZW=F
2019-08-08,498.5,Wheat,ZW=F
2019-08-09,499.5,Wheat,ZW=F
2019-08-12,471.75,Wheat,ZW=F
2019-08-13,472,Wheat,ZW=F
2019-08-14,473.75,Wheat,ZW=F
2019-08-15,469,Wheat,ZW=F
2019-08-16,470.75,Wheat,ZW=F
2019-08-19,465.5,Wheat,ZW=F
2019-08-20,460,Wheat,ZW=F
2019-08-21,462.5,Wheat,ZW=F
2019-08-22,467.25,Wheat,ZW=F
2019-08-23,475.25,Wheat,ZW=F
2019-08-26,473,Wheat,ZW=F
2019-08-27,473.75,Wheat,ZW=F
2019-08-28,472.25,Wheat,ZW=F
2019-08-29,469.75,Wheat,ZW=F
2019-08-30,451.25,Wheat,ZW=F
2019-09-03,447.25,Wheat,ZW=F
2019-09-04,456.25,Wheat,ZW=F
2019-09-05,464,Wheat,ZW=F
2019-09-06,460.25,Wheat,ZW=F
2019-09-09,474.5,Wheat,ZW=F
2019-09-10,484.5,Wheat,ZW=F
2019-09-11,477.5,Wheat,ZW=F
2019-09-12,485.75,Wheat,ZW=F
2019-09-13,485.75,Wheat,ZW=F
2019-09-16,488.75,Wheat,ZW=F
2019-09-17,484.25,Wheat,ZW=F
2019-09-18,489.5,Wheat,ZW=F
2019-09-19,488,Wheat,ZW=F
2019-09-20,484.25,Wheat,ZW=F
2019-09-23,483,Wheat,ZW=F
2019-09-24,481.75,Wheat,ZW=F
2019-09-25,477.25,Wheat,ZW=F
2019-09-26,484.25,Wheat,ZW=F
2019-09-27,487.25,Wheat,ZW=F
2019-09-30,495.75,Wheat,ZW=F
2019-10-01,498.75,Wheat,ZW=F
2019-10-02,489,Wheat,ZW=F
2019-10-03,488.75,Wheat,ZW=F
2019-10-04,490.5,Wheat,ZW=F
2019-10-07,489.25,Wheat,ZW=F
2019-10-08,500.25,Wheat,ZW=F
2019-10-09,500.25,Wheat,ZW=F
2019-10-10,493,Wheat,ZW=F
2019-10-11,508,Wheat,ZW=F
2019-10-14,511,Wheat,ZW=F
2019-10-15,507,Wheat,ZW=F
2019-10-16,513.25,Wheat,ZW=F
2019-10-17,525.5,Wheat,ZW=F
2019-10-18,532.25,Wheat,ZW=F
2019-10-21,523.5,Wheat,ZW=F
2019-10-22,518,Wheat,ZW=F
2019-10-23,520.75,Wheat,ZW=F
2019-10-24,516,Wheat,ZW=F
2019-10-25,517.75,Wheat,ZW=F
2019-10-28,511.75,Wheat,ZW=F
2019-10-29,511.5,Wheat,ZW=F
2019-10-30,509.25,Wheat,ZW=F
2019-10-31,508.75,Wheat,ZW=F
2019-11-01,516,Wheat,ZW=F
2019-11-04,509.75,Wheat,ZW=F
2019-11-05,515.25,Wheat,ZW=F
2019-11-06,516.75,Wheat,ZW=F
2019-11-07,512.5,Wheat,ZW=F
2019-11-08,510.25,Wheat,ZW=F
2019-11-11,505.75,Wheat,ZW=F
2019-11-12,517,Wheat,ZW=F
2019-11-13,509,Wheat,ZW=F
2019-11-14,507.75,Wheat,ZW=F
2019-11-15,502.75,Wheat,ZW=F
2019-11-18,507.25,Wheat,ZW=F
2019-11-19,512,Wheat,ZW=F
2019-11-20,515.5,Wheat,ZW=F
2019-11-21,509,Wheat,ZW=F
2019-11-22,515.25,Wheat,ZW=F
2019-11-25,531,Wheat,ZW=F
2019-11-26,530.25,Wheat,ZW=F
2019-11-27,528.5,Wheat,ZW=F
2019-11-29,547.5,Wheat,ZW=F
2019-12-02,543.25,Wheat,ZW=F
2019-12-03,530.5,Wheat,ZW=F
2019-12-04,535,Wheat,ZW=F
2019-12-05,532,Wheat,ZW=F
2019-12-06,532.5,Wheat,ZW=F
2019-12-09,532,Wheat,ZW=F
2019-12-10,534.75,Wheat,ZW=F
2019-12-11,530.75,Wheat,ZW=F
2019-12-12,539.25,Wheat,ZW=F
2019-12-13,539.25,Wheat,ZW=F
2019-12-16,549.75,Wheat,ZW=F
2019-12-17,556.25,Wheat,ZW=F
2019-12-18,548.25,Wheat,ZW=F
2019-12-19,545.25,Wheat,ZW=F
2019-12-20,542.25,Wheat,ZW=F
2019-12-23,539.5,Wheat,ZW=F
2019-12-24,541,Wheat,ZW=F
2019-12-26,549,Wheat,ZW=F
2019-12-27,556.25,Wheat,ZW=F
2019-12-30,556,Wheat,ZW=F
2019-12-31,558.75,Wheat,ZW=F
2020-01-02,560.25,Wheat,ZW=F
2020-01-03,554.5,Wheat,ZW=F
2020-01-06,550,Wheat,ZW=F
2020-01-07,550.25,Wheat,ZW=F
2020-01-08,552.75,Wheat,ZW=F
2020-01-09,562.25,Wheat,ZW=F
2020-01-10,564.5,Wheat,ZW=F
2020-01-13,562.25,Wheat,ZW=F
2020-01-14,568.5,Wheat,ZW=F
2020-01-15,573.25,Wheat,ZW=F
2020-01-16,565.25,Wheat,ZW=F
2020-01-17,570.5,Wheat,ZW=F
2020-01-21,581.5,Wheat,ZW=F
2020-01-22,577.75,Wheat,ZW=F
2020-01-23,580.5,Wheat,ZW=F
2020-01-24,573.5,Wheat,ZW=F
2020-01-27,572.25,Wheat,ZW=F
2020-01-28,569.75,Wheat,ZW=F
2020-01-29,562.25,Wheat,ZW=F
2020-01-30,560.5,Wheat,ZW=F
2020-01-31,553.75,Wheat,ZW=F
2020-02-03,555.5,Wheat,ZW=F
2020-02-04,557.25,Wheat,ZW=F
2020-02-05,562,Wheat,ZW=F
2020-02-06,556.25,Wheat,ZW=F
2020-02-07,558.75,Wheat,ZW=F
2020-02-10,552,Wheat,ZW=F
2020-02-11,542,Wheat,ZW=F
2020-02-12,547.5,Wheat,ZW=F
2020-02-13,544.25,Wheat,ZW=F
2020-02-14,542.75,Wheat,ZW=F
2020-02-18,566.75,Wheat,ZW=F
2020-02-19,565.25,Wheat,ZW=F
2020-02-20,560,Wheat,ZW=F
2020-02-21,551,Wheat,ZW=F
2020-02-24,536.25,Wheat,ZW=F
2020-02-25,539,Wheat,ZW=F
2020-02-26,540.25,Wheat,ZW=F
2020-02-27,529.25,Wheat,ZW=F
2020-02-28,529,Wheat,ZW=F
2020-03-02,526.25,Wheat,ZW=F
2020-03-03,528.75,Wheat,ZW=F
2020-03-04,521.5,Wheat,ZW=F
2020-03-05,524.25,Wheat,ZW=F
2020-03-06,521.25,Wheat,ZW=F
2020-03-09,522.25,Wheat,ZW=F
2020-03-10,526.75,Wheat,ZW=F
2020-03-11,517.25,Wheat,ZW=F
2020-03-12,508.25,Wheat,ZW=F
2020-03-13,514.75,Wheat,ZW=F
2020-03-16,498,Wheat,ZW=F
2020-03-17,499.25,Wheat,ZW=F
2020-03-18,508.25,Wheat,ZW=F
2020-03-19,535,Wheat,ZW=F
2020-03-20,539.25,Wheat,ZW=F
2020-03-23,562.5,Wheat,ZW=F
2020-03-24,561.5,Wheat,ZW=F
2020-03-25,580,Wheat,ZW=F
2020-03-26,569,Wheat,ZW=F
2020-03-27,571.25,Wheat,ZW=F
2020-03-30,569.5,Wheat,ZW=F
2020-03-31,568.75,Wheat,ZW=F
2020-04-01,550.25,Wheat,ZW=F
2020-04-02,541.75,Wheat,ZW=F
2020-04-03,549.25,Wheat,ZW=F
2020-04-06,555.75,Wheat,ZW=F
2020-04-07,549.25,Wheat,ZW=F
2020-04-08,548.25,Wheat,ZW=F
2020-04-09,556.5,Wheat,ZW=F
2020-04-13,555,Wheat,ZW=F
2020-04-14,548.75,Wheat,ZW=F
2020-04-15,540.25,Wheat,ZW=F
2020-04-16,529.75,Wheat,ZW=F
2020-04-17,533.5,Wheat,ZW=F
2020-04-20,548.75,Wheat,ZW=F
2020-04-21,546.75,Wheat,ZW=F
2020-04-22,543,Wheat,ZW=F
2020-04-23,547,Wheat,ZW=F
2020-04-24,526.75,Wheat,ZW=F
2020-04-27,521,Wheat,ZW=F
2020-04-28,526.75,Wheat,ZW=F
2020-04-29,519.5,Wheat,ZW=F
2020-04-30,529.75,Wheat,ZW=F
2020-05-01,521.5,Wheat,ZW=F
2020-05-04,524.25,Wheat,ZW=F
2020-05-05,525.5,Wheat,ZW=F
2020-05-06,524.75,Wheat,ZW=F
2020-05-07,529,Wheat,ZW=F
2020-05-08,529.5,Wheat,ZW=F
2020-05-11,524.75,Wheat,ZW=F
2020-05-12,521.75,Wheat,ZW=F
2020-05-13,510.5,Wheat,ZW=F
2020-05-14,510.5,Wheat,ZW=F
2020-05-15,500.25,Wheat,ZW=F
2020-05-18,497,Wheat,ZW=F
2020-05-19,498.75,Wheat,ZW=F
2020-05-20,513.75,Wheat,ZW=F
2020-05-21,516,Wheat,ZW=F
2020-05-22,508.75,Wheat,ZW=F
2020-05-26,506.75,Wheat,ZW=F
2020-05-27,504.5,Wheat,ZW=F
2020-05-28,514.5,Wheat,ZW=F
2020-05-29,520.75,Wheat,ZW=F
2020-06-01,515.25,Wheat,ZW=F
2020-06-02,508,Wheat,ZW=F
2020-06-03,512,Wheat,ZW=F
2020-06-04,523.75,Wheat,ZW=F
2020-06-05,515.25,Wheat,ZW=F
2020-06-08,511.5,Wheat,ZW=F
2020-06-09,504.5,Wheat,ZW=F
2020-06-10,506.25,Wheat,ZW=F
2020-06-11,499.25,Wheat,ZW=F
2020-06-12,502,Wheat,ZW=F
2020-06-15,504.75,Wheat,ZW=F
2020-06-16,496,Wheat,ZW=F
2020-06-17,488.75,Wheat,ZW=F
2020-06-18,483.5,Wheat,ZW=F
2020-06-19,481.25,Wheat,ZW=F
2020-06-22,485,Wheat,ZW=F
2020-06-23,486,Wheat,ZW=F
2020-06-24,481.25,Wheat,ZW=F
2020-06-25,486.75,Wheat,ZW=F
2020-06-26,474,Wheat,ZW=F
2020-06-29,485.5,Wheat,ZW=F
2020-06-30,490,Wheat,ZW=F
2020-07-01,498.75,Wheat,ZW=F
2020-07-02,490,Wheat,ZW=F
2020-07-06,489.5,Wheat,ZW=F
2020-07-07,492.25,Wheat,ZW=F
2020-07-08,517.5,Wheat,ZW=F
2020-07-09,526.25,Wheat,ZW=F
2020-07-10,535.75,Wheat,ZW=F
2020-07-13,524.75,Wheat,ZW=F
2020-07-14,524.75,Wheat,ZW=F
2020-07-15,550.75,Wheat,ZW=F
2020-07-16,535.25,Wheat,ZW=F
2020-07-17,534.75,Wheat,ZW=F
2020-07-20,522,Wheat,ZW=F
2020-07-21,527.75,Wheat,ZW=F
2020-07-22,534.5,Wheat,ZW=F
2020-07-23,529.5,Wheat,ZW=F
2020-07-24,539.5,Wheat,ZW=F
2020-07-27,527.75,Wheat,ZW=F
2020-07-28,523.5,Wheat,ZW=F
2020-07-29,532.75,Wheat,ZW=F
2020-07-30,529.5,Wheat,ZW=F
2020-07-31,531.25,Wheat,ZW=F
2020-08-03,521,Wheat,ZW=F
2020-08-04,508.25,Wheat,ZW=F
2020-08-05,510.75,Wheat,ZW=F
2020-08-06,501.25,Wheat,ZW=F
2020-08-07,495.5,Wheat,ZW=F
2020-08-10,491,Wheat,ZW=F
2020-08-11,495,Wheat,ZW=F
2020-08-12,491.25,Wheat,ZW=F
2020-08-13,496.75,Wheat,ZW=F
2020-08-14,500,Wheat,ZW=F
2020-08-17,516.5,Wheat,ZW=F
2020-08-18,507.5,Wheat,ZW=F
2020-08-19,512,Wheat,ZW=F
2020-08-20,519.5,Wheat,ZW=F
2020-08-21,527.25,Wheat,ZW=F
2020-08-24,520.75,Wheat,ZW=F
2020-08-25,527.25,Wheat,ZW=F
2020-08-26,532,Wheat,ZW=F
2020-08-27,542.5,Wheat,ZW=F
2020-08-28,539.25,Wheat,ZW=F
2020-08-31,544.25,Wheat,ZW=F
2020-09-01,555.75,Wheat,ZW=F
2020-09-02,547.75,Wheat,ZW=F
2020-09-03,543.25,Wheat,ZW=F
2020-09-04,539.75,Wheat,ZW=F
2020-09-08,533.25,Wheat,ZW=F
2020-09-09,534,Wheat,ZW=F
2020-09-10,540,Wheat,ZW=F
2020-09-11,533.75,Wheat,ZW=F
2020-09-14,548.5,Wheat,ZW=F
2020-09-15,538.25,Wheat,ZW=F
2020-09-16,542,Wheat,ZW=F
2020-09-17,556.25,Wheat,ZW=F
2020-09-18,575,Wheat,ZW=F
2020-09-21,554.75,Wheat,ZW=F
2020-09-22,558,Wheat,ZW=F
2020-09-23,549,Wheat,ZW=F
2020-09-24,549.75,Wheat,ZW=F
2020-09-25,544.25,Wheat,ZW=F
2020-09-28,550.25,Wheat,ZW=F
2020-09-29,549.5,Wheat,ZW=F
2020-09-30,578,Wheat,ZW=F
2020-10-01,570.25,Wheat,ZW=F
2020-10-02,573.25,Wheat,ZW=F
2020-10-05,584.25,Wheat,ZW=F
2020-10-06,592.75,Wheat,ZW=F
2020-10-07,607.5,Wheat,ZW=F
2020-10-08,595.25,Wheat,ZW=F
2020-10-09,593.75,Wheat,ZW=F
2020-10-12,594.25,Wheat,ZW=F
2020-10-13,594,Wheat,ZW=F
2020-10-14,596.75,Wheat,ZW=F
2020-10-15,618.25,Wheat,ZW=F
2020-10-16,625.25,Wheat,ZW=F
2020-10-19,627,Wheat,ZW=F
2020-10-20,632,Wheat,ZW=F
2020-10-21,629.75,Wheat,ZW=F
2020-10-22,622.75,Wheat,ZW=F
2020-10-23,632.75,Wheat,ZW=F
2020-10-26,620,Wheat,ZW=F
2020-10-27,615.75,Wheat,ZW=F
2020-10-28,608.75,Wheat,ZW=F
2020-10-29,603.75,Wheat,ZW=F
2020-10-30,598.5,Wheat,ZW=F
2020-11-02,607.5,Wheat,ZW=F
2020-11-03,608,Wheat,ZW=F
2020-11-04,606,Wheat,ZW=F
2020-11-05,609.25,Wheat,ZW=F
2020-11-06,602,Wheat,ZW=F
2020-11-09,597.5,Wheat,ZW=F
2020-11-10,608.5,Wheat,ZW=F
2020-11-11,598,Wheat,ZW=F
2020-11-12,588.25,Wheat,ZW=F
2020-11-13,593.5,Wheat,ZW=F
2020-11-16,598,Wheat,ZW=F
2020-11-17,595.25,Wheat,ZW=F
2020-11-18,597.75,Wheat,ZW=F
2020-11-19,591.75,Wheat,ZW=F
2020-11-20,593.25,Wheat,ZW=F
2020-11-23,598.75,Wheat,ZW=F
2020-11-24,611.25,Wheat,ZW=F
2020-11-25,588.25,Wheat,ZW=F
2020-11-27,596.5,Wheat,ZW=F
2020-11-30,580.25,Wheat,ZW=F
2020-12-01,565.5,Wheat,ZW=F
2020-12-02,578,Wheat,ZW=F
2020-12-03,571.75,Wheat,ZW=F
2020-12-04,566.5,Wheat,ZW=F
2020-12-07,571.25,Wheat,ZW=F
2020-12-08,563.75,Wheat,ZW=F
2020-12-09,577,Wheat,ZW=F
2020-12-10,590.25,Wheat,ZW=F
2020-12-11,608.25,Wheat,ZW=F
2020-12-14,593.5,Wheat,ZW=F
2020-12-15,599.75,Wheat,ZW=F
2020-12-16,598.5,Wheat,ZW=F
2020-12-17,608.75,Wheat,ZW=F
2020-12-18,608.25,Wheat,ZW=F
2020-12-21,611.25,Wheat,ZW=F
2020-12-22,617,Wheat,ZW=F
2020-12-23,629.75,Wheat,ZW=F
2020-12-24,627,Wheat,ZW=F
2020-12-28,614.25,Wheat,ZW=F
2020-12-29,618.5,Wheat,ZW=F
2020-12-30,640.75,Wheat,ZW=F
2020-12-31,640.5,Wheat,ZW=F
2021-01-04,642,Wheat,ZW=F
2021-01-05,654,Wheat,ZW=F
2021-01-06,647.5,Wheat,ZW=F
2021-01-07,642.25,Wheat,ZW=F
2021-01-08,638.75,Wheat,ZW=F
2021-01-11,634.75,Wheat,ZW=F
2021-01-12,665,Wheat,ZW=F
2021-01-13,660.5,Wheat,ZW=F
2021-01-14,670,Wheat,ZW=F
2021-01-15,675.5,Wheat,ZW=F
2021-01-19,672.25,Wheat,ZW=F
2021-01-20,667.75,Wheat,ZW=F
2021-01-21,660.75,Wheat,ZW=F
2021-01-22,634.5,Wheat,ZW=F
2021-01-25,648.5,Wheat,ZW=F
2021-01-26,665.25,Wheat,ZW=F
2021-01-27,658.25,Wheat,ZW=F
2021-01-28,647,Wheat,ZW=F
2021-01-29,663,Wheat,ZW=F
2021-02-01,651,Wheat,ZW=F
2021-02-02,644.75,Wheat,ZW=F
2021-02-03,648.25,Wheat,ZW=F
2021-02-04,637.5,Wheat,ZW=F
2021-02-05,641.25,Wheat,ZW=F
2021-02-08,655.75,Wheat,ZW=F
2021-02-09,649.5,Wheat,ZW=F
2021-02-10,635.5,Wheat,ZW=F
2021-02-11,633.5,Wheat,ZW=F
2021-02-12,636.75,Wheat,ZW=F
2021-02-16,657.5,Wheat,ZW=F
2021-02-17,644,Wheat,ZW=F
2021-02-18,662.5,Wheat,ZW=F
2021-02-19,650.75,Wheat,ZW=F
2021-02-22,664,Wheat,ZW=F
2021-02-23,665.75,Wheat,ZW=F
2021-02-24,680.25,Wheat,ZW=F
2021-02-25,671.75,Wheat,ZW=F
2021-02-26,655,Wheat,ZW=F
2021-03-01,643.75,Wheat,ZW=F
2021-03-02,663.25,Wheat,ZW=F
2021-03-03,652,Wheat,ZW=F
2021-03-04,649.75,Wheat,ZW=F
2021-03-05,654,Wheat,ZW=F
2021-03-08,646.5,Wheat,ZW=F
2021-03-09,656.5,Wheat,ZW=F
2021-03-10,650.75,Wheat,ZW=F
2021-03-11,636.25,Wheat,ZW=F
2021-03-12,631.75,Wheat,ZW=F
2021-03-15,645,Wheat,ZW=F
2021-03-16,647,Wheat,ZW=F
2021-03-17,640,Wheat,ZW=F
2021-03-18,630.5,Wheat,ZW=F
2021-03-19,627,Wheat,ZW=F
2021-03-22,627.25,Wheat,ZW=F
2021-03-23,634.75,Wheat,ZW=F
2021-03-24,624.75,Wheat,ZW=F
2021-03-25,612.5,Wheat,ZW=F
2021-03-26,613.25,Wheat,ZW=F
2021-03-29,616.75,Wheat,ZW=F
2021-03-30,601.75,Wheat,ZW=F
2021-03-31,618,Wheat,ZW=F
2021-04-01,611,Wheat,ZW=F
2021-04-05,618,Wheat,ZW=F
2021-04-06,615.5,Wheat,ZW=F
2021-04-07,616.25,Wheat,ZW=F
2021-04-08,628.75,Wheat,ZW=F
2021-04-09,638.75,Wheat,ZW=F
2021-04-12,628,Wheat,ZW=F
2021-04-13,629.75,Wheat,ZW=F
2021-04-14,648,Wheat,ZW=F
2021-04-15,653.75,Wheat,ZW=F
2021-04-16,652.5,Wheat,ZW=F
2021-04-19,652.25,Wheat,ZW=F
2021-04-20,659.75,Wheat,ZW=F
2021-04-21,673.25,Wheat,ZW=F
2021-04-22,710.25,Wheat,ZW=F
2021-04-23,710.25,Wheat,ZW=F
2021-04-26,739.5,Wheat,ZW=F
2021-04-27,733.75,Wheat,ZW=F
2021-04-28,725.25,Wheat,ZW=F
2021-04-29,737.5,Wheat,ZW=F
2021-04-30,742.5,Wheat,ZW=F
2021-05-03,725.5,Wheat,ZW=F
2021-05-04,737,Wheat,ZW=F
2021-05-05,755.75,Wheat,ZW=F
2021-05-06,764.25,Wheat,ZW=F
2021-05-07,773.5,Wheat,ZW=F
2021-05-10,742.5,Wheat,ZW=F
2021-05-11,759.75,Wheat,ZW=F
2021-05-12,754.75,Wheat,ZW=F
2021-05-13,726.5,Wheat,ZW=F
2021-05-14,727.25,Wheat,ZW=F
2021-05-17,699.75,Wheat,ZW=F
2021-05-18,698,Wheat,ZW=F
2021-05-19,679.25,Wheat,ZW=F
2021-05-20,675.25,Wheat,ZW=F
2021-05-21,674.25,Wheat,ZW=F
2021-05-24,662.25,Wheat,ZW=F
2021-05-25,656.5,Wheat,ZW=F
2021-05-26,648.5,Wheat,ZW=F
2021-05-27,676.25,Wheat,ZW=F
2021-05-28,663.5,Wheat,ZW=F
2021-06-01,693.5,Wheat,ZW=F
2021-06-02,687.5,Wheat,ZW=F
2021-06-03,676.25,Wheat,ZW=F
2021-06-04,687.75,Wheat,ZW=F
2021-06-07,680,Wheat,ZW=F
2021-06-08,685,Wheat,ZW=F
2021-06-09,682.25,Wheat,ZW=F
2021-06-10,683.75,Wheat,ZW=F
2021-06-11,680.75,Wheat,ZW=F
2021-06-14,674.5,Wheat,ZW=F
2021-06-15,661.5,Wheat,ZW=F
2021-06-16,662.75,Wheat,ZW=F
2021-06-17,639,Wheat,ZW=F
2021-06-18,662.75,Wheat,ZW=F
2021-06-21,661.5,Wheat,ZW=F
2021-06-22,651,Wheat,ZW=F
2021-06-23,661.25,Wheat,ZW=F
2021-06-24,651.25,Wheat,ZW=F
2021-06-25,637,Wheat,ZW=F
2021-06-28,646,Wheat,ZW=F
2021-06-29,639.75,Wheat,ZW=F
2021-06-30,671.5,Wheat,ZW=F
2021-07-01,658.5,Wheat,ZW=F
2021-07-02,645.75,Wheat,ZW=F
2021-07-06,620,Wheat,ZW=F
2021-07-07,614.75,Wheat,ZW=F
2021-07-08,612.25,Wheat,ZW=F
2021-07-09,608.5,Wheat,ZW=F
2021-07-12,635,Wheat,ZW=F
2021-07-13,628.75,Wheat,ZW=F
2021-07-14,645,Wheat,ZW=F
2021-07-15,672,Wheat,ZW=F
2021-07-16,692.5,Wheat,ZW=F
2021-07-19,697.75,Wheat,ZW=F
2021-07-20,700.5,Wheat,ZW=F
2021-07-21,710.75,Wheat,ZW=F
2021-07-22,692.25,Wheat,ZW=F
2021-07-23,684,Wheat,ZW=F
2021-07-26,677,Wheat,ZW=F
2021-07-27,674.5,Wheat,ZW=F
2021-07-28,688.75,Wheat,ZW=F
2021-07-29,705.25,Wheat,ZW=F
2021-07-30,703.75,Wheat,ZW=F
2021-08-02,729.5,Wheat,ZW=F
2021-08-03,724.5,Wheat,ZW=F
2021-08-04,717.25,Wheat,ZW=F
2021-08-05,712.75,Wheat,ZW=F
2021-08-06,719,Wheat,ZW=F
2021-08-09,711.25,Wheat,ZW=F
2021-08-10,727,Wheat,ZW=F
2021-08-11,727,Wheat,ZW=F
2021-08-12,753.5,Wheat,ZW=F
2021-08-13,762.25,Wheat,ZW=F
2021-08-16,760.5,Wheat,ZW=F
2021-08-17,734.5,Wheat,ZW=F
2021-08-18,737.25,Wheat,ZW=F
2021-08-19,727.5,Wheat,ZW=F
2021-08-20,714.25,Wheat,ZW=F
2021-08-23,719.75,Wheat,ZW=F
2021-08-24,718,Wheat,ZW=F
2021-08-25,711.25,Wheat,ZW=F
2021-08-26,725.25,Wheat,ZW=F
2021-08-27,718.5,Wheat,ZW=F
2021-08-30,708.75,Wheat,ZW=F
2021-08-31,706.75,Wheat,ZW=F
2021-09-01,701,Wheat,ZW=F
2021-09-02,704,Wheat,ZW=F
2021-09-03,714.5,Wheat,ZW=F
2021-09-07,708.75,Wheat,ZW=F
2021-09-08,698.25,Wheat,ZW=F
2021-09-09,681.5,Wheat,ZW=F
2021-09-10,675,Wheat,ZW=F
2021-09-13,674.5,Wheat,ZW=F
2021-09-14,685,Wheat,ZW=F
2021-09-15,712.25,Wheat,ZW=F
2021-09-16,713,Wheat,ZW=F
2021-09-17,708.75,Wheat,ZW=F
2021-09-20,700.75,Wheat,ZW=F
2021-09-21,690.25,Wheat,ZW=F
2021-09-22,705.75,Wheat,ZW=F
2021-09-23,717.75,Wheat,ZW=F
2021-09-24,723.75,Wheat,ZW=F
2021-09-27,722.25,Wheat,ZW=F
2021-09-28,706.5,Wheat,ZW=F
2021-09-29,710.25,Wheat,ZW=F
2021-09-30,725.5,Wheat,ZW=F
2021-10-01,755.25,Wheat,ZW=F
2021-10-04,756.5,Wheat,ZW=F
2021-10-05,744.75,Wheat,ZW=F
2021-10-06,746,Wheat,ZW=F
2021-10-07,741.25,Wheat,ZW=F
2021-10-08,734,Wheat,ZW=F
2021-10-11,731.75,Wheat,ZW=F
2021-10-12,734,Wheat,ZW=F
2021-10-13,718.75,Wheat,ZW=F
2021-10-14,724.75,Wheat,ZW=F
2021-10-15,734,Wheat,ZW=F
2021-10-18,736.25,Wheat,ZW=F
2021-10-19,736,Wheat,ZW=F
2021-10-20,749.25,Wheat,ZW=F
2021-10-21,741.25,Wheat,ZW=F
2021-10-22,756,Wheat,ZW=F
2021-10-25,759.5,Wheat,ZW=F
2021-10-26,752.25,Wheat,ZW=F
2021-10-27,759.75,Wheat,ZW=F
2021-10-28,772.5,Wheat,ZW=F
2021-10-29,772.75,Wheat,ZW=F
2021-11-01,797.25,Wheat,ZW=F
2021-11-02,791.5,Wheat,ZW=F
2021-11-03,781,Wheat,ZW=F
2021-11-04,773.75,Wheat,ZW=F
2021-11-05,766.5,Wheat,ZW=F
2021-11-08,768,Wheat,ZW=F
2021-11-09,778.5,Wheat,ZW=F
2021-11-10,803,Wheat,ZW=F
2021-11-11,812.5,Wheat,ZW=F
2021-11-12,817,Wheat,ZW=F
2021-11-15,826.25,Wheat,ZW=F
2021-11-16,810.25,Wheat,ZW=F
2021-11-17,822.25,Wheat,ZW=F
2021-11-18,820,Wheat,ZW=F
2021-11-19,823,Wheat,ZW=F
2021-11-22,845.75,Wheat,ZW=F
2021-11-23,856,Wheat,ZW=F
2021-11-24,836.75,Wheat,ZW=F
2021-11-26,825.5,Wheat,ZW=F
2021-11-29,807.5,Wheat,ZW=F
2021-11-30,773.75,Wheat,ZW=F
2021-12-01,778.5,Wheat,ZW=F
2021-12-02,806.5,Wheat,ZW=F
2021-12-03,794.5,Wheat,ZW=F
2021-12-06,797,Wheat,ZW=F
2021-12-07,799.25,Wheat,ZW=F
2021-12-08,791.25,Wheat,ZW=F
2021-12-09,773.5,Wheat,ZW=F
2021-12-10,782,Wheat,ZW=F
2021-12-13,785.5,Wheat,ZW=F
2021-12-14,785.5,Wheat,ZW=F
2021-12-15,756,Wheat,ZW=F
2021-12-16,770.5,Wheat,ZW=F
2021-12-17,775,Wheat,ZW=F
2021-12-20,777.75,Wheat,ZW=F
2021-12-21,799,Wheat,ZW=F
2021-12-22,814,Wheat,ZW=F
2021-12-23,814.75,Wheat,ZW=F
2021-12-27,804,Wheat,ZW=F
2021-12-28,783.5,Wheat,ZW=F
2021-12-29,787.75,Wheat,ZW=F
2021-12-30,779.75,Wheat,ZW=F
2021-12-31,770.75,Wheat,ZW=F
2022-01-03,758,Wheat,ZW=F
2022-01-04,770,Wheat,ZW=F
2022-01-05,760.75,Wheat,ZW=F
2022-01-06,746,Wheat,ZW=F
2022-01-07,758.5,Wheat,ZW=F
2022-01-10,762,Wheat,ZW=F
2022-01-11,770.25,Wheat,ZW=F
2022-01-12,757.75,Wheat,ZW=F
2022-01-13,746.75,Wheat,ZW=F
2022-01-14,741.5,Wheat,ZW=F
2022-01-18,769,Wheat,ZW=F
2022-01-19,796.5,Wheat,ZW=F
2022-01-20,790.25,Wheat,ZW=F
2022-01-21,780,Wheat,ZW=F
2022-01-24,800.5,Wheat,ZW=F
2022-01-25,818,Wheat,ZW=F
2022-01-26,795,Wheat,ZW=F
2022-01-27,777,Wheat,ZW=F
2022-01-28,786.25,Wheat,ZW=F
2022-01-31,761.25,Wheat,ZW=F
2022-02-01,769,Wheat,ZW=F
2022-02-02,755,Wheat,ZW=F
2022-02-03,751.75,Wheat,ZW=F
2022-02-04,763.25,Wheat,ZW=F
2022-02-07,768.75,Wheat,ZW=F
2022-02-08,778.75,Wheat,ZW=F
2022-02-09,785,Wheat,ZW=F
2022-02-10,771.5,Wheat,ZW=F
2022-02-11,797.75,Wheat,ZW=F
2022-02-14,799.25,Wheat,ZW=F
2022-02-15,779.75,Wheat,ZW=F
2022-02-16,780.5,Wheat,ZW=F
2022-02-17,798,Wheat,ZW=F
2022-02-18,797,Wheat,ZW=F
2022-02-22,844.25,Wheat,ZW=F
2022-02-23,876,Wheat,ZW=F
2022-02-24,926,Wheat,ZW=F
2022-02-25,843,Wheat,ZW=F
2022-02-28,928,Wheat,ZW=F
2022-03-01,1001.75,Wheat,ZW=F
2022-03-02,1058.5,Wheat,ZW=F
2022-03-03,1289,Wheat,ZW=F
2022-03-04,1348,Wheat,ZW=F
2022-03-07,1425.25,Wheat,ZW=F
2022-03-08,1273,Wheat,ZW=F
2022-03-09,1199.5,Wheat,ZW=F
2022-03-10,1073.75,Wheat,ZW=F
2022-03-11,1090,Wheat,ZW=F
2022-03-14,1090,Wheat,ZW=F
2022-03-15,1154.25,Wheat,ZW=F
2022-03-16,1069.25,Wheat,ZW=F
2022-03-17,1098,Wheat,ZW=F
2022-03-18,1063.75,Wheat,ZW=F
2022-03-21,1119.25,Wheat,ZW=F
2022-03-22,1118.25,Wheat,ZW=F
2022-03-23,1105.75,Wheat,ZW=F
2022-03-24,1085.75,Wheat,ZW=F
2022-03-25,1102.25,Wheat,ZW=F
2022-03-28,1057,Wheat,ZW=F
2022-03-29,1014.25,Wheat,ZW=F
2022-03-30,1027.25,Wheat,ZW=F
2022-03-31,1006,Wheat,ZW=F
2022-04-01,984.5,Wheat,ZW=F
2022-04-04,1010.25,Wheat,ZW=F
2022-04-05,1045.25,Wheat,ZW=F
2022-04-06,1038.25,Wheat,ZW=F
2022-04-07,1020,Wheat,ZW=F
2022-04-08,1051.5,Wheat,ZW=F
2022-04-11,1081.25,Wheat,ZW=F
2022-04-12,1103.75,Wheat,ZW=F
2022-04-13,1113.5,Wheat,ZW=F
2022-04-14,1096.5,Wheat,ZW=F
2022-04-18,1120.5,Wheat,ZW=F
2022-04-19,1099,Wheat,ZW=F
2022-04-20,1088,Wheat,ZW=F
2022-04-21,1068,Wheat,ZW=F
2022-04-22,1065.5,Wheat,ZW=F
2022-04-25,1062,Wheat,ZW=F
2022-04-26,1083.25,Wheat,ZW=F
2022-04-27,1080,Wheat,ZW=F
2022-04-28,1074,Wheat,ZW=F
2022-04-29,1043.75,Wheat,ZW=F
2022-05-02,1043.5,Wheat,ZW=F
2022-05-03,1033.75,Wheat,ZW=F
2022-05-04,1066,Wheat,ZW=F
2022-05-05,1096,Wheat,ZW=F
2022-05-06,1097,Wheat,ZW=F
2022-05-09,1083.25,Wheat,ZW=F
2022-05-10,1083.25,Wheat,ZW=F
2022-05-11,1108.75,Wheat,ZW=F
2022-05-12,1174.5,Wheat,ZW=F
2022-05-13,1167.25,Wheat,ZW=F
2022-05-16,1247.5,Wheat,ZW=F
2022-05-17,1277.5,Wheat,ZW=F
2022-05-18,1230.75,Wheat,ZW=F
2022-05-19,1200.5,Wheat,ZW=F
2022-05-20,1168.75,Wheat,ZW=F
2022-05-23,1190,Wheat,ZW=F
2022-05-24,1154.75,Wheat,ZW=F
2022-05-25,1148.25,Wheat,ZW=F
2022-05-26,1143.25,Wheat,ZW=F
2022-05-27,1157.5,Wheat,ZW=F
2022-05-31,1087.5,Wheat,ZW=F
2022-06-01,1041.25,Wheat,ZW=F
2022-06-02,1058.25,Wheat,ZW=F
2022-06-03,1040,Wheat,ZW=F
2022-06-06,1093,Wheat,ZW=F
2022-06-07,1071.75,Wheat,ZW=F
2022-06-08,1074.75,Wheat,ZW=F
2022-06-09,1071.25,Wheat,ZW=F
2022-06-10,1070.75,Wheat,ZW=F
2022-06-13,1071,Wheat,ZW=F
2022-06-14,1050.25,Wheat,ZW=F
2022-06-15,1050,Wheat,ZW=F
2022-06-16,1078.25,Wheat,ZW=F
2022-06-17,1034.25,Wheat,ZW=F
2022-06-21,975.25,Wheat,ZW=F
2022-06-22,976.5,Wheat,ZW=F
2022-06-23,937.25,Wheat,ZW=F
2022-06-24,923.75,Wheat,ZW=F
2022-06-27,904,Wheat,ZW=F
2022-06-28,921.25,Wheat,ZW=F
2022-06-29,915.5,Wheat,ZW=F
2022-06-30,868.75,Wheat,ZW=F
2022-07-01,831.25,Wheat,ZW=F
2022-07-05,793.75,Wheat,ZW=F
2022-07-06,792.25,Wheat,ZW=F
2022-07-07,824.5,Wheat,ZW=F
2022-07-08,879.25,Wheat,ZW=F
2022-07-11,843.75,Wheat,ZW=F
2022-07-12,801.5,Wheat,ZW=F
2022-07-13,798.25,Wheat,ZW=F
2022-07-14,794.25,Wheat,ZW=F
2022-07-15,776.75,Wheat,ZW=F
2022-07-18,812.75,Wheat,ZW=F
2022-07-19,812.25,Wheat,ZW=F
2022-07-20,819.5,Wheat,ZW=F
2022-07-21,806.25,Wheat,ZW=F
2022-07-22,759,Wheat,ZW=F
2022-07-25,770,Wheat,ZW=F
2022-07-26,803.75,Wheat,ZW=F
2022-07-27,790.25,Wheat,ZW=F
2022-07-28,817,Wheat,ZW=F
2022-07-29,807.75,Wheat,ZW=F
2022-08-01,800.25,Wheat,ZW=F
2022-08-02,774.75,Wheat,ZW=F
2022-08-03,763.75,Wheat,ZW=F
2022-08-04,782.5,Wheat,ZW=F
2022-08-05,775.75,Wheat,ZW=F
2022-08-08,779.75,Wheat,ZW=F
2022-08-09,781.5,Wheat,ZW=F
2022-08-10,799.75,Wheat,ZW=F
2022-08-11,810.75,Wheat,ZW=F
2022-08-12,806,Wheat,ZW=F
2022-08-15,800.75,Wheat,ZW=F
2022-08-16,786,Wheat,ZW=F
2022-08-17,763.25,Wheat,ZW=F
2022-08-18,731.5,Wheat,ZW=F
2022-08-19,753.25,Wheat,ZW=F
2022-08-22,770.5,Wheat,ZW=F
2022-08-23,782.75,Wheat,ZW=F
2022-08-24,795,Wheat,ZW=F
2022-08-25,769.75,Wheat,ZW=F
2022-08-26,784.75,Wheat,ZW=F
2022-08-29,820,Wheat,ZW=F
2022-08-30,798.25,Wheat,ZW=F
2022-08-31,809,Wheat,ZW=F
2022-09-01,775.5,Wheat,ZW=F
2022-09-02,793,Wheat,ZW=F
2022-09-06,800,Wheat,ZW=F
2022-09-07,826.5,Wheat,ZW=F
2022-09-08,810.5,Wheat,ZW=F
2022-09-09,853.25,Wheat,ZW=F
2022-09-12,841.25,Wheat,ZW=F
2022-09-13,842.75,Wheat,ZW=F
2022-09-14,853.75,Wheat,ZW=F
2022-09-15,845,Wheat,ZW=F
2022-09-16,859.75,Wheat,ZW=F
2022-09-19,830.5,Wheat,ZW=F
2022-09-20,893.75,Wheat,ZW=F
2022-09-21,903.75,Wheat,ZW=F
2022-09-22,910.75,Wheat,ZW=F
2022-09-23,880.5,Wheat,ZW=F
2022-09-26,858,Wheat,ZW=F
2022-09-27,871.5,Wheat,ZW=F
2022-09-28,903.25,Wheat,ZW=F
2022-09-29,896.25,Wheat,ZW=F
2022-09-30,921.5,Wheat,ZW=F
2022-10-03,912,Wheat,ZW=F
2022-10-04,903,Wheat,ZW=F
2022-10-05,902,Wheat,ZW=F
2022-10-06,879,Wheat,ZW=F
2022-10-07,880.25,Wheat,ZW=F
2022-10-10,938,Wheat,ZW=F
2022-10-11,901,Wheat,ZW=F
2022-10-12,882.25,Wheat,ZW=F
2022-10-13,892.25,Wheat,ZW=F
2022-10-14,859.75,Wheat,ZW=F
2022-10-17,861,Wheat,ZW=F
2022-10-18,849.5,Wheat,ZW=F
2022-10-19,841.25,Wheat,ZW=F
2022-10-20,849.25,Wheat,ZW=F
2022-10-21,850.75,Wheat,ZW=F
2022-10-24,838.75,Wheat,ZW=F
2022-10-25,834.75,Wheat,ZW=F
2022-10-26,840.5,Wheat,ZW=F
2022-10-27,838.5,Wheat,ZW=F
2022-10-28,829.25,Wheat,ZW=F
2022-10-31,882.25,Wheat,ZW=F
2022-11-01,902.5,Wheat,ZW=F
2022-11-02,846,Wheat,ZW=F
2022-11-03,840.5,Wheat,ZW=F
2022-11-04,847.75,Wheat,ZW=F
2022-11-07,845.75,Wheat,ZW=F
2022-11-08,827.75,Wheat,ZW=F
2022-11-09,806.5,Wheat,ZW=F
2022-11-10,803.5,Wheat,ZW=F
2022-11-11,813.75,Wheat,ZW=F
2022-11-14,818.5,Wheat,ZW=F
2022-11-15,828.25,Wheat,ZW=F
2022-11-16,817.5,Wheat,ZW=F
2022-11-17,806.75,Wheat,ZW=F
2022-11-18,803.25,Wheat,ZW=F
2022-11-21,799.25,Wheat,ZW=F
2022-11-22,791.5,Wheat,ZW=F
2022-11-23,793.5,Wheat,ZW=F
2022-11-25,775.5,Wheat,ZW=F
2022-11-28,756.75,Wheat,ZW=F
2022-11-29,757.75,Wheat,ZW=F
2022-11-30,771.5,Wheat,ZW=F
2022-12-01,758.75,Wheat,ZW=F
2022-12-02,737.25,Wheat,ZW=F
2022-12-05,715.5,Wheat,ZW=F
2022-12-06,705.5,Wheat,ZW=F
2022-12-07,727,Wheat,ZW=F
2022-12-08,724.25,Wheat,ZW=F
2022-12-09,712.75,Wheat,ZW=F
2022-12-12,733,Wheat,ZW=F
2022-12-13,728.75,Wheat,ZW=F
2022-12-14,728.25,Wheat,ZW=F
2022-12-15,757.25,Wheat,ZW=F
2022-12-16,753.5,Wheat,ZW=F
2022-12-19,748.5,Wheat,ZW=F
2022-12-20,750.5,Wheat,ZW=F
2022-12-21,767.75,Wheat,ZW=F
2022-12-22,762.25,Wheat,ZW=F
2022-12-23,776,Wheat,ZW=F
2022-12-27,774.5,Wheat,ZW=F
2022-12-28,785.5,Wheat,ZW=F
2022-12-29,774,Wheat,ZW=F
2022-12-30,792,Wheat,ZW=F
2023-01-03,775.5,Wheat,ZW=F
2023-01-04,745.5,Wheat,ZW=F
2023-01-05,746.75,Wheat,ZW=F
2023-01-06,743.5,Wheat,ZW=F
2023-01-09,741.5,Wheat,ZW=F
2023-01-10,731,Wheat,ZW=F
2023-01-11,740,Wheat,ZW=F
2023-01-12,742.75,Wheat,ZW=F
2023-01-13,743.75,Wheat,ZW=F
2023-01-17,751.75,Wheat,ZW=F
2023-01-18,742.5,Wheat,ZW=F
2023-01-19,734.5,Wheat,ZW=F
2023-01-20,741.5,Wheat,ZW=F
2023-01-23,720,Wheat,ZW=F
2023-01-24,734.5,Wheat,ZW=F
2023-01-25,741.25,Wheat,ZW=F
2023-01-26,752.5,Wheat,ZW=F
2023-01-27,750,Wheat,ZW=F
2023-01-30,752.5,Wheat,ZW=F
2023-01-31,761.25,Wheat,ZW=F
2023-02-01,759.75,Wheat,ZW=F
2023-02-02,761,Wheat,ZW=F
2023-02-03,756.75,Wheat,ZW=F
2023-02-06,750.25,Wheat,ZW=F
2023-02-07,749.75,Wheat,ZW=F
2023-02-08,764.75,Wheat,ZW=F
2023-02-09,757.25,Wheat,ZW=F
2023-02-10,786,Wheat,ZW=F
2023-02-13,792,Wheat,ZW=F
2023-02-14,786,Wheat,ZW=F
2023-02-15,769.25,Wheat,ZW=F
2023-02-16,765,Wheat,ZW=F
2023-02-17,765.5,Wheat,ZW=F
2023-02-21,750.5,Wheat,ZW=F
2023-02-22,736.5,Wheat,ZW=F
2023-02-23,738.25,Wheat,ZW=F
2023-02-24,708.25,Wheat,ZW=F
2023-02-27,696,Wheat,ZW=F
2023-02-28,691.5,Wheat,ZW=F
2023-03-01,697,Wheat,ZW=F
2023-03-02,701.25,Wheat,ZW=F
2023-03-03,695.75,Wheat,ZW=F
2023-03-06,682.5,Wheat,ZW=F
2023-03-07,684.75,Wheat,ZW=F
2023-03-08,674.5,Wheat,ZW=F
2023-03-09,653.5,Wheat,ZW=F
2023-03-10,666.75,Wheat,ZW=F
2023-03-13,672.25,Wheat,ZW=F
2023-03-14,686.5,Wheat,ZW=F
2023-03-15,702.75,Wheat,ZW=F
2023-03-16,699,Wheat,ZW=F
2023-03-17,710.5,Wheat,ZW=F
2023-03-20,700.75,Wheat,ZW=F
2023-03-21,683.25,Wheat,ZW=F
2023-03-22,663.5,Wheat,ZW=F
2023-03-23,662,Wheat,ZW=F
2023-03-24,688.5,Wheat,ZW=F
2023-03-27,698,Wheat,ZW=F
2023-03-28,699.75,Wheat,ZW=F
2023-03-29,704.75,Wheat,ZW=F
2023-03-30,692.25,Wheat,ZW=F
2023-03-31,692.25,Wheat,ZW=F
2023-04-03,693.5,Wheat,ZW=F
2023-04-04,691.5,Wheat,ZW=F
2023-04-05,682,Wheat,ZW=F
2023-04-06,675.5,Wheat,ZW=F
2023-04-10,678.5,Wheat,ZW=F
2023-04-11,674,Wheat,ZW=F
2023-04-12,679.5,Wheat,ZW=F
2023-04-13,667,Wheat,ZW=F
2023-04-14,682.5,Wheat,ZW=F
2023-04-17,696.5,Wheat,ZW=F
2023-04-18,698,Wheat,ZW=F
2023-04-19,681.75,Wheat,ZW=F
2023-04-20,667.75,Wheat,ZW=F
2023-04-21,661.75,Wheat,ZW=F
2023-04-24,643.5,Wheat,ZW=F
2023-04-25,638.75,Wheat,ZW=F
2023-04-26,627.25,Wheat,ZW=F
2023-04-27,614.75,Wheat,ZW=F
2023-04-28,619.75,Wheat,ZW=F
2023-05-01,603.75,Wheat,ZW=F
2023-05-02,595.5,Wheat,ZW=F
2023-05-03,626.25,Wheat,ZW=F
2023-05-04,631.5,Wheat,ZW=F
2023-05-05,647,Wheat,ZW=F
2023-05-08,641,Wheat,ZW=F
2023-05-09,630.5,Wheat,ZW=F
2023-05-10,628.25,Wheat,ZW=F
2023-05-11,614.25,Wheat,ZW=F
2023-05-12,624.5,Wheat,ZW=F
2023-05-15,660.75,Wheat,ZW=F
2023-05-16,647.5,Wheat,ZW=F
2023-05-17,625.5,Wheat,ZW=F
2023-05-18,611.75,Wheat,ZW=F
2023-05-19,605,Wheat,ZW=F
2023-05-22,606.25,Wheat,ZW=F
2023-05-23,622.25,Wheat,ZW=F
2023-05-24,606.25,Wheat,ZW=F
2023-05-25,604.25,Wheat,ZW=F
2023-05-26,616,Wheat,ZW=F
2023-05-30,591,Wheat,ZW=F
2023-05-31,594.25,Wheat,ZW=F
2023-06-01,610.75,Wheat,ZW=F
2023-06-02,619,Wheat,ZW=F
2023-06-05,624,Wheat,ZW=F
2023-06-06,627.75,Wheat,ZW=F
2023-06-07,616.75,Wheat,ZW=F
2023-06-08,626.25,Wheat,ZW=F
2023-06-09,630.25,Wheat,ZW=F
2023-06-12,633.75,Wheat,ZW=F
2023-06-13,636.25,Wheat,ZW=F
2023-06-14,630.25,Wheat,ZW=F
2023-06-15,661.5,Wheat,ZW=F
2023-06-16,688,Wheat,ZW=F
2023-06-20,695.75,Wheat,ZW=F
2023-06-21,734.5,Wheat,ZW=F
2023-06-22,739,Wheat,ZW=F
2023-06-23,733.25,Wheat,ZW=F
2023-06-26,724.25,Wheat,ZW=F
2023-06-27,685,Wheat,ZW=F
2023-06-28,655.75,Wheat,ZW=F
2023-06-29,653,Wheat,ZW=F
2023-06-30,636.25,Wheat,ZW=F
2023-07-03,628.5,Wheat,ZW=F
2023-07-05,662,Wheat,ZW=F
2023-07-06,647,Wheat,ZW=F
2023-07-07,639.5,Wheat,ZW=F
2023-07-10,636.25,Wheat,ZW=F
2023-07-11,649.5,Wheat,ZW=F
2023-07-12,621.25,Wheat,ZW=F
2023-07-13,627.5,Wheat,ZW=F
2023-07-14,641.5,Wheat,ZW=F
2023-07-17,653.75,Wheat,ZW=F
2023-07-18,670.75,Wheat,ZW=F
2023-07-19,727.75,Wheat,ZW=F
2023-07-20,727,Wheat,ZW=F
2023-07-21,697.5,Wheat,ZW=F
2023-07-24,757.5,Wheat,ZW=F
2023-07-25,760.25,Wheat,ZW=F
2023-07-26,720,Wheat,ZW=F
2023-07-27,712.75,Wheat,ZW=F
2023-07-28,704.25,Wheat,ZW=F
2023-07-31,665.75,Wheat,ZW=F
2023-08-01,652.25,Wheat,ZW=F
2023-08-02,640,Wheat,ZW=F
2023-08-03,627,Wheat,ZW=F
2023-08-04,633,Wheat,ZW=F
2023-08-07,657.5,Wheat,ZW=F
2023-08-08,656.25,Wheat,ZW=F
2023-08-09,635,Wheat,ZW=F
2023-08-10,637.75,Wheat,ZW=F
2023-08-11,626.75,Wheat,ZW=F
2023-08-14,616,Wheat,ZW=F
2023-08-15,598.5,Wheat,ZW=F
2023-08-16,597.75,Wheat,ZW=F
2023-08-17,589.5,Wheat,ZW=F
2023-08-18,613.25,Wheat,ZW=F
2023-08-21,599.25,Wheat,ZW=F
2023-08-22,601.75,Wheat,ZW=F
2023-08-23,612.5,Wheat,ZW=F
2023-08-24,604,Wheat,ZW=F
2023-08-25,593.25,Wheat,ZW=F
2023-08-28,588,Wheat,ZW=F
2023-08-29,569.75,Wheat,ZW=F
2023-08-30,576.75,Wheat,ZW=F
2023-08-31,573,Wheat,ZW=F
2023-09-01,567.5,Wheat,ZW=F
2023-09-05,572.5,Wheat,ZW=F
2023-09-06,581,Wheat,ZW=F
2023-09-07,571.5,Wheat,ZW=F
2023-09-08,567.25,Wheat,ZW=F
2023-09-11,556,Wheat,ZW=F
2023-09-12,560.25,Wheat,ZW=F
2023-09-13,569,Wheat,ZW=F
2023-09-14,567.5,Wheat,ZW=F
2023-09-15,604.25,Wheat,ZW=F
2023-09-18,591.25,Wheat,ZW=F
2023-09-19,584,Wheat,ZW=F
2023-09-20,588.75,Wheat,ZW=F
2023-09-21,575.75,Wheat,ZW=F
2023-09-22,579.5,Wheat,ZW=F
2023-09-25,589,Wheat,ZW=F
2023-09-26,589,Wheat,ZW=F
2023-09-27,579.5,Wheat,ZW=F
2023-09-28,578.75,Wheat,ZW=F
2023-09-29,541.5,Wheat,ZW=F
2023-10-02,564.75,Wheat,ZW=F
2023-10-03,568.5,Wheat,ZW=F
2023-10-04,560,Wheat,ZW=F
2023-10-05,578.25,Wheat,ZW=F
2023-10-06,568.25,Wheat,ZW=F
2023-10-09,572.75,Wheat,ZW=F
2023-10-10,558.5,Wheat,ZW=F
2023-10-11,556,Wheat,ZW=F
2023-10-12,571.5,Wheat,ZW=F
2023-10-13,579.75,Wheat,ZW=F
2023-10-16,577.25,Wheat,ZW=F
2023-10-17,570.5,Wheat,ZW=F
2023-10-18,580.25,Wheat,ZW=F
2023-10-19,594,Wheat,ZW=F
2023-10-20,586,Wheat,ZW=F
2023-10-23,587.25,Wheat,ZW=F
2023-10-24,580.5,Wheat,ZW=F
2023-10-25,568.5,Wheat,ZW=F
2023-10-26,579.5,Wheat,ZW=F
2023-10-27,575.5,Wheat,ZW=F
2023-10-30,566,Wheat,ZW=F
2023-10-31,556.25,Wheat,ZW=F
2023-11-01,561.75,Wheat,ZW=F
2023-11-02,565.5,Wheat,ZW=F
2023-11-03,572.5,Wheat,ZW=F
2023-11-06,575.75,Wheat,ZW=F
2023-11-07,570.25,Wheat,ZW=F
2023-11-08,592.25,Wheat,ZW=F
2023-11-09,580.75,Wheat,ZW=F
2023-11-10,575.25,Wheat,ZW=F
2023-11-13,579,Wheat,ZW=F
2023-11-14,572,Wheat,ZW=F
2023-11-15,560.5,Wheat,ZW=F
2023-11-16,553.5,Wheat,ZW=F
2023-11-17,550.75,Wheat,ZW=F
2023-11-20,543.5,Wheat,ZW=F
2023-11-21,555,Wheat,ZW=F
2023-11-22,555.75,Wheat,ZW=F
2023-11-24,548.75,Wheat,ZW=F
2023-11-27,534.25,Wheat,ZW=F
2023-11-28,543.75,Wheat,ZW=F
2023-11-29,556,Wheat,ZW=F
2023-11-30,570.25,Wheat,ZW=F
2023-12-01,577,Wheat,ZW=F
2023-12-04,595.75,Wheat,ZW=F
2023-12-05,620.75,Wheat,ZW=F
2023-12-06,615.75,Wheat,ZW=F
2023-12-07,626,Wheat,ZW=F
2023-12-08,615,Wheat,ZW=F
2023-12-11,591.25,Wheat,ZW=F
2023-12-12,607,Wheat,ZW=F
2023-12-13,585.25,Wheat,ZW=F
2023-12-14,594,Wheat,ZW=F
2023-12-15,629.25,Wheat,ZW=F
2023-12-18,617,Wheat,ZW=F
2023-12-19,622.75,Wheat,ZW=F
2023-12-20,610,Wheat,ZW=F
2023-12-21,612.5,Wheat,ZW=F
2023-12-22,616.25,Wheat,ZW=F
2023-12-26,636.25,Wheat,ZW=F
2023-12-27,623,Wheat,ZW=F
2023-12-28,631.5,Wheat,ZW=F
2023-12-29,628,Wheat,ZW=F
2024-01-02,606.75,Wheat,ZW=F
2024-01-03,600.25,Wheat,ZW=F
2024-01-04,613.5,Wheat,ZW=F
2024-01-05,616,Wheat,ZW=F
2024-01-08,596.25,Wheat,ZW=F
2024-01-09,610,Wheat,ZW=F
2024-01-10,610.75,Wheat,ZW=F
2024-01-11,603.75,Wheat,ZW=F
2024-01-12,596,Wheat,ZW=F
2024-01-16,582,Wheat,ZW=F
2024-01-17,582.5,Wheat,ZW=F
2024-01-18,585.5,Wheat,ZW=F
2024-01-19,593.25,Wheat,ZW=F
2024-01-22,596.5,Wheat,ZW=F
2024-01-23,596.5,Wheat,ZW=F
2024-01-24,610.75,Wheat,ZW=F
2024-01-25,612.25,Wheat,ZW=F
2024-01-26,600.25,Wheat,ZW=F
2024-01-29,593.5,Wheat,ZW=F
2024-01-30,605.5,Wheat,ZW=F
2024-01-31,595.25,Wheat,ZW=F
2024-02-01,601.5,Wheat,ZW=F
2024-02-02,599.75,Wheat,ZW=F
2024-02-05,590.25,Wheat,ZW=F
2024-02-06,595,Wheat,ZW=F
2024-02-07,602,Wheat,ZW=F
2024-02-08,588.5,Wheat,ZW=F
2024-02-09,596.75,Wheat,ZW=F
2024-02-12,597.5,Wheat,ZW=F
2024-02-13,597.5,Wheat,ZW=F
2024-02-14,585.5,Wheat,ZW=F
2024-02-15,567,Wheat,ZW=F
2024-02-16,560.5,Wheat,ZW=F
2024-02-20,582.75,Wheat,ZW=F
2024-02-21,583.25,Wheat,ZW=F
2024-02-22,583.25,Wheat,ZW=F
2024-02-23,573.5,Wheat,ZW=F
2024-02-26,577.25,Wheat,ZW=F
2024-02-27,586,Wheat,ZW=F
2024-02-28,571,Wheat,ZW=F
2024-02-29,577.5,Wheat,ZW=F
2024-03-01,560,Wheat,ZW=F
2024-03-04,563.5,Wheat,ZW=F
2024-03-05,545.75,Wheat,ZW=F
2024-03-06,521.25,Wheat,ZW=F
2024-03-07,520.75,Wheat,ZW=F
2024-03-08,526.75,Wheat,ZW=F
2024-03-11,537.5,Wheat,ZW=F
2024-03-12,535.5,Wheat,ZW=F
2024-03-13,532.25,Wheat,ZW=F
2024-03-14,519.5,Wheat,ZW=F
2024-03-15,528.5,Wheat,ZW=F
2024-03-18,542.75,Wheat,ZW=F
2024-03-19,552.5,Wheat,ZW=F
2024-03-20,545,Wheat,ZW=F
2024-03-21,546.75,Wheat,ZW=F
2024-03-22,554.75,Wheat,ZW=F
2024-03-25,555,Wheat,ZW=F
2024-03-26,543.5,Wheat,ZW=F
2024-03-27,547.5,Wheat,ZW=F
2024-03-28,560.25,Wheat,ZW=F
2024-04-01,557,Wheat,ZW=F
2024-04-02,545.25,Wheat,ZW=F
2024-04-03,556,Wheat,ZW=F
2024-04-04,556.25,Wheat,ZW=F
2024-04-05,567.25,Wheat,ZW=F
2024-04-08,565.75,Wheat,ZW=F
2024-04-09,557.75,Wheat,ZW=F
2024-04-10,558.5,Wheat,ZW=F
2024-04-11,551.75,Wheat,ZW=F
2024-04-12,556,Wheat,ZW=F
2024-04-15,551.75,Wheat,ZW=F
2024-04-16,549.75,Wheat,ZW=F
2024-04-17,537,Wheat,ZW=F
2024-04-18,536.75,Wheat,ZW=F
2024-04-19,550.25,Wheat,ZW=F
2024-04-22,570.25,Wheat,ZW=F
2024-04-23,585,Wheat,ZW=F
2024-04-24,594.5,Wheat,ZW=F
2024-04-25,602.25,Wheat,ZW=F
2024-04-26,603.25,Wheat,ZW=F
2024-04-29,590.25,Wheat,ZW=F
2024-04-30,585,Wheat,ZW=F
2024-05-01,581.5,Wheat,ZW=F
2024-05-02,586.5,Wheat,ZW=F
2024-05-03,606,Wheat,ZW=F
2024-05-06,632.25,Wheat,ZW=F
2024-05-07,624.75,Wheat,ZW=F
2024-05-08,616,Wheat,ZW=F
2024-05-09,619.75,Wheat,ZW=F
2024-05-10,645.75,Wheat,ZW=F
2024-05-13,670.25,Wheat,ZW=F
2024-05-14,657,Wheat,ZW=F
2024-05-15,665.75,Wheat,ZW=F
2024-05-16,663.25,Wheat,ZW=F
2024-05-17,651.25,Wheat,ZW=F
2024-05-20,688.75,Wheat,ZW=F
2024-05-21,697.5,Wheat,ZW=F
2024-05-22,693,Wheat,ZW=F
2024-05-23,698,Wheat,ZW=F
2024-05-24,697.25,Wheat,ZW=F
2024-05-28,700.25,Wheat,ZW=F
2024-05-29,692.75,Wheat,ZW=F
2024-05-30,681,Wheat,ZW=F
2024-05-31,678.5,Wheat,ZW=F
2024-06-03,672.75,Wheat,ZW=F
2024-06-04,658.25,Wheat,ZW=F
2024-06-05,646.75,Wheat,ZW=F
2024-06-06,639.5,Wheat,ZW=F
2024-06-07,627.5,Wheat,ZW=F
2024-06-10,607.5,Wheat,ZW=F
2024-06-11,626.5,Wheat,ZW=F
2024-06-12,617,Wheat,ZW=F
2024-06-13,620,Wheat,ZW=F
2024-06-14,612.75,Wheat,ZW=F
2024-06-17,591.5,Wheat,ZW=F
2024-06-18,582,Wheat,ZW=F
2024-06-20,572.75,Wheat,ZW=F
2024-06-21,561.5,Wheat,ZW=F
2024-06-24,552.5,Wheat,ZW=F
2024-06-25,541.75,Wheat,ZW=F
2024-06-26,541.25,Wheat,ZW=F
2024-06-27,559.75,Wheat,ZW=F
2024-06-28,553.5,Wheat,ZW=F
2024-07-01,569.25,Wheat,ZW=F
2024-07-02,561.5,Wheat,ZW=F
2024-07-03,554.5,Wheat,ZW=F
2024-07-05,572.25,Wheat,ZW=F
2024-07-08,553,Wheat,ZW=F
2024-07-09,554.25,Wheat,ZW=F
2024-07-10,543.5,Wheat,ZW=F
2024-07-11,554.25,Wheat,ZW=F
2024-07-12,538,Wheat,ZW=F
2024-07-15,532.5,Wheat,ZW=F
2024-07-16,530.75,Wheat,ZW=F
2024-07-17,539.25,Wheat,ZW=F
2024-07-18,535.25,Wheat,ZW=F
2024-07-19,542.75,Wheat,ZW=F
2024-07-22,548,Wheat,ZW=F
2024-07-23,542.75,Wheat,ZW=F
2024-07-24,547,Wheat,ZW=F
2024-07-25,537.75,Wheat,ZW=F
2024-07-26,523.5,Wheat,ZW=F
2024-07-29,531,Wheat,ZW=F
2024-07-30,524,Wheat,ZW=F
2024-07-31,527.25,Wheat,ZW=F
2024-08-01,532,Wheat,ZW=F
2024-08-02,539,Wheat,ZW=F
2024-08-05,539.5,Wheat,ZW=F
2024-08-06,543.25,Wheat,ZW=F
2024-08-07,538.25,Wheat,ZW=F
2024-08-08,537.5,Wheat,ZW=F
2024-08-09,542.5,Wheat,ZW=F
2024-08-12,536.75,Wheat,ZW=F
2024-08-13,528.75,Wheat,ZW=F
2024-08-14,534.75,Wheat,ZW=F
2024-08-15,528.25,Wheat,ZW=F
2024-08-16,530,Wheat,ZW=F
2024-08-19,528.25,Wheat,ZW=F
2024-08-20,533,Wheat,ZW=F
2024-08-21,519.75,Wheat,ZW=F
2024-08-22,511,Wheat,ZW=F
2024-08-23,502.25,Wheat,ZW=F
2024-08-26,498,Wheat,ZW=F
2024-08-27,508.25,Wheat,ZW=F
2024-08-28,514.25,Wheat,ZW=F
2024-08-29,525,Wheat,ZW=F
2024-08-30,532.75,Wheat,ZW=F
2024-09-03,552,Wheat,ZW=F
2024-09-04,565.25,Wheat,ZW=F
2024-09-05,561,Wheat,ZW=F
2024-09-06,553.25,Wheat,ZW=F
2024-09-09,555.5,Wheat,ZW=F
2024-09-10,558.75,Wheat,ZW=F
2024-09-11,563.75,Wheat,ZW=F
2024-09-12,563,Wheat,ZW=F
2024-09-13,571.25,Wheat,ZW=F
2024-09-16,578.5,Wheat,ZW=F
2024-09-17,575.75,Wheat,ZW=F
2024-09-18,575.75,Wheat,ZW=F
2024-09-19,565.5,Wheat,ZW=F
2024-09-20,568.5,Wheat,ZW=F
2024-09-23,582.5,Wheat,ZW=F
2024-09-24,578,Wheat,ZW=F
2024-09-25,589.25,Wheat,ZW=F
2024-09-26,584.25,Wheat,ZW=F
2024-09-27,580,Wheat,ZW=F
2024-09-30,584,Wheat,ZW=F
2024-10-01,599,Wheat,ZW=F
2024-10-02,615.25,Wheat,ZW=F
2024-10-03,603.5,Wheat,ZW=F
2024-10-04,589.75,Wheat,ZW=F
2024-10-07,592.5,Wheat,ZW=F
2024-10-08,594.75,Wheat,ZW=F
2024-10-09,599,Wheat,ZW=F
2024-10-10,603.75,Wheat,ZW=F
2024-10-11,599,Wheat,ZW=F
2024-10-14,585.25,Wheat,ZW=F
2024-10-15,579.5,Wheat,ZW=F
2024-10-16,585,Wheat,ZW=F
2024-10-17,589.5,Wheat,ZW=F
2024-10-18,572.75,Wheat,ZW=F
2024-10-21,572.25,Wheat,ZW=F
2024-10-22,576,Wheat,ZW=F
2024-10-23,578.5,Wheat,ZW=F
2024-10-24,581.5,Wheat,ZW=F
2024-10-25,569,Wheat,ZW=F
2024-10-28,558.75,Wheat,ZW=F
2024-10-29,570.5,Wheat,ZW=F
2024-10-30,573.25,Wheat,ZW=F
2024-10-31,570.5,Wheat,ZW=F
2024-11-01,568,Wheat,ZW=F
2024-11-04,568.75,Wheat,ZW=F
2024-11-05,572.5,Wheat,ZW=F
2024-11-06,573.25,Wheat,ZW=F
2024-11-07,571.5,Wheat,ZW=F
2024-11-08,572.5,Wheat,ZW=F
2024-11-11,565.5,Wheat,ZW=F
2024-11-12,552.25,Wheat,ZW=F
2024-11-13,541,Wheat,ZW=F
2024-11-14,530.25,Wheat,ZW=F
2024-11-15,536.5,Wheat,ZW=F
2024-11-18,547.25,Wheat,ZW=F
2024-11-19,549.75,Wheat,ZW=F
2024-11-20,552.5,Wheat,ZW=F
2024-11-21,548.75,Wheat,ZW=F
2024-11-22,544.25,Wheat,ZW=F
2024-11-25,535.75,Wheat,ZW=F
2024-11-26,539.5,Wheat,ZW=F
2024-11-27,537.75,Wheat,ZW=F
2024-11-29,532.25,Wheat,ZW=F
2024-12-02,537.5,Wheat,ZW=F
2024-12-03,536.75,Wheat,ZW=F
2024-12-04,538,Wheat,ZW=F
2024-12-05,546.75,Wheat,ZW=F
2024-12-06,542.5,Wheat,ZW=F
2024-12-09,541.25,Wheat,ZW=F
2024-12-10,542,Wheat,ZW=F
2024-12-11,543.5,Wheat,ZW=F
2024-12-12,538.75,Wheat,ZW=F
2024-12-13,526.5,Wheat,ZW=F
2024-12-16,550,Wheat,ZW=F
2024-12-17,545,Wheat,ZW=F
2024-12-18,541.25,Wheat,ZW=F
2024-12-19,533,Wheat,ZW=F
2024-12-20,533,Wheat,ZW=F
2024-12-23,540.5,Wheat,ZW=F
2024-12-24,534.75,Wheat,ZW=F
2024-12-26,541,Wheat,ZW=F
2024-12-27,546.5,Wheat,ZW=F
2024-12-30,548.25,Wheat,ZW=F
2024-12-31,551.5,Wheat,ZW=F
2025-01-02,545.75,Wheat,ZW=F
2025-01-03,529.25,Wheat,ZW=F
2025-01-06,540.5,Wheat,ZW=F
2025-01-07,542.5,Wheat,ZW=F
2025-01-08,536.25,Wheat,ZW=F
2025-01-09,534,Wheat,ZW=F
2025-01-10,530.75,Wheat,ZW=F
2025-01-13,545,Wheat,ZW=F
2025-01-14,546.25,Wheat,ZW=F
2025-01-15,547,Wheat,ZW=F
2025-01-16,537.5,Wheat,ZW=F
2025-01-17,538.75,Wheat,ZW=F
2025-01-21,558.75,Wheat,ZW=F
2025-01-22,554,Wheat,ZW=F
2025-01-23,554,Wheat,ZW=F
2025-01-24,544,Wheat,ZW=F
2025-01-27,535.5,Wheat,ZW=F
2025-01-28,545.25,Wheat,ZW=F
2025-01-29,562.5,Wheat,ZW=F
2025-01-30,566.5,Wheat,ZW=F
2025-01-31,559.5,Wheat,ZW=F
2025-02-03,566.75,Wheat,ZW=F
2025-02-04,577,Wheat,ZW=F
2025-02-05,572.25,Wheat,ZW=F
2025-02-06,587.75,Wheat,ZW=F
2025-02-07,582.75,Wheat,ZW=F
2025-02-10,579.5,Wheat,ZW=F
2025-02-11,577,Wheat,ZW=F
2025-02-12,574.25,Wheat,ZW=F
2025-02-13,577.75,Wheat,ZW=F
2025-02-14,600,Wheat,ZW=F
2025-02-18,604.75,Wheat,ZW=F
2025-02-19,592,Wheat,ZW=F
2025-02-20,585.5,Wheat,ZW=F
2025-02-21,590,Wheat,ZW=F
2025-02-24,579,Wheat,ZW=F
2025-02-25,572.75,Wheat,ZW=F
2025-02-26,566,Wheat,ZW=F
2025-02-27,546.75,Wheat,ZW=F
2025-02-28,537,Wheat,ZW=F
2025-03-03,532,Wheat,ZW=F
2025-03-04,518.5,Wheat,ZW=F
2025-03-05,530.75,Wheat,ZW=F
2025-03-06,537,Wheat,ZW=F
2025-03-07,533.75,Wheat,ZW=F
2025-03-10,545.25,Wheat,ZW=F
2025-03-11,541,Wheat,ZW=F
2025-03-12,538.75,Wheat,ZW=F
2025-03-13,547.25,Wheat,ZW=F
2025-03-14,545.75,Wheat,ZW=F
2025-03-17,568.5,Wheat,ZW=F
2025-03-18,565,Wheat,ZW=F
2025-03-19,563.5,Wheat,ZW=F
2025-03-20,557.25,Wheat,ZW=F
2025-03-21,558.25,Wheat,ZW=F
2025-03-24,548.25,Wheat,ZW=F
2025-03-25,543.25,Wheat,ZW=F
2025-03-26,535.25,Wheat,ZW=F
2025-03-27,532,Wheat,ZW=F
2025-03-28,528.25,Wheat,ZW=F
2025-03-31,537,Wheat,ZW=F
2025-04-01,540.5,Wheat,ZW=F
2025-04-02,539.25,Wheat,ZW=F
2025-04-03,536,Wheat,ZW=F
2025-04-04,529,Wheat,ZW=F
2025-04-07,536.5,Wheat,ZW=F
2025-04-08,540,Wheat,ZW=F
2025-04-09,542.25,Wheat,ZW=F
2025-04-10,538,Wheat,ZW=F
2025-04-11,555.75,Wheat,ZW=F
2025-04-14,547.5,Wheat,ZW=F
2025-04-15,542,Wheat,ZW=F
2025-04-16,547.75,Wheat,ZW=F
2025-04-17,548.75,Wheat,ZW=F
2025-04-21,538.5,Wheat,ZW=F
2025-04-22,535.5,Wheat,ZW=F
2025-04-23,528.25,Wheat,ZW=F
2025-04-24,529.25,Wheat,ZW=F
2025-04-25,530,Wheat,ZW=F
2025-04-28,515.5,Wheat,ZW=F
2025-04-29,505.75,Wheat,ZW=F
2025-04-30,513,Wheat,ZW=F
2025-05-01,515.25,Wheat,ZW=F
2025-05-02,526.5,Wheat,ZW=F
2025-05-05,514.25,Wheat,ZW=F
2025-05-06,519,Wheat,ZW=F
2025-05-07,518,Wheat,ZW=F
2025-05-08,513,Wheat,ZW=F
2025-05-09,505.5,Wheat,ZW=F
2025-05-12,499,Wheat,ZW=F
2025-05-13,501.5,Wheat,ZW=F
2025-05-14,508.75,Wheat,ZW=F
2025-05-15,532.75,Wheat,ZW=F
2025-05-16,525,Wheat,ZW=F
2025-05-19,529,Wheat,ZW=F
2025-05-20,546,Wheat,ZW=F
2025-05-21,549.25,Wheat,ZW=F
2025-05-22,544.5,Wheat,ZW=F
2025-05-23,542.5,Wheat,ZW=F
2025-05-27,528.5,Wheat,ZW=F
2025-05-28,530.25,Wheat,ZW=F
2025-05-29,534,Wheat,ZW=F
2025-05-30,534,Wheat,ZW=F
2025-06-02,539,Wheat,ZW=F
2025-06-03,536,Wheat,ZW=F
2025-06-04,543.25,Wheat,ZW=F
2025-06-05,545.5,Wheat,ZW=F
2025-06-06,554.75,Wheat,ZW=F
2025-06-09,542,Wheat,ZW=F
2025-06-10,534.5,Wheat,ZW=F
2025-06-11,534.25,Wheat,ZW=F
2025-06-12,526.5,Wheat,ZW=F
2025-06-13,543.75,Wheat,ZW=F
2025-06-16,536.5,Wheat,ZW=F
2025-06-17,549,Wheat,ZW=F
2025-06-18,574.25,Wheat,ZW=F
2025-06-20,567.75,Wheat,ZW=F
2025-06-23,552.75,Wheat,ZW=F
2025-06-24,535.75,Wheat,ZW=F
2025-06-25,528.25,Wheat,ZW=F
2025-06-26,521,Wheat,ZW=F
2025-06-27,524.75,Wheat,ZW=F
2025-06-30,528.75,Wheat,ZW=F
2025-07-01,537.25,Wheat,ZW=F
2025-07-02,556,Wheat,ZW=F
2025-07-03,547.75,Wheat,ZW=F
2025-07-07,539.75,Wheat,ZW=F
2025-07-08,543,Wheat,ZW=F
2025-07-09,542.75,Wheat,ZW=F
2025-07-10,550.25,Wheat,ZW=F
2025-07-11,540.75,Wheat,ZW=F
2025-07-14,534,Wheat,ZW=F
2025-07-15,538,Wheat,ZW=F
2025-07-16,541.25,Wheat,ZW=F
2025-07-17,533.5,Wheat,ZW=F
2025-07-18,546.25,Wheat,ZW=F
2025-07-21,542.25,Wheat,ZW=F
2025-07-22,549.5,Wheat,ZW=F
2025-07-23,540.5,Wheat,ZW=F
2025-07-24,541.5,Wheat,ZW=F
2025-07-25,538.25,Wheat,ZW=F
2025-07-28,538.5,Wheat,ZW=F
2025-07-29,529.75,Wheat,ZW=F
2025-07-30,523.75,Wheat,ZW=F
2025-07-31,523.25,Wheat,ZW=F
2025-08-01,516.75,Wheat,ZW=F
2025-08-04,516.75,Wheat,ZW=F
2025-08-05,508.25,Wheat,ZW=F
2025-08-06,508.5,Wheat,ZW=F
2025-08-07,518.25,Wheat,ZW=F
2025-08-08,514.5,Wheat,ZW=F
2025-08-11,515,Wheat,ZW=F
2025-08-12,505,Wheat,ZW=F
2025-08-13,507.25,Wheat,ZW=F
2025-08-14,503.5,Wheat,ZW=F
2025-08-15,506.5,Wheat,ZW=F
2025-08-18,502.75,Wheat,ZW=F
2025-08-19,498.5,Wheat,ZW=F
2025-08-20,505.5,Wheat,ZW=F
2025-08-21,507,Wheat,ZW=F
2025-08-22,504.75,Wheat,ZW=F
2025-08-25,506.75,Wheat,ZW=F
2025-08-26,509.5,Wheat,ZW=F
2025-08-27,502.25,Wheat,ZW=F
2025-08-28,510.25,Wheat,ZW=F
2025-08-29,518,Wheat,ZW=F
2025-09-02,513,Wheat,ZW=F
2025-09-03,504,Wheat,ZW=F
2025-09-04,502.25,Wheat,ZW=F
2025-09-05,501,Wheat,ZW=F
2025-09-08,505.5,Wheat,ZW=F
2025-09-09,500.75,Wheat,ZW=F
2025-09-10,495,Wheat,ZW=F
2025-09-11,503,Wheat,ZW=F
2025-09-12,503,Wheat,ZW=F
2025-09-15,525,Wheat,ZW=F
2025-09-16,534,Wheat,ZW=F
2025-09-17,528.25,Wheat,ZW=F
2025-09-18,524.25,Wheat,ZW=F
2025-09-19,522.5,Wheat,ZW=F
2025-09-22,510.75,Wheat,ZW=F
2025-09-23,520.5,Wheat,ZW=F
2025-09-24,519.5,Wheat,ZW=F
2025-09-25,527,Wheat,ZW=F
2025-09-26,519.75,Wheat,ZW=F
2025-09-29,519.5,Wheat,ZW=F
2025-09-30,508,Wheat,ZW=F
2025-10-01,509.25,Wheat,ZW=F
2025-10-02,514.75,Wheat,ZW=F
2025-10-03,515.25,Wheat,ZW=F
2025-10-06,512.75,Wheat,ZW=F
2025-10-07,506.75,Wheat,ZW=F
2025-10-08,507.25,Wheat,ZW=F
2025-10-09,506.5,Wheat,ZW=F
2025-10-10,498.5,Wheat,ZW=F
2025-10-13,496.75,Wheat,ZW=F
2025-10-14,500.25,Wheat,ZW=F
2025-10-15,498.75,Wheat,ZW=F
2025-10-16,502.5,Wheat,ZW=F
2025-10-17,503.75,Wheat,ZW=F
2025-10-20,504.75,Wheat,ZW=F
2025-10-21,500.25,Wheat,ZW=F
2025-10-22,503.75,Wheat,ZW=F
2025-10-23,513,Wheat,ZW=F
2025-10-24,512.5,Wheat,ZW=F
2025-10-27,526,Wheat,ZW=F
2025-10-28,529,Wheat,ZW=F
2025-10-29,532.25,Wheat,ZW=F
2025-10-30,524.25,Wheat,ZW=F
2025-10-31,534,Wheat,ZW=F
2025-11-03,543.5,Wheat,ZW=F
2025-11-04,550.25,Wheat,ZW=F
2025-11-05,554.75,Wheat,ZW=F
2025-11-06,535.5,Wheat,ZW=F
2025-11-07,527.75,Wheat,ZW=F
2025-11-10,535.75,Wheat,ZW=F
2025-11-11,536,Wheat,ZW=F
2025-11-12,536,Wheat,ZW=F
2025-11-13,535.75,Wheat,ZW=F
2025-11-14,527.25,Wheat,ZW=F
2025-11-17,544.25,Wheat,ZW=F
2025-11-18,546.5,Wheat,ZW=F
2025-11-19,536.75,Wheat,ZW=F
2025-11-20,527,Wheat,ZW=F
2025-11-21,527,Wheat,ZW=F
2025-11-24,522.25,Wheat,ZW=F
2025-11-25,527.25,Wheat,ZW=F
2025-11-26,529,Wheat,ZW=F
2025-11-28,531,Wheat,ZW=F
2025-12-01,530.25,Wheat,ZW=F
2025-12-02,537.75,Wheat,ZW=F
2025-12-03,537.75,Wheat,ZW=F
2025-12-04,541,Wheat,ZW=F
2025-12-05,537.5,Wheat,ZW=F
2025-12-08,536,Wheat,ZW=F
2025-12-09,536.25,Wheat,ZW=F
2025-12-10,531.25,Wheat,ZW=F
2025-12-11,534.5,Wheat,ZW=F
2025-12-12,534.5,Wheat,ZW=F
2025-12-15,520.75,Wheat,ZW=F
2025-12-16,509.5,Wheat,ZW=F
2025-12-17,506.25,Wheat,ZW=F
2025-12-18,507.75,Wheat,ZW=F
2025-12-19,509.75,Wheat,ZW=F
2025-12-22,515.5,Wheat,ZW=F
2025-12-23,517,Wheat,ZW=F
2025-12-24,521.75,Wheat,ZW=F
2025-12-26,519,Wheat,ZW=F
2025-12-29,513,Wheat,ZW=F
2025-12-30,510.75,Wheat,ZW=F
2025-12-31,507,Wheat,ZW=F
2026-01-02,506.5,Wheat,ZW=F
2026-01-05,512.5,Wheat,ZW=F
2026-01-06,510.5,Wheat,ZW=F
2026-01-07,518,Wheat,ZW=F
2026-01-08,518,Wheat,ZW=F
2026-01-09,517.25,Wheat,ZW=F
2026-01-12,511.25,Wheat,ZW=F
2026-01-13,510.5,Wheat,ZW=F
2026-01-14,512.5,Wheat,ZW=F
2026-01-15,510.5,Wheat,ZW=F
2026-01-16,518,Wheat,ZW=F
2026-01-20,510.25,Wheat,ZW=F
2026-01-21,507.75,Wheat,ZW=F
2026-01-22,515.5,Wheat,ZW=F
2026-01-23,529.5,Wheat,ZW=F
2026-01-26,522.5,Wheat,ZW=F
2026-01-27,523.25,Wheat,ZW=F
2026-01-28,536,Wheat,ZW=F
2026-01-29,541.5,Wheat,ZW=F
2026-01-30,538,Wheat,ZW=F
2026-02-02,527.75,Wheat,ZW=F
2026-02-03,528.75,Wheat,ZW=F
2026-02-04,526.75,Wheat,ZW=F
2026-02-05,535.25,Wheat,ZW=F
2026-02-06,529.75,Wheat,ZW=F
2026-02-09,528.75,Wheat,ZW=F
2026-02-10,528.25,Wheat,ZW=F
2026-02-11,537.25,Wheat,ZW=F
2026-02-12,552.5,Wheat,ZW=F
2026-02-13,548.75,Wheat,ZW=F
2026-02-17,537.75,Wheat,ZW=F
2026-02-18,547,Wheat,ZW=F
2026-02-19,559.5,Wheat,ZW=F
2026-02-20,573.5,Wheat,ZW=F
2026-02-23,569.5,Wheat,ZW=F
2026-02-24,567.5,Wheat,ZW=F
2026-02-25,565.75,Wheat,ZW=F
2026-02-26,571.75,Wheat,ZW=F
2026-02-27,591.25,Wheat,ZW=F
2026-03-02,574.5,Wheat,ZW=F
2026-03-03,572.25,Wheat,ZW=F
2026-03-04,566.75,Wheat,ZW=F
2026-03-05,582.75,Wheat,ZW=F
2026-03-06,611.25,Wheat,ZW=F
2026-03-09,598,Wheat,ZW=F
2026-03-10,584.75,Wheat,ZW=F
2026-03-11,588.5,Wheat,ZW=F
2026-03-12,592.25,Wheat,ZW=F
