date,WTI,Brent,r_WTI,r_Brent
2000-01-05,24.65,23.72,-0.036251729020635004,-0.009649749727399293
2000-01-06,24.79,23.55,0.005663445558400149,-0.007192753667097929
2000-01-07,24.79,23.35,0,-0.008528836347520663
2000-01-10,24.71,22.77,-0.003232326046580525,-0.02515310403925808
2000-01-11,25.69,23.93,0.03889379112127367,0.049689021844633974
2000-01-12,26.3,24.62,0.023467128061926523,0.028426218836025363
2000-01-13,26.63,24.9,0.012469460642122066,0.011308682714354479
2000-01-14,28.01,25.5,0.050523189446176175,0.023810648693718406
2000-01-18,28.98,26.31,0.03404434762051922,0.03127064288782089
2000-01-19,29.11,26.17,0.004475820864995761,-0.005335378510146871
2000-01-20,29.67,26.26,0.019054676545198657,0.003433152332595668
2000-01-21,29.71,27.18,0.0013472551717854664,0.034434539848347434
2000-01-24,29.25,27.02,-0.015604115796650664,-0.005904076190944796
2000-01-25,30.28,27.24,0.034607854891382406,0.008109148749258832
2000-01-26,27.66,27.18,-0.09050010233263572,-0.0022050725583140363
2000-01-27,27.22,26.91,-0.016035329013292188,-0.009983443984182827
2000-01-28,27.27,26.59,0.0018351996341769983,-0.011962759483886032
2000-01-31,27.65,27.08,0.013838531110846652,0.018260242789145398
2000-02-01,28.28,27.35,0.02252911306002847,0.009921080823916295
2000-02-02,27.52,27.15,-0.02724182796322916,-0.007339482488045945
2000-02-03,28.26,27.6,0.026534364191238335,0.016438726343160237
2000-02-04,28.67,27.48,0.014403902638897126,-0.004357305368956066
2000-02-07,28.4,27.94,-0.009462134728118077,0.016600886474667398
2000-02-08,28.05,27.61,-0.01240051319845481,-0.011881327886752668
2000-02-09,28.71,27.44,0.023256862164267034,-0.006176223084378929
2000-02-10,29.49,27.32,0.02680572869421205,-0.004382768155095196
2000-02-11,29.51,27.82,6.779661276636872e-4,0.01813615179270789
2000-02-14,30.3,28.03,0.026418523560475027,0.0075201786813998694
2000-02-15,30.17,28.12,-0.00429965934435339,0.003205701765767177
2000-02-16,30.01,28.11,-0.00531739371869433,-3.556820240233627e-4
2000-02-17,29.37,27.54,-0.02155691424174666,-0.020485891617931795
2000-02-18,29.51,27.26,0.004755443744319354,-0.010219067032122275
2000-02-22,29.63,27.22,0.004058172630625467,-0.0014684290450666104
2000-02-23,30.19,27.92,0.018723382133273514,0.025391280670851835
2000-02-24,30.23,28.21,0.001324065072619618,0.010333247119733269
2000-02-25,30.34,28.53,0.003632165129019427,0.011279640211503406
2000-02-28,30.11,28.7,-0.007609631426743757,0.005940957540166991
2000-02-29,30.57,29.01,0.015161793409100621,0.010743475367737343
2000-03-01,31.71,29.78,0.03661295264751274,0.026196429122550047
2000-03-02,31.51,30.12,-0.006327132781072553,0.011352375675830029
2000-03-03,31.46,29.83,-0.0015880581390517179,-0.009674804405035875
2000-03-06,32.19,30.08,0.02293894768058502,0.008345900554981966
2000-03-07,33.9,31.93,0.05175916907568778,0.05968550764505176
2000-03-08,31.22,31.41,-0.08235609929911858,-0.016419693176135564
2000-03-09,31.61,29.11,0.01241461114024034,-0.07604455579302316
2000-03-10,31.76,28.97,0.004734110151408899,-0.004820945976272917
2000-03-13,32.11,29.25,0.010959871722487247,0.009618761896606376
2000-03-14,31.93,28.83,-0.005621501374731608,-0.014463062027554763
2000-03-15,30.47,28.03,-0.04680341372907293,-0.028141146473613876
2000-03-16,31.1,27.97,0.02046522618757063,-0.002142857962828426
2000-03-17,30.86,27.87,-0.007746972250173734,-0.0035816657200116175
2000-03-20,29.33,25.59,-0.05084996394565522,-0.08534919132215935
2000-03-21,28.01,24.93,-0.046049293717342454,-0.026129752636231185
2000-03-22,27.28,25.77,-0.026407756296755736,0.03313912712880729
2000-03-23,27.47,25.32,0.006940667131920986,-0.01761642738829794
2000-03-24,27.86,25.74,0.01409746824447744,0.016451604892004923
2000-03-27,27.59,25.16,-0.009738580122465201,-0.022790770335740618
2000-03-28,27.1,24.8,-0.017919660343539423,-0.014411778661303387
2000-03-29,26.36,23.77,-0.027686018251348532,-0.04241937179883415
2000-03-30,26.67,23.94,0.011691628559616252,0.007126418757724906
2000-03-31,26.86,23.98,0.007098852901168851,0.0016694494695408402
2000-04-03,26.28,24.62,-0.02182999747868175,0.026338971156939284
2000-04-04,25.46,23.26,-0.03169960048714948,-0.05682397366578895
2000-04-05,25.76,22.98,0.011714308106892446,-0.012110874669908789
2000-04-06,25.51,22.9,-0.009752369082432821,-0.0034873618604156498
2000-04-07,24.97,22.63,-0.021395427862038296,-0.011860450914748188
2000-04-10,23.91,21.08,-0.04337832282144838,-0.07095173597228444
2000-04-11,24.17,21.05,0.010815413245158112,-0.001424163544771151
2000-04-12,25.49,21.4,0.053174023672632575,0.01649036189941544
2000-04-13,25.29,22.65,-0.007877157706150495,0.056768929901237275
2000-04-14,25.48,22.13,0.007484770022089027,-0.023225697866084527
2000-04-17,26.06,22.2,0.022507740992736558,0.003158134815275382
2000-04-18,25.92,22.67,-0.005386700212625328,0.020950175641203828
2000-04-19,27.38,23.5,0.05479794837622887,0.0359579566306758
2000-04-20,27.29,23.57,-0.0032924851400557564,0.0029742957979261853
2000-04-25,26.41,23.36,-0.03277760841120614,-0.008949558988013528
2000-04-26,24.69,22.9,-0.06734442295195286,-0.019888247399832082
2000-04-27,25.53,23.07,0.033455927896304694,0.007396161625468078
2000-04-28,25.71,23.79,0.007025790024405509,0.030732252129204163
2000-05-02,26.86,24.73,0.043758169817293524,0.03875175721845858
2000-05-03,26.6,25.13,-0.009726975307438046,0.016045270022175817
2000-05-04,27.08,25.06,0.01788423225642033,-0.0027894020875787184
2000-05-05,27.37,24.93,0.01065207500851395,-0.00520105193245568
2000-05-08,28.05,26.03,0.024541108916117604,0.04317782147100768
2000-05-09,28.46,26.69,0.01451096069300073,0.02503924440995897
2000-05-10,28.1,26.59,-0.012730016322006321,-0.0037537581615043614
2000-05-11,29.25,27.22,0.04010999733816556,0.023416791968391415
2000-05-12,29.64,27.98,0.013245226750020489,0.0275379720140152
2000-05-15,29.95,28.26,0.010404524133572401,0.009957408019046099
2000-05-16,29.76,28.78,-0.006364114596567383,0.018233324202840517
2000-05-17,29.38,28.4,-0.012851039219159865,-0.013291556292061468
2000-05-18,30.28,28.9,0.030173257823516764,0.01745244995122608
2000-05-19,30.02,29.01,-0.008623602363932115,0.0037990030149264165
2000-05-22,28.62,28.45,-0.047758052077011115,-0.019492437560972853
2000-05-23,28.61,28.12,-3.494670662860244e-4,-0.011667093629875946
2000-05-24,29.89,28.97,0.0437676692338278,0.029779744838795086
2000-05-25,30.43,29.62,0.017904987613033274,0.0221889970583935
2000-05-26,29.76,30.09,-0.022263753943988718,0.015743081802300996
2000-05-30,30.36,29.89,0.019960742562538325,-0.006668914346107169
2000-05-31,29.03,29.64,-0.044796174490890905,-0.008399175867960462
2000-06-01,30.19,29.69,0.03918096568220886,0.0016854883477823712
2000-06-02,30.34,29.35,0.004956230201639045,-0.0115177425015629
2000-06-05,29.87,28.27,-0.015612341692367693,-0.03749137456860652
2000-06-06,29.78,28.42,-0.003017604972155752,0.005291950963455694
2000-06-07,29.29,28.32,-0.016590866416220873,-0.0035248538434355936
2000-06-08,29.78,29.34,0.016590866416220873,0.03538350388931644
2000-06-09,30.22,29,0.014666929588730504,-0.011655942728361346
2000-06-12,31.76,30.1,0.04970367953434174,0.037229341768355795
2000-06-13,32.73,30.4,0.030084452134154116,0.009917436657346013
2000-06-14,32.72,30.12,-3.0557677854314846e-4,-0.009253205480483029
2000-06-15,32.7,29.77,-6.11433831338104e-4,-0.01168822790400803
2000-06-16,32.35,28.68,-0.010761056956298365,-0.03730115929626532
2000-06-19,31.57,27.69,-0.024406718377009362,-0.035128678548549175
2000-06-20,33.07,28.86,0.046419224423801086,0.04138521616285429
2000-06-21,33.64,30.71,0.01708930811104592,0.06213178110700612
2000-06-22,34.72,30.61,0.031600054687402235,-0.003261581495409782
2000-06-23,34.76,31.02,0.0011514106050416473,0.013305404791071673
2000-06-26,31.56,30.9,-0.09657680441951788,-0.0038759738446931813
2000-06-27,32.01,30.47,0.014157858004098411,-0.014013590906081674
2000-06-28,31.86,31.15,-0.004697049499869266,0.022071652235844397
2000-06-29,32.73,31.05,0.026940784031186826,-0.003215436853974296
2000-06-30,32.44,31.58,-0.008899859265877108,0.01692520044800805
2000-07-05,30.76,30.35,-0.05317708460976878,-0.039727491321988495
2000-07-06,30.19,30.67,-0.018704400918696074,0.010488460620652784
2000-07-07,30.26,30.62,0.0023159646414625534,-0.001631587896622655
2000-07-10,29.51,30.58,-0.025097519405361535,-0.0013071897286214273
2000-07-11,29.61,29.83,0.0033829531586517803,-0.024831601974259154
2000-07-12,30.34,30.27,0.024354831806886246,0.014642524506970123
2000-07-13,31.41,31.15,0.03465933963016887,0.028657122199835072
2000-07-14,31.31,30.82,-0.0031887782122410613,-0.010650415341492359
2000-07-17,30.71,28.44,-0.01934920088558334,-0.08036722495692983
2000-07-18,31.94,28.46,0.039270808334135765,7.029877266662155e-4
2000-07-19,31.1,28.33,-0.0266513236016781,-0.004578278819280968
2000-07-20,30.94,27.85,-0.00515797404026852,-0.017088347469132348
2000-07-21,28.56,26.68,-0.08004270767353638,-0.042918745325870145
2000-07-24,27.97,26.84,-0.020874630257515125,0.0059790910560582056
2000-07-25,27.89,25.78,-0.0028643055744708157,-0.040294314592439484
2000-07-26,27.81,25.92,-0.0028725333935240016,0.005415873973032337
2000-07-27,28.21,25.6,0.01428085676803148,-0.012422519998557036
2000-07-28,28.22,25.96,3.5442141076291733e-4,0.013964540350372534
2000-07-31,27.5,25.3,-0.025844941752142248,-0.025752496102414923
2000-08-01,27.85,25.24,0.012646961700767179,-0.002374358060462267
2000-08-02,28.27,26.8,0.014968205332205997,0.059971849843798886
2000-08-03,28.92,27.04,0.022732225585064825,0.008915363657952202
2000-08-04,29.94,28.01,0.03466198170091861,0.0352443380972538
2000-08-07,28.93,27.56,-0.03431626000343879,-0.01619614312655937
2000-08-08,29.26,27.58,0.011342276603934831,7.254262196978445e-4
2000-08-09,30.38,28.13,0.03756310157564835,0.019745750136610063
2000-08-10,31.09,28.98,0.02310172690303558,0.029769314390770685
2000-08-11,31.02,29.44,-0.0022540663222696544,0.015748356968139365
2000-08-14,31.92,29.24,0.02860061483321541,-0.006816658979098111
2000-08-15,31.43,30,-0.015469921772131912,0.02565974678057792
2000-08-16,31.91,29.66,0.015156589480675997,-0.011398044952369624
2000-08-17,31.88,30.71,-9.405863681379856e-4,0.03478899774294497
2000-08-18,31.97,30.76,0.002819109149736043,0.0016268101847125571
2000-08-21,32.42,31.34,0.013977553235779983,0.01868009229043155
2000-08-22,31.24,30.18,-0.03707619133604512,-0.03771578358817207
2000-08-23,31.23,32.38,-3.2015367649806947e-4,0.07036149490978616
2000-08-24,33.41,31.67,0.06747608507367797,-0.022171087698940717
2000-08-25,34.01,33.26,0.01779934265043881,0.048985613214233226
2000-08-28,32.92,33.29,-0.03257422321023462,9.015778221521664e-4
2000-08-29,32.73,34.03,-0.005788287295779959,0.02198543692588073
2000-08-30,33.25,34.13,0.015762678588774115,0.002934274405801407
2000-08-31,33.09,35.08,-0.004823645168342328,0.027454404585366632
2000-09-01,33.42,35.09,0.009923401233726814,2.8502209114122934e-4
2000-09-05,33.92,35.72,0.014850287756454694,0.01779456641317445
2000-09-06,34.97,36.7,0.030485740151581897,0.02706599905222662
2000-09-07,35.18,37.43,0.005987188234127583,0.019695766855812646
2000-09-08,33.62,36.27,-0.04535661132894253,-0.03148156862152618
2000-09-11,35.14,36.87,0.04421895477848148,0.016407258951241843
2000-09-12,34.25,33.3,-0.025653518050716695,-0.10184081525965505
2000-09-13,33.87,31.08,-0.011156897878553895,-0.06899287148695121
2000-09-14,34.37,31.35,0.014654424032062074,0.00864974157948284
2000-09-15,35.87,33.68,0.04271720068244855,0.07168992229519633
2000-09-18,36.75,34.55,0.024236934114654662,0.025503360839552958
2000-09-19,36.96,33.48,0.005698021114637797,-0.031459304592404536
2000-09-20,37.22,33.67,0.007010004440621387,0.005658987551708794
2000-09-21,33.84,32.18,-0.09520271647608203,-0.04526209160874606
2000-09-22,32.66,31.59,-0.0354924471957041,-0.0185045267502435
2000-09-25,31.5,30.01,-0.03616354171073155,-0.05130995536171801
2000-09-26,31.78,29.94,0.008849615276982803,-0.002335280460793232
2000-09-27,31.23,29.78,-0.01745798981358293,-0.005358351735619493
2000-09-28,30.26,28.91,-0.0315524629347772,-0.029649471227608082
2000-09-29,30.87,28.42,0.019958130153858278,-0.017094433359300165
2000-10-02,32.05,29.65,0.0375123448526109,0.04236900277477984
2000-10-03,31.86,30.64,-0.005945878884776601,0.03284421942865601
2000-10-04,30.91,30.07,-0.030271548337877263,-0.01877834787195276
2000-10-05,30.66,29.19,-0.008120882700357157,-0.02970181213441414
2000-10-06,30.86,29.62,0.006501973491346735,0.01462362397362904
2000-10-09,31.98,29.99,0.03564986047079355,0.012414183921265032
2000-10-10,33.29,30.95,0.04014634418112539,0.03150900636968723
2000-10-11,33.2,31.25,-0.0027071756644905243,0.009646377051805821
2000-10-12,36.06,33.45,0.082634341852728,0.06803241039182684
2000-10-13,34.96,33.5,-0.030979666987836385,0.0014936522567832178
2000-10-16,33.18,32.03,-0.05225726602503622,-0.044872475209953855
2000-10-17,33.36,30.38,0.0054102927282473345,-0.05288846645344014
2000-10-18,33.51,30.98,0.0044863242586732355,0.01955733782109581
2000-10-19,33.06,31.29,-0.013519809356341117,0.009956722692068265
2000-10-20,34.31,30.16,0.037112764477480464,-0.03678201454103558
2000-10-23,34.9,30.98,0.01704997233802308,0.026825291848967314
2000-10-24,34.53,31.81,-0.010658317806480522,0.02643887077232998
2000-10-25,33.62,31.17,-0.02670738342143153,-0.020324611981807017
2000-10-26,33.75,31.48,0.0038592893380693383,0.009896329769957024
2000-10-27,32.78,31.31,-0.029161844002855375,-0.005414888210888424
2000-10-30,32.86,31.09,0.0024375392934383733,-0.007051311267651794
2000-10-31,32.7,30.15,-0.004881034705913834,-0.03070130089746792
2000-11-01,33.14,31.62,0.013365934095209031,0.0476049086081316
2000-11-02,32.59,30.81,-0.016735519148946665,-0.025950519172749598
2000-11-03,32.62,30.81,9.201043433972877e-4,0
2000-11-06,33.02,31,0.012187841299114321,0.006147891876569833
2000-11-07,33.44,31.59,0.012639349724518745,0.018853410328847353
2000-11-08,32.92,31.3,-0.01567241240763151,-0.009222517267886143
2000-11-09,33.87,31.79,0.028449291020811174,0.015533677376603716
2000-11-10,34.05,32.26,0.005300365765840809,0.014676297774351532
2000-11-13,34.3,32.5,0.007315321576372824,0.007412016638629115
2000-11-14,34.72,33.05,0.012170535620255496,0.01678147696200316
2000-11-15,35.54,33.82,0.02334293293435552,0.02303077717273938
2000-11-16,34.84,34.16,-0.01989267074220269,0.01000302544993481
2000-11-17,35.62,33.09,0.022141125877213064,-0.03182424698684816
2000-11-20,35.98,34.23,0.010055950660871726,0.03387133060857295
2000-11-21,35.54,33.33,-0.0123044057958821,-0.02664456022244588
2000-11-22,36.06,33.11,0.014525395048666123,-0.006622540760493401
2000-11-24,36.06,33.35,0,0.007222420802478258
2000-11-27,36.24,33.47,0.004979263399607525,0.003591742861602132
2000-11-28,34.02,32.59,-0.06321489420706294,-0.02664402237376473
2000-11-29,34.58,32.45,0.016326893287428756,-0.004305049699371288
2000-11-30,33.61,32.53,-0.028451838518130046,0.002462297335160901
2000-12-01,32.06,31.59,-0.047214494555607445,-0.029322125671266352
2000-12-04,31.28,30.37,-0.024630231504296773,-0.03938533575633629
2000-12-05,29.25,28.88,-0.06709934199924472,-0.050305965033031974
2000-12-06,30.24,27.47,0.03328597763346686,-0.05005481391744304
2000-12-07,29.36,27.85,-0.02953234756501777,0.013738466266110638
2000-12-08,28.31,26.85,-0.0364181046225065,-0.03656714541841932
2000-12-11,29.75,27.28,0.049614032867830726,0.0158880120203877
2000-12-12,29.81,26.81,0.002014775698341076,-0.017378880727393575
2000-12-13,28.75,26.84,-0.036206140446620516,0.0011183598556132601
2000-12-14,28.06,24.32,-0.02429269256904476,-0.09859425500551477
2000-12-15,28.86,24.44,0.028111478671410062,0.004922077205428366
2000-12-18,29.52,25.11,0.022611446386547218,0.02704503886609899
2000-12-19,29.34,24.36,-0.006116227017436415,-0.03032373032779745
2000-12-20,25.83,23.29,-0.12741516560708632,-0.04491835894544671
2000-12-21,26.06,22.4,0.00886496458895003,-0.03896312503525534
2000-12-22,26.16,22.23,0.003829954892298648,-0.007618230884888888
2000-12-27,26.55,22.58,0.014798221098950126,0.01562183074541057
2000-12-28,25.82,22.29,-0.027880362269451453,-0.012926411323738396
2000-12-29,26.72,22.58,0.034262963249948264,0.012926411323738396
2001-01-02,27.29,23.43,0.021107986051802197,0.03695269379818855
2001-01-03,27.93,23.44,0.023181045236838393,4.2671218910772524e-4
2001-01-04,27.95,24.57,7.15819644022897e-4,0.047082221824275905
2001-01-05,28.02,24.77,0.0025013413077528135,0.00810705696818026
2001-01-08,27.44,24.75,-0.020916738051176775,-8.077544865687791e-4
2001-01-09,27.72,24.13,0.010152371464017929,-0.025369609377758895
2001-01-10,29.42,24.98,0.05952054085158931,0.0346196250604911
2001-01-11,29.42,25.6,0,0.02451684678808519
2001-01-12,30.07,25.63,0.021853281827146187,0.0011711888904630818
2001-01-16,30.19,25.52,0.00398274671830956,-0.004301081899390713
2001-01-17,29.77,24.27,-0.014009568691062402,-0.05022143873807927
2001-01-18,30.42,24.74,0.021599111803461746,0.019180347225832062
2001-01-19,32.12,26.29,0.05437860224741442,0.060767271777447895
2001-01-22,32.21,27.69,0.0027980742645463685,0.05188269844108051
2001-01-23,31.66,27.02,-0.01722290889024114,-0.024494004650817747
2001-01-24,31.46,27.04,-0.006337156822734613,7.39918642710613e-4
2001-01-25,31.61,26.94,0.004756628597394563,-0.0037050801925451182
2001-01-26,29.79,27.04,-0.059300759502335154,0.0037050801925451182
2001-01-29,29.07,26.95,-0.024466052154406448,-0.003333953819756985
2001-01-30,29.12,26.32,0.001718508757700743,-0.023654190897890004
2001-01-31,28.62,26.59,-0.017319449200180692,0.010206098797812313
2001-02-01,29.88,27.17,0.04308358613631169,0.021578218183327724
2001-02-02,31.27,28.9,0.04546981120513349,0.06172817168013012
2001-02-05,30.55,29.25,-0.023294485852145552,0.012037978559479079
2001-02-06,30.27,29.1,-0.009207562583977147,-0.005141399500418586
2001-02-07,31.27,29.54,0.0325020484361227,0.015007102925786775
2001-02-08,31.57,30.68,0.009548131100150403,0.03786569939582174
2001-02-09,30.93,29.53,-0.020480715872921884,-0.03820428074322413
2001-02-12,30.52,29.32,-0.013344380280722046,-0.00713681873738059
2001-02-13,30.12,28,-0.01319280348456342,-0.04606536684324691
2001-02-14,29.55,27.89,-0.019105659079585724,-0.003936308535806177
2001-02-15,28.96,26.33,-0.020168176334591337,-0.05755922813117964
2001-02-16,29.22,26.61,0.008937838805037401,0.010578111481379882
2001-02-20,28.6,26.45,-0.021446688496746358,-0.006030926685289373
2001-02-21,28.64,26.1,0.0013976242666378091,-0.01332084397566069
2001-02-22,28.52,25.75,-0.00419874654634933,-0.01350068721890274
2001-02-23,28.83,26.12,0.010810916104215362,0.014266677298485408
2001-02-26,28.27,25.84,-0.019615339944811794,-0.010777625493829213
2001-02-27,28.26,25.28,-3.5379444911765034e-4,-0.02191010963574458
2001-02-28,27.35,25.16,-0.03273084838839102,-0.0047581374464167325
2001-03-01,27.78,24.76,0.01559980845820741,-0.01602598401584432
2001-03-02,27.89,25.28,0.003951864313199938,0.02078412146226105
2001-03-05,28.61,25.98,0.025488105422621032,0.027313441963796592
2001-03-06,28.4,25.59,-0.0073671618948583095,-0.015125361070755794
2001-03-07,28.95,25.91,0.019181058851843957,0.012427344402321072
2001-03-08,28.31,26.37,-0.02235510489519621,0.017598005791176874
2001-03-09,27.97,25.78,-0.012082591909939655,-0.022628002854153895
2001-03-12,27.91,25.34,-0.0021474596656374523,-0.01721482261804841
2001-03-13,27.45,24.8,-0.01661887959269137,-0.02154052172205656
2001-03-14,26.49,24.31,-0.03559886467156126,-0.01995586484290479
2001-03-15,26.56,23.37,0.0026390213242546423,-0.03943463977726536
2001-03-16,26.68,23.84,0.004507896439189807,0.019911693646382567
2001-03-19,26.17,23.19,-0.019300504505368465,-0.02764369092970842
2001-03-20,25.99,23.63,-0.006901867888655655,0.018795939931375738
2001-03-21,26.43,23.21,0.016787879962798957,-0.017933870912470784
2001-03-22,26.19,23.45,-0.009122070096577062,0.010287274605942809
2001-03-23,27.31,23.94,0.041875276965992914,0.020680205237538996
2001-03-26,27.4,24.01,0.003290077908411071,0.002919710103334694
2001-03-27,27.62,24.41,0.00799713458712148,0.01652247417170649
2001-03-28,26.43,24.5,-0.0440404193649484,0.0036802331458130055
2001-03-29,26.47,23.77,0.0015122876228121918,-0.030248836178579097
2001-03-30,26.37,23.5,-0.0037850158738144124,-0.011423860221988935
2001-04-02,25.7,23.31,-0.025736008464021243,-0.008117968102447914
2001-04-03,26.65,23.47,0.03629815871067921,0.006840556815266741
2001-04-04,27.16,24.35,0.018956152078641875,0.036808839665666504
2001-04-05,27.24,24.87,0.002941178590816218,0.02113040828671453
2001-04-06,27.07,24.02,-0.006260377655101568,-0.03477544116347575
2001-04-09,27.45,24.37,0.013940064329329704,0.014466050985277423
2001-04-10,28.47,25.64,0.036484733334406716,0.050800764415354305
2001-04-11,28.42,26.08,-0.0017577786209916901,0.0170151050059828
2001-04-12,28.75,27.12,0.011544644574404739,0.03910272601374265
2001-04-16,28.81,26.8,0.0020847818530778106,-0.011869575555383705
2001-04-17,27.89,26.99,-0.03245434745703957,0.007064539513102375
2001-04-18,27.83,26.11,-0.002153626101598416,-0.03314804431887586
2001-04-19,27.92,25.86,0.003228702356372626,-0.009621009367326128
2001-04-20,27,25.57,-0.03350641188984271,-0.011277584040616073
2001-04-23,26.97,25.42,-0.0011117288526905078,-0.005883523541787117
2001-04-24,25.24,25.76,-0.06629509947862644,0.013286635474844655
2001-04-25,25.93,25.49,0.02697056187756086,-0.010536682848128809
2001-04-26,28.47,26.71,0.0934503017393733,0.04675180873384521
2001-04-27,28.35,26.85,-0.004223871116185052,0.005227793833004313
2001-04-30,28.48,27.21,0.004575056370013542,0.013318731840281206
2001-05-01,28.37,27.31,-0.0038698377230148573,0.0036683826904586603
2001-05-02,27.89,26.82,-0.01706404718136234,-0.018105057632081145
2001-05-03,28.66,27.46,0.02723422076062798,0.023582522486292667
2001-05-04,28.41,27.59,-0.00876122653392919,0.004722987889369534
2001-05-07,27.79,27.71,-0.022064952111684022,0.004339970645692581
2001-05-08,27.35,27.45,-0.015959714886422116,-0.009427190919347517
2001-05-09,28.39,27.46,0.03732044161688952,3.6423238428540117e-4
2001-05-10,28.5,28.27,0.003867116789725067,0.02907077136567393
2001-05-11,28.59,27.97,0.0031529190596155665,-0.010668664491630508
2001-05-14,28.83,27.77,0.00835950531609031,-0.007176205895160326
2001-05-15,28.9,27.88,0.002425083468075684,0.00395328457361499
2001-05-16,28.77,28.19,-0.0045084175549297,0.011057719233698027
2001-05-17,29.02,28.57,0.008652069892585157,0.013389911116660436
2001-05-18,29.9,29.3,0.029873232940598626,0.025230299780340193
2001-05-21,29.96,29.8,0.002004678252378156,0.016920877488336927
2001-05-22,29.75,29.72,-0.007034026657379844,-0.002688173661800519
2001-05-23,28.85,29.51,-0.03071913903753032,-0.00709103089470986
2001-05-24,27.97,28.85,-0.030977485740240063,-0.022619196000739805
2001-05-25,28.08,28.69,0.003925071943741809,-0.00556136296083487
2001-05-29,28.76,29.11,0.023927953695235704,0.014533127764258413
2001-05-30,28.71,28.92,-0.0017400387198733824,-0.006548360466968273
2001-05-31,28.39,28.55,-0.011208523648092772,-0.012876461188544575
2001-06-01,27.88,28.86,-0.018127384592556695,0.010799617243705484
2001-06-04,28.14,28.95,0.009282465793920114,0.003113650673279622
2001-06-05,27.84,29.25,-0.010718216220024335,0.0103093696588612
2001-06-06,27.56,28.73,-0.01010838932076119,-0.017937700686667224
2001-06-07,27.91,28.55,0.012619601402773295,-0.0062849368891790824
2001-06-08,28.43,28.88,0.01845987811467742,0.011492377922606156
2001-06-11,28.94,29.57,0.01777979554042952,0.023611019839760328
2001-06-12,29.13,29.03,0.006543849768005483,-0.01843055582784725
2001-06-13,28.81,29.13,-0.01104602187490622,0.0034387929348049795
2001-06-14,29.12,28.5,0.010702674232048182,-0.021864483696738546
2001-06-15,28.52,28.13,-0.020819627782389993,-0.013067464772839266
2001-06-18,27.55,27.61,-0.03460305994717183,-0.018658596559702367
2001-06-19,27.49,26.68,-0.0021802334217690955,-0.034263804894640426
2001-06-20,26.52,26.24,-0.035923136859492555,-0.016629256971534723
2001-06-21,26.85,26.7,0.012366655637211732,0.017378601330315657
2001-06-22,27.02,26.86,0.006311511577179019,0.005974625688887958
2001-06-25,27.11,27.36,0.0033253309785212792,0.01844390165925791
2001-06-26,26.97,27.66,-0.005177526358935314,0.010905233482262577
2001-06-27,25.67,26.25,-0.04940214226858952,-0.05232133719897947
2001-06-28,25.75,25.68,0.0031116322266959706,-0.021953510215872107
2001-06-29,26.37,26.21,0.02379237325545036,0.02042853851355453
2001-07-02,26.02,25.73,-0.01336152728083606,-0.01848339104166241
2001-07-03,26.28,25.56,0.009942720532050586,-0.006628996784318719
2001-07-05,27.07,25.69,0.029617910009799964,0.0050731816124582885
2001-07-06,28.1,26.55,0.037343472713490033,0.03292793656615567
2001-07-09,27.63,25.59,-0.016867437404374908,-0.03682809751625049
2001-07-10,27.22,24.69,-0.014950141712005038,-0.035803346814609505
2001-07-11,27.07,24.44,-0.0055258935971100875,-0.010177169053693369
2001-07-12,26.85,23.62,-0.008160282671336283,-0.034127323534178355
2001-07-13,26.57,24.02,-0.010483061183151676,0.016793005882621337
2001-07-16,26.02,23.58,-0.02091728668736259,-0.018487921542612806
2001-07-17,25.33,23.9,-0.026876009070775364,0.013479563828240337
2001-07-18,24.65,23.1,-0.027212563524884992,-0.03404584140971734
2001-07-19,24.65,23.35,0,0.010764366587158403
2001-07-20,25.67,23.43,0.040546094394350085,0.0034202684047981435
2001-07-23,25.88,24.44,0.00814747474965083,0.04220388178369028
2001-07-24,26.18,24.37,0.01152529084905396,-0.0028682666662795953
2001-07-25,26.71,24.9,0.020042266640115436,0.02151493583354691
2001-07-26,26.74,24.94,0.0011225445519276178,0.0016051367812286443
2001-07-27,26.98,24.82,0.008935279105812821,-0.004823160475429411
2001-07-30,26.6,24.46,-0.014184634991956102,-0.014610649517434737
2001-07-31,26.7,24.35,0.003752349618550088,-0.00450728073042761
2001-08-01,26.83,24.23,0.004857099031328804,-0.004940314700164539
2001-08-02,27.86,25.49,0.03767130391412721,0.05069468355958984
2001-08-03,27.51,25.6,-0.012642393415176478,0.004306133097492726
2001-08-06,27.7,25.39,0.006882838256809354,-0.00823695576892991
2001-08-07,28.17,25.94,0.016825168694988513,0.0214307831717111
2001-08-08,27.62,25.61,-0.019717433907135096,-0.01280327867686415
2001-08-09,27.72,25.28,0.0036140263405561868,-0.01296933093277719
2001-08-10,28.12,25.78,0.01432689262076181,0.01958542823238485
2001-08-13,27.85,25.88,-0.009648100569171092,0.0038714721216583925
2001-08-14,28.1,25.71,0.008936609966406994,-0.006590448354901746
2001-08-15,27.51,25.61,-0.02122000140321667,-0.0038971210663643063
2001-08-16,27.47,25.18,-0.0014550748293009619,-0.0169328715952326
2001-08-17,26.65,24.68,-0.030305349495328926,-0.020056829579014224
2001-08-20,27.2,24.35,0.02042782269009802,-0.013461349508588238
2001-08-21,27.93,25.36,0.026484406655133963,0.04064128004042633
2001-08-22,27.17,25.71,-0.02758795651882906,0.013706891708773039
2001-08-23,25.63,25.66,-0.0583498830622764,-0.0019466620903076937
2001-08-24,28.34,26.33,0.10051069388655431,0.025775614320727502
2001-08-27,26.69,26.22,-0.05998527084610128,-0.004186495172664451
2001-08-28,27.16,26.46,0.017456339274062316,0.00911168035125609
2001-08-29,27.07,26.67,-0.0033191990642853497,0.007905179507113225
2001-08-30,26.65,26.7,-0.015636953014356525,0.0011242272122808927
2001-08-31,26.65,26.8,0,0.0037383221106073172
2001-09-04,26.94,26.27,0.010823020370364755,-0.019974283819362615
2001-09-05,27.03,26.27,0.0033351893061381865,0
2001-09-06,27.54,26.61,0.018692133012152556,0.012859481292149422
2001-09-07,27.99,27.54,0.016207810226853248,0.03435240831091102
2001-09-10,27.66,27.59,-0.011859977290749946,0.0018138949286856665
2001-09-11,27.65,29.12,-3.61598268268537e-4,0.05397183509929082
2001-09-12,27.64,28.24,-3.61729068874439e-4,-0.030685810703444005
2001-09-13,28.58,28.2,0.03344317360225224,-0.0014174346809734395
2001-09-14,29.59,29.22,0.03472929391039692,0.03553142837848533
2001-09-17,28.84,28.32,-0.025673153995370068,-0.03128513749703421
2001-09-18,27.81,27.54,-0.03636764417087468,-0.027928775525010163
2001-09-19,26.73,25.44,-0.03960913809504607,-0.07931675482858758
2001-09-20,26.6,25.57,-0.004875314363173899,0.005097050831174066
2001-09-21,25.46,25.17,-0.04380262265839319,-0.015766980155870858
2001-09-24,21.46,20.63,-0.17091785592670794,-0.19890648206406425
2001-09-25,21.63,20.13,0.007890502762414986,-0.024535087431460045
2001-09-26,22.4,20.67,0.03497971889602658,0.02647213404197668
2001-09-27,22.8,21.47,0.017699577099401065,0.037973238197012815
2001-09-28,23.44,21.87,0.027683428748416894,0.01845922279798673
2001-10-01,23.12,21.22,-0.013745920904635334,-0.030171701502839543
2001-10-02,22.7,21.29,-0.01833311931681969,0.0032933457195509774
2001-10-03,22.17,20.63,-0.023624900859136932,-0.031491151822227614
2001-10-04,22.7,20.94,0.023624900859136932,0.014914878359230777
2001-10-05,22.32,21.46,-0.016881786974246804,0.024529531760161483
2001-10-08,22.25,20.91,-0.0031411289008609344,-0.025963223762010212
2001-10-09,22.55,20.65,0.01339305733643803,-0.012512194033500457
2001-10-10,22.51,21.02,-0.0017754110300463033,0.01775904604176315
2001-10-11,23.49,21.38,0.04261514375218045,0.016981540148094165
2001-10-12,22.49,20.57,-0.04350403269959724,-0.03862220193203347
2001-10-15,22.37,20.36,-0.00534999046918605,-0.01026151198254377
2001-10-16,22.01,20.47,-0.01622387996366781,0.005388207990876026
2001-10-17,21.89,19.47,-0.005466984003598796,-0.050085580289089826
2001-10-18,21.33,19.21,-0.02591537905151231,-0.013443842603642953
2001-10-19,21.99,19.91,0.030473272083410663,0.03579114129563976
2001-10-22,21.78,20.38,-0.009595687061855429,0.023331909718473653
2001-10-23,21.28,20.56,-0.023224453031370995,0.00879341279238588
2001-10-24,22,20.37,0.033274788884872564,-0.00928421034825
2001-10-25,21.75,20.67,-0.011428695823623158,0.014620143454962431
2001-10-26,22.07,20.31,0.014605462733952024,-0.01756999810138371
2001-10-29,22.1,20.55,0.0013583882550620707,0.011747565349950584
2001-10-30,21.83,20.41,-0.012292437961854752,-0.006835964120490257
2001-10-31,21.2,19.63,-0.029283988883885392,-0.038965968533383855
2001-11-01,20.47,19.39,-0.0350407820047689,-0.012301539033809039
2001-11-02,20.24,18.63,-0.011299555253933224,-0.03998428464106363
2001-11-05,20,18.78,-0.01192857086527388,0.00801928916661998
2001-11-06,19.93,18.64,-0.00350613932928745,-0.007482664522671989
2001-11-07,20.11,18.86,0.0089910695598574,0.011733467947866227
2001-11-08,21.21,19.54,0.05325556479203053,0.03542036940932558
2001-11-09,22.23,20.72,0.04696995939951387,0.05863577077664539
2001-11-12,21.26,19.48,-0.04461535506230341,-0.06171111917689309
2001-11-13,21.56,20.47,0.014012373126994326,0.04957210145880886
2001-11-14,19.63,18.78,-0.09378073775242646,-0.08616792589308098
2001-11-15,17.5,16.51,-0.11485812735890111,-0.1288262158480804
2001-11-16,18.09,16.86,0.033158418477735374,0.020977694641672873
2001-11-19,17.74,16.55,-0.019537322525770673,-0.018557850750637428
2001-11-20,18.71,18.82,0.05323616340456505,0.12853403233416172
2001-11-21,18.38,18.44,-0.017795023358457396,-0.020397916028785712
2001-11-26,18.69,18.66,0.016725504539930824,0.011859977290749946
2001-11-27,19.57,19.09,0.04600915994051302,0.022782442318458163
2001-11-28,19.37,18.81,-0.01027230398908019,-0.014775994424716998
2001-11-29,18.55,18.54,-0.043255688365460454,-0.014458083175230119
2001-11-30,19.46,18.92,0.047891287704414864,0.02028900348602347
2001-12-03,20.27,20,0.04078088370604949,0.055512709930258364
2001-12-04,19.71,19.28,-0.028015839299279754,-0.03666398437159124
2001-12-05,19.62,19.27,-0.004576667027411663,-5.188067561245902e-4
2001-12-06,18.69,18.57,-0.04856083266974531,-0.03700210706166063
2001-12-07,19.08,17.81,0.02065204455266878,-0.041787278063044386
2001-12-10,18.32,18.03,-0.04064730677415618,0.012276939913655749
2001-12-11,18.04,17.61,-0.015401844611506732,-0.023570114707111234
2001-12-12,18.38,18.13,0.018671602293063305,0.02910110225864493
2001-12-13,18.2,17.8,-0.009841522844791228,-0.018369567468719872
2001-12-14,19.31,18.54,0.05920150235767352,0.04073210283966944
2001-12-17,19.28,18.58,-0.0015548072580235939,0.0021551732479831998
2001-12-18,19.38,18.51,0.005173317280220413,-0.0037746068002859623
2001-12-19,19.37,19.03,-5.16129043715452e-4,0.027705554722651904
2001-12-20,18.67,18.87,-0.036807519865273086,-0.008443321927599445
2001-12-21,19.3,18.73,0.03318713835720821,-0.0074468429244616274
2001-12-27,21.07,18.87,0.08774513190525779,0.0074468429244616274
2001-12-28,20.42,19.77,-0.03133541507957771,0.04659227780206665
2001-12-31,19.96,19.35,-0.022784541853202,-0.02147321770673427
2002-01-02,21.13,20.13,0.0569635607446477,0.03951882017590913
2002-01-03,20.65,20.47,-0.02297851222092362,0.016749160021497733
2002-01-04,21.47,21.2,0.03894129248364786,0.0350407820047689
2002-01-07,21.42,21.08,-0.0023315468710869425,-0.005676458004805429
2002-01-08,20.82,21.03,-0.028411001832779892,-0.0023747339585531435
2002-01-09,20.32,20.21,-0.024308440476541904,-0.039772458299078384
2002-01-10,20.48,19.71,0.00784317746102614,-0.025051410250901185
2002-01-11,19.67,20.08,-0.04035416777033918,0.018598173658899597
2002-01-14,18.88,18.89,-0.0409914716836135,-0.06109161331011004
2002-01-15,18.99,18.86,0.005809364106839965,-0.0015894043081070564
2002-01-16,18.96,18.5,-0.0015810279973185182,-0.01927254512103227
2002-01-17,18.2,18.2,-0.0409099027441262,-0.016349138001529262
2002-01-18,18.02,18.17,-0.009939341902557963,-0.0016497116746698737
2002-01-22,18.36,18.7,0.018692133012152556,0.02875164145246112
2002-01-23,19.1,18.89,0.03951394986024015,0.010109157652877343
2002-01-24,19.57,18.91,0.024309446355400333,0.001058201156947991
2002-01-25,19.8,19.04,0.011684156292504966,0.006851146692853138
2002-01-28,20.05,19.74,0.012547216052088306,0.03610500464211608
2002-01-29,19.3,19.26,-0.038124057841738335,-0.024616627635356103
2002-01-30,19.11,18.71,-0.009893337658657853,-0.02897226608398107
2002-01-31,19.71,19.07,0.03091436291244687,0.01905827932632942
2002-02-01,20.4,19.7,0.0344087796855419,0.03250221613161486
2002-02-04,20.02,20.26,-0.01880312696309616,0.02802986307659472
2002-02-05,20.06,19.9,0.0019960086467150084,-0.017928767090090503
2002-02-06,19.77,19.97,-0.0145621453512641,0.003511415697277087
2002-02-07,19.75,19.42,-0.0010121458353946622,-0.027927684564545086
2002-02-08,20.25,20.01,0.02500130220541763,0.02992868573246321
2002-02-11,21.29,20.08,0.05008268535283955,0.0034921462278862947
2002-02-12,20.76,21.75,-0.02520942060770004,0.0798894627111646
2002-02-13,21.19,21.41,0.020501313982519864,-0.015755654933101493
2002-02-14,21.19,20.97,0,-0.02076525768776305
2002-02-15,21.47,20.76,0.013127239610482011,-0.01006478661614052
2002-02-19,20.77,20.18,-0.03314697400266864,-0.02833604337222484
2002-02-20,20.31,19.44,-0.022396262295727887,-0.03735921589316993
2002-02-21,20.81,20.21,0.024320264813249892,0.038844732383236824
2002-02-22,20.92,20.14,0.005271998791179122,-0.0034696441251136356
2002-02-25,20.24,19.78,-0.033044794777457476,-0.018036561095850168
2002-02-26,21.37,19.95,0.05432722491179165,0.008557817141306323
2002-02-27,21.4,20.73,0.0014028526967493349,0.038352783111816
2002-02-28,21.78,20.73,0.01760119547700878,0
2002-03-01,22.37,21.83,0.02672865799722368,0.05170324411416383
2002-03-04,22.55,21.59,0.008014290446649142,-0.011054926035136248
2002-03-05,23.18,22.25,0.027554771962918334,0.030111764085533288
2002-03-06,23.32,22.11,0.0060215235706859715,-0.006312013742894251
2002-03-07,23.62,23.1,0.012782449286924624,0.04380262265839274
2002-03-08,23.87,22.32,0.010528629581522342,-0.03434948001463756
2002-03-11,24.36,23.14,0.020320002490957556,0.036079584252420194
2002-03-12,24.55,22.7,0.007769411398833359,-0.01919779727817339
2002-03-13,24.14,23.6,-0.016841638571143847,0.03888178754420757
2002-03-14,24.48,23.76,0.013986241974739855,0.006756782462879585
2002-03-15,24.47,23.9,-4.0858018954548214e-4,0.005874964443020936
2002-03-18,25.03,23.8,0.02262722798910266,-0.004192878260036004
2002-03-19,25.02,24.51,-3.996004049175994e-4,0.029395616862592178
2002-03-20,24.92,24.78,-0.0040048111195125635,0.010955678660975021
2002-03-21,25.74,24.25,0.032375508248728035,-0.02162025881750429
2002-03-22,25.56,24.83,-0.007017572658646554,0.023635982136583245
2002-03-25,25.69,24.75,0.0050731816124582885,-0.0032271105053758298
2002-03-26,25.75,24.6,0.0023328159879527632,-0.006079046076382433
2002-03-27,25.79,25.13,0.001552192783508488,0.021315908617183688
2002-03-28,26.21,25.34,0.01615419744206159,0.008321823337492429
2002-04-01,26.82,26.06,0.02300686051821721,0.028017396803706074
2002-04-02,27.75,26.97,0.034087962338911204,0.03432356545493942
2002-04-03,27.55,26.72,-0.007233304593520007,-0.009312788483193835
2002-04-04,26.64,26.97,-0.03358868992673525,0.009312788483193835
2002-04-05,26.21,25.39,-0.016272828336873157,-0.060369741435051694
2002-04-08,26.16,26.36,-0.0019094907463172994,0.03749231391771968
2002-04-09,25.45,25.48,-0.027515783592466203,-0.03395387893034396
2002-04-10,26.15,25.13,0.027133447514400277,-0.013831479148461945
2002-04-11,24.93,24.22,-0.047777292975465624,-0.03688361343055435
2002-04-12,23.51,23.25,-0.05864603498348808,-0.04087360609158086
2002-04-15,24.53,23.39,0.042470995718419946,0.00600344856272228
2002-04-16,24.92,24.03,0.015773835648854373,0.026994469152289646
2002-04-17,25.94,25.26,0.04011548496904549,0.04991906717396777
2002-04-18,25.86,25.9,-0.0030888055445865703,0.025020851783146725
2002-04-19,26.43,25.86,0.021802355272486196,-0.0015455953617804497
2002-04-22,26.28,25.96,-0.005691534999787695,0.0038595184921779158
2002-04-23,26.28,26.26,0,0.011489977038760646
2002-04-24,26.28,26.2,0,-0.0022874581075988942
2002-04-25,26.36,26.47,0.0030395160178966485,0.01025260547195872
2002-04-26,27.12,26.32,0.028423753437888166,-0.005682909781893564
2002-04-29,27.45,26.85,0.012094704883344853,0.019936714497757357
2002-04-30,27.32,26.98,-0.004747133252950508,0.004830029824736126
2002-05-01,26.58,26.67,-0.027459981417489843,-0.011556512585686907
2002-05-02,26.31,25.73,-0.010209958232898053,-0.03588171190027012
2002-05-03,26.75,25.8,0.016585378289814212,0.002716865633919152
2002-05-07,26.79,25.53,0.001494210214501912,-0.010520260674179216
2002-05-08,27.76,26.09,0.03556745208208634,0.021697867895244194
2002-05-09,27.78,26.09,7.202016875940132e-4,0
2002-05-10,27.92,26.89,0.0050269405679741475,0.03020237113213664
2002-05-13,28.62,26.3,0.024762496234132847,-0.022185531097054678
2002-05-14,29.17,27.12,0.019035009751325216,0.03070252388847594
2002-05-15,28.17,27.17,-0.034883201991348756,0.0018419603660615458
2002-05-16,28,25.71,-0.00605307171307734,-0.055233402160458134
2002-05-17,28.19,25.45,0.00676279495081733,-0.010164278281266537
2002-05-20,28.24,25.97,0.0017721074990202368,0.02022628267812543
2002-05-21,27.35,24.99,-0.03202288375705109,-0.03846628082779624
2002-05-22,27.01,24.32,-0.012509361063465896,-0.02717668774889459
2002-05-23,26.6,24.01,-0.015295952016870729,-0.012828646864804227
2002-05-24,26.69,23.76,0.003377747628779293,-0.01046691573871783
2002-05-28,25.08,24.71,-0.06221824765171302,0.03920452550607445
2002-05-29,25.64,24.18,0.022082916287749388,-0.021682174813872024
2002-05-30,24.78,23.72,-0.034116755851473,-0.019207271057121833
2002-05-31,25.37,23.87,0.023530497410194418,0.006303866221213816
2002-06-05,25.02,23.19,-0.013891868572425636,-0.028901289083298032
2002-06-06,24.89,22.79,-0.005209388659264569,-0.01739930800984757
2002-06-07,24.72,22.99,-0.006853483790010717,0.008737495517497251
2002-06-10,24.24,22.83,-0.01960847138837618,-0.006983878233385976
2002-06-11,24.21,22.37,-0.0012383902511463596,-0.020354685039666087
2002-06-12,24.79,23.09,0.02367457509713189,0.0316788478643657
2002-06-13,25.54,23.72,0.02980550455729425,0.026918950763120897
2002-06-14,25.9,23.97,0.013997118101098494,0.010484474316768022
2002-06-17,25.98,24.69,0.0030840425369613733,0.029595254910795177
2002-06-18,25.36,24.64,-0.024153881673428135,-0.002027164691769112
2002-06-19,25.57,24.85,0.008246659734070239,0.00848661387731875
2002-06-20,25.62,24.42,0.001953507165493029,-0.017455283860078996
2002-06-21,25.51,24.14,-0.004302764314868313,-0.011532253013172955
2002-06-24,26.31,24.99,0.03087856289848112,0.03460552917747517
2002-06-25,26.06,25.32,-0.009547523355502019,0.013118852429114813
2002-06-26,26.67,24.75,0.023137766497223655,-0.022769108261276205
2002-06-27,26.77,25.39,0.003742519338338468,0.025529906701887484
2002-06-28,26.79,25.33,7.468260242560198e-4,-0.0023659317030029214
2002-07-01,26.79,25.65,0,0.012554107603194531
2002-07-02,26.83,25.64,0.001491980881015209,-3.899395643092163e-4
2002-07-03,26.82,25.59,-3.727865840001954e-4,-0.0019519818807718359
2002-07-08,26.14,25.08,-0.025681169657456593,-0.020130934406977552
2002-07-09,26.16,24.9,7.648183929220842e-4,-0.007202912294058006
2002-07-10,26.73,25.82,0.02155500356182971,0.036281581947834596
2002-07-11,27.01,25.83,0.01042063765369683,3.872216892526481e-4
2002-07-12,27.48,26.11,0.01725129954962412,0.010781775603288413
2002-07-15,27.23,26.16,-0.009139160668480084,0.001913143877960266
2002-07-16,27.68,25.94,0.016390824063800213,-0.008445347700699823
2002-07-17,27.88,26.19,0.007199455142854472,0.009591479631322564
2002-07-18,27.5,26.72,-0.013723581219797332,0.020034690148824197
2002-07-19,27.83,26.37,0.011928570865273436,-0.013185348303249356
2002-07-22,26.61,25.7,-0.04482749054820134,-0.025736008464021243
2002-07-23,26.61,25.65,0,-0.0019474202843956512
2002-07-24,26.78,25.43,0.006368255273428769,-0.008613992182750163
2002-07-25,26.67,25.36,-0.004116002069103786,-0.00275644986500323
2002-07-26,26.55,25.1,-0.004509590505974881,-0.010305283431286671
2002-07-29,26.54,25.2,-3.7671878388634283e-4,0.003976148379639
2002-07-30,27.43,25.95,0.0329842760454504,0.029327615094520088
2002-07-31,27.02,26.28,-0.015059972417459377,0.012636584004512397
2002-08-01,26.51,25.79,-0.01905531223111856,-0.018821373723156398
2002-08-02,26.87,25.17,0.013488402326465643,-0.024334010746029033
2002-08-05,26.55,25.2,-0.011980674939451763,0.0011911853701529473
2002-08-06,27.18,25.69,0.023451661035049476,0.019257816604414835
2002-08-07,26.58,25.7,-0.022322355437898178,3.8918077938188134e-4
2002-08-08,26.67,25.51,0.003380284908823583,-0.007420459747454089
2002-08-09,26.87,25.49,0.007471084433476882,-7.843137656959875e-4
2002-08-12,27.84,25.63,0.03546341283881915,0.005477321987955808
2002-08-13,28.35,26.11,0.018153194707542397,0.018554842335057664
2002-08-14,28.19,26.47,-0.0056597250477401495,0.01369363352797226
2002-08-15,28.99,26.66,0.027983637807543094,0.007152298511552857
2002-08-16,29.24,27.33,0.008586691948013314,0.024820685189413716
2002-08-19,29.86,27.44,0.020982157229466836,0.004016802917707896
2002-08-20,30.12,27.63,0.008669610820648543,0.006900336077640734
2002-08-21,30.37,27.53,0.008265876125964411,-0.003625819780809003
2002-08-22,30.11,27.81,-0.008597936564014752,0.010119349091357588
2002-08-23,29.99,27.51,-0.003993349732724916,-0.010846093309390348
2002-08-26,29.23,27.56,-0.025668413637763177,0.0018158712089744178
2002-08-27,28.84,27.89,-0.013432266706406182,0.011902755493939932
2002-08-28,28.31,27.54,-0.018548213292940208,-0.012628708338888739
2002-08-29,28.83,27.11,0.018201412526502647,-0.01573682978993496
2002-08-30,28.97,27.56,0.004844300130948387,0.016462782634883766
2002-09-03,27.76,26.58,-0.042664676142655455,-0.03620639286035843
2002-09-04,28.28,27.31,0.01855870538976845,0.02709388220051423
2002-09-05,29.06,27.54,0.027207817113764854,0.00838655781489539
2002-09-06,29.51,28.36,0.015366530812711332,0.029340208363417997
2002-09-09,29.8,28.67,0.009779204556510379,0.010871578231351542
2002-09-10,29.62,28.92,-0.006058584671706058,0.00868211739528535
2002-09-11,29.77,28.68,0.005051366188032258,-0.008333381559144204
2002-09-12,28.95,27.76,-0.027930971008680583,-0.032603880092815896
2002-09-13,29.83,28.53,0.02994439450765274,0.027360029586804835
2002-09-16,29.14,28.38,-0.023402797759598304,-0.0052714934935118585
2002-09-17,29.08,27.76,-0.0020611481017400735,-0.022088536093292976
2002-09-18,29.57,28.41,0.016709681199067017,0.023145060227492742
2002-09-19,29.49,28.45,-0.002709111037201062,0.0014069647062435742
2002-09-20,29.65,28.61,0.005410902616549862,0.005608146489678667
2002-09-23,30.85,29.36,0.03967462490766227,0.025876896684295936
2002-09-24,30.79,29.47,-0.0019467884149877435,0.0037395930032886326
2002-09-25,30.69,29.11,-0.0032530933047643096,-0.01229103899207118
2002-09-26,30.31,28.93,-0.012459177561932933,-0.0062026387694884555
2002-09-27,30.53,29,0.007232115677074713,0.002416710998430549
2002-09-30,30.59,29.11,0.0019633514160255494,0.0037859277710579065
2002-10-01,30.71,29.42,0.003915176289918776,0.010592957415759496
2002-10-02,30.59,29.14,-0.003915176289918776,-0.009562914406232803
2002-10-03,29.73,28.46,-0.028516521152805563,-0.023612208105352472
2002-10-04,29.65,28.32,-0.0026945115662719843,-0.004931323836187218
2002-10-07,29.65,28.38,0,0.0021164029063776013
2002-10-08,29.56,28.28,-0.0030400293637335984,-0.003529830703524528
2002-10-09,29.31,28.29,-0.008493341357199924,3.5354428510370184e-4
2002-10-10,28.96,27.7,-0.012013187205285103,-0.021075972120183195
2002-10-11,29.36,28.18,0.013717636228798735,0.01718009327724168
2002-10-14,30.06,28.56,0.023562180578514003,0.013394631000849255
2002-10-15,29.73,28.66,-0.011038747314822128,0.0034952849286420395
2002-10-16,29.28,28.61,-0.01525194791689577,-0.0017461153380069483
2002-10-17,29.61,28.22,0.01120745302038939,-0.013725360637350636
2002-10-18,29.56,28.2,-0.001690046033499204,-7.089684806000918e-4
2002-10-21,28.31,27.01,-0.04320699695619279,-0.04311481013954355
2002-10-22,27.93,26.69,-0.013513719166722726,-0.011918204388091436
2002-10-23,28.19,26.68,0.009265925168935762,-3.7474236901013924e-4
2002-10-24,27.87,26.78,-0.011416463632164309,0.0037411192156038275
2002-10-25,27.09,25.96,-0.028386185396853225,-0.03109844842713727
2002-10-28,27.25,25.44,0.0058888650122495,-0.020234153363968055
2002-10-29,26.81,25.71,-0.016278568861385345,0.010557282805876866
2002-10-30,26.85,25.29,0.0014908687070058768,-0.016470960595924566
2002-10-31,27.18,25.51,0.012215587768123815,0.008661471471846482
2002-11-01,27.04,25.78,-0.005164157548234183,0.010528465357321437
2002-11-04,26.89,25.21,-0.0055627808939897605,-0.022358256311213243
2002-11-05,26.06,24.66,-0.03135289858407431,-0.022058243463630056
2002-11-06,25.72,23.73,-0.013132672327280659,-0.038442427288526204
2002-11-07,25.36,24.36,-0.014095769800393398,0.02620237239402412
2002-11-08,25.83,23.54,0.018363477538724027,-0.03424134100956566
2002-11-11,26.02,23.86,0.007328865976610199,0.013502314837639418
2002-11-12,26.19,24.01,0.00651218543526122,0.006266993563392109
2002-11-13,25.28,22.96,-0.0353640892409639,-0.04471683878179622
2002-11-14,25.4,22.82,0.00473560474583401,-0.006116227017436415
2002-11-15,25.5,23.33,0.003929278139889636,0.02210274159940928
2002-11-18,26.71,23.41,0.04635957495748899,0.0034231954694807776
2002-11-19,26.41,24.05,-0.01129530081282848,0.026971715048950795
2002-11-20,27,24.05,0.022094139695288284,0
2002-11-21,27.07,24.52,0.002589237621880791,0.01935411451624036
2002-11-22,27.73,24.79,0.024088756001476863,0.010951234979088564
2002-11-25,27.01,24.85,-0.026307691823162394,0.0024174064955384544
2002-11-26,26.6,24.56,-0.015295952016870729,-0.011738649263695944
2002-11-27,26.87,25.11,0.010099206839746078,0.02214706989055193
2002-12-02,27.27,25.73,0.014776774230097267,0.024391453124159135
2002-12-03,27.34,26.09,0.00256363443830665,0.01389447285498413
2002-12-04,26.8,25.99,-0.01994894377899259,-0.0038402504952381733
2002-12-05,27.27,26.07,0.01738530934068594,0.00307337929201168
2002-12-06,27.03,25.67,-0.008839836569140669,-0.015462233062361275
2002-12-09,27.29,26.06,0.009572974431890646,0.015078576813650102
2002-12-10,27.73,26.35,0.0159945249074398,0.011066703290672386
2002-12-11,27.49,26.85,-0.008692557450532323,0.01879754596750205
2002-12-12,28.2,27.29,0.025499675766913477,0.016254513765373346
2002-12-13,28.39,27.64,0.0067149925408118705,0.012743664179222236
2002-12-16,30.15,28.73,0.06014795268831463,0.03867787409172907
2002-12-17,30.04,29.25,-0.003655096277260572,0.017937700686667224
2002-12-18,30.41,29.95,0.012241674793339374,0.02364975088359289
2002-12-19,30.57,30.26,0.005247634213469965,0.010297383798751447
2002-12-20,30.57,29.59,0,-0.02239024194809147
2002-12-23,32.09,30.61,0.04852531921902248,0.03389028654520265
2002-12-24,32.13,30.93,0.001245718006001706,0.01039983373965736
2002-12-27,32.68,31.49,0.016973096864034698,0.017943448415954855
2002-12-30,31.41,32.02,-0.03963695644124687,0.01669067245563527
2002-12-31,31.21,30.12,-0.006387757267867222,-0.06117130463687559
2003-01-02,31.97,30.32,0.024059406789062265,0.006618157842478212
2003-01-03,33.26,31.43,0.03955751069303126,0.035955290035305065
2003-01-06,32.29,31.43,-0.02959788899459781,0
2003-01-07,31.2,30.78,-0.034339489954747116,-0.020897722398743213
2003-01-08,30.66,29.3,-0.017459221371768585,-0.04927761238771122
2003-01-09,31.95,30.26,0.04121330737987572,0.03223919233718808
2003-01-10,31.59,30.07,-0.011331566009550098,-0.006298711359772113
2003-01-13,32.08,30.46,0.015392168184320099,0.012886350466577934
2003-01-14,32.42,31.36,0.010542733309216512,0.02911884801519138
2003-01-15,33.23,31.73,0.024677566058972644,0.011729410112897298
2003-01-16,33.58,32.29,0.010477569282891785,0.01749497917507936
2003-01-17,33.88,31.57,0.00889421813445912,-0.022550282200283434
2003-01-21,34.62,31.72,0.021606679964209174,0.0047400941967468135
2003-01-22,34.32,32.07,-0.008703275128301602,0.010973616938416253
2003-01-23,33.9,31.4,-0.012313260233356882,-0.0211131207908557
2003-01-24,34.98,31.62,0.031361455204051314,0.006981938867118398
2003-01-27,32.43,31.02,-0.07569254927122904,-0.019157674032933336
2003-01-28,32.7,30.73,0.008291157583981246,-0.009392781605999545
2003-01-29,33.54,31.26,0.025363678491854724,0.017099948850937352
2003-01-30,33.78,31.42,0.007130154984591464,0.005105307834144757
2003-01-31,33.51,31.57,-0.008025009630435065,0.0047626697424250075
2003-02-03,32.84,30.95,-0.020196617164991437,-0.019834303439295375
2003-02-04,33.61,31.13,0.023176357152786764,0.005798985322911676
2003-02-05,33.91,31.77,0.008886314400532669,0.020350463827908172
2003-02-06,34.36,31.81,0.013183140978507701,0.0012582574796278223
2003-02-07,35.05,32.23,0.01988251636454441,0.013116990066293965
2003-02-10,34.46,32.47,-0.016976382380815558,0.007418890287408164
2003-02-11,35.43,32.51,0.027759687777596742,0.0012311482010591845
2003-02-12,35.83,32.46,0.011226612439481976,-0.0015391722293687238
2003-02-13,36.63,33.23,0.022082045473860834,0.023444520280057723
2003-02-14,36.61,33.26,-5.461496585783543e-4,9.023913982786347e-4
2003-02-18,36.88,33.26,0.007347971556248112,0
2003-02-19,37.02,33.16,0.003788908456958673,-0.003011143497687385
2003-02-20,36.45,32.76,-0.01551684869068426,-0.01213607128222538
2003-02-21,36.76,32.76,0.00846883903281892,0
2003-02-24,37.29,33.41,0.01431489670324293,0.019646997383796272
2003-02-25,36.06,33.64,-0.03354097641555809,0.006860578736082257
2003-02-26,37.96,33.46,0.05134875596655597,-0.005365139546069209
2003-02-27,36.83,34.09,-0.030220243284753145,0.01865339059113369
2003-02-28,36.76,34,-0.0019024329694876663,-0.002643561533650196
2003-03-03,36.1,33.4,-0.018117432148651247,-0.01780462463350707
2003-03-04,36.95,34.37,0.023272782055375973,0.028628190879087967
2003-03-05,36.86,33.92,-0.0024386951525339207,-0.013179279938039912
2003-03-06,37.21,34.39,0.00945059011685423,0.013761013520472432
2003-03-07,37.76,34.47,0.014672798918768493,0.002323556084598888
2003-03-10,37.18,34.94,-0.0154793589840021,0.013542924177136761
2003-03-11,36.81,34.06,-0.010001434902367823,-0.025508629471368227
2003-03-12,37.87,34.16,0.02838969452277329,0.0029316936858267972
2003-03-13,36.05,33.98,-0.04925237818274519,-0.005283252676583139
2003-03-14,35.41,31.48,-0.01791259760714592,-0.07641969269458349
2003-03-17,34.92,30.35,-0.01393453515241072,-0.036555906043695074
2003-03-18,31.55,28.55,-0.10148614198417905,-0.0611395814034883
2003-03-19,30.01,28.4,-0.05004292953494671,-0.005267790934858851
2003-03-20,28.62,28,-0.04742488532397093,-0.014184634991956546
2003-03-21,27.18,25.59,-0.05162436540530724,-0.09000286000350632
2003-03-24,29.51,26.54,0.08224778023185086,0.03645137873236415
2003-03-25,33.42,27.28,0.12442533421239954,0.027500804071199703
2003-03-26,28.71,25.98,-0.15190902903427528,-0.04882682173280806
2003-03-27,30.31,27.29,0.054232196936739197,0.049193323477793705
2003-03-28,30.21,27.66,-0.0033046956711313413,0.013466991516365212
2003-03-31,31.14,28.05,0.030320171007272023,0.01400130573209335
2003-04-01,29.48,27.94,-0.05478109908471662,-0.003929278139889636
2003-04-02,28.55,26.29,-0.03205513121911663,-0.06087071508702602
2003-04-03,29.05,26.75,0.017361547195901217,0.01734583460022554
2003-04-04,28.41,25.62,-0.022277287431824,-0.04316117687342702
2003-04-07,27.76,25.27,-0.023145060227492742,-0.013755375068485787
2003-04-08,27.97,24.88,0.007536371575264766,-0.015553653529123856
2003-04-09,28.93,25.11,0.03374661177417515,0.009201905298514834
2003-04-10,27.2,25.16,-0.061662145686092185,0.0019892586627463515
2003-04-11,28.28,24.39,0.038937867726420716,-0.031082219604411154
2003-04-14,28.41,24.72,0.0045863548377242935,0.013439420361661014
2003-04-15,29.46,24.74,0.03629221516838799,8.087343748521825e-4
2003-04-16,29.16,24.86,-0.010235503894027165,0.004838719118223089
2003-04-17,30.1,25.36,0.0317272646143727,0.019913043486460058
2003-04-21,30.76,25.76,0.02168997288261343,0.015649771667127776
2003-04-22,29.92,25.72,-0.027687991531166745,-0.001554001866734378
2003-04-23,28.04,24.56,-0.0648950909398871,-0.04614979609047687
2003-04-24,27.52,24.06,-0.018719049101246554,-0.020568392732408736
2003-04-25,25.92,24.29,-0.0598981415810691,0.009514032467548006
2003-04-28,25.25,23.42,-0.026188715762704984,-0.03647438484450971
2003-04-29,25.32,23.23,0.0027684415546067598,-0.008145811387253232
2003-04-30,26.09,23.6,0.02995750187266122,0.015802165249246602
2003-05-01,26.05,23.79,-0.0015343309492608093,0.008018612283301696
2003-05-02,25.74,23.73,-0.011971566031395486,-0.002525253867194266
2003-05-05,26.43,23.59,0.02645352644821708,-0.005917177028088361
2003-05-06,25.65,23.91,-0.029956156999419115,0.013473888050649752
2003-05-07,26.24,24.01,0.022741392459109555,0.004173628762928594
2003-05-08,26.94,24.48,0.02632720690633006,0.019386047410963503
2003-05-09,27.65,25.55,0.026013556986125508,0.042780859005588034
2003-05-12,27.34,25.69,-0.011274896672540002,0.005464494472078751
2003-05-13,28.51,25.45,0.04190407162877685,-0.00938606812526066
2003-05-14,29.21,25.98,0.02425621347506901,0.020611268245921632
2003-05-15,28.57,26.77,-0.022153900156967943,0.029954846289808046
2003-05-16,29.07,27.18,0.017349498328103063,0.015199551190736127
2003-05-19,28.84,27.23,-0.007943402154036328,0.0018378979626709757
2003-05-20,29.29,26.69,0.015482848422893714,-0.020030343269235473
2003-05-21,29.51,27.58,0.007483028115206292,0.03280190894872259
2003-05-22,29.09,27.32,-0.014334716447737872,-0.009471837662566429
2003-05-23,29.74,27.14,0.022098468524898607,-0.006610380295866136
2003-05-27,29.24,26.55,-0.016955306150431504,-0.021978906718775004
2003-05-28,28.46,26.48,-0.027038042219871272,-0.002640016619140706
2003-05-29,29.15,26.39,0.023955320134795066,-0.003404580553574732
2003-05-30,29.56,26.58,0.013967183283499551,0.007173902769866736
2003-06-02,30.72,27.56,0.0384918121994704,0.03620639286035843
2003-06-03,30.78,27.99,0.0019512201312616995,0.01548185738190444
2003-06-04,29.81,27.49,-0.032021220720753085,-0.01802500135020768
2003-06-05,30.84,28.16,0.033968641005148736,0.024080229112687146
2003-06-06,31.26,28.38,0.01352677629820187,0.007782140442055052
2003-06-09,31.36,28.62,0.003193870488876538,0.008421102396408031
2003-06-10,31.72,28.44,0.01141420128444004,-0.00630916919326463
2003-06-11,32.17,28.97,0.014086944484287933,0.018464206846219078
2003-06-12,31.41,28.48,-0.023908027700379808,-0.017058725237484307
2003-06-13,30.63,27.39,-0.025146392705871268,-0.039024103268788135
2003-06-16,31.14,27.5,0.01651324556116851,0.0040080213975390855
2003-06-17,31.08,27.14,-0.0019286409064056542,-0.0131773502658028
2003-06-18,30.28,26.43,-0.026077096930198884,-0.02650892579052533
2003-06-19,29.86,26.21,-0.013967636458203536,-0.008358711280882503
2003-06-20,30.63,27.13,0.025460128733639564,0.03449910933552536
2003-06-23,30.22,27.13,-0.013475964000090546,0
2003-06-24,30.05,26.96,-0.005641295863376694,-0.006285840626734096
2003-06-25,31.65,27.34,0.05187548760896865,0.013996545251697246
2003-06-26,28.97,27.06,-0.08847733680892622,-0.010294208553161877
2003-06-27,29.18,27.45,0.0072227313133805815,0.014309545212897845
2003-06-30,30.15,28.88,0.03270138007855472,0.05078314606908574
2003-07-01,30.41,28.33,0.008586578516078802,-0.019228000182200056
2003-07-02,30.29,28.2,-0.003953876650127253,-0.004599335898357371
2003-07-03,30.39,28.63,0.0032959818895559323,0.015133141165955877
2003-07-07,30.08,27.23,-0.010253107847062903,-0.050135812424355386
2003-07-08,30.32,27.95,0.00794706169253212,0.026097892915439846
2003-07-09,30.87,28.21,0.01797727773989699,0.009259325412796837
2003-07-10,31.04,29.37,0.005491856800949879,0.04029722019662385
2003-07-11,31.33,29.36,0.009299409649082158,-3.4054146421436116e-4
2003-07-14,31.2,28.52,-0.004158010148663571,-0.029027608200219213
2003-07-15,31.6,28.87,0.012739025777429802,0.012197398128748205
2003-07-16,31.2,28.51,-0.012739025777429802,-0.012548090750263086
2003-07-17,31.44,28.59,0.007662872745569427,0.0028021034096399333
2003-07-18,31.96,29.2,0.016404153337068017,0.02111170294001541
2003-07-21,31.67,28.01,-0.009115260347525744,-0.04160712000221878
2003-07-22,30.2,28.4,-0.047527936169724505,0.013827555895143284
2003-07-23,30.13,27.67,-0.0023205712386138444,-0.02604035136832561
2003-07-24,30.72,27.73,0.019392555137261347,0.0021660658288520374
2003-07-25,30.31,28.3,-0.013436217209759516,0.020346945021505025
2003-07-28,29.98,27.71,-0.010947198395260038,-0.021068445774304667
2003-07-29,30.21,28.27,0.007642502724128697,0.020007812830611815
2003-07-30,30.69,28.31,0.015763873233064274,0.0014139274183091466
2003-07-31,30.56,28.68,-0.004244904333325028,0.012984916607611474
2003-08-01,32.23,29.63,0.053205731529026856,0.032587345854054206
2003-08-04,31.8,29.91,-0.01343140604121551,0.009405511056383098
2003-08-05,32.34,30.37,0.01683856436282971,0.015262406415800456
2003-08-06,31.77,30.01,-0.01778240586753599,-0.011924619605381714
2003-08-07,32.41,30.06,0.019944568872031,0.0016647248725529806
2003-08-08,32.23,30.59,-0.005569321326109211,0.017477773837983435
2003-08-11,31.91,30.05,-0.009978255537194336,-0.01781049718159533
2003-08-12,31.91,30.13,0,0.002658692160993237
2003-08-13,30.85,29.66,-0.03378268993875544,-0.015722016432424102
2003-08-14,30.85,28.96,0,-0.023883769192269977
2003-08-15,31.01,29.18,0.005172982760961009,0.007567975577123853
2003-08-18,30.81,29.88,-0.006470420503781327,0.023705817169976662
2003-08-19,30.76,29.18,-0.0016241679711330725,-0.023705817169976662
2003-08-20,30.96,29.28,0.006480904084082972,0.003421145998470987
2003-08-21,31.78,29.95,0.02614111238704364,0.022624635468347698
2003-08-22,31.64,30.22,-0.004415018209116717,0.008974632283134998
2003-08-25,31.43,29.98,-0.006659292089977065,-0.007973464170141664
2003-08-26,32.01,30.08,0.018285503172295492,0.0033300064071872804
2003-08-27,31.18,30.05,-0.026271490352141047,-9.978381004223102e-4
2003-08-28,31.41,30.1,0.007349449920924567,0.001662510773613235
2003-08-29,31.76,30.38,0.011081322828379925,0.009259325412796837
2003-09-02,29.57,28.08,-0.07144730251454945,-0.07872691801001652
2003-09-03,29.43,27.89,-0.0047457716190044685,-0.006789377518212625
2003-09-04,28.87,27.49,-0.01921156857053763,-0.014445899462243172
2003-09-05,28.93,27.72,0.0020761253132000057,0.00833187214454778
2003-09-08,28.85,28.47,-0.0027691260339350876,0.0266967269682441
2003-09-09,29.22,27.64,0.012743413368444756,-0.02958690239047712
2003-09-10,29.41,27.76,0.006481346243350394,0.004332136739134462
2003-09-11,28.86,27.48,-0.01887819922017897,-0.01013766828445517
2003-09-12,28.26,26.52,-0.021009176089343384,-0.035559302036486606
2003-09-15,28.15,26.38,-0.003900022670682013,-0.005293018028493357
2003-09-16,27.6,26.28,-0.019731581862594716,-0.0037979536727585916
2003-09-17,27,25.76,-0.02197890671877545,-0.019985292380257036
2003-09-18,27.26,25.56,0.009583560264057489,-0.007794271726818902
2003-09-19,26.93,25.51,-0.012179519444879272,-0.001958097355613919
2003-09-22,26.97,25.82,0.0014842303281312752,0.012078853264776424
2003-09-23,27,25.74,0.0011117288526905078,-0.0031031832505159507
2003-09-24,28.19,26.81,0.04313043912169201,0.04072875007988719
2003-09-25,28.29,27.04,0.0035410801874546927,0.008542298926895509
2003-09-26,28.21,27.02,-0.002831860299570721,-7.39918642710613e-4
2003-09-29,28.35,27.77,0.004950505159856178,0.027378968786655467
2003-09-30,29.19,28.09,0.029199154692262308,0.01145733979744401
2003-10-01,29.43,27.98,0.008188377379357625,-0.003923671878816926
2003-10-02,29.83,28.9,0.013500036281275829,0.03235162588105123
2003-10-03,30.37,29.14,0.017940680531000286,0.008270205648672313
2003-10-06,30.4,29.75,9.87329354518618e-4,0.020717331224580082
2003-10-07,30.48,29.35,0.0026281224062696396,-0.013536585717533356
2003-10-08,29.6,28.96,-0.02929636948843095,-0.013376978756589608
2003-10-09,30.97,30.21,0.045244632655096595,0.04225742788106457
2003-10-10,32.01,31.13,0.03302935999666046,0.029998989054936143
2003-10-13,31.91,31,-0.003128913691619495,-0.0041847799683703
2003-10-14,31.68,31.45,-0.007233873343927222,0.014411778661303387
2003-10-15,31.74,31.23,0.0018921481520379757,-0.0070198118514626096
2003-10-16,31.51,31.05,-0.007272759329079559,-0.005780362915499104
2003-10-17,30.61,30.27,-0.028978202811862364,-0.025441685345860776
2003-10-20,30.37,29.78,-0.007871473899663695,-0.016320095777764276
2003-10-21,30.19,29.61,-0.00594453533891004,-0.005724885142362801
2003-10-22,30,29.25,-0.006313362056591831,-0.012232568435634583
2003-10-23,30.31,29.63,0.01028030940755631,0.01290778790760827
2003-10-24,29.99,30.01,-0.010613698308794106,0.01274329786680184
2003-10-27,29.95,29.38,-0.0013346681994592657,-0.021216488706544467
2003-10-28,29.57,28.99,-0.012768990697072713,-0.013363227812166922
2003-10-29,28.95,28.56,-0.021190129845381378,-0.01494380546218066
2003-10-30,28.67,27.47,-0.00971892412372588,-0.03891263736420125
2003-10-31,29.24,27.88,0.019686354986299115,0.014815085785140791
2003-11-03,28.81,27.78,-0.014815085785140347,-0.0035932485661254177
2003-11-04,28.86,27.32,0.0017340042492874908,-0.01669730262360858
2003-11-05,30.29,27.9,0.0483610716934213,0.021007654124730823
2003-11-06,30.25,28.52,-0.0013214405622954395,0.02197890671877545
2003-11-07,30.73,28.73,0.01574319166554261,0.007336277445102901
2003-11-10,31.01,28.82,0.00907035696996461,0.0031277175801776025
2003-11-11,31.21,28.88,0.006428823170330222,0.0020797234532494713
2003-11-12,31.37,28.58,0.0051134659198988075,-0.010442141522903903
2003-11-13,31.89,29.01,0.01644045881937961,0.01493342563159139
2003-11-14,32.31,29.78,0.013084298814440398,0.026196429122550047
2003-11-17,31.75,28.98,-0.01748405449770596,-0.027231090363326604
2003-11-18,33.16,29.26,0.043451604928393284,0.009615458699442136
2003-11-19,32.84,30.13,-0.009697045682866445,0.029299957550231515
2003-11-20,32.87,29.88,9.131030919000693e-4,-0.008331992877593564
2003-11-21,32.26,29.79,-0.018732314979065023,-0.003016593539425294
2003-11-24,29.99,27.99,-0.07296407993614507,-0.062325463197828945
2003-11-25,30.02,27.62,9.99833444398135e-4,-0.013307155546216087
2003-11-26,30.33,28.23,0.010273495495173979,0.021845094284251854
2003-12-01,29.89,28.17,-0.014613345404643319,-0.002127660377116758
2003-12-02,30.74,29.1,0.028040761814603243,0.03248059228916578
2003-12-03,30.61,29.26,-0.004237985153128676,0.005483221414531503
2003-12-04,31.24,29.25,0.020372572014164092,-3.418219141129164e-4
2003-12-05,30.68,28.87,-0.018088348472429683,-0.01307658000302192
2003-12-08,32.08,30.52,0.04462180649925829,0.055579212741412753
2003-12-09,31.72,30.27,-0.011285386231666639,-0.008225083382629172
2003-12-10,31.92,30.02,0.006285375814961025,-0.00829329682831137
2003-12-11,32.01,29.79,0.0028155814001635804,-0.007691059480124718
2003-12-12,33.06,30.24,0.032275738411106314,0.014992784586141283
2003-12-15,33.17,30.89,0.0033217605660831317,0.021266955619157812
2003-12-16,32.94,30.64,-0.006958128209467063,-0.008126162058099684
2003-12-17,33.36,31.01,0.012669852741051812,0.012003388239967272
2003-12-18,33.72,30.79,0.01073355564310896,-0.0071197711759487525
2003-12-19,32.81,31.03,-0.027357786160644437,0.007764516523879994
2003-12-22,31.71,28.78,-0.034101258422754466,-0.07527377700106719
2003-12-23,32.03,28.3,0.010040875070810973,-0.016818896810030015
2003-12-24,32.99,29.45,0.029531521619423184,0.039832105448403876
2003-12-29,32.51,29.17,-0.01465675092467622,-0.00955312621796578
2003-12-30,33.01,30.1,0.015262811549287658,0.03138438787520004
2003-12-31,32.51,30.3,-0.015262811549287658,0.006622540760493401
2004-01-05,33.71,32.3,0.0362467949301557,0.06391951771328763
2004-01-06,33.54,31.2,-0.005055772850906859,-0.03464913541317438
2004-01-07,33.57,30.99,8.940545968809666e-4,-0.006753523015779805
2004-01-08,34.27,31.11,0.020637524894573822,0.003864739109888937
2004-01-09,34.38,31.91,0.0032046640681859806,0.025390129380606474
2004-01-12,34.92,31.41,0.015584731016697884,-0.015793126739596985
2004-01-13,34.26,32.55,-0.01908123807542772,0.03565105510402278
2004-01-14,34.62,31.84,0.010453056852089304,-0.022054007678395937
2004-01-15,33.61,31.43,-0.02960790801104851,-0.012960510166705852
2004-01-16,35.16,31.26,0.04508543107996177,-0.005423525816145691
2004-01-20,36.21,32.26,0.029426250960573608,0.03148874770373222
2004-01-21,35.53,31.95,-0.018957913744614086,-0.009655891873519007
2004-01-22,35.12,31.42,-0.011606641266019846,-0.01672754799606846
2004-01-23,34.94,32.08,-0.005138464061005266,0.02078815017083846
2004-01-26,34.41,31.15,-0.015285084896521806,-0.029418537764851482
2004-01-27,33.99,31.05,-0.01228085610136409,-0.003215436853974296
2004-01-28,33.63,30.77,-0.010647837955846562,-0.009058619045537508
2004-01-29,32.86,29.47,-0.023162413143056337,-0.04316739258434721
2004-01-30,33.16,29.53,0.009088217657972297,0.0020338990062280793
2004-02-02,34.02,30.3,0.025604256700621608,0.02574101675949203
2004-02-03,34.2,30.07,0.005277057100844029,-0.0076197155148856055
2004-02-04,33.06,29.63,-0.03390155167568176,-0.014740635414963954
2004-02-05,33.26,29.02,0.00603138137190351,-0.020802114129431892
2004-02-06,32.49,29.26,-0.02342312408377234,0.008236148135936538
2004-02-09,32.91,29.1,0.012844213274239458,-0.005483221414531503
2004-02-10,34.03,30.06,0.03346592555756578,0.032457210147381677
2004-02-11,33.93,30.33,-0.002942909716675768,0.00894193737566118
2004-02-12,34.03,30.17,0.002942909716675768,-0.0052892685295198305
2004-02-13,34.51,30.96,0.014006648597097549,0.02584799555055639
2004-02-17,35.13,31.43,0.017806329167823876,0.01506680208794986
2004-02-18,35.42,31.57,0.008221166076951558,0.004444451760424073
2004-02-19,35.81,31.63,0.01095055165565384,0.001898734747657116
2004-02-20,35.8,31.22,-2.7929060368681036e-4,-0.01304712223027149
2004-02-23,35.75,31.89,-0.0013976242666378091,0.02123356593468051
2004-02-24,35.85,31.6,0.0027932979056126683,-0.009135360429100015
2004-02-25,37.28,32.46,0.03911342277176111,0.026851441493578765
2004-02-26,35.45,32.45,-0.050333736839253795,-3.081189363460801e-4
2004-02-27,36.08,32.94,0.017615442216286414,0.014987281599394997
2004-03-01,36.85,33.34,0.02111692344092253,0.012070152573154136
2004-03-02,36.6,34.15,-0.006807378228025129,0.02400470869415061
2004-03-03,35.8,33.32,-0.022100347000665987,-0.024604768718156755
2004-03-04,36.81,33.45,0.027821653984275496,0.003893969275595488
2004-03-05,37.31,34.4,0.013491839842136422,0.028004777805115122
2004-03-08,36.53,34.27,-0.02112754642587511,-0.003786228492835164
2004-03-09,36.29,33.72,-0.006591619582212438,-0.016179202752862665
2004-03-10,36.21,32.83,-0.002206897447428968,-0.026748401620153572
2004-03-11,36.95,33.22,0.020230323616661217,0.011809372671647722
2004-03-12,36.21,32.76,-0.020230323616661217,-0.013943845200280247
2004-03-15,37.44,34.39,0.03340432783184122,0.04855756545930623
2004-03-16,37.36,34.72,-0.00213903824874917,0.009550065347974535
2004-03-17,38.21,34.95,0.02249664809816654,0.006602578887669797
2004-03-18,37.81,34.43,-0.0105236435559668,-0.01499019132938706
2004-03-19,38.09,34.33,0.007378162587670989,-0.0029086698808318268
2004-03-22,37.12,33.57,-0.025795872572512923,-0.022386796477656734
2004-03-23,37.81,34.4,0.018417709984841935,0.024423753387408986
2004-03-24,37.06,34.14,-0.020035397045627956,-0.007586847013058229
2004-03-25,35.67,33.32,-0.03822822148641336,-0.02431190006765238
2004-03-26,35.61,32.51,-0.0016835020811138968,-0.024610082982828185
2004-03-29,35.41,32.04,-0.005632231165874302,-0.014562612115655238
2004-03-30,36.15,33.04,0.02068268248096139,0.030733826452618462
2004-03-31,35.75,32.29,-0.011126679464756872,-0.0229613638825934
2004-04-01,34.47,32.59,-0.03646088861124275,0.00924790807928666
2004-04-02,34.39,31.19,-0.002323556084598888,-0.04390796222975846
2004-04-05,34.29,31.17,-0.002912057969346016,-6.414368404663584e-4
2004-04-06,35.09,31.48,0.023062423120294717,0.009896329769957024
2004-04-07,36.28,33.07,0.03335043565181239,0.049274103444498785
2004-04-08,37.14,33.98,0.02342793067762372,0.0271455892500847
2004-04-12,37.79,34.51,0.01734996143683798,0.015477020866125901
2004-04-13,37.09,34.15,-0.018697125859898467,-0.010486551093113139
2004-04-14,36.62,33.54,-0.012752852255134783,-0.018023829621736098
2004-04-15,37.74,33.72,0.03012600069403959,0.005352376738592124
2004-04-16,37.7,33.85,-0.0010604454864391322,0.0038478662246292927
2004-04-19,37.46,34.71,-0.006386397438022495,0.025088830515410887
2004-04-20,37.61,33.56,0.003996275466302546,-0.033692948274689716
2004-04-21,36.61,33.23,-0.02694854535010016,-0.00988179923250243
2004-04-22,37.7,33.24,0.02933866732182011,3.008876207446498e-4
2004-04-23,37.22,33.78,-0.012813843239860123,0.016114941392406656
2004-04-26,37.02,34.18,-0.005387944068753203,0.011771766307790532
2004-04-27,37.49,34.11,0.012615923602468992,-0.0020500812568902127
2004-04-28,37.23,35.02,-0.006959342863195328,0.02632873042715156
2004-04-29,37.5,34.66,0.007226045091739852,-0.010333042570246143
2004-04-30,37.31,35.23,-0.00507954574329883,0.016311708065686048
2004-05-03,38.26,34.97,0.025143576779040444,-0.007407441277861526
2004-05-04,38.86,36.07,0.015560479937187122,0.0309709438401633
2004-05-05,39.69,36.58,0.021133822845679884,0.014040148047271828
2004-05-06,39.41,37.05,-0.007079675588061551,0.012766708779376135
2004-05-07,39.98,37.25,0.014359737865341504,0.005383593083472693
2004-05-10,38.9,35.83,-0.027385078447853317,-0.03886641350870601
2004-05-11,40.3,36.97,0.035357218328236684,0.03132124163167793
2004-05-12,40.3,37.95,0,0.02616273089309873
2004-05-13,40.94,38.3,0.015756111280506246,0.009180392344961152
2004-05-14,41.42,39.04,0.011656275734294841,0.019136865358291733
2004-05-17,41.53,38.88,0.002652201675223953,-0.00410678195265346
2004-05-18,40.32,38.43,-0.029568433879548994,-0.011641575015485905
2004-05-19,41.61,38.35,0.031492899231736704,-0.0020838767634874245
2004-05-20,40.92,38.89,-0.01672158191142392,0.013982620354390907
2004-05-21,39.83,37.6,-0.026998543889872995,-0.03373309777180733
2004-05-24,42.03,39.22,0.0537632518234723,0.04218277037235163
2004-05-25,41.45,38.46,-0.013895767435721407,-0.019568080607566873
2004-05-26,40.6,38.05,-0.020719814973616746,-0.010717655852938712
2004-05-27,39.25,37.03,-0.033816622379269745,-0.02717268938217332
2004-05-28,39.9,37,0.01642487966740047,-8.10482281297098e-4
2004-06-01,42.33,39.05,0.05911973063701437,0.05392496364147048
2004-06-02,39.96,37.99,-0.05761710075247928,-0.02751990908616042
2004-06-03,39.29,36.26,-0.01690892020998458,-0.046607761872829556
2004-06-04,38.44,35.97,-0.021871449468276793,-0.008029947619172528
2004-06-07,38.72,35.57,0.007257678306284543,-0.01118267174716836
2004-06-08,37.18,35.47,-0.04058528011507834,-0.0028153171748335204
2004-06-09,37.6,34.69,0.01123306810255098,-0.02223580780387202
2004-06-10,38.45,35.75,0.022354645555804353,0.030098808158358192
2004-06-14,37.58,35.22,-0.02288670196633369,-0.014936166071956691
2004-06-15,37.18,34.66,-0.010701011692021645,-0.0160278187806
2004-06-16,37.33,34.56,0.004026310633194807,-0.002889340351604819
2004-06-17,38.51,35.58,0.031120654900325118,0.029086738301833837
2004-06-18,38.68,35.43,0.00440472275827597,-0.0042247633603085255
2004-06-21,37.69,34.82,-0.02592786330604957,-0.017366984537337427
2004-06-22,38.11,34.95,0.011081907606724783,0.0037265343397763218
2004-06-23,37.56,34.81,-0.01453706054570647,-0.004013766856471701
2004-06-24,37.81,34.71,0.006633963562779233,-0.002876871949652582
2004-06-25,37.34,34.25,-0.01250847978926517,-0.013341265165460747
2004-06-28,36.25,33.24,-0.02962575681289259,-0.02993259472098675
2004-06-29,35.6,32.61,-0.018093743442698873,-0.019134980186019668
2004-06-30,36.92,33.22,0.03640777177666665,0.018533114383921134
2004-07-01,38.56,35.58,0.04346206010769338,0.06863157805253994
2004-07-02,38.37,35.36,-0.004939565483483843,-0.006202444468246249
2004-07-06,39.56,36.47,0.03054260249565033,0.030908767051146313
2004-07-07,39.18,35.62,-0.00965209423811686,-0.023582726959073597
2004-07-08,40.27,37.13,0.02744036234696834,0.041517990327473164
2004-07-09,39.9,37.58,-0.009230450967545156,0.012046725796330815
2004-07-12,39.3,37.73,-0.015151805020602538,0.0039835399908998426
2004-07-13,39.55,36.68,0.006341175338447691,-0.02822388658795516
2004-07-14,40.98,37.51,0.035518448597090746,0.02237591670553174
2004-07-15,40.7,38.41,-0.006856050362204158,0.023710278264017504
2004-07-16,41.1,38.49,0.009780029053639616,0.0020806249378413355
2004-07-19,41.55,39.07,0.010889399799268062,0.014956441771324602
2004-07-20,40.86,38.96,-0.01674593191198115,-0.0028194302926447534
2004-07-21,40.63,38.48,-0.005644879389840707,-0.01239685297682902
2004-07-22,41.51,39.16,0.021427652065312053,0.01751719186480427
2004-07-23,41.82,39.59,0.007440331935540279,0.010920743455729465
2004-07-26,41.45,39.75,-0.008886812419183876,0.004033279982301519
2004-07-27,41.83,40.09,0.00912590387280332,0.008517085554074821
2004-07-28,42.81,41.08,0.023157934702747518,0.024394458405941677
2004-07-29,42.69,40.93,-0.002807019386984244,-0.003658094556045821
2004-07-30,43.72,41.47,0.02384096253846746,0.01310698375397834
2004-08-02,43.83,41.35,0.0025128511223799777,-0.00289785278858945
2004-08-03,44.13,41.82,0.0068213088507378394,0.011302272530787416
2004-08-04,42.73,41.75,-0.03223857362552218,-0.00167524270362307
2004-08-05,44.39,42.49,0.03811296919001039,0.017569302829855804
2004-08-06,43.95,42.63,-0.009961594714757993,0.0032894766503983597
2004-08-09,44.86,43.21,0.020493904960876108,0.01351371916672317
2004-08-10,44.51,42.5,-0.00783264606429901,-0.016567874013470707
2004-08-11,44.72,42.45,0.004706945819080488,-0.0011771631730148613
2004-08-12,45.52,43.5,0.017730960971232168,0.024434025337281895
2004-08-13,46.61,44.13,0.02366332056657372,0.014378885186817403
2004-08-16,46.02,44.35,-0.012739025777429358,0.00497288547413266
2004-08-17,46.75,44.05,0.015738171127475997,-0.006787356373399778
2004-08-18,47.36,44.12,0.012963734841054286,0.0015878420031132379
2004-08-19,48.66,44.84,0.02707934677962598,0.016187403818657575
2004-08-20,47.6,45.46,-0.022024576118001793,0.013732220220437963
2004-08-23,46,44.39,-0.03419136474827944,-0.023818599578453448
2004-08-24,45.68,42.99,-0.0069808311413401825,-0.032046688337753704
2004-08-25,43.83,42.39,-0.04134205091703702,-0.014055045143644307
2004-08-26,43.06,40.65,-0.01772402249450078,-0.04191364937072617
2004-08-27,43.11,40.72,0.0011604968228260404,0.0017205362484475906
2004-08-30,42.32,40.78,-0.01849520120899939,0.001472392904041886
2004-08-31,42.23,39.8,-0.002128918604191732,-0.024324852855917456
2004-09-01,43.89,40.96,0.03855563475429058,0.02872906844086076
2004-09-02,44.04,42.39,0.0034118081543366152,0.03431650463329339
2004-09-03,43.94,41.07,-0.0022732448980149478,-0.031634557396078566
2004-09-07,43.18,40.19,-0.017447641869802855,-0.02165971950735779
2004-09-08,42.77,39.91,-0.009540502847844134,-0.006991289400467338
2004-09-09,44.53,41.45,0.04032619709479368,0.03786096252066162
2004-09-10,42.84,41.03,-0.03869087375406277,-0.010184375127209044
2004-09-13,43.86,40.63,0.023530497410193973,-0.009796796454459411
2004-09-14,44.62,41.34,0.017179446014644384,0.01732384425398692
2004-09-15,43.83,42.03,-0.017863674573668664,0.016553094763402942
2004-09-16,44.03,40.68,0.00455270533694474,-0.03264707783666587
2004-09-17,45.63,43.08,0.035694175171648634,0.05732228110782822
2004-09-20,46.33,43.6,0.015224304489245721,0.011998298066801194
2004-09-21,47.11,44.56,0.016695593283392984,0.021779445264039854
2004-09-22,48.41,45.66,0.027221111239652984,0.024386045482620577
2004-09-23,48.37,46.53,-8.266171167110592e-4,0.018874624754908087
2004-09-24,48.86,46.13,0.010079278994702623,-0.008633768286828047
2004-09-27,49.56,46.87,0.014224990931347214,0.015914314364885662
2004-09-28,49.76,47.52,0.00402739166998245,0.013772863119774659
2004-09-29,49.53,46.54,-0.0046329018307780245,-0.020838517180243876
2004-09-30,49.56,47.76,6.055101607955748e-4,0.025876311210200953
2004-10-01,50.16,46.86,0.012033839563723614,-0.01902403600469693
2004-10-04,49.85,46.99,-0.006199399916817949,0.00277038003507446
2004-10-05,51.08,47.1,0.024374534756490984,0.0023381879076480594
2004-10-06,51.98,47.95,0.017465998049005727,0.017885800307074984
2004-10-07,52.56,48.98,0.011096344963010818,0.02125325019457458
2004-10-08,53.4,49.41,0.015855371789794237,0.008740781333636871
2004-10-11,53.65,50.75,0.0046707231105584945,0.026758785064238122
2004-10-12,53.49,51.28,-0.0029867485335488553,0.010389194690517911
2004-10-13,53.86,50.42,0.006893366840293957,-0.016912890852641027
2004-10-14,54.69,51.31,0.015292789975228427,0.01749774319409969
2004-10-15,54.89,51.02,0.0036503052031164884,-0.005667952240207885
2004-10-18,53.59,49.16,-0.023968699055038734,-0.03713742801583164
2004-10-19,53.28,49.21,-0.005801457274625221,0.001016570180052856
2004-10-20,54.93,50.78,0.030498621122394987,0.031405721398645614
2004-10-21,54.51,51.06,-0.0076754762783393105,0.005498835536805302
2004-10-22,55.83,52.28,0.023927188246079645,0.023612476942683536
2004-10-25,55.52,51.68,-0.005568043123719946,-0.011543029281674944
2004-10-26,56.37,52.04,0.01519378589493492,0.006941794169958104
2004-10-27,52.52,49.99,-0.07074305265888858,-0.040189668218825414
2004-10-28,50.95,48.88,-0.03034928976586171,-0.0224546705621389
2004-10-29,51.78,48.16,0.016159214654658083,-0.014839513862774378
2004-11-01,50.1,46.84,-0.032982966232572686,-0.027791262271049
2004-11-02,49.6,46.25,-0.010030174359937138,-0.012676074771082568
2004-11-03,50.9,46.14,0.02587208982559508,-0.0023812112128265284
2004-11-04,48.8,45.32,-0.042132610697375394,-0.017931816585802007
2004-11-05,49.65,44.37,0.017268077632079937,-0.02118487076898745
2004-11-08,49.1,44.78,-0.011139355690706676,0.009198045779790665
2004-11-09,47.4,43.27,-0.03523680609944391,-0.03430205693381527
2004-11-10,48.7,42.57,0.027056801387513207,-0.016309774396732646
2004-11-11,47.5,42.22,-0.024949319047948837,-0.008255737419886167
2004-11-12,47.3,41.33,-0.004219415542708216,-0.021305413896533842
2004-11-15,46.95,39.32,-0.0074270898436150645,-0.04985533324467495
2004-11-16,46.1,40.48,-0.018270255651669398,0.029074729700244273
2004-11-17,46.85,40.27,0.016138058681828493,-0.005201250115847156
2004-11-18,46.3,40.8,-0.011809047592242994,0.01307530654675304
2004-11-19,48.9,42.29,0.05463543538863824,0.03586857007428135
2004-11-22,48.48,42.26,-0.008626054719767406,-7.096392964869302e-4
2004-11-23,48.74,43.03,0.0053487064360013825,0.018056534662597823
2004-11-24,49.14,42.62,0.008173318895972503,-0.00957392018003711
2004-11-29,49.71,44.05,0.01153275301354828,0.033001725711717445
2004-11-30,49.16,44.23,-0.011125835408747342,0.004077939498046579
2004-12-01,45.56,41.19,-0.07605014611885252,-0.07120778343224599
2004-12-02,43.31,38.49,-0.05064658335244587,-0.06779704115233454
2004-12-03,42.56,38.57,-0.017468710193146553,0.0020763049244818532
2004-12-06,42.96,38.43,0.00935460516722042,-0.003636367643383931
2004-12-07,41.51,37.11,-0.034335088135661884,-0.034951929504246415
2004-12-08,41.96,36.9,0.010782421463149117,-0.0056749240260245415
2004-12-09,42.41,38.33,0.010667399958402601,0.03802132834598204
2004-12-10,40.71,37.24,-0.04091042097161157,-0.028849426983597493
2004-12-13,41.06,36.77,0.008560649075899818,-0.012701157095685645
2004-12-14,41.76,37.03,0.01690453198359565,0.007046099612340928
2004-12-15,44.21,41.53,0.057012064263768814,0.1146876627171407
2004-12-16,44.16,41.49,-0.0011316058693120468,-9.636232978853521e-4
2004-12-17,46.31,43.06,0.04753851852382063,0.03714205759144029
2004-12-20,45.57,42.67,-0.016108315216869062,-0.009098394736308357
2004-12-21,45.76,42.76,0.0041607417957512105,0.00210698895693584
2004-12-22,44.05,40.44,-0.038084994689354,-0.055783692004574004
2004-12-23,42.19,40.29,-0.04314212624594127,-0.0037160949490147033
2004-12-27,41.26,39.6,-0.022289718493141653,-0.017274180942821182
2004-12-28,41.78,40.24,0.012524248485314082,0.016032407531048953
2004-12-29,43.69,38.93,0.0447014868349247,-0.03309636416911932
2004-12-30,43.36,39.8,-0.0075818858319536275,0.022101750668027442
2005-01-04,43.96,40.75,0.013742772404029768,0.023588927396479775
2005-01-05,43.41,41,-0.012590300223918494,0.006116227017436415
2005-01-06,45.51,43.25,0.047242252717048405,0.05342516667358055
2005-01-07,45.32,43.28,-0.0041836458687449785,6.934011603374479e-4
2005-01-10,45.31,44.71,-2.2067748075871307e-4,0.03250655570766314
2005-01-11,45.66,43.45,0.0076948824226024115,-0.028586338534487776
2005-01-12,46.46,43.75,0.01736908624061373,0.00688076109222191
2005-01-13,48.11,45.76,0.03489832836909956,0.04491873426791937
2005-01-14,48.41,45.26,0.006216348240240421,-0.01098670686615133
2005-01-18,48.46,45.18,0.0010323114367767339,-0.0017691291655341779
2005-01-19,47.61,45.16,-0.01769589218195211,-4.427717583959101e-4
2005-01-20,47.01,44.06,-0.012682478170388478,-0.024659397907264236
2005-01-21,48.31,45.88,0.027278233530276363,0.04047695088697312
2005-01-24,48.61,45.74,0.006190692491048644,-0.0030561036665348595
2005-01-25,49.43,46.14,0.01672825626150365,0.008707064150972332
2005-01-26,48.8,45.94,-0.01282721445976609,-0.004344055484655218
2005-01-27,48.8,46.51,0,0.01233114597505347
2005-01-28,47.15,44.75,-0.03439630377963532,-0.038575898515141205
2005-01-31,48.25,44.51,0.02306181870552848,-0.005377561693101551
2005-02-01,47.1,45.12,-0.024122826762622562,0.013611724162040595
2005-02-02,46.65,44.17,-0.00960007372901961,-0.02127978158136834
2005-02-03,46.4,43.13,-0.0053734680611432495,-0.023827014948683445
2005-02-04,46.45,43.26,0.001077006027638383,0.003009609865160634
2005-02-07,45.35,42.7,-0.023966288698701987,-0.013029500290333562
2005-02-08,45.4,42.79,0.0011019284861566447,0.0021055101941467314
2005-02-09,45.45,42.49,0.001100715576185518,-0.007035676302005189
2005-02-10,47.05,44.04,0.03459804540790046,0.035829557727758754
2005-02-11,47.15,44.41,0.0021231430480779245,0.008366357449531403
2005-02-14,47.5,44.51,0.007395701961129042,0.002249213723752419
2005-02-15,47.3,44.91,-0.004219415542708216,0.008946604071883524
2005-02-16,48.35,45.42,0.021955926401416193,0.011292049577765972
2005-02-17,47.5,45.42,-0.017736510858707977,0
2005-02-18,48.45,45.86,0.019802627296179764,0.009640740752345778
2005-02-22,51,47.6,0.05129329438755059,0.037239483807616214
2005-02-23,51.73,48.16,0.014212251291097822,0.011696039763191113
2005-02-24,52.05,49.24,0.006166911045554446,0.022177500315687215
2005-02-25,52.2,50.05,0.00287769982761521,0.016316204444976723
2005-02-28,51.75,50.13,-0.008658062743114758,0.0015971255141824514
2005-03-01,51.67,50.47,-0.0015470898463849636,0.0067594690767589505
2005-03-02,53,51.05,0.025414571253028484,0.011426444258503476
2005-03-03,53.6,52.89,0.011257154524634494,0.035408740467214095
2005-03-04,53.7,52.1,0.0018639334380625705,-0.015049336318567086
2005-03-07,53.9,51.87,0.0037174764001322025,-0.004424360396012794
2005-03-08,54.55,53.29,0.011987234364128518,0.02700810794538233
2005-03-09,54.75,54.11,0.0036596564175304103,0.015270315345953023
2005-03-10,53.52,53.04,-0.02272195287663692,-0.019972665777037157
2005-03-11,54.4,53.15,0.016308738041923565,0.0020717589103500522
2005-03-14,54.9,53.68,0.009149194653587767,0.009922387875469507
2005-03-15,55.05,53.97,0.0027285146532047833,0.0053878439671248834
2005-03-16,56.5,54.61,0.025998774983706063,0.011788679533510926
2005-03-17,56.4,56.03,-0.0017714796483820905,0.025670245413130566
2005-03-18,56.8,55.97,0.007067167223092419,-0.0010714286739244017
2005-03-21,56.7,55.79,-0.0017621149933990665,-0.0032211910458315174
2005-03-22,55.95,55.39,-0.013315775975772048,-0.007195569812424196
2005-03-23,49.43,51.52,-0.1239009074390669,-0.07242899024891436
2005-03-24,49.7,52.35,0.005447405783715276,0.015981855520447397
2005-03-28,54.06,51.75,0.08408960774571872,-0.011527505171067265
2005-03-29,54.26,51.42,0.0036927663824837254,-0.006397230307734869
2005-03-30,53.96,50.63,-0.005544275891230299,-0.01548291585592576
2005-03-31,55.31,53.22,0.02471069266703152,0.04988997956772545
2005-04-01,57.26,54.14,0.03464857566338253,0.017139018636612047
2005-04-04,56.86,55.92,-0.007010193447115398,0.03234881373939924
2005-04-05,55.83,54.53,-0.018280746900584788,-0.025171088987584245
2005-04-06,55.88,54.08,8.951750664918379e-4,-0.008286577203261647
2005-04-07,54.16,52.57,-0.031263905784741475,-0.02831881690335214
2005-04-08,53.46,51.83,-0.01300891789324643,-0.014176482629741471
2005-04-11,53.71,51.21,0.0046654932065952615,-0.012034306727155997
2005-04-12,51.54,51.53,-0.04124099869314923,0.00622933686567384
2005-04-13,50.21,49.67,-0.026143995177605017,-0.03676303322087371
2005-04-14,51.11,50.21,0.017765962733574003,0.010813080927354779
2005-04-15,50.61,49.52,-0.009830987554201531,-0.01383758167027338
2005-04-18,50.52,48.58,-0.0017798877436958627,-0.019164704802314247
2005-04-19,52.33,50.79,0.03520052290182596,0.04448756123912734
2005-04-20,52.45,51.53,0.0022905144581897297,0.01446467752697922
2005-04-21,52.49,51.73,7.623404219021523e-4,0.0038737216752906534
2005-04-22,54.16,53.51,0.03131995333981097,0.03383066830778958
2005-04-25,53.16,53.1,-0.018636394758974717,-0.0076916240753197584
2005-04-26,54.33,52.47,0.02177032671838708,-0.011935350549272972
2005-04-27,51.37,51.29,-0.056022216084255394,-0.022745776297443232
2005-04-28,51.92,50.74,0.010649727916658414,-0.01078124723004148
2005-04-29,49.2,50.61,-0.05381044889757236,-0.002565368945149249
2005-05-02,50.94,50.89,0.03475484605304846,0.0055172553747548925
2005-05-03,49.6,49.48,-0.026657635820428904,-0.028097893076454383
2005-05-04,50.22,50.36,0.012422519998557036,0.01762866165185928
2005-05-05,51.12,49.81,0.017762456339840416,-0.010981442090954197
2005-05-06,51.3,49.7,0.0035149421074445186,-0.0022108339826090173
2005-05-09,52.04,49.71,0.014321901467580389,2.0118700399818223e-4
2005-05-10,51.76,50.61,-0.005395003451659441,0.017943065119405244
2005-05-11,50.39,48.91,-0.026824907500138107,-0.034167310674720675
2005-05-12,48.83,47.4,-0.03144786461893778,-0.03135964585023476
2005-05-13,48.65,46.85,-0.003693069441554897,-0.011671220016599815
2005-05-16,48.64,46.42,-2.0557097410245362e-4,-0.009220607838140271
2005-05-17,48.97,47.31,0.006761628056314528,0.018991288796765815
2005-05-18,46.99,47.35,-0.04127305259950198,8.451299890306352e-4
2005-05-19,47,46.92,2.1278859533424566e-4,-0.009122795846812526
2005-05-20,47.25,46.91,0.005305052229693352,-2.1315144490818838e-4
2005-05-23,48.68,47.28,0.029815614179574457,0.007856500757476237
2005-05-24,49.14,47.29,0.009405098973706671,2.114835579414276e-4
2005-05-25,50.37,49.24,0.02472239266452636,0.04040744466046853
2005-05-26,50.89,49.71,0.010270680843182056,0.009499818790328352
2005-05-27,51.65,49.42,0.0148237549649064,-0.0058509195461171615
2005-05-31,52.08,49.3,0.008290802334665948,-0.002431119511819624
2005-06-01,54.4,50.46,0.04358315596158313,0.023256862164267478
2005-06-02,53.46,51.3,-0.017430443151123853,0.016509808963812045
2005-06-03,55.08,51.9,0.029852963149681333,0.011628037995119023
2005-06-06,54.46,52.61,-0.01132018661484091,0.013587425570873002
2005-06-07,53.84,51.62,-0.011449801909141133,-0.01899702145224813
2005-06-08,52.51,51.92,-0.025013057686704254,0.005794878105366941
2005-06-09,54.36,51.36,0.034624961633174856,-0.010844413014129195
2005-06-10,53.55,51.98,-0.015012792389184959,0.011999369831638518
2005-06-13,55.47,52,0.035226537173385086,3.846893680834462e-4
2005-06-14,55.03,53.52,-0.007963842995475368,0.028811697238545708
2005-06-15,55.53,54.12,0.009044924181848657,0.01114838748261393
2005-06-16,56.48,54.3,0.016963177931470064,0.003320423637302561
2005-06-17,58.4,56.92,0.03342929664919492,0.04712254628176149
2005-06-20,59.19,57.1,0.013436718868452324,0.003157343440313376
2005-06-21,58.9,57.36,-0.004911518045092933,0.0045430796293999265
2005-06-22,58.27,56.06,-0.010753709502557385,-0.022924650554722703
2005-06-23,59.23,57.03,0.016340789133890254,0.017154899431806037
2005-06-24,59.63,57.21,0.006730632846140949,0.003151263111989877
2005-06-27,59.78,58.5,0.002512353720777405,0.02229804595737317
2005-06-28,58.32,57.75,-0.02472606915538922,-0.012903404835907573
2005-06-29,57.23,55.42,-0.018866851279391916,-0.04118280996707124
2005-06-30,56.63,55.36,-0.010539356295296898,-0.0010832281254176124
2005-07-01,59.11,56.41,0.04286123471056413,0.0187891364424706
2005-07-05,59.71,57.86,0.010099395722622972,0.025379851796103914
2005-07-06,61.24,58.38,0.025301060230582095,0.008947065877979554
2005-07-07,60.76,57.55,-0.007868893061910853,-0.01431923025807702
2005-07-08,59.71,59,-0.017432167168671242,0.02488330873782818
2005-07-11,59.23,56.1,-0.008071340270027427,-0.05040163137706877
2005-07-12,60.49,58.95,0.021049891829949097,0.04955381445472895
2005-07-13,60,58.33,-0.008133499896722185,-0.010573086217833705
2005-07-14,57.83,56.79,-0.03683689005197355,-0.026756286876205237
2005-07-15,58.36,56.98,0.009123051484458244,0.0033400751804215645
2005-07-18,57.12,56.25,-0.02147640562325659,-0.012894287985233177
2005-07-19,57.61,56.75,0.008541845712962903,0.008849615276982803
2005-07-20,56.73,56.39,-0.015392992405815598,-0.00636381854242174
2005-07-21,57.31,55.59,0.010171957225169947,-0.014288508853712578
2005-07-22,57.75,56.98,0.007648220838257558,0.024697000104384692
2005-07-25,58.16,57.51,0.007074483823360289,0.009258516655900273
2005-07-26,59.05,58.58,0.015186709418107291,0.01843449567392419
2005-07-27,59.12,58.34,0.0011847339965758152,-0.004105376960011675
2005-07-28,59.91,58.28,0.013274159455886725,-0.001028983112571602
2005-07-29,60.71,59.77,0.01326499304650941,0.025244881509158823
2005-08-01,61.51,60.56,0.013091334077934391,0.013130746293031237
2005-08-02,61.87,60.13,0.005835646322620569,-0.007125724077716278
2005-08-03,60.76,60.04,-0.018103731815325652,-0.001497878286216725
2005-08-04,61.6,60.62,0.013730192811902242,0.009613864864395971
2005-08-05,62.44,60.73,0.01354422510775688,0.0018129382798273141
2005-08-08,63.92,62.56,0.023426205810787692,0.02968828632757159
2005-08-09,63.13,62.79,-0.012436209078484417,0.0036697288889619983
2005-08-10,64.8,63.77,0.02610951097869396,0.015487035201163124
2005-08-11,65.67,65.9,0.013336596844652604,0.03285558118128051
2005-08-12,66.71,67.26,0.015712666518543195,0.020427264803662304
2005-08-15,66.21,66.68,-0.007523357784669393,-0.008660648429530404
2005-08-16,66.11,65.1,-0.0015114875912685122,-0.023980508668069334
2005-08-17,63.29,63.41,-0.04359268255827242,-0.02630297150258354
2005-08-18,63.47,61.75,0.0028400145311646696,-0.02652760220385364
2005-08-19,65.51,64.21,0.03163544942540675,0.039064986297870696
2005-08-22,65.46,65.87,-7.635336707512153e-4,0.02552414084664445
2005-08-23,65.81,65.16,0.0053325333949931775,-0.01083731891875761
2005-08-24,67.1,65.25,0.01941224150960874,0.0013802624689587262
2005-08-25,67.29,65.88,0.002827593222590963,0.009608859106636558
2005-08-26,66.05,66.23,-0.018599606231893162,0.005298627187448446
2005-08-29,67.41,64.77,0.020381343897013515,-0.022290999302062353
2005-08-30,69.91,66.15,0.036415325658546216,0.02108235736613917
2005-08-31,68.63,66.8,-0.018478943603350118,0.009778189981635599
2005-09-01,69.5,66.79,0.012596995650202558,-1.4971180505529702e-4
2005-09-02,66.91,65.95,-0.03797831977602062,-0.01265648957422183
2005-09-06,65.83,64.16,-0.01627277131493976,-0.027516915605064085
2005-09-07,64.38,63.6,-0.022272635609123625,-0.008766493212182702
2005-09-08,64.8,61.66,0.006502577487566441,-0.030978047888072346
2005-09-09,64.21,62.62,-0.009146641552271184,0.015449293440255474
2005-09-12,63.29,60.69,-0.014431623018743345,-0.03130577605049556
2005-09-13,63.18,61.31,-0.0017395434132749799,0.010164021926832412
2005-09-14,65.2,61.7,0.0314716735586682,0.0063409691367457555
2005-09-15,64.64,61.9,-0.008626054719766962,0.0032362487792081396
2005-09-16,62.91,60.48,-0.02712828063090189,-0.02320744781927253
2005-09-19,67.21,64.04,0.06611691239993611,0.05719515625723659
2005-09-20,66.24,62.98,-0.014537535904870502,-0.016690672455635713
2005-09-21,66.96,64.31,0.010810916104215806,0.020897924473893603
2005-09-22,67.07,64.64,0.0016414239304261002,0.005118274066068018
2005-09-23,64.67,62.17,-0.036439434653144254,-0.038960845931594434
2005-09-26,65.98,61.73,0.020054250341933866,-0.007102531875441187
2005-09-27,64.94,62.56,-0.01588789912573585,0.013356059831250988
2005-09-28,66.36,62.81,0.0216306986475443,0.00398820022923374
2005-09-29,66.83,62.02,0.007057616200734529,-0.012657382793986649
2005-09-30,66.21,61.7,-0.009320572586223541,-0.005172982760960565
2005-10-03,65.36,61.64,-0.012921058385007456,-9.729204594268737e-4
2005-10-04,63.74,59.17,-0.025098141562557075,-0.04089635376331291
2005-10-05,62.56,59.33,-0.01868621275213478,0.0027004235819498845
2005-10-06,61.81,57.2,-0.012060932565873372,-0.0365611818848004
2005-10-07,61.81,57.29,0,0.001572190034734966
2005-10-10,60.71,57.01,-0.01795673452883939,-0.004899397376996184
2005-10-11,63.84,58.1,0.05027152399921064,0.018938972814375177
2005-10-12,64.13,59.91,0.0045323200192175506,0.030677772237967638
2005-10-13,63.05,59.48,-0.016984210749842354,-0.007203314503879454
2005-10-14,62.61,58.45,-0.007003052653709929,-0.017468433673876405
2005-10-17,64.26,59.81,0.026012343930493564,0.023001183138387837
2005-10-18,62.94,58.85,-0.020755462051451623,-0.016181037350179395
2005-10-19,62.11,58.13,-0.013274885065048814,-0.012309951993026758
2005-10-20,61.04,57.04,-0.017377619595010607,-0.018929105607218943
2005-10-21,61.05,56.94,1.6381358051198447e-4,-0.0017546942561486034
2005-10-24,60.63,57.64,-0.006903380473073817,0.012218689281429995
2005-10-25,62.83,58.72,0.03564284633121595,0.01856361317493871
2005-10-26,60.85,58.56,-0.03202084698131902,-0.002728514653203895
2005-10-27,61.03,58.1,0.0029537271228674555,-0.007886205795190726
2005-10-28,61.3,59.47,0.004414296385761851,0.02330631986063647
2005-10-31,59.8,58.47,-0.024774181985579347,-0.016958181530923433
2005-11-01,59.85,56.69,8.357710473960722e-4,-0.030915973851366907
2005-11-02,59.75,58.53,-0.0016722411923622005,0.031941614966917165
2005-11-03,61.7,59.55,0.03211474009972193,0.01727685249818034
2005-11-04,60.6,60.48,-0.017989037836072974,0.015496436069968311
2005-11-07,59.4,58.19,-0.02000066670666989,-0.038599213202699545
2005-11-08,59.7,57.89,0.005037794029957077,-0.005168860577664525
2005-11-09,59.65,57.71,-8.378718546309116e-4,-0.0031141893680386445
2005-11-10,57.8,55.85,-0.03150537286559363,-0.03276094320766543
2005-11-11,57.45,54.3,-0.006073771383567461,-0.028145298575319888
2005-11-14,57.6,54.1,0.002607563407081237,-0.0036900410874540768
2005-11-15,57.05,54.45,-0.009594491393761118,0.006448663526533949
2005-11-16,57.85,53.68,0.013925377331601041,-0.014242356715543192
2005-11-17,56.2,53.8,-0.028936696740039736,0.0022329745043121463
2005-11-18,56.3,52.84,0.0017777782459988956,-0.0180049875136139
2005-11-21,57.75,53.36,0.025428814256258647,0.00979292195324355
2005-11-22,58.3,54.21,0.009478743954542956,0.01580399166487867
2005-11-23,58.35,53.73,8.572653761182991e-4,-0.008893888531516847
2005-11-28,57.36,52.91,-0.017112162441200063,-0.015379147824689632
2005-11-29,56.46,53.24,-0.01581477346602167,0.006217636610870603
2005-11-30,57.33,53.25,0.015291624094948553,1.878110626236662e-4
2005-12-01,58.46,53.65,0.019518712762808477,0.00748366448717297
2005-12-02,59.31,54.91,0.014435166167535485,0.023214012214073154
2005-12-05,59.91,56.05,0.010065510245198084,0.02054866822738788
2005-12-06,59.96,55.68,8.342371385632319e-4,-0.006623133492004385
2005-12-07,59.21,55.17,-0.012587226690712328,-0.009201688741824476
2005-12-08,60.66,56.26,0.024194055716750817,0.019564475777371193
2005-12-09,59.41,57.18,-0.02082193989278558,0.016220383832454388
2005-12-12,61.36,57.23,0.03229559469135079,8.74049526845333e-4
2005-12-13,61.36,59.16,0,0.03316740142158814
2005-12-14,60.86,59.59,-0.008182012590175702,0.007242136916288722
2005-12-15,60.01,59.67,-0.014064929467402898,0.001341606775103088
2005-12-16,58.01,58.11,-0.03389580552344906,-0.02649161544697609
2005-12-19,57.31,56.09,-0.01214028091432695,-0.03538022256676854
2005-12-20,57.81,56.08,0.008686642530738808,-1.7830079391156772e-4
2005-12-21,58.56,56.05,0.012890098558671959,-5.350932081658044e-4
2005-12-22,58.08,57.3,-0.0082304991365163,0.022056474202525322
2005-12-23,58.08,56.28,0,-0.017961391474505817
2005-12-28,59.81,56.91,0.02935150053992519,0.011131840368844514
2005-12-29,60.26,57.72,0.0074956626456899045,0.014132661290637394
2005-12-30,61.06,58.34,0.013188453604576544,0.010684230533905215
2006-01-03,63.11,61.51,0.03302224828941647,0.05291179878070196
2006-01-04,63.41,61.25,0.004742342115791942,-0.004235913795440638
2006-01-05,62.81,61.68,-0.009507281245650923,0.006995879830237861
2006-01-06,64.21,62.43,0.02204466533966798,0.012086199818578613
2006-01-09,63.56,62.51,-0.01017462013744197,0.001280614870068142
2006-01-10,63.41,62.32,-0.002362763956575087,-0.0030441423812286317
2006-01-11,63.91,61.54,0.007854265950250294,-0.012595031668596768
2006-01-12,63.96,62.95,7.820443035626568e-4,0.0226533905964601
2006-01-13,63.86,61.58,-0.0015647006791175144,-0.022003617994001523
2006-01-17,66.36,63.22,0.03840127803560822,0.026283564291117223
2006-01-18,65.76,63.6,-0.009082714574319084,0.005992763558604786
2006-01-19,66.86,63.64,0.01658913024402775,6.287331235093063e-4
2006-01-20,68.16,64.92,0.01925700152910803,0.019913539176804385
2006-01-23,68.06,64.56,-0.0014682134483008369,-0.005560718684696653
2006-01-24,66.83,63.82,-0.01823758754978133,-0.011528403111595864
2006-01-25,65.6,62.61,-0.01857638557293484,-0.01914161109287882
2006-01-26,65.8,62.93,0.0030441423812277435,0.005097987781623736
2006-01-27,67.81,64.95,0.030089838364479427,0.03159474557776587
2006-01-30,68.36,65.14,0.008078181551639751,0.0029210567314787994
2006-01-31,67.86,63.19,-0.007341098891306075,-0.030392739062722995
2006-02-01,66.61,65.64,-0.018592042930996477,0.03803920543652595
2006-02-02,64.71,63.49,-0.028938967355913725,-0.0333028530395314
2006-02-03,65.41,62.54,0.010759402903946835,-0.015076061152663911
2006-02-06,65.11,63.32,-0.004597004724350207,0.012394882983116418
2006-02-07,63.01,61.64,-0.03278470329480676,-0.02689022456089596
2006-02-08,62.51,60.82,-0.007966900010242917,-0.013392328202696646
2006-02-09,62.66,60.7,0.002396741580324324,-0.001974984183766182
2006-02-10,62.01,59.66,-0.010427623162258648,-0.01728191897885001
2006-02-13,61.26,59.16,-0.012168560957158014,-0.008416141244003583
2006-02-14,59.61,58.27,-0.02730375617279357,-0.015158256687615612
2006-02-15,57.61,57.67,-0.0341271814875439,-0.010350273527661713
2006-02-16,58.61,56.78,0.017209166744046378,-0.015552956582496336
2006-02-17,59.76,58.34,0.01943121033622397,0.027103813394750098
2006-02-21,61.21,59.35,0.02397403403841647,0.0171641566161016
2006-02-22,59.03,58.71,-0.03626478561038038,-0.010842050979582574
2006-02-23,58.03,58.71,-0.017085671050081075,0
2006-02-24,61.46,60.13,0.057426438499821764,0.023898814975383154
2006-02-27,61.01,59.44,-0.007348771538577381,-0.01154148464197391
2006-02-28,61.37,59.78,0.0058833312372446045,0.005703756446288288
2006-03-01,62.01,61.12,0.010374545960781134,0.022167988002473216
2006-03-02,63.36,62.27,0.02153708514438346,0.01864062402609523
2006-03-03,63.61,62.69,0.003937943184542547,0.0067221764015164
2006-03-06,62.46,61.41,-0.018244338835780027,-0.020629256944569185
2006-03-07,61.51,59.79,-0.015326588634655636,-0.026734265448494554
2006-03-08,60.06,58.42,-0.023855700665093238,-0.02318012593321761
2006-03-09,60.51,58.82,0.007464578079045658,0.006823636166253699
2006-03-10,59.91,59.04,-0.009965204538396222,0.0037332471663678035
2006-03-13,61.81,60.99,0.0312217275753488,0.03249473601614827
2006-03-14,63.01,62.39,0.019228280282781895,0.022695089814329883
2006-03-15,62.11,63.12,-0.014386437382752248,0.011632670414924107
2006-03-16,63.46,62.07,0.021502779583837395,-0.01677489611205818
2006-03-17,62.81,63.54,-0.010295489688759929,0.0234068484158092
2006-03-20,60.31,62.3,-0.04061636900339405,-0.019708203047962947
2006-03-21,60.41,59.96,0.0016567266877540732,-0.03828375255901051
2006-03-22,60.03,61.23,-0.006310216886897813,0.020959592255466397
2006-03-23,62.13,61.76,0.034384526811851224,0.008618640226657703
2006-03-24,63.9,62.78,0.028090397307885873,0.01638064569728659
2006-03-27,63.75,62.59,-0.0023501773449527974,-0.0030310304771976604
2006-03-28,65.65,64.31,0.029368416710269685,0.027109619210162528
2006-03-29,66,64.88,0.005317141277619619,0.008824269660385298
2006-03-30,66.7,65.95,0.010550210895153178,0.016357469356165666
2006-03-31,66.25,66.06,-0.00676948805524713,0.0016665407993201597
2006-04-03,66.07,67.28,-0.0027206788245370817,0.01829959570204931
2006-04-04,65.75,65.93,-0.004855114983920217,-0.02026944253948404
2006-04-05,66.76,66.74,0.015244427735760624,0.012210900198018848
2006-04-06,67.22,67.58,0.006866723503325289,0.012507607962916722
2006-04-07,67.02,67.11,-0.0029797399877953268,-0.006979017115996022
2006-04-10,68.29,68.2,0.018772260663833862,0.016111500679268254
2006-04-11,69.03,68.52,0.010777849742385825,0.004681108606503059
2006-04-12,68.53,69.54,-0.007269587117652243,0.014776453123795719
2006-04-13,69.53,69.39,0.014486708513194557,-0.0021593616682578087
2006-04-18,71.28,70.97,0.024857469051627668,0.0225144876254344
2006-04-19,72.07,72.69,0.011022085773795709,0.02394657095965247
2006-04-20,71.96,72.57,-0.0015274598540173656,-0.0016522102064984168
2006-04-21,73.73,73.94,0.024299362919226297,0.018702340218440305
2006-04-24,70.19,73.96,-0.049203921259228345,2.7045301043759906e-4
2006-04-25,67.43,72.86,-0.040115827995840014,-0.014984614938506446
2006-04-26,71.71,73.46,0.061540185147992865,0.008201248811103845
2006-04-27,70.76,71.79,-0.013336338602898401,-0.022995849803129076
2006-04-28,71.8,72.15,0.014590606762593161,0.005002094631487708
2006-05-01,73.75,73.37,0.02679651916575132,0.016767847506023337
2006-05-02,74.62,74.45,0.011727572573082767,0.01461262640411487
2006-05-03,72.26,73.73,-0.03213784207351811,-0.009717987128459171
2006-05-04,69.98,71.84,-0.03206123877995193,-0.025968348007614495
2006-05-05,70.09,71.22,0.0015706435726912105,-0.008667746144312538
2006-05-08,69.75,68.26,-0.0048627098107587585,-0.042449734371071024
2006-05-09,70.71,70.6,0.01366958491467507,0.03370620102063526
2006-05-10,72.15,69.83,0.020160279603730125,-0.010966427641251997
2006-05-11,73,72.2,0.011712155928511159,0.03337632904083687
2006-05-12,71.87,71.3,-0.015600509668039386,-0.012543718478530863
2006-05-15,69.25,68.69,-0.037135786412903826,-0.037292699194459544
2006-05-16,69.4,68.66,0.002163722445311045,-4.3684019624468107e-4
2006-05-17,68.65,67.52,-0.010865735298778212,-0.01674293774184399
2006-05-18,69.63,67.39,0.014174376740474948,-0.001927211329576295
2006-05-19,68.44,66.93,-0.017238059930463123,-0.006849341845574841
2006-05-22,69.23,66.52,0.01147684566594176,-0.006144642787823784
2006-05-23,70.78,68.97,0.0221421802273829,0.03616897311847289
2006-05-24,69.47,68.45,-0.01868147021252753,-0.007568075708741517
2006-05-25,70.92,68.51,0.020657476501217964,8.761682803495319e-4
2006-05-26,71.35,69.88,0.0060448627168376845,0.019799765251048207
2006-05-30,71.85,69.82,0.006983268602188453,-8.589835889658559e-4
2006-05-31,71.42,67.57,-0.0060026703587308106,-0.032756404112807225
2006-06-01,70.11,68.77,-0.0185125049474264,0.017603505767661787
2006-06-02,72.73,68.42,0.03668851694757258,-0.005102423782285648
2006-06-05,72.5,69.13,-0.0031673923058201936,0.010323610407714234
2006-06-06,72.43,68.25,-9.659836533941757e-4,-0.012811355892104359
2006-06-07,70.9,67.17,-0.02135014466915308,-0.01595071478629606
2006-06-08,70.25,65.76,-0.009210125324226048,-0.021214968530848033
2006-06-09,71.62,69.13,0.01931405635643113,0.04997703920924845
2006-06-12,70.28,68.62,-0.018887101251389815,-0.007404752526869451
2006-06-13,68.48,65.67,-0.025945531485410456,-0.04394183722742273
2006-06-14,69.12,65.52,0.00930239266231414,-0.0022867606580669886
2006-06-15,69.78,66.04,0.009503311262827552,0.007905179507113225
2006-06-16,69.75,65.01,-4.3001505715345445e-4,-0.015719514835550008
2006-06-19,69.21,66.4,-0.007772059847702906,0.02115595226601119
2006-06-20,69.3,67.57,0.0012995453420856506,0.01746704108169439
2006-06-21,70.07,68.17,0.011049836186584727,0.008840487810610753
2006-06-22,70.62,69.6,0.007818648117797977,0.020759981965680296
2006-06-23,70.5,69.91,-0.0017006806820170084,0.004444133183519661
2006-06-26,71.63,69.85,0.01590127080813719,-8.58614820923087e-4
2006-06-27,72.05,71.26,0.005846341819171208,0.019985074474719866
2006-06-28,72.15,71.76,0.0013869627743483548,0.00699205757284993
2006-06-29,73.5,73.02,0.018538120998910834,0.01740615847695004
2006-06-30,73.94,73.2,0.005968547289695536,0.0024620447397758483
2006-07-05,75.2,72.88,0.016897277447307957,-0.004381168015563652
2006-07-06,75,73.12,-0.0026631174194839957,0.0032876741941922916
2006-07-07,73.76,74.14,-0.016671534287971745,0.013853270576690946
2006-07-10,73.5,72.39,-0.0035311730295477517,-0.023887029417536176
2006-07-11,74.05,73.14,0.007455134495017113,0.010307244416185135
2006-07-12,74.99,73.04,0.01261423059948985,-0.001368176434521473
2006-07-13,76.7,75.23,0.02254693705991251,0.02954285128541656
2006-07-14,76.8,76.13,0.0013029317804162943,0.011892317745990866
2006-07-17,75.7,75.12,-0.014426479710222928,-0.013355570418113416
2006-07-18,73.87,75.32,-0.024471368902757362,0.002658868888944177
2006-07-19,72.79,71.62,-0.014728208410479837,-0.05037133921866488
2006-07-20,74,72.56,0.016486510074003924,0.01303944123659484
2006-07-21,73.52,72.96,-0.006507615156738922,0.005497539959194775
2006-07-24,74.29,72.09,0.010418875116283921,-0.011996007349589277
2006-07-25,73.46,72.49,-0.011235312772194028,0.005533282896299063
2006-07-26,73.82,73.76,0.004888657210330827,0.017367957935552347
2006-07-27,74.5,75.36,0.00916942778366181,0.02146005101976911
2006-07-28,73.3,73.95,-0.016238516492908417,-0.01888744111129892
2006-07-31,74.56,74.75,0.017043561484729963,0.010760023113987494
2006-08-01,74.93,76.39,0.004950173998883756,0.021702585282472597
2006-08-02,76.16,77.63,0.0162820461068911,0.016102152864320374
2006-08-03,75.59,76.28,-0.007512391179024469,-0.017543169685370508
2006-08-04,74.78,76.53,-0.01077352975511836,0.003272040089611572
2006-08-07,77.05,77.82,0.02990409221715762,0.016715646734577483
2006-08-08,76.29,77.93,-0.009912693663986616,0.0014125202990618035
2006-08-09,76.28,78.26,-1.310873699198467e-4,0.004225628926796787
2006-08-10,74.17,75.69,-0.02805102498375156,-0.03339056546119057
2006-08-11,74.38,75.19,0.0028273327484571453,-0.0066278079311397065
2006-08-14,73.33,73.78,-0.014217286391216,-0.01893055122140641
2006-08-15,72.95,73.57,-0.005195527136913292,-0.0028503582243564196
2006-08-16,71.64,72.67,-0.018120697776283556,-0.012308689315628563
2006-08-17,70.12,70.42,-0.021445517139477843,-0.03145133090163821
2006-08-18,70.93,71.3,0.01148541516096202,0.01241901369334375
2006-08-21,72.45,72.42,0.021203193552696398,0.015586176917245176
2006-08-22,72.55,72.06,0.0013793105635047098,-0.004983399017548074
2006-08-23,71.45,71.12,-0.01527807495432043,-0.013130514114298109
2006-08-24,72.02,71.4,0.007945953844853193,0.00392927813989008
2006-08-25,72.13,72.58,0.001526188294851849,0.016391532439385514
2006-08-28,70.47,69.44,-0.02328295917665013,-0.044226331432829724
2006-08-29,69.74,67.01,-0.01041304609142557,-0.0356212083670151
2006-08-30,70.2,67.15,0.006574269784260345,0.0020870609841665555
2006-08-31,70.38,67.66,0.0025608208616736405,0.007566240383315659
2006-09-01,69.24,70.49,-0.016330401585430643,0.0409756924332223
2006-09-05,68.7,65.94,-0.007829531079704743,-0.06672561814219957
2006-09-06,67.75,65.41,-0.013924739468493819,-0.008070085670463634
2006-09-07,67.37,64.52,-0.005624644787241451,-0.01369989871611299
2006-09-08,66.3,64.3,-0.016009917780752225,-0.0034156220134340387
2006-09-11,65.42,62.41,-0.01336187508157849,-0.029834112297622895
2006-09-12,63.81,62.23,-0.02491810422998242,-0.0028883203648248923
2006-09-13,64.09,61.28,0.004378427635879589,-0.015383673148790855
2006-09-14,63.27,60.75,-0.012877062357341984,-0.008686443211677997
2006-09-15,63.3,60.23,4.740459913374906e-4,-0.008596515165027796
2006-09-18,63.84,61.47,0.008494623991422756,0.02037868386328867
2006-09-19,61.77,62.52,-0.03296214343374526,0.01693725463435758
2006-09-20,60,59.09,-0.02907324748570783,-0.056424800195692626
2006-09-21,61.62,59.27,0.026641930946420977,0.003041570442163355
2006-09-22,59.79,58.81,-0.030148070275708427,-0.007791367327881993
2006-09-25,60.74,57.89,0.01576403672479021,-0.015767250380950948
2006-09-26,60.63,58.53,-0.0018126395339637114,0.010994785212215419
2006-09-27,62.96,57.6,0.037709784025508064,-0.01601687560128351
2006-09-28,62.46,60.68,-0.007973252254214636,0.05209158677848613
2006-09-29,62.9,59.09,0.0070198118514621655,-0.026552449122748456
2006-10-02,60.96,58.8,-0.03132825232800407,-0.004919850453002361
2006-10-03,58.64,56.28,-0.038800853799995316,-0.04380262265839274
2006-10-04,59.53,55.82,0.015063329586903151,-0.00820700413801223
2006-10-05,60.02,57.93,0.008197452846922637,0.03710315700035682
2006-10-06,59.68,56.9,-0.005680884116715745,-0.01794004397624782
2006-10-09,59.93,59.25,0.004180258574588258,0.04047043888295576
2006-10-10,58.5,57.8,-0.024150460232283066,-0.02477700433690888
2006-10-11,57.56,57.75,-0.016198872218644134,-8.654262764284937e-4
2006-10-12,58.23,57.87,0.011572803829861478,0.0020757661838439745
2006-10-13,58.69,58.97,0.007868668721214611,0.01882972442666553
2006-10-16,59.91,58.22,0.020574081525590593,-0.012799901694935834
2006-10-17,58.91,60.13,-0.016832580562237354,0.032279946734000475
2006-10-18,57.66,58.51,-0.021447163323339957,-0.02731120525133246
2006-10-19,58.55,57.74,0.015317397833469748,-0.013247505565355588
2006-10-20,57.35,57.94,-0.020708246468346125,0.0034578181064146563
2006-10-23,56.74,56.56,-0.010693414194674844,-0.024105970752886563
2006-10-24,57.55,56.56,0.014174705787186603,0
2006-10-25,59.09,58.79,0.026407570189691754,0.03866975082584645
2006-10-26,60.27,58.76,0.01977276213736978,-5.104211084878685e-4
2006-10-27,60.75,57.99,0.00793261472570439,-0.013190769417326997
2006-10-30,58.41,57.08,-0.03927997416843976,-0.01581678927971364
2006-10-31,58.72,56.13,0.005293276254042745,-0.01678336365452715
2006-11-01,58.64,56.37,-0.0013633267278647665,0.004266673139375676
2006-11-02,57.87,56.26,-0.013217941992648363,-0.0019532990317729926
2006-11-03,59.13,56.55,0.02153929424699097,0.005141399500418586
2006-11-06,60.11,57.02,0.01643780721833199,0.008276880922396757
2006-11-07,58.94,56.99,-0.019656239741522086,-5.262696376178155e-4
2006-11-08,59.93,57.18,0.01665723716054579,0.0033283730472568607
2006-11-09,61.18,59.72,0.020643124252663014,0.04346278577682394
2006-11-10,59.66,59.18,-0.025158559636154543,-0.009083325698926004
2006-11-13,58.59,56.88,-0.018097745529905396,-0.03963986147707743
2006-11-14,58.28,57.9,-0.005305052229693352,0.01777359908396381
2006-11-15,58.79,57.97,0.008712791087160277,0.0012082507726915992
2006-11-16,56.23,59.5,-0.044521350110053426,0.026050677199942918
2006-11-17,55.9,57.01,-0.005886042143057324,-0.04274962150809358
2006-11-20,56.42,57.38,0.009259325412797281,0.006469119509728394
2006-11-21,58.01,59.53,0.027791703904122222,0.03678457661207979
2006-11-22,57.28,58.66,-0.012663886825582615,-0.01472232361599346
2006-11-27,60.3,60.52,0.05138058108074972,0.031215825370849437
2006-11-28,60.97,61.22,0.011049836186584727,0.011500044597111625
2006-11-29,62.45,62.13,0.023984296651861747,0.01475503055833638
2006-11-30,62.97,64.36,0.008292185929064999,0.03526335804857972
2006-12-01,63.43,64.74,0.007278513145154264,0.005886926373915635
2006-12-04,62.39,63.97,-0.016531929523110556,-0.011965025036052346
2006-12-05,62.4,63.65,1.6026925268697312e-4,-0.005014898458630235
2006-12-06,62.2,63.7,-0.0032102756302485602,7.852375747017248e-4
2006-12-07,62.54,63.17,0.005451352284561395,-0.008355057667507992
2006-12-08,62.06,63.67,-0.007704693009460861,0.007883989118324664
2006-12-11,61.26,62.59,-0.012974557615605065,-0.017107973092324258
2006-12-12,61.06,62.58,-0.0032701140978970145,-1.5978269587346716e-4
2006-12-13,61.34,61.89,0.004575171379373799,-0.011087122489466417
2006-12-14,62.48,62.85,0.018414346845324836,0.0153923192849863
2006-12-15,63.4,62.91,0.014617355911749286,9.541985456822388e-4
2006-12-18,62.19,62.81,-0.01926964632738226,-0.001590837115649002
2006-12-19,62.87,62.19,0.010874887279172185,-0.009920081350491827
2006-12-20,63.08,63.13,0.0033346596998677924,0.015001877263737029
2006-12-21,62.05,62.13,-0.0164632504442217,-0.015967128303931766
2006-12-22,61.81,61.92,-0.0038753479794335632,-0.003385734794131068
2006-12-27,60.31,60.7,-0.024567236208286936,-0.019899531216019284
2006-12-28,60.39,59.41,0.0013256008569149103,-0.021481135697802856
2006-12-29,60.85,58.96,0.007588291113726164,-0.007603314486568813
2007-01-02,60.77,58.49,-0.001315573286272631,-0.00800344842614642
2007-01-03,58.31,56.63,-0.04132264091319904,-0.03231691932922054
2007-01-04,55.65,54.58,-0.046691527512511044,-0.03687136484552145
2007-01-05,56.29,52.82,0.011434821754381375,-0.03277760841120614
2007-01-08,56.08,52.82,-0.003737656749600582,0
2007-01-09,55.65,52.38,-0.007697165004780793,-0.008365067789420255
2007-01-10,53.95,52.11,-0.031024386017409977,-0.005167970158442614
2007-01-11,51.91,51.68,-0.03854624186500599,-0.008286009446777154
2007-01-12,52.96,49.95,0.02002546178961495,-0.034048354379783596
2007-01-16,51.23,51.28,-0.033211613677641694,0.026278307517852095
2007-01-17,52.3,51.19,0.020671073119766348,-0.0017566121429228865
2007-01-18,50.51,50.83,-0.034825034590916015,-0.007057469010680606
2007-01-19,51.98,52.29,0.028687692733382786,0.028318416741227814
2007-01-22,51.11,54.34,-0.01687885643315612,0.038455455798162674
2007-01-23,53.61,53.93,0.04775544505925833,-0.007573694649066098
2007-01-24,54.24,55.11,0.011683025792693869,0.0216442785460087
2007-01-25,53.49,55.67,-0.013923923088981383,0.010110214300271814
2007-01-26,55.38,55.29,0.03472379719965746,-0.006849341845574841
2007-01-29,54.01,54.71,-0.025049303138016565,-0.010545552274106917
2007-01-30,57.03,54.69,0.054408230563648186,-3.6563071705320027e-4
2007-01-31,58.17,56.52,0.01979231275422233,0.03291368045764553
2007-02-01,57.35,56.74,-0.014196914347290424,0.003884871564378223
2007-02-02,59.01,56.93,0.028534077493697296,0.0033430135822856144
2007-02-05,58.69,58.67,-0.005437566498834201,0.030106079974777877
2007-02-06,58.91,58.04,0.0037415009633532392,-0.010796094921781574
2007-02-07,57.75,58.35,-0.019887506131692767,0.005326930716577749
2007-02-08,59.76,57.24,0.03421319142265844,-0.019206404044314063
2007-02-09,59.86,57.21,0.0016719615999907234,-5.242464078127895e-4
2007-02-12,57.76,55.52,-0.035712007839982185,-0.029985392081888662
2007-02-13,58.98,56.12,0.02090190880255971,0.010748939035710947
2007-02-14,58,55.05,-0.016755392840710925,-0.019250392065570665
2007-02-15,57.92,54.25,-0.001380262468957838,-0.014638870748120425
2007-02-16,59.38,56.78,0.024894721258152508,0.04558115862425627
2007-02-20,58.32,55.91,-0.018012381635211128,-0.015440896006271743
2007-02-21,59.4,57.74,0.018349138668196652,0.03220691919623597
2007-02-22,60.28,58.62,0.014706147389695445,0.015125761047956487
2007-02-23,60.28,60.38,0,0.029581988995946773
2007-02-26,61.41,60.34,0.018572314583012783,-6.626905477773448e-4
2007-02-27,61.46,60.28,8.138683610310338e-4,-9.948599726206098e-4
2007-02-28,61.78,59.39,0.005193130788097022,-0.01487451173052623
2007-03-01,61.97,61.18,0.0030707094835804583,0.02969447669498848
2007-03-02,61.58,61.92,-0.006313254477661623,0.01202289055871475
2007-03-05,60.05,59.78,-0.02515959397036216,-0.03517207242567988
2007-03-06,60.66,59.68,0.010106953734442925,-0.001674200960286143
2007-03-07,61.85,61.13,0.019427596578061923,0.024005788145128548
2007-03-08,61.63,60.9,-0.003563333864345708,-0.0037695693247830064
2007-03-09,60.06,60.25,-0.025804702418967373,-0.01073060234508727
2007-03-12,58.94,60.59,-0.018824085245635835,0.005627290586133427
2007-03-13,58.03,61.52,-0.015559859107031393,0.015232462240491351
2007-03-14,58.15,60.89,0.0020657607621563656,-0.010293367576905688
2007-03-15,57.52,60.4,-0.0108931655518818,-0.008079852679713895
2007-03-16,57.06,60.93,-0.008029367627437445,0.008736559319634019
2007-03-19,56.65,60.49,-0.007211358311338678,-0.0072476021415806
2007-03-20,56.41,60.11,-0.004245539722130154,-0.006301845067752332
2007-03-21,56.98,60.18,0.010053881317877433,0.0011638541508292022
2007-03-22,60.21,61.57,0.05513812240659366,0.022834667721219226
2007-03-23,61.07,63.1,0.014182295758686791,0.02454603062404903
2007-03-26,61.77,64.43,0.011397062472765285,0.020858593603383824
2007-03-27,62.98,64.25,0.019399405965070393,-0.0027976393752222606
2007-03-28,64.11,66.15,0.017783142326287305,0.029143166785635444
2007-03-29,66.1,67.19,0.030568388858474904,0.015599536371094125
2007-03-30,65.94,68.47,-0.0024235092140560965,0.01887126620091273
2007-04-02,66.03,68.94,0.0013639465628951797,0.006840867955747676
2007-04-03,64.59,68,-0.022049584162098235,-0.013728855912612303
2007-04-04,64.4,68.09,-0.002945966934073674,0.0013226543187681017
2007-04-05,64.26,69.15,-0.002176279422595684,0.015447698615892236
2007-04-10,61.92,67.64,-0.0370941244062406,-0.022078534080387513
2007-04-11,61.98,68.6,9.685230781304455e-4,0.014093010701460074
2007-04-12,63.87,67.79,0.030038015213895264,-0.011877843288965906
2007-04-13,63.63,68.78,-0.003764710328796994,0.014498313561245979
2007-04-16,63.63,67.1,0,-0.02472896102648381
2007-04-17,63.14,66.34,-0.007730574114854782,-0.011391010458729589
2007-04-18,63.14,65.09,0,-0.019022105934610956
2007-04-19,61.81,66.17,-0.021289319458663414,0.0164562604396723
2007-04-20,63.56,66.34,0.027919177997333122,0.0025658454949386567
2007-04-23,65.33,66.8,0.027467007184143633,0.006910047023693799
2007-04-24,64.1,67.94,-0.01900698492603503,0.01692188218983759
2007-04-25,65.33,67.44,0.01900698492603503,-0.007386649038838122
2007-04-26,65.08,67.51,-0.0038340665018221642,0.0010374213601798132
2007-04-27,66.45,67.28,0.02083250280841753,-0.003412719389086938
2007-04-30,65.78,67.23,-0.010133944398343253,-7.434391837470855e-4
2007-05-01,64.43,67.4,-0.02073647761035957,0.0025254414373154788
2007-05-02,63.78,65.57,-0.010139701568640191,-0.02752674364273311
2007-05-03,63.23,64.85,-0.008660789511389488,-0.011041363513075275
2007-05-04,61.89,65.14,-0.02142025631925204,0.004461889085634496
2007-05-07,61.48,62.7,-0.0066466970808747305,-0.038177352209212145
2007-05-08,62.26,63.55,0.012607246343066869,0.013465549996587889
2007-05-09,61.54,63.5,-0.011631795119566135,-7.870917368171249e-4
2007-05-10,61.85,64.63,0.005024728944601264,0.017638793376158368
2007-05-11,62.35,65.18,0.00805157328754813,0.008473974134611595
2007-05-14,62.55,65.86,0.003202564786874973,0.010378603538802267
2007-05-15,63.16,66.74,0.009704952474520745,0.013273196375009455
2007-05-16,62.57,66.83,-0.009385259377168609,0.0013476081997509937
2007-05-17,64.83,69.08,0.035482529176632305,0.03311317175549977
2007-05-18,64.93,69.26,0.0015413073334906713,0.0026022856957981233
2007-05-21,66.25,69.51,0.020125698345935916,0.00360308813811816
2007-05-22,64.91,70.05,-0.02043376982095424,0.007738645670621658
2007-05-23,65.1,71.01,0.002922854169146838,0.01361143941098586
2007-05-24,63.62,71.96,-0.022996662893525865,0.013289696888330482
2007-05-25,64.59,70.72,0.015131713723383733,-0.017381990752944887
2007-05-29,63.19,69.31,-0.02191353925901751,-0.020139222399494727
2007-05-30,63.47,67.64,0.004421292533014487,-0.024389671899513132
2007-05-31,64.02,68.18,0.008628181223338416,0.007951742679376927
2007-06-01,65.09,68.65,0.01657539304257849,0.00686986550422386
2007-06-04,66.17,70.9,0.0164562604396723,0.032249301324100976
2007-06-05,65.63,71.36,-0.008194279538336957,0.006467054733672484
2007-06-06,65.97,71.5,0.005167184749148568,0.001959961428207535
2007-06-07,66.93,72.36,0.014447203877771209,0.011956210827133162
2007-06-08,64.78,70.04,-0.03265038336936765,-0.03258715310944371
2007-06-11,65.93,68.85,0.017596659382025592,-0.017136282242987022
2007-06-12,65.36,68.56,-0.008683122573461155,-0.004220950885139629
2007-06-13,66.17,69.24,0.012316737472220396,0.009869456018484435
2007-06-14,67.62,71.18,0.021676609255772306,0.0276331497740383
2007-06-15,68.04,71.63,0.0061919702479205085,0.006302100544313127
2007-06-18,69.06,72.33,0.014879924434185732,0.009725000234829473
2007-06-19,69.15,72.17,0.0013023661489208749,-0.0022145337770078655
2007-06-20,68.5,70.55,-0.009444312842587621,-0.022702768785358707
2007-06-21,68.35,71.81,-0.0021921820982209184,0.017702063823403336
2007-06-22,68.85,72.04,0.0072886620047052375,0.003197778185528577
2007-06-25,68.83,71.36,-2.9052876439106257e-4,-0.009484032036001011
2007-06-26,67.78,71.41,-0.01537253023136742,7.004272892645602e-4
2007-06-27,68.98,71.84,0.017549441329789417,0.0060035084329257415
2007-06-28,69.61,71.96,0.009091627671880431,0.0016689850883881974
2007-06-29,70.47,72.22,0.012278852158355669,0.0036066067669793256
2007-07-02,71.11,72.9,0.009040886556495487,0.009371623165300491
2007-07-03,71.41,74.26,0.004209941665592076,0.018483809734322065
2007-07-05,71.81,75.4,0.005585826561207874,0.015234826264975965
2007-07-06,72.8,76.58,0.013692213080413573,0.015528671035237807
2007-07-09,72.14,77.1,-0.009107279727246897,0.006767334520135115
2007-07-10,72.8,77.88,0.009107279727246897,0.010065899934715183
2007-07-11,72.58,77.44,-0.003026553417715405,-0.005665737535676563
2007-07-12,72.55,78.24,-4.1342245472808514e-4,0.0102775827582402
2007-07-13,73.89,78.12,0.01830152147035946,-0.0015349197180842822
2007-07-16,74.11,78.17,0.002972975162711222,6.398362237609589e-4
2007-07-17,74.03,77.59,-0.0010800595082605113,-0.007447389326380893
2007-07-18,75.03,78,0.013417617102630786,0.005270273783733792
2007-07-19,75.9,78.37,0.011528650843946942,0.004732374375181259
2007-07-20,75.53,79.09,-0.004886756076228238,0.009145243466552877
2007-07-23,74.65,78.36,-0.011719404340157169,-0.009272851454985798
2007-07-24,73.38,75.88,-0.017159105058063062,-0.032160448009526554
2007-07-25,75.74,75.21,0.03165500354651307,-0.008868944228502151
2007-07-26,74.96,77.28,-0.010351784543482623,0.027150989065951592
2007-07-27,77.03,76.58,0.027240318434707866,-0.009099243855114736
2007-07-30,76.82,76.07,-0.0027299334471155845,-0.006681977039938225
2007-07-31,78.2,77.01,0.017804624633506627,0.012281314541948696
2007-08-01,76.49,77.11,-0.02210963421749046,0.0012976902937102963
2007-08-02,76.84,76.14,0.004565324566581097,-0.012659222890517796
2007-08-03,75.41,75.36,-0.01878544568580054,-0.010297120686243666
2007-08-06,72.03,72.69,-0.045857193313284306,-0.036072806771563215
2007-08-07,72.25,70.42,0.0030496280912704066,-0.03172650976963798
2007-08-08,72.23,70.73,-2.76854929786019e-4,0.004392497320992561
2007-08-09,71.62,70.08,-0.008481107492468887,-0.009232364419762717
2007-08-10,71.49,69.57,-0.0018167847915266933,-0.007304006692586462
2007-08-13,71.6,71.3,0.001537494187839883,0.02456288748470037
2007-08-14,72.4,69.29,0.011111225425071147,-0.02859573178096042
2007-08-15,73.36,71.3,0.013172528556538055,0.02859573178096042
2007-08-16,70.99,68.77,-0.0328398058969146,-0.036128724088505315
2007-08-17,71.9,69.8,0.01273724267570664,0.01486640643658177
2007-08-20,71.12,68.37,-0.010907673521352024,-0.020699877842623948
2007-08-21,69.49,67.88,-0.02318573387941303,-0.007192691559676945
2007-08-22,69.3,67.73,-0.0027379511303786686,-0.0022122271392133186
2007-08-23,69.86,68.73,0.008048333182828493,0.014656571906701998
2007-08-24,71.17,69.49,0.018578141932493963,0.010997072192721724
2007-08-27,71.98,68.85,0.011316921339704855,-0.009252632151572016
2007-08-28,71.79,69.66,-0.0026431120624925697,0.011696039763190669
2007-08-29,73.52,70.48,0.023812287459039183,0.011702716690069614
2007-08-30,73.37,71.46,-0.0020423453215281384,0.013808870967339182
2007-08-31,73.98,72.29,0.008279653678404664,0.011547954416942119
2007-09-04,75.07,74.22,0.014626225180602859,0.02634784862024553
2007-09-05,75.74,74.72,0.008885410888738399,0.006714138288136162
2007-09-06,76.34,76.21,0.007890624843434502,0.01974489375743893
2007-09-07,76.7,75.08,0.004704661056126547,-0.014938475959717756
2007-09-10,77.53,74.97,0.010763249857657975,-0.0014661782033380533
2007-09-11,78.16,76.23,0.008093049503659522,0.01666705248521172
2007-09-12,79.85,77.15,0.02139186692649364,0.01199649280898818
2007-09-13,80.05,77.84,0.0025015647817028253,0.008903859068579045
2007-09-14,79.14,78.27,-0.011433003485445958,0.005508949938997532
2007-09-17,80.55,77.99,0.017659673665705533,-0.003583774474340551
2007-09-18,81.51,77,0.01184760248338268,-0.012775191488722193
2007-09-19,81.99,78.47,0.005871576501720099,0.018910964285697496
2007-09-20,83.85,78.48,0.022432199661131413,1.274291177262299e-4
2007-09-21,83.38,78.91,-0.005621015816567265,0.0054641472758358844
2007-09-24,82.51,77.87,-0.010488974336398726,-0.0132671929440491
2007-09-25,81.2,76.82,-0.01600425094861979,-0.013575746671135924
2007-09-26,80.31,76.21,-0.01102110096726161,-0.007972335239732509
2007-09-27,82.86,78.88,0.03125829044888562,0.03443502261635345
2007-09-28,81.64,80.97,-0.01483309870761218,0.026151005403643346
2007-10-01,80.31,78.33,-0.016425191741273437,-0.033148044318875414
2007-10-02,80,76.87,-0.0038675115264892312,-0.018814988018107215
2007-10-03,79.97,77.8,-3.7507033008310486e-4,0.012025747823305899
2007-10-04,81.48,77.84,0.01870602701480717,5.140066934030685e-4
2007-10-05,81.2,79.05,-0.0034423441909732233,0.015425125777731807
2007-10-08,78.97,76.94,-0.027847213658142245,-0.027054666331332022
2007-10-09,80.23,77.82,0.01582947625607467,0.011372570232258461
2007-10-10,81.3,77.85,0.013248506788200665,3.8543072359953356e-4
2007-10-11,83.05,80.83,0.021296819505538522,0.03756428546574586
2007-10-12,83.73,80.82,0.008154500157036892,-1.237240954257146e-4
2007-10-15,86.19,82.5,0.028956825442967293,0.02057383369030763
2007-10-16,87.58,84.43,0.015998499713944625,0.023124495340773876
2007-10-17,87.19,85.24,-0.004463015933528602,0.009548018549007331
2007-10-18,89.48,85.03,0.025925491182205107,-0.002466671832714873
2007-10-19,88.58,84.25,-0.01010903812687669,-0.009215566165230449
2007-10-22,87.6,82.72,-0.011125100552706435,-0.01832715847235189
2007-10-23,86.45,82.31,-0.013214785813046248,-0.004968803775565966
2007-10-24,88.3,83.47,0.0211738954806151,0.013994678878092692
2007-10-25,92.09,85.4,0.042026252123361196,0.02285881493187869
2007-10-26,91.73,84.71,-0.003916880211711771,-0.008112442351064786
2007-10-29,93.45,89.87,0.018577054380007674,0.05913052322682244
2007-10-30,90.33,89.87,-0.03395690273981966,0
2007-10-31,94.16,89.87,0.0415258317902687,0
2007-11-01,93.53,90.36,-0.006713222505561056,0.005437509929520523
2007-11-02,95.81,92.11,0.024084823216321993,0.019181823400341358
2007-11-05,94.06,92.16,-0.018434187145880188,5.426819474374511e-4
2007-11-06,96.65,93.99,0.02716332913743802,0.019662196684628874
2007-11-07,96.46,94.85,-0.001967791013513853,0.009108302748813024
2007-11-08,95.51,94.4,-0.009897460594179286,-0.004755623229567796
2007-11-09,96.36,92.32,0.00886022370002415,-0.022280270391665802
2007-11-12,94.4,91.56,-0.020550104595215224,-0.00826630767542369
2007-11-13,91.18,89.09,-0.03470549836615966,-0.02734740035181371
2007-11-14,94.02,90.73,0.030671950810688742,0.018240968448985484
2007-11-15,93.37,90.32,-0.006937431100149993,-0.004529143340131547
2007-11-16,94.81,91.99,0.015304794434033653,0.018320955647659787
2007-11-19,95.75,91.59,0.009865739130887619,-0.004357780074169426
2007-11-20,99.16,94.13,0.034994079106233755,0.027354710144232186
2007-11-21,98.57,94.97,-0.005967751489642126,0.0088842466957324
2007-11-23,98.24,95.33,-0.0033534912785153637,0.003783504250625569
2007-11-26,97.66,94.88,-0.005921405765318077,-0.004731621256071072
2007-11-27,94.39,93.23,-0.03405692329666099,-0.017543376940813538
2007-11-28,90.71,91.64,-0.03976753070999983,-0.017201700723306956
2007-11-29,90.98,92.34,0.0029720975150047124,0.007609559493547913
2007-11-30,88.6,88.71,-0.026507844530822666,-0.0401047945463473
2007-12-03,89.29,87.85,0.00775764191809003,-0.009741807899389165
2007-12-04,88.31,89.97,-0.01103614804841424,0.0238454667959207
2007-12-05,87.45,90.7,-0.00978615001610006,0.008081075692063955
2007-12-06,90.25,88.46,0.03151639574837972,-0.02500688468091017
2007-12-07,88.23,88.46,-0.022636555978976958,0
2007-12-10,87.72,87.33,-0.005797117684326558,-0.012856426014539402
2007-12-11,90.12,87.77,0.02699219201435632,0.005025710178384379
2007-12-12,94.41,91.69,0.0465048841803819,0.043693565457783023
2007-12-13,92.35,92.57,-0.022061293099176815,0.009551793017310573
2007-12-14,91.31,91.86,-0.011325396016999889,-0.0076994361814719525
2007-12-17,90.69,90.32,-0.006813213168772592,-0.016906759056241505
2007-12-18,89.93,90.71,-0.008415507533051425,0.004308684785446992
2007-12-19,91.11,90.98,0.013035977799342291,0.0029720975150047124
2007-12-20,90.88,91.06,-0.0025276127529254566,8.78927764778048e-4
2007-12-21,93.19,91.03,0.025100464824722835,-3.2950738943871016e-4
2007-12-24,94,91.59,0.008654362472439558,0.006132972897699318
2007-12-27,96.63,95.66,0.0275944697412136,0.043478142837254374
2007-12-28,96.03,95.92,-0.006228609361335735,0.002714272467107648
2007-12-31,95.95,93.68,-8.334201961730514e-4,-0.02362979142979693
2008-01-02,99.64,97.01,0.03773646794027119,0.0349293466837306
2008-01-03,99.17,98.45,-0.004728141195945668,0.014734739111942119
2008-01-04,97.9,96.87,-0.012888999661569756,-0.01617893164684059
2008-01-07,95.08,94.19,-0.029227907044471202,-0.02805585460356763
2008-01-08,96.43,96.37,0.014098714030299497,0.02288093102847011
2008-01-09,95.64,96.76,-0.008226213932168491,0.004038735878630462
2008-01-10,93.92,92.8,-0.01814778651033766,-0.041787045949671864
2008-01-11,92.74,91.86,-0.012643477116471402,-0.010180960894507152
2008-01-14,94.23,92.58,0.015938723255350062,0.0078074567054766675
2008-01-15,91.87,90.87,-0.025364067935290002,-0.018643221895868756
2008-01-16,90.8,88.1,-0.011715248676127388,-0.030957380765121556
2008-01-17,90.11,88.96,-0.007628139360301489,0.009714297560138085
2008-01-18,90.55,89.66,0.004871038082476353,0.007837908225021728
2008-01-22,89.64,88.11,-0.010100535396696309,-0.017438704848655284
2008-01-23,87.65,87.06,-0.02245003756548325,-0.01198849775448707
2008-01-24,89.98,87.69,0.02623581204578329,0.007210331667113046
2008-01-25,90.37,90.96,0.004324930500837709,0.0366119816510162
2008-01-28,90.99,90.91,0.006837256454735652,-5.49843308514042e-4
2008-01-29,91.66,92.49,0.007336468712377808,0.017230524432402028
2008-01-30,92.34,92.46,0.007391337997865399,-3.2441200608968046e-4
2008-01-31,91.67,91.58,-0.0072822451051584025,-0.009563211331129473
2008-02-01,89.03,91.41,-0.029221780388104968,-0.001858025563222121
2008-02-04,90.07,91.09,0.011613754210071825,-0.003506852909008984
2008-02-05,88.32,89.6,-0.019620563266866675,-0.016492708775833975
2008-02-06,87.16,88.73,-0.01322107245236559,-0.009757269133637614
2008-02-07,88.07,88.55,0.010386442740949242,-0.0020306866184043315
2008-02-08,91.77,91.45,0.04115349401355317,0.03222501060803218
2008-02-11,93.56,93.93,0.01931749488505652,0.026757449169549474
2008-02-12,92.82,94.28,-0.007940807902948599,0.0037192540615063052
2008-02-13,93.28,93.82,0.004943588789152464,-0.0048910251676188565
2008-02-14,95.42,95.92,0.022682477485778563,0.02213645781894691
2008-02-15,95.57,96.96,0.001570763190128055,0.010784011601745469
2008-02-19,99.99,97.03,0.04521121770966907,7.216867162043172e-4
2008-02-20,100.86,97.88,0.008663235660821833,0.008722029537262976
2008-02-21,98.57,97.52,-0.022966460971232117,-0.003684753401454799
2008-02-22,99.03,96.07,0.0046558788558641595,-0.014980392751369642
2008-02-25,99.4,97.43,0.0037292791293168648,0.014057079015603158
2008-02-26,100.83,99.05,0.014283816742595157,0.01649060170730987
2008-02-27,99.59,98.28,-0.012374172461575128,-0.007804225491581107
2008-02-28,102.6,99.83,0.029776174793120447,0.01564819169535525
2008-02-29,101.78,100.9,-0.008024311575982601,0.010661188011229505
2008-03-03,102.42,101.83,0.006268384873718169,0.009174828824010106
2008-03-04,99.72,98.6,-0.026715747379046917,-0.032233494574984256
2008-03-05,104.45,100.95,0.04634222934721688,0.0235540831502572
2008-03-06,105.51,103.47,0.010097247151426458,0.024656370858012977
2008-03-07,105.12,104.66,-0.003703180417700125,0.011435285327202394
2008-03-10,107.9,105.33,0.02610231752778791,0.0063812779043885826
2008-03-11,108.73,106.78,0.007662872745569871,0.01367236422358964
2008-03-12,109.86,107.99,0.010339082904815555,0.011267987172628224
2008-03-13,110.21,109.18,0.003180808788976641,0.010959266108943488
2008-03-14,110.03,109.16,-0.0016345808216291502,-1.8320051347409105e-4
2008-03-17,105.74,104.41,-0.03976980507451788,-0.044489239538118674
2008-03-18,109.57,105.35,0.0355803636099985,0.008962683948178451
2008-03-19,103.25,102.65,-0.059410382576159826,-0.025962996785255044
2008-03-20,102.57,99.78,-0.006607739521823142,-0.028357381032050988
2008-03-24,101.7,100.93,-0.008518189264805187,0.011459444817877085
2008-03-25,101.78,99.91,7.863181061722457e-4,-0.010157426505841727
2008-03-26,105.83,102.83,0.03902041194494643,0.028807358496172775
2008-03-27,107.56,103.89,0.016214798295031585,0.010255507841340439
2008-03-28,105.59,102.68,-0.018485161582241005,-0.011715291079500645
2008-03-31,101.54,102.33,-0.03911086029917499,-0.0034144709042758237
2008-04-01,100.92,98.69,-0.006124685746391023,-0.036219260914747586
2008-04-02,104.83,98.85,0.03801186669162426,0.0016199254327098345
2008-04-03,103.92,102.31,-0.008718618102137476,0.03440387027422265
2008-04-04,106.09,102.21,0.02066641810883585,-9.778995498637144e-4
2008-04-07,108.91,105.98,0.02623406261641481,0.03622087672363161
2008-04-08,108.54,105.05,-0.00340308445233628,-0.008813969773607155
2008-04-09,110.89,107.46,0.02141995032986621,0.022682258009665723
2008-04-10,110.07,107.37,-0.0074221919298240735,-8.378718546309116e-4
2008-04-11,110.14,107.15,6.357567990349366e-4,-0.0020510915264582152
2008-04-14,111.71,108.32,0.01415394374842105,0.010860087244378924
2008-04-15,113.77,110.84,0.01827263896886855,0.022997910830812707
2008-04-16,114.8,110.95,0.009012617333841177,9.919293838258625e-4
2008-04-17,114.8,111.34,0,0.003508933376758172
2008-04-18,116.56,110.67,0.015214678001482795,-0.0060357824786674286
2008-04-21,117.48,111.35,0.007861944443470215,0.0061255934266828405
2008-04-22,119.17,113.54,0.01428293877229514,0.019476804039203266
2008-04-23,119.28,115.34,9.226253537688578e-4,0.015729090444686733
2008-04-24,117.1,114.85,-0.018445399852812017,-0.004257359052159515
2008-04-25,119.64,116.62,0.02145896315807594,0.015293856658902705
2008-04-28,118.78,115.7,-0.007214191174033324,-0.007920151594379199
2008-04-29,115.67,113.86,-0.026531733280403813,-0.01603101067669499
2008-04-30,113.7,111.12,-0.017177908550819687,-0.02435892507684745
2008-05-01,112.6,107.3,-0.00972168505090032,-0.034982048809435895
2008-05-02,116.36,111.92,0.03284711792141071,0.04215568072057341
2008-05-05,119.94,115.68,0.030302784113362513,0.033043428053228574
2008-05-06,121.82,119.88,0.015552927667974892,0.035663484038007454
2008-05-07,123.56,120.27,0.014182322642042777,0.0032479728740630875
2008-05-08,123.77,119.85,0.0016981365015498184,-0.0034982544421318096
2008-05-09,125.94,123.54,0.017380598508665912,0.030324029387359452
2008-05-12,124.02,122.89,-0.015362760138865283,-0.005275343971247182
2008-05-13,125.83,123.11,0.014488946682145176,0.0017886183630180241
2008-05-14,124.21,121.18,-0.01295810804777453,-0.015801221142680788
2008-05-15,124.25,122.76,3.219834206360517e-4,0.012954186234692244
2008-05-16,126.5,122.98,0.01794664319083683,0.0017905107737883341
2008-05-19,127.15,122.19,0.005125183700553926,-0.006444530196892728
2008-05-20,128.93,124.12,0.01390212955461756,0.015671629251748698
2008-05-21,132.99,127.28,0.031004316002325893,0.025140544449351765
2008-05-22,130.04,129.04,-0.022431841989368095,0.013733049787422402
2008-05-23,131.58,129.72,0.011772936222147479,0.005255847622163579
2008-05-27,128.81,128.92,-0.021276581249854765,-0.006186224491879777
2008-05-28,131,128.93,0.016858872793154234,7.75644755091065e-5
2008-05-29,126.7,129.33,-0.03337523587405755,0.0030976560044067014
2008-05-30,127.35,127.85,0.0051171140983719,-0.011509575689957252
2008-06-02,127.75,128.5,0.003136027658348084,0.005071202598078806
2008-06-03,124.33,126.28,-0.027135908118967045,-0.01742724064548362
2008-06-04,122.3,121.72,-0.016462278271720088,-0.03677833866102098
2008-06-05,127.93,122.36,0.04500619663581684,0.0052441942539322994
2008-06-06,138.51,132.81,0.07945928585806428,0.08195201612945713
2008-06-09,134.44,134.43,-0.029824522330102354,0.012124082054001839
2008-06-10,131.38,135.24,-0.023024115392578537,0.006007360373524229
2008-06-11,136.43,134.52,0.037717775110456486,-0.0053380909676166155
2008-06-12,136.91,132.11,0.0035121130708812842,-0.018077977981806548
2008-06-13,134.84,134.29,-0.015234885279804544,0.016366731702821546
2008-06-16,134.52,133.9,-0.002376003493790968,-0.002908387895956821
2008-06-17,133.99,131.27,-0.003947716571552462,-0.019836981881811155
2008-06-18,136.54,129.12,0.018852441689618082,-0.016514066293677132
2008-06-19,131.88,131.84,-0.034725193786604436,0.020846861639522984
2008-06-20,134.78,134.28,0.021751401314540786,0.0183381059506722
2008-06-23,135.98,134.54,0.008863996580242173,0.001934380485625553
2008-06-24,136.49,135.37,0.003743535769791251,0.006150217600235486
2008-06-25,133.92,131.59,-0.019008745126939175,-0.028320742035646163
2008-06-26,138.91,136.82,0.036583634668132525,0.03897516517080302
2008-06-27,139.69,139.38,0.005599440330161798,0.01853782267752102
2008-06-30,139.96,138.4,0.0019309857600280367,-0.0070559728268033695
2008-07-01,141.06,140.67,0.007828664280545183,0.016268678586034646
2008-07-02,143.74,141.24,0.018820780260264236,0.004043849290581214
2008-07-03,145.31,143.95,0.010863279292307126,0.01900544599799936
2008-07-07,141.38,139.62,-0.02741809058979605,-0.030541570515929095
2008-07-08,136.06,134.15,-0.038355335825893455,-0.03996586967062221
2008-07-09,135.88,133.91,-0.0013238216245312628,-0.0017906443641590997
2008-07-10,141.47,135.81,0.04031553717845959,0.014088917608502172
2008-07-11,144.96,143.68,0.024370161823826564,0.05633175443791316
2008-07-14,145.16,142.43,0.0013787400501996672,-0.008737953607394822
2008-07-15,138.68,136.02,-0.04566746152804679,-0.046048717199002276
2008-07-16,134.63,133.31,-0.029638845825679105,-0.02012469062190725
2008-07-17,129.43,134.16,-0.03939008053679682,0.006355874389368132
2008-07-18,128.94,129.34,-0.0037930145718725328,-0.03658852149650649
2008-07-21,131.43,129.34,0.01912721061144307,0
2008-07-22,127.25,127.18,-0.032320735063285255,-0.016841190179185617
2008-07-23,123.73,126.86,-0.028051883204747163,-0.0025192896335104464
2008-07-24,124.62,125.43,0.007167334890191057,-0.011336282169167156
2008-07-25,122.59,124.7,-0.01642365300917259,-0.0058369813505931845
2008-07-28,124.72,125.67,0.017225770642617988,0.007748570941062738
2008-07-29,122.21,125.77,-0.020330348299611778,7.954184320109192e-4
2008-07-30,126.74,122.46,0.036396867445462,-0.026670396009255803
2008-07-31,124.17,124.1,-0.020486149466620418,0.013303246160752735
2008-08-01,125.03,124.16,0.006902114078157773,4.833642243475822e-4
2008-08-04,121.45,121.87,-0.029051053058727128,-0.018616153599498197
2008-08-05,118.71,116.5,-0.022819111382738733,-0.04506362982965495
2008-08-06,118.57,114.47,-0.0011800405954636162,-0.01757849307537107
2008-08-07,119.84,116.94,0.010654016298929925,0.021348202817139672
2008-08-08,115.42,113.03,-0.037579870486088574,-0.03400771254488433
2008-08-11,114.44,110.54,-0.008526981100910547,-0.02227582379752313
2008-08-12,113.1,108.98,-0.011778285059834914,-0.014213067250164357
2008-08-13,115.96,110.68,0.024972920931380038,0.0154787757637731
2008-08-14,115.05,111.82,-0.007878487572080317,0.010247280679773318
2008-08-15,113.46,108.8,-0.01391646458295348,-0.027379101176656206
2008-08-18,112.92,109.33,-0.004770748513132972,0.004859497024551018
2008-08-19,114.39,109.02,0.012934059152294175,-0.0028394798102588936
2008-08-20,115.48,108.72,0.00948369225715151,-0.002755581793246087
2008-08-21,121.23,117.24,0.04859221296375793,0.07544734599980263
2008-08-22,114.48,113.99,-0.057289432510295946,-0.02811239059400439
2008-08-25,114.85,109.74,0.0032267938869114943,-0.03799679361785735
2008-08-26,116.31,112.2,0.01263211121584007,0.02216906145776676
2008-08-27,118.17,113.05,0.015865225299976693,0.007547205635382248
2008-08-28,115.58,113.54,-0.022161334761292117,0.004324999018601616
2008-08-29,115.55,113.49,-2.59594169242483e-4,-4.4047042953287985e-4
2008-09-02,109.63,104.94,-0.052592277033941315,-0.07832596905448153
2008-09-03,109.38,103.88,-0.002283001767821702,-0.010152371464018373
2008-09-04,107.99,103.41,-0.012789427673958187,-0.004534717597663551
2008-09-05,106.47,102.51,-0.014175374918153238,-0.008741314401573774
2008-09-08,106.35,101.08,-0.0011277136802689824,-0.014048072275316237
2008-09-09,103.23,98.94,-0.029776033168747773,-0.021398676720431276
2008-09-10,102.66,96,-0.005536951345341379,-0.03016541433172648
2008-09-11,100.95,96.01,-0.016797212373310444,1.0416124169676522e-4
2008-09-12,101.19,94.37,0.0023745929828216106,-0.017229126676291173
2008-09-15,95.52,90.45,-0.057664288097376115,-0.042426014191937256
2008-09-16,91.49,85.85,-0.04310597295284779,-0.05219562449781989
2008-09-17,97.39,86.09,0.06249385928166351,0.002791673326378863
2008-09-18,97.5,90.89,0.001128842030693633,0.05425672346081534
2008-09-19,104.05,93.46,0.06501917483584219,0.02788355314160107
2008-09-22,122.61,100.43,0.1641370334046517,0.07192743013296798
2008-09-23,107.85,100.72,-0.1282672134091296,0.002883422330843821
2008-09-24,106.84,102.09,-0.009408984593405556,0.013510387444832794
2008-09-25,111.54,100.45,0.04305088271964763,-0.016194685919980856
2008-09-26,106.77,100.88,-0.043706282771196925,0.0042716003957208315
2008-09-29,96.29,95.96,-0.10331251693801846,-0.05000025368517047
2008-09-30,100.7,93.52,0.04478132847232441,-0.025756120807680638
2008-10-01,98.23,92.19,-0.02483413203773832,-0.014323652353310123
2008-10-02,93.84,88.88,-0.045720463341558215,-0.03656451947912842
2008-10-03,93.91,88.95,7.456724713019725e-4,7.87268780469752e-4
2008-10-06,88.15,84.71,-0.06329696797264273,-0.04884075566838497
2008-10-07,90.18,83.17,0.022767764149058678,-0.01834695256286345
2008-10-08,88.94,80.77,-0.013845687910388094,-0.02928109642639143
2008-10-09,86.5,81.65,-0.02781757114471617,0.010836209962269194
2008-10-10,77.44,74.58,-0.11064097096951198,-0.09056944466579875
2008-10-13,81.17,74.37,0.047042277804762556,-0.002819740035466367
2008-10-14,78.69,74.98,-0.03102963822619209,0.008168776592556881
2008-10-15,74.38,66.86,-0.05632899404996827,-0.11462053031581299
2008-10-16,69.81,64.14,-0.0634098225146138,-0.04153268672694388
2008-10-17,71.9,66.05,0.029498998744690752,0.029343836703325188
2008-10-20,74.08,67.45,0.029869325610922814,0.020974551685431386
2008-10-21,71.29,65.99,-0.038389525208386566,-0.021883367258435094
2008-10-22,66.92,62.95,-0.06325818901091385,-0.04716245490497428
2008-10-23,67.17,65.06,0.003728843160149431,0.032969160554849886
2008-10-24,63.34,60.57,-0.05870967816827921,-0.07151020005234976
2008-10-27,61.92,59.34,-0.02267381182902195,-0.020516106130179956
2008-10-28,62.8,58.87,0.014111844192680856,-0.007951991822506166
2008-10-29,67.45,64,0.07143150917961272,0.08355146031950156
2008-10-30,65.79,60.86,-0.024918731555858997,-0.05030693889084681
2008-10-31,68.1,60,0.03450936205756072,-0.014231582246724273
2008-11-03,63.93,60.32,-0.06318847837683172,0.005319161477600254
2008-11-04,70.41,62.78,0.09654656375240656,0.03997282771410671
2008-11-05,65.41,61.09,-0.07366014655792075,-0.027288364752132033
2008-11-06,60.72,56.14,-0.07440201888574638,-0.08449961572793896
2008-11-07,61.06,56.84,0.005583854219357143,0.012391732295163216
2008-11-10,62.19,57.08,0.01833722780906566,0.004213489379735869
2008-11-11,59.38,54.76,-0.046236745780183774,-0.04149379218838778
2008-11-12,55.95,52.47,-0.05949903457767913,-0.04271842272162729
2008-11-13,58.31,51.32,0.04131517047613009,-0.022161037951184515
2008-11-14,57.18,50.7,-0.019569418339899336,-0.012154629150298302
2008-11-17,55.14,50.82,-0.03632878129851491,0.0023640672948803676
2008-11-18,54.42,49.1,-0.013143672240550242,-0.03443094309154304
2008-11-19,53.64,48.35,-0.014436674941622485,-0.01539281290117156
2008-11-20,48.86,45.79,-0.09333599258388325,-0.05440049523029922
2008-11-21,49.22,44.91,0.0073409791333154395,-0.01940523956935758
2008-11-24,53.63,49.51,0.08580856803192383,0.09751418227368491
2008-11-25,50.02,47.51,-0.06968568754536086,-0.041234454174501334
2008-11-26,54.2,49.39,0.08025798299612763,0.038807759353703286
2008-11-28,55.21,47.72,0.018463187850352725,-0.03439737732281811
2008-12-01,49.34,47.58,-0.11240898519474252,-0.0029380923549036098
2008-12-02,47.05,45.64,-0.047524245069822335,-0.041627979880936916
2008-12-03,46.79,44.39,-0.005541361153263313,-0.027770306147930857
2008-12-04,43.8,43.83,-0.06603568749572464,-0.01269570441522605
2008-12-05,41.01,37.04,-0.06581787797843264,-0.1683201046527394
2008-12-08,43.69,40.02,0.06330330355937663,0.07738091937760894
2008-12-09,42,39.77,-0.039449624679976036,-0.006266469935988006
2008-12-10,43.1,39.34,0.02585337882633354,-0.010871046258686512
2008-12-11,47.77,43.54,0.1028748302921687,0.10143824284548852
2008-12-12,46.27,42.38,-0.03190402448296226,-0.027003502966248316
2008-12-15,44.61,45.02,-0.03653575377873519,0.06043028263843331
2008-12-16,43.84,42,-0.01741140650041295,-0.069437217195218
2008-12-17,40.17,41.84,-0.08742619426856946,-0.0038167985267008042
2008-12-18,36.73,40.19,-0.08952658853961504,-0.040234611295558054
2008-12-19,33.17,39.52,-0.10194800687261463,-0.01681133558144232
2008-12-22,31.1,38.08,-0.06443803377377266,-0.03711766295650287
2008-12-23,30.28,35.27,-0.02672039061594056,-0.07665646567520357
2008-12-24,32.94,34.45,0.08420029618024616,-0.023523746788292943
2008-12-26,37.58,33.73,0.1317842692358253,-0.02112134838610924
2008-12-29,39.89,34.16,0.05965367193199578,0.012667719846810588
2008-12-30,38.95,35.22,-0.023846893600557806,0.030558734147690725
2008-12-31,44.6,35.82,0.13545508670926099,0.016892293564505945
2009-01-02,46.17,42.94,0.03459637749287925,0.18129739581806925
2009-01-05,48.61,45.84,0.05149903453846649,0.06535327995584916
2009-01-06,48.56,48.89,-0.0010291243061213429,0.06441580418406989
2009-01-07,42.75,46.23,-0.1274309513684737,-0.05594393859042013
2009-01-08,41.68,42.94,-0.025347797937657734,-0.07382514554949893
2009-01-09,40.69,42.34,-0.02403903543151298,-0.014071526743915985
2009-01-12,37.65,40.86,-0.07764940776769569,-0.03558067631724304
2009-01-13,37.77,43.05,0.0031821824784628028,0.052210641484263576
2009-01-14,37.43,42.27,-0.009042614808028038,-0.01828461629504119
2009-01-15,35.41,42.32,-0.0554782557925253,0.0011821729713452633
2009-01-16,35.38,43.42,-8.475773921730045e-4,0.025660376900102033
2009-01-20,38.57,41.22,0.08632808348849741,-0.05199658898783266
2009-01-21,42.56,39.9,0.0984400728132524,-0.032547251566495294
2009-01-22,42.33,42.42,-0.005418790500556714,0.06124362524071847
2009-01-23,45.12,43.13,0.06382955265697143,0.016598861523215547
2009-01-26,46.5,48,0.030126705403506815,0.10698220024813931
2009-01-27,41.67,42.86,-0.10967086715894814,-0.1132620208624604
2009-01-28,42.04,42.86,0.00884010057438811,0
2009-01-29,41.58,43.13,-0.011002263578883564,0.0062798206143210855
2009-01-30,41.73,44.17,0.00360101217359432,0.023827014948683445
2009-02-02,41.35,42.96,-0.009147873133760864,-0.02777637540782596
2009-02-03,40.87,43.15,-0.011676123893514578,0.004412967328827566
2009-02-04,40.27,43.68,-0.014789522712822745,0.012207913907212653
2009-02-05,41.15,43.92,0.021617152259715944,0.005479465764625768
2009-02-06,40.24,44.49,-0.022362401331595283,0.012894647616675137
2009-02-09,39.58,47.23,-0.0165375856170642,0.05976483909007513
2009-02-10,37.54,45.88,-0.052916909016056835,-0.028999991646855516
2009-02-11,35.93,44.24,-0.04383443003293541,-0.036399935047090715
2009-02-12,34.03,47.23,-0.05433011261261278,0.06539992669394623
2009-02-13,37.63,43.36,0.10055911609253165,-0.08549192677663475
2009-02-17,34.96,39.69,-0.0735970538180113,-0.08843809033641703
2009-02-18,34.67,39.41,-0.008329791090402772,-0.007079675588061551
2009-02-19,39.6,42.36,0.13295435856350268,0.0721849295262933
2009-02-20,39.35,42.19,-0.0063331433970224005,-0.004021294596958214
2009-02-23,37.66,41.27,-0.04389745163440617,-0.02204738237175663
2009-02-24,38.86,40.18,0.031366920720287794,-0.026766484377702238
2009-02-25,41.64,42.37,0.06909579979747438,0.0530712052516793
2009-02-26,43.18,45.15,0.03631618133989312,0.06354971522452679
2009-02-27,44.15,44.41,0.02221550196330746,-0.01652561055898394
2009-03-02,40.07,42.6,-0.09696500240191552,-0.04161041602868565
2009-03-03,41.57,42.72,0.036750828616492814,0.002812941376614475
2009-03-04,45.28,46.07,0.08548668063038134,0.07549478429588641
2009-03-05,43.54,44.45,-0.03918537808852607,-0.035797016987912045
2009-03-06,45.43,43.48,0.0424926239649106,-0.022063899706905143
2009-03-09,47.01,44.55,0.03418766526472705,0.024311091663809403
2009-03-10,45.68,44.99,-0.028699779688284188,0.009828088936262969
2009-03-11,42.46,43.2,-0.07309810907264502,-0.04059974760301621
2009-03-12,46.91,42.19,0.09966841606525678,-0.023657269113817492
2009-03-13,46.22,44.97,-0.014818267494132176,0.06381237464636857
2009-03-16,47.33,44.12,0.023731739071922053,-0.019082406397314067
2009-03-17,48.97,45.53,0.03406352179606964,0.0314582549613891
2009-03-18,48.12,45.22,-0.01750997460774828,-0.006831982496867006
2009-03-19,51.46,48.03,0.06710691574712024,0.0602863488269092
2009-03-20,51.55,49.27,0.0017474036093707568,0.025489560879138562
2009-03-23,53.05,51.84,0.028682654597023127,0.050846675488147586
2009-03-24,53.36,51.32,0.005826536547376193,-0.010081512296583384
2009-03-25,52.24,51.46,-0.021212916639192336,0.002724267106162248
2009-03-26,53.87,51.89,0.030725251724266656,0.00832128652605002
2009-03-27,52.41,50.81,-0.027476323878367737,-0.02103290777400746
2009-03-30,48.49,49.05,-0.07773982169681393,-0.03525299959426853
2009-03-31,49.64,46.13,0.02343936921914569,-0.0613766884416429
2009-04-01,48.46,45.92,-0.024058244948026886,-0.004562745558418069
2009-04-02,52.61,50.89,0.08216750035433629,0.10276568858943014
2009-04-03,52.52,50.48,-0.001712166308120544,-0.008089222367783755
2009-04-06,51.1,50.91,-0.027409552224936462,0.0084821496812868
2009-04-07,49.13,50.62,-0.03931465102910181,-0.005712612797266647
2009-04-08,49.37,52.06,0.004873106090214296,0.02805014444944165
2009-04-09,52.24,52.33,0.05650553269740444,0.0051729208176971575
2009-04-13,50.22,50.73,-0.039435131238736876,-0.031052368805517983
2009-04-14,49.51,52.06,-0.014238684356107534,0.025879447987820825
2009-04-15,49.26,51.31,-0.005062276680939615,-0.014511234612545998
2009-04-16,49.97,51.83,0.014310432663721784,0.010083467247741673
2009-04-17,50.36,52.02,0.007774383820032593,0.0036591278188904397
2009-04-20,45.82,49.06,-0.09447653215079654,-0.05858422119016238
2009-04-21,46.65,48.69,0.017952250268002956,-0.007570368635733793
2009-04-22,47.41,48.5,0.016160249620674083,-0.0039098722511718975
2009-04-23,48.46,48.29,0.021905538474352948,-0.004339298057987051
2009-04-24,50.65,50.29,0.04420051530631275,0.040581750298422925
2009-04-27,49.29,48.67,-0.027218009977405977,-0.03274342633851024
2009-04-28,49.01,48.64,-0.005696861795830177,-6.165861874514178e-4
2009-04-29,50.19,50.22,0.02379144474538597,0.03196711607152736
2009-04-30,50.35,50.3,0.003182815497729141,0.0015917233762543503
2009-05-01,52.18,51.75,0.03570066054401089,0.0284193550397851
2009-05-04,54.45,53.26,0.042583569670387345,0.028761148240307843
2009-05-05,53.81,53.16,-0.011823525877641128,-0.001879346540741622
2009-05-06,56.29,55.07,0.04505757597460658,0.03529886942934546
2009-05-07,56.67,56.63,0.006728070705593225,0.0279337768513237
2009-05-08,58.58,56.02,0.03314837121805869,-0.01083011029375136
2009-05-11,57.79,55.99,-0.013577591069900308,-5.356664711602122e-4
2009-05-12,58.81,56.52,0.017496158142177975,0.009421454455524447
2009-05-13,58,56.84,-0.013868897925445545,0.0056457454125729
2009-05-14,58.58,56.25,0.009950330853167877,-0.010434262144370265
2009-05-15,56.52,56.33,-0.035798783583260274,0.0014212118220928716
2009-05-18,58.99,56.51,0.04277338019865695,0.0031903607351297936
2009-05-19,59.52,57.12,0.008944452509853207,0.010736704389576524
2009-05-20,61.45,59.1,0.031911445487207146,0.03407660638072407
2009-05-21,60.49,58.02,-0.015745773893221404,-0.018443145718794796
2009-05-22,61.15,58.7,0.010851800014358481,0.011651948140793067
2009-05-26,62.48,59.05,0.021516643398249435,0.005944815809320048
2009-05-27,63.41,61.28,0.014775072180509774,0.03706898278896453
2009-05-28,65.09,63.47,0.026149349872355288,0.035113827886043225
2009-05-29,66.31,64.98,0.018569787796480774,0.023512176922575456
2009-06-01,68.59,66.6,0.03380603613045352,0.02462504730538928
2009-06-02,68.58,67.67,-1.458044764559574e-4,0.01593837269779108
2009-06-03,66.14,66.15,-0.036227239481127604,-0.022718059683169756
2009-06-04,68.8,67.68,0.03943003738565132,0.022865824737003493
2009-06-05,68.43,67.77,-0.005392419974890927,0.0013289038500534645
2009-06-08,68.05,67.61,-0.005568595866932036,-0.002363718045435448
2009-06-09,70.02,68.94,0.02853818642904482,0.01948065998613302
2009-06-10,71.38,70.52,0.019236802535494313,0.022659796440950508
2009-06-11,72.69,71.71,0.018186105434530475,0.016733850364813563
2009-06-12,72.13,70.62,-0.007733776980963114,-0.015316817394243287
2009-06-15,70.54,68.49,-0.02229012170767497,-0.030625641290426664
2009-06-16,70.47,70.52,-9.928374689751607e-4,0.02920860831985639
2009-06-17,71.07,68.95,0.008478219499872708,-0.022514753290359124
2009-06-18,71.42,69.96,0.004912635327499082,0.01454204591109054
2009-06-19,69.6,70.48,-0.025813374825928825,0.007405331477523092
2009-06-22,67.09,66.13,-0.036729565765576844,-0.06370647994135314
2009-06-23,68.81,66.36,0.025314081639591812,0.0034719636356728145
2009-06-24,68.14,68.47,-0.009784670981568766,0.03130122781072764
2009-06-25,69.7,68.82,0.02263590553365802,0.005098707236363076
2009-06-26,69.16,68.1,-0.007777656951388323,-0.01051718721386763
2009-06-29,71.47,69.75,0.032855120416797945,0.023940207546007564
2009-06-30,69.82,68.11,-0.023357279554997668,-0.023793375448248
2009-07-01,69.32,68.52,-0.007187036829485294,0.006001628202692899
2009-07-02,66.68,65.74,-0.03882840696481171,-0.041418105219846346
2009-07-06,64.06,63.12,-0.04008491370158129,-0.04066989169845403
2009-07-07,62.88,61.54,-0.0185919960600609,-0.025350306643723286
2009-07-08,60.15,59.71,-0.04438670570026293,-0.030187859334994904
2009-07-09,60.36,59.17,0.0034851914789602034,-0.00908485387029856
2009-07-10,59.93,58.43,-0.007149419429554271,-0.012585200122257056
2009-07-13,59.69,58.25,-0.0040127122895352585,-0.0030853641205350613
2009-07-14,59.62,60.48,-0.0011734139306334157,0.03756863942546751
2009-07-15,61.49,61.25,0.030883471715452693,0.012651117553558855
2009-07-16,62.07,62.02,0.00938822046018295,0.012493064247466101
2009-07-17,63.56,63.54,0.023721561242954436,0.024212715169067422
2009-07-20,63.93,64.64,0.005804393110119932,0.01716378537147012
2009-07-21,64.81,65.93,0.013671177660989464,0.019760158912368375
2009-07-22,64.58,65.36,-0.003555147109495671,-0.008683122573461155
2009-07-23,66.1,68.06,0.023263981527511746,0.04047921852101233
2009-07-24,66.96,68.82,0.012926679323578938,0.011104731296574855
2009-07-27,68.34,69.78,0.020399820505925703,0.013853035389293389
2009-07-28,67.24,68.53,-0.016226938146730596,-0.01807583016089609
2009-07-29,63.42,65.79,-0.05848903943021355,-0.04080375449982565
2009-07-30,66.9,68.82,0.05341969802398161,0.04502654927142835
2009-07-31,69.26,70.08,0.03466857184009342,0.018143046258801476
2009-08-03,71.59,72.9,0.03308786043381762,0.03945119238647621
2009-08-04,71.4,73.82,-0.0026575300625548692,0.01254105858723964
2009-08-05,71.97,74.39,0.007951496174174011,0.007691826601398333
2009-08-06,71.96,74.61,-1.389564373805996e-4,0.0029530222801730233
2009-08-07,70.97,74.21,-0.013853156545440726,-0.005375634501381121
2009-08-10,70.59,73.79,-0.005368761129511235,-0.005675690911767006
2009-08-11,69.46,71.58,-0.016137444091453013,-0.03040751573239575
2009-08-12,70.08,74.03,0.008886399312208582,0.033654711117127256
2009-08-13,70.57,73.76,0.006967678384602216,-0.0036538372066683422
2009-08-14,67.51,71.33,-0.04432938995895874,-0.03349958295839173
2009-08-17,66.72,68.65,-0.01177097700328833,-0.03829586407596608
2009-08-18,69.22,68.66,0.03678508015670712,1.4565581556524876e-4
2009-08-19,72.54,72.81,0.04684829564755777,0.05868652037707367
2009-08-20,72.4,73.75,-0.0019318344630852025,0.012827686813309924
2009-08-21,73.12,73.71,0.009895627754223923,-5.425200187323398e-4
2009-08-24,73.68,74.34,0.007629464801156338,0.0085106896679088
2009-08-25,71.6,73.1,-0.02863631798045141,-0.01682079811337278
2009-08-26,71.38,70.74,-0.003077355904586021,-0.03281718297839831
2009-08-27,72.49,70.68,0.015430903250772232,-8.485363258392553e-4
2009-08-28,72.72,72.8,0.0031678285564371578,0.02955330775114451
2009-08-31,69.97,69.02,-0.03854987111141828,-0.053319637532783126
2009-09-01,68.11,68.78,-0.026942533504578314,-0.0034833126657369817
2009-09-02,68.03,67.6,-0.001175260896257413,-0.01730502195520156
2009-09-03,67.9,66.78,-0.001912749792318813,-0.012204348533409792
2009-09-04,67.95,65.84,7.361060325026259e-4,-0.014176078146694415
2009-09-08,71.08,69.2,0.04503386268929788,0.049773306254810024
2009-09-09,71.27,69.76,0.0026694782273279927,0.008059916977099846
2009-09-10,71.95,68.96,0.009495951819597614,-0.011534153245286838
2009-09-11,69.34,68.76,-0.03694949307649864,-0.0029044458407883056
2009-09-14,68.86,66.91,-0.006946482346499749,-0.027273747719923414
2009-09-15,70.81,66.53,0.027924775753304765,-0.005695459040929052
2009-09-16,72.5,68.51,0.02358632819694595,0.029326746261011394
2009-09-17,72.48,71.56,-2.759001259047267e-4,0.04355653862571085
2009-09-18,71.95,70.72,-0.007339228401347597,-0.011807840311131024
2009-09-21,69.74,68.11,-0.031197392085871023,-0.037604373076161046
2009-09-22,71.5,69.65,0.02492340845245611,0.02235865497258782
2009-09-23,68.74,67.43,-0.039366178278274155,-0.03239267747932395
2009-09-24,65.74,64.99,-0.04462370318561426,-0.03685661084023284
2009-09-25,65.91,64.6,0.0025826068285557113,-0.0060190011177017055
2009-09-28,66.69,65.43,0.011764841579585905,0.012766458093091515
2009-09-29,66.56,64.63,-0.0019512201312616995,-0.012302169606843272
2009-09-30,70.46,65.82,0.056941376400138743,0.01824504424038942
2009-10-01,70.67,67.12,0.002975981789671067,0.019558318643757566
2009-10-02,69.8,66.5,-0.012387144934436378,-0.009280114497142833
2009-10-05,70.26,65.26,0.006568637069354288,-0.01882265649663406
2009-10-06,70.71,68.51,0.006384358778468879,0.04860042884963356
2009-10-07,69.6,67.65,-0.015822438275775674,-0.012632365398010492
2009-10-08,71.69,68.47,0.029586700524406595,0.012048338516174262
2009-10-09,71.75,69.45,8.365867749500211e-4,0.01421137606738121
2009-10-12,73.24,70.75,0.020553865166578866,0.018545467322994114
2009-10-13,74.1,70.81,0.011673812495732072,8.476971403359457e-4
2009-10-14,75.2,72.16,0.014735698653752571,0.01888564209068555
2009-10-15,77.55,73.14,0.030771658666753687,0.013489536966866389
2009-10-16,78.54,74.58,0.012685159527316081,0.01949696202944029
2009-10-19,79.47,75.86,0.011771542802224033,0.017017161510077372
2009-10-20,78.87,76.51,-0.007578664542188029,0.008531914983008093
2009-10-21,81.03,77.74,0.027018529062734054,0.015948474180316197
2009-10-22,80.82,78.36,-0.0025949968223066833,0.007943667652263287
2009-10-23,80.11,77.72,-0.008823769423301542,-0.00820096856710073
2009-10-26,78.61,76.45,-0.018901772421360263,-0.016475692134167552
2009-10-27,79.45,76.69,0.01062897517705963,0.0031343894016959695
2009-10-28,77.39,75.11,-0.026270319700357092,-0.02081761607884758
2009-10-29,79.84,77.18,0.03116705872084058,0.02718665041155255
2009-10-30,77.04,74.91,-0.0356998645133384,-0.02985296314968089
2009-11-02,78.08,75.56,0.013409174614967156,0.008639649673517269
2009-11-03,79.58,75.68,0.01902886289394523,0.0015868821103142139
2009-11-04,80.3,78.21,0.009006815953933156,0.03288359186989709
2009-11-05,79.64,78.02,-0.008253141756719984,-0.002432312535010084
2009-11-06,77.4,75.51,-0.02852969860031429,-0.03270010626317621
2009-11-09,79.44,77.18,0.026015239141235824,0.02187525829413861
2009-11-10,79.01,77.07,-0.005427593002274911,-0.001426256319571273
2009-11-11,79.16,76.99,0.0018966939997229204,-0.0010385564999433328
2009-11-12,77.25,75.18,-0.02442420495651021,-0.023790305153926106
2009-11-13,76.34,74.81,-0.011849868460771518,-0.0049336722517185905
2009-11-16,78.91,77.14,0.03311091521586018,0.03067038689576851
2009-11-17,79.08,77.36,0.002152035769472427,0.0028478983649566914
2009-11-18,79.55,78.64,0.005925756481379274,0.016410624693872222
2009-11-19,77.47,76.45,-0.026494990139984687,-0.02824354346383906
2009-11-20,76.83,75.61,-0.008295575764266871,-0.011048382804893286
2009-11-23,76.49,78.14,-0.004435175545768999,0.03291354005674574
2009-11-24,74.88,75.35,-0.021273181164437993,-0.03635816455441976
2009-11-25,77.25,76.57,0.031160083608518185,0.01606143005252747
2009-11-27,75.95,76,-0.016971686736073188,-0.007472014838700858
2009-11-30,77.19,77.77,0.016194685919980856,0.023022412420520943
2009-12-01,78.39,78.68,0.015426453238868376,0.01163324081400674
2009-12-02,76.62,76.96,-0.022838228928128146,-0.022103187163407867
2009-12-03,76.42,77.76,-0.0026136972537491587,0.010341353794732555
2009-12-04,75.41,77.74,-0.013304549804198373,-2.5723472810668113e-4
2009-12-07,73.89,76.18,-0.020362391413999426,-0.020270964373618305
2009-12-08,72.59,74.93,-0.01775032950380684,-0.016544616674239343
2009-12-09,70.67,73.63,-0.026806016593986293,-0.017501792995593846
2009-12-10,70.54,70.91,-0.0018412298948566885,-0.03764108406472033
2009-12-11,69.86,70.07,-0.009686685429220354,-0.011916724933462852
2009-12-14,69.48,71.19,-0.005454298005781233,0.01585761673333952
2009-12-15,70.62,71.33,0.016274449127335444,0.0019646371741650626
2009-12-16,72.64,73.34,0.028202343792798068,0.027789166353233696
2009-12-17,72.58,71.28,-8.263325081134809e-4,-0.02849037948062616
2009-12-18,73.3,71.87,0.009871207107680746,0.008243148317797377
2009-12-21,72.71,72.74,-0.008081682230639764,0.012032508078491766
2009-12-22,73.48,71.64,0.010534333684959485,-0.015237862366332067
2009-12-23,76.03,73.87,0.03411473889341998,0.03065321434813484
2009-12-24,76.83,75.15,0.010467189639198793,0.01717932465833716
2009-12-28,78.67,76.59,0.023666699461607266,0.018980403722518524
2009-12-29,78.87,76.65,0.0025390390687487496,7.830853963213258e-4
2009-12-30,79.35,77.62,0.006067519562518164,0.012575520622936764
2009-12-31,79.39,77.91,5.039687646037905e-4,0.0037291884020067556
2010-01-04,81.52,79.05,0.026475973177447543,0.014526249312714512
2010-01-05,81.74,79.27,0.0026950892216621725,0.002779183193583279
2010-01-06,83.12,80.14,0.016741868654840175,0.010915358358934313
2010-01-07,82.6,80.57,-0.0062756662640390815,0.00535126658110574
2010-01-08,82.74,80.06,0.0016934805063328895,-0.006350018224677179
2010-01-11,82.54,80.14,-0.002420136708829901,9.987516435714383e-4
2010-01-12,80.79,79.38,-0.021429828832818743,-0.009528657853079103
2010-01-13,79.66,77.57,-0.014085617738119005,-0.023065692852139108
2010-01-14,79.35,77.61,-0.0038991307810798403,5.155303632671249e-4
2010-01-15,77.96,76.85,-0.01767257233305841,-0.009840814881442839
2010-01-19,78.98,75.18,0.012998781219144107,-0.02197023184857283
2010-01-20,77.42,75.09,-0.01994951070900175,-0.0011978440242392807
2010-01-21,75.84,74.13,-0.020619287202735315,-0.012867085443164505
2010-01-22,74.25,72.73,-0.021188080263957687,-0.019066354502179195
2010-01-25,74.9,72.18,0.00871611284036522,-0.0075909549518060615
2010-01-26,74.67,72.63,-0.0030754854755636885,0.006215060403433448
2010-01-27,73.64,72.75,-0.013890048682733358,0.0016508464335256434
2010-01-28,73.62,70.65,-2.7162841400230064e-4,-0.02929079692106562
2010-01-29,72.85,71.2,-0.010514195309661467,0.007754709287393524
2010-02-01,74.41,71.58,0.021187808767956007,0.005322886919949532
2010-02-02,77.21,73.94,0.036938640911555076,0.0324382481706067
2010-02-03,76.96,75.77,-0.0032431759632736146,0.024448482434795693
2010-02-04,73.13,71.3,-0.05104712707459136,-0.06080610852303181
2010-02-05,71.15,70.11,-0.027448354746997694,-0.016830890201373627
2010-02-08,71.87,69.62,0.010068606944489744,-0.007013554835583413
2010-02-09,73.71,70.4,0.02527954372084551,0.011141380780704147
2010-02-10,74.48,70.4,0.010392157767614485,0
2010-02-11,75.23,72.35,0.010019454603318323,0.027322189913495443
2010-02-12,74.11,71.49,-0.01499961160886265,-0.011957873298732657
2010-02-16,76.98,74.82,0.03799517189233281,0.04552764914124019
2010-02-17,77.27,74.89,0.0037601340898927305,9.351413412757026e-4
2010-02-18,78.97,76.61,0.021762251563997026,0.022707246267454018
2010-02-19,79.77,76.88,0.010079460413548347,0.0035181481333070863
2010-02-22,80.04,76.95,0.003379015792494222,9.100956228511592e-4
2010-02-23,78.61,76.44,-0.018027591909866914,-0.0066497409128158935
2010-02-24,79.75,77,0.014397823859288117,0.0072993024816119245
2010-02-25,77.99,74.38,-0.022316128322547257,-0.03461833335676001
2010-02-26,79.72,76.36,0.02193988200218744,0.02627191036062282
2010-03-01,78.71,76.07,-0.012750283190235301,-0.0038050298483369716
2010-03-02,79.62,77.5,0.011495105417813178,0.01862396735009142
2010-03-03,80.91,78.66,0.016072108247576544,0.014856830644362162
2010-03-04,80.21,77.88,-0.008689230440914741,-0.009965586499665058
2010-03-05,81.5,79.2,0.015954824867983497,0.016807118316381597
2010-03-08,81.85,78.94,0.004285283570326648,-0.0032882285856787874
2010-03-09,81.5,78.77,-0.004285283570326648,-0.002155856519468813
2010-03-10,82.07,80.29,0.006969521394803557,0.019112866481360236
2010-03-11,82.1,79.44,3.654748167623012e-4,-0.010643060459675446
2010-03-12,81.26,79.38,-0.01028412589880201,-7.555723819976379e-4
2010-03-15,79.79,77.08,-0.018255707239391405,-0.029402603808754257
2010-03-16,81.75,79.45,0.024267626457173286,0.030284049436559712
2010-03-17,82.93,80.28,0.014331068685749848,0.010392630945412762
2010-03-18,82.16,80.09,-0.009328312842809439,-0.002369521592546775
2010-03-19,80.58,78.37,-0.019418085857101808,-0.02170980127081812
2010-03-22,81.26,78.09,0.008403410796379518,-0.003579193390189417
2010-03-23,81.68,79.17,0.0051552832968297935,0.013735431508759
2010-03-24,80.29,78.03,-0.01716409365981786,-0.014504071054672885
2010-03-25,80.25,78.64,-4.983181864677277e-4,0.007787107710241159
2010-03-26,79.75,77.98,-0.006250020345171414,-0.00842809228445951
2010-03-29,81.92,79.89,0.0268464196262439,0.024198304939499593
2010-03-30,82.14,79.46,0.002681947237214821,-0.005396938107498528
2010-03-31,83.45,80.37,0.01582254157943197,0.011387221838174533
2010-04-01,84.53,82.63,0.012858850832992097,0.027731838488466387
2010-04-05,86.36,84.48,0.02141810470576999,0.022142009244857874
2010-04-06,86.54,85.05,0.0020821291501320616,0.006724498883919239
2010-04-07,85.64,84.49,-0.01045427107525665,-0.006606134677117126
2010-04-08,85.17,82.63,-0.0055032045684919595,-0.022260373451659987
2010-04-09,84.6,82.77,-0.0067149925408118705,0.0016928661842108284
2010-04-12,84.07,85.21,-0.006284481464972735,0.029053120942560184
2010-04-13,83.8,83.44,-0.0032167776591682795,-0.020990987147347262
2010-04-14,85.62,85.81,0.021485893228763153,0.028007739126512554
2010-04-15,85.25,86.9,-0.0043307845531739275,0.012622482452316675
2010-04-16,82.97,84.81,-0.027109019487432384,-0.02434457189773731
2010-04-19,81.52,83.09,-0.017630707761724373,-0.020489102696719108
2010-04-20,82.98,84.73,0.017751225990252806,0.019545372533483096
2010-04-21,82.78,84.55,-0.002413128584136004,-0.0021266548657834505
2010-04-22,82.89,84.58,0.0013279412828488546,3.5475669975326696e-4
2010-04-23,84.34,86.09,0.017341820714978695,0.01769542862552065
2010-04-26,84.2,86.72,-0.0016613270701322236,0.007291277021472808
2010-04-27,82.43,85.59,-0.021245472923145492,-0.013116083797817701
2010-04-28,83.22,84.59,0.009538255229658787,-0.011752397577595275
2010-04-29,85.17,86.82,0.023161555598194994,0.02602095355552425
2010-04-30,86.07,86.19,0.010511659508392945,-0.007282848212139648
2010-05-03,86.19,88.09,0.0013932429979250927,0.021804857462396576
2010-05-04,82.73,85.39,-0.04097186845721623,-0.03113002120218944
2010-05-05,80,82.31,-0.03355565852821041,-0.03673639093496206
2010-05-06,77.18,80.21,-0.035886278564408514,-0.025844411605719486
2010-05-07,75.1,76.48,-0.027319797339383278,-0.04761892663568723
2010-05-10,76.89,78.08,0.023555270273999618,0.020704673361691128
2010-05-11,76.37,79,-0.006785880143795886,0.011713910362184166
2010-05-12,75.65,78.7,-0.009472508665927748,-0.0038046970436642624
2010-05-13,74.38,79.41,-0.016930351737441285,0.008981149483762607
2010-05-14,71.61,76.43,-0.037952359478075515,-0.03824901565232697
2010-05-17,70.08,73.87,-0.021597282390712458,-0.03406849771414677
2010-05-18,69.38,75.12,-0.01003880508653232,0.01678004335936123
2010-05-19,69.91,71.86,0.007610058982289836,-0.044367053214634744
2010-05-20,68.28,69.56,-0.02359180259765381,-0.03253009219929037
2010-05-21,68.03,70.45,-0.003668113569270659,0.012713548858607204
2010-05-24,68.23,69.62,0.0029355664703629714,-0.011851355961396415
2010-05-25,64.78,67.18,-0.05188743708414911,-0.03567629819914586
2010-05-26,71.52,70.59,0.09898021712207594,0.04951290722323343
2010-05-27,74.56,73.56,0.04162703951207636,0.04121290832874003
2010-05-28,74,73,-0.007539077173165154,-0.007641958587729647
2010-06-01,72.7,73.08,-0.017723708664696858,0.001095290361415202
2010-06-02,72.88,72.78,0.0024728684122292677,-0.004113539325792281
2010-06-03,74.62,73.12,0.023594314841309583,0.004660734961881019
2010-06-04,71.43,71.84,-0.04369061862613055,-0.017660503151950557
2010-06-07,71.55,71.09,0.001678556835578604,-0.010494744052552463
2010-06-08,71.88,71.43,0.004601555912898014,0.00477126922548976
2010-06-09,74.38,73.68,0.03418902658156586,0.031013442780169598
2010-06-10,75.48,74.33,0.014680632003425842,0.008783246790151189
2010-06-11,73.89,73.28,-0.021290219699793944,-0.01422691837132728
2010-06-14,74.99,75.11,0.01477727051274158,0.024665985332045004
2010-06-15,76.84,75.29,0.024370566587058384,0.0023936181641106558
2010-06-16,77.67,76.12,0.010743744531199972,0.010963718565918157
2010-06-17,76.82,77.52,-0.011004059513797237,0.018224925154561866
2010-06-18,77.18,77.05,0.004675333191713982,-0.006081405816385832
2010-06-21,77.84,78.53,0.008515081768276644,0.019026155620657903
2010-06-22,77.15,78.08,-0.008903859068579045,-0.00574677528194556
2010-06-23,75.9,75.22,-0.016334894407585843,-0.037316789062646905
2010-06-24,75.96,75.17,7.902015425003128e-4,-6.649378528127414e-4
2010-06-25,78.45,76.21,0.03225459323495716,0.013740472488648514
2010-06-28,78.26,76.66,-0.002424862396775751,0.0058873722743824075
2010-06-29,75.93,74.21,-0.03022475355712384,-0.032481147970366386
2010-06-30,75.59,74.94,-0.004487863921056601,0.009788881383498982
2010-07-01,72.95,71.73,-0.03554972433529091,-0.04377872322719778
2010-07-02,72.06,71.75,-0.012275169648847672,2.787845013871859e-4
2010-07-06,71.96,73.08,-0.0013886962376146172,0.018366876870075544
2010-07-07,74.05,72.97,0.02863013163147521,-0.0015063337322773762
2010-07-08,75.46,74.56,0.018862173822356887,0.021555772599806566
2010-07-09,76.08,75.2,0.008182703700970073,0.008547060578458776
2010-07-12,74.93,74.35,-0.0152310738609156,-0.01136755804963041
2010-07-13,77.16,76.45,0.029326843661309,0.027853259468908043
2010-07-14,77.02,76.63,-0.001816059650765034,0.0023517126072407635
2010-07-15,76.67,75.52,-0.004554630815960081,-0.01459112314506772
2010-07-16,75.96,75.55,-0.009303611626718222,3.971668815037077e-4
2010-07-19,76.53,76.29,0.007475934877745338,0.00974717938338987
2010-07-20,77.32,76.31,0.010269833518299798,2.6212319940377427e-4
2010-07-21,76.27,75.75,-0.013672978163982386,-0.007365546912063259
2010-07-22,79.01,77.59,0.03529475055849485,0.024000108516379015
2010-07-23,78.68,77.27,-0.004185433213783618,-0.004132770960365129
2010-07-26,78.93,77.9,0.0031723901994524795,0.008120170931209536
2010-07-27,77.46,75.52,-0.01879970963370514,-0.031028431039457516
2010-07-28,77.06,76.66,-0.005177334888594842,0.014982538115163813
2010-07-29,78.3,78.6,0.015963263798746574,0.02499163948275207
2010-07-30,78.85,77.5,0.006999710412289417,-0.0140937630758593
2010-08-02,81.25,81.93,0.02998350780079928,0.055587287794422124
2010-08-03,82.52,83.6,0.015509866993204113,0.020178295936932322
2010-08-04,82.49,83.76,-3.636143304106554e-4,0.0019120464716255725
2010-08-05,82,82.9,-0.005957826608386618,-0.010320504421032162
2010-08-06,80.67,81.28,-0.016352488315370728,-0.01973507831107746
2010-08-09,81.46,81.54,0.009745343271383433,0.0031937135609352296
2010-08-10,80.24,79.89,-0.015089958566585793,-0.020443008897156112
2010-08-11,78.09,77.83,-0.027160135979096722,-0.026123727522653795
2010-08-12,75.68,76.63,-0.03134808293096025,-0.015538315988984586
2010-08-13,75.39,75.14,-0.003839284520013031,-0.019635604836489406
2010-08-16,75.17,74.56,-0.0029224250342325675,-0.007748869768487765
2010-08-17,75.76,76.74,0.00781823368844492,0.02881891444147122
2010-08-18,75.39,75.1,-0.0048958086542123525,-0.021602526048717152
2010-08-19,74.45,74.84,-0.012546881093592255,-0.0034680573642003054
2010-08-20,73.45,73.48,-0.013522856510131298,-0.018339241058964006
2010-08-23,72.71,73.08,-0.010125975957921085,-0.005458528837118948
2010-08-24,71.24,70.61,-0.020424468240504368,-0.03438295398155056
2010-08-25,72.07,70.74,0.011583410514888648,0.0018394062490791896
2010-08-26,73.36,74.5,0.017740959011859125,0.05178794160817901
2010-08-27,75.17,75.16,0.024373387241168665,0.008820049159750987
2010-08-30,74.69,76.05,-0.0064060008204025465,0.011771844160037404
2010-08-31,71.93,75.51,-0.0376527904897106,-0.007125920889968107
2010-09-01,73.97,75.53,0.027966181720511685,2.648305100221293e-4
2010-09-02,74.99,74.93,0.013695165713521362,-0.00797558394913711
2010-09-03,74.52,75.03,-0.006287225579909794,0.001333689181418407
2010-09-07,73.98,75.78,-0.007272759329080003,0.00994637203281723
2010-09-08,74.65,77.48,0.009015737580891248,0.022185432948340633
2010-09-09,74.25,77.87,-0.005372746302390041,0.005020931050099264
2010-09-10,76.4,77.54,0.028544918489665783,-0.004246837346111754
2010-09-13,77.17,78.52,0.010028084297037054,0.012559437165477583
2010-09-14,76.78,78.89,-0.005066590896860568,0.004701107698737772
2010-09-15,75.92,78.46,-0.011264035270978745,-0.005465536325591991
2010-09-16,74.58,78.89,-0.017807779550997438,0.005465536325591991
2010-09-17,73.63,77.43,-0.012819823370049832,-0.018680174708365804
2010-09-20,74.81,79.42,0.015899014503688136,0.025375923304473247
2010-09-21,72.96,78.76,-0.025040220118237144,-0.008344971932181089
2010-09-22,72.98,77.29,2.7408524222582997e-4,-0.01884067265214462
2010-09-23,73.4,77.69,0.005738504612168072,0.0051619678435494976
2010-09-24,74.63,78.73,0.01661863552282572,0.013297728234046069
2010-09-27,76.51,77.71,0.024878880100464684,-0.013040327975224919
2010-09-28,76.15,79.14,-0.004716371902589778,0.018234486736127486
2010-09-29,77.85,78.79,0.022078818938836342,-0.004432350699681287
2010-09-30,79.95,80.77,0.026617540999955835,0.024819524196607823
2010-10-01,81.57,82.69,0.020060108032526003,0.02349306627987069
2010-10-04,81.43,83.42,-0.0017177918334487785,0.008789413034723914
2010-10-05,82.83,83.35,0.017046559131132177,-8.39479571996371e-4
2010-10-06,83.21,85.01,0.004577218302165953,0.0197202874324649
2010-10-07,81.34,83.67,-0.02272963243325954,-0.015888406321760584
2010-10-08,82.66,83.88,0.016097908604507438,0.002506715726211972
2010-10-11,82.18,83.08,-0.005823845628322388,-0.009583207025807283
2010-10-12,81.67,82.99,-0.00622522608507925,-0.001083880397555248
2010-10-13,83.03,84.01,0.01651525090375472,0.012215720766398874
2010-10-14,82.71,83.55,-0.0038614745701242015,-0.005490584335352544
2010-10-15,81.23,81.94,-0.018055876640952206,-0.01945798292267753
2010-10-18,83.06,82.3,0.022278601139744225,0.004383835564298444
2010-10-19,79.57,81.12,-0.042926100813163615,-0.014441567840150604
2010-10-20,81.93,81.68,0.029228086764280015,0.006879634013537306
2010-10-21,80.03,81.28,-0.023463659774768608,-0.004909190026238797
2010-10-22,81.15,80.75,0.013897729581645812,-0.006542021727406144
2010-10-25,82,81.91,0.01041995330365264,0.014263121424744618
2010-10-26,82.6,82.62,0.007290433262679308,0.008630698441108642
2010-10-27,81.9,81.27,-0.0085106896679088,-0.016474837203505288
2010-10-28,82.2,82.97,0.003656311203110718,0.020702151911080158
2010-10-29,81.45,82.47,-0.009165967014080678,-0.006044505830929303
2010-11-01,82.94,84.06,0.01812811977018125,0.019096238731706627
2010-11-02,83.91,84.71,0.011627341063743302,0.0077028288664884315
2010-11-03,84.45,85.33,0.006414847371830845,0.007292434105034218
2010-11-04,86.49,86.83,0.023869157064611457,0.017426091524059828
2010-11-05,86.85,87.05,0.004153692368693562,0.002530482141644086
2010-11-08,87.07,87.15,0.002529900153409592,0.001148105751832773
2010-11-09,87.04,87.93,-3.4460973289096586e-4,0.0089102714248801
2010-11-10,87.77,87.92,0.00835197349639305,-1.1373329554498213e-4
2010-11-11,87.77,88.08,0,0.0018181823190586144
2010-11-12,84.89,86.07,-0.03336345585414957,-0.023084573753041404
2010-11-15,84.88,85.49,-1.1780644414915997e-4,-0.006761508623240431
2010-11-16,82.33,83.98,-0.030502932995392307,-0.017820734782095116
2010-11-17,80.43,83.36,-0.023348320394357636,-0.0074100972509905105
2010-11-18,81.88,83.7,0.017867519877110993,0.0040703994903728
2010-11-19,81.65,83.17,-0.002812941376614475,-0.006352271614833427
2010-11-22,81.24,82.34,-0.005034082704289844,-0.010029689538836983
2010-11-23,80.79,82.37,-0.0055545412205670885,3.6427661139804e-4
2010-11-24,83.21,84.53,0.029514337420721404,0.025885207987679237
2010-11-26,83.87,84.78,0.007900448083981715,0.0029531649836549434
2010-11-29,85.73,85.9,0.021934841694344342,0.01312416306571862
2010-11-30,84.12,86.02,-0.018958471856165282,0.00139599836538018
2010-12-01,86.75,88.56,0.030786067992469413,0.02910046104479136
2010-12-02,87.98,89.37,0.014079097093604886,0.009104766992919622
2010-12-03,89.18,90.65,0.013547283278756872,0.014220881807559316
2010-12-06,89.33,91.25,0.0016805785144171637,0.006597055261740259
2010-12-07,88.69,90.78,-0.0071902343253862355,-0.005163995434281254
2010-12-08,88.3,89.74,-0.0044070357784464775,-0.011522396480482477
2010-12-09,88.35,89.93,5.660911557905379e-4,0.0021149893785876728
2010-12-10,87.81,89.54,-0.006130809393800618,-0.004346137113604875
2010-12-13,88.62,90.4,0.00918217639943908,0.009558814585311382
2010-12-14,88.33,90.63,-0.0032777650143032133,0.002541016668558882
2010-12-15,88.66,91.33,0.0037290285598672313,0.0076940366368978275
2010-12-16,87.71,91.09,-0.010772911353617687,-0.0026312919468693963
2010-12-17,88.02,91.11,0.0035281434196550165,2.195389690484717e-4
2010-12-20,88.68,91.31,0.007470323365165399,0.0021927429024817258
2010-12-21,89.3,93.11,0.006967103134343233,0.019521279272189496
2010-12-22,89.83,93.55,0.005917507358661922,0.004714462819660703
2010-12-23,90.84,93.63,0.011180721996241871,8.547922306991751e-4
2010-12-27,90.99,93.08,0.0016498931312423082,-0.00589150651670689
2010-12-28,91.48,93.52,0.0053707587859808115,0.004715978729722181
2010-12-29,91.13,93.52,-0.0038333106465451294,0
2010-12-30,89.85,92.5,-0.014145445278467506,-0.010966672645433384
2010-12-31,91.38,93.23,0.01688502290555771,0.007860913790222135
2011-01-03,91.59,95.82,0.0022954592797708173,0.0274018731463741
2011-01-04,89.39,93.52,-0.024313276315135468,-0.02429611429116285
2011-01-05,90.3,95.07,0.010128641323178478,0.016438145207125388
2011-01-06,88.37,94.95,-0.021604914893026184,-0.0012630251126433123
2011-01-07,88.07,94.25,-0.003400592712544892,-0.007399610930175271
2011-01-10,89.24,95.05,0.013197416746963064,0.008452242606318272
2011-01-11,91.11,96.8,0.020738198161435406,0.01824392534809327
2011-01-12,91.85,97.86,0.008089243935367918,0.010890891578445583
2011-01-13,91.39,97.86,-0.0050207483770243755,0
2011-01-14,91.53,97.86,0.0015307241125777082,0
2011-01-18,91.38,97.83,-0.0016401512615624725,-3.0660739163934636e-4
2011-01-19,90.85,98.42,-0.005816841292945796,0.006012756968494237
2011-01-20,88.56,96.27,-0.02552950644179841,-0.022087291647957308
2011-01-21,88.22,96.84,-0.0038465937235878656,0.005903388279983268
2011-01-24,86.74,96.76,-0.01691855626957306,-8.26446328031416e-4
2011-01-25,85.08,96.76,-0.019323148075184093,0
2011-01-26,86.15,96.04,0.012497972641901889,-0.00746891438877384
2011-01-27,84.45,96.48,-0.01993031972012904,0.0045709616258227115
2011-01-28,88.15,97.06,0.04288026559007019,0.005993610998194399
2011-01-31,90.99,98.97,0.0317097015247203,0.019487429931530187
2011-02-01,89.54,100.4,-0.016064157555780056,0.014345433349029157
2011-02-02,89.78,101.3,0.002676780540966206,0.008924203997008107
2011-02-03,89.42,101.69,-0.004017862547951445,0.003842558548408981
2011-02-04,87.87,99.43,-0.017485921298082907,-0.02247509081106447
2011-02-07,86.3,99.44,-0.01802885141836974,1.0056821047399467e-4
2011-02-08,85.85,99.25,-0.0052280107458972935,-0.001912527635155925
2011-02-09,85.59,100.16,-0.00303313344996603,0.009126987784488172
2011-02-10,85.44,100.74,-0.0017540786816336862,0.005774032965716103
2011-02-11,84.39,99.93,-0.012365464042009222,-0.008072999443806239
2011-02-14,83.66,103.12,-0.008687945155823051,0.03142341775723434
2011-02-15,83.13,102.48,-0.00635531847105586,-0.0062257010424531245
2011-02-16,83.8,102.78,0.008027359945040224,0.002923123975604014
2011-02-17,85.05,103.45,0.014806311353833479,0.006497622627469113
2011-02-18,85.03,102.2,-2.3518344416917358e-4,-0.012156726421948427
2011-02-22,92.65,106.82,0.08582481733366798,0.04421349714202005
2011-02-23,96.04,109.77,0.0359358186216836,0.027242092787600924
2011-02-24,95.83,113.91,-0.002188982997381572,0.037021395212596175
2011-02-25,96.52,111.47,0.007174452401160103,-0.021653166510288813
2011-02-28,97.1,112.27,0.005991134540447973,0.007151188069156156
2011-03-01,99.63,113.34,0.02572194875948597,0.009485466270784393
2011-03-02,102.27,116.89,0.026153050761156038,0.03084117087820637
2011-03-03,101.92,114.42,-0.0034281829940683295,-0.021357432779296026
2011-03-04,104.34,115.71,0.023466605770393834,0.011211172047863371
2011-03-07,105.37,116.58,0.00982316801718941,0.007490671729157405
2011-03-08,105.06,112.32,-0.002946350085620608,-0.03722579233990331
2011-03-09,104.39,115.19,-0.006397730105608623,0.025230998660914494
2011-03-10,102.73,114.07,-0.01602969819203448,-0.00977064389860871
2011-03-11,101.14,114.07,-0.01559849157633586,0
2011-03-14,101.2,112.95,5.930612015285774e-4,-0.009867052125794196
2011-03-15,97.23,111.11,-0.04001945103179949,-0.01642454131809501
2011-03-16,97.99,110.96,0.007786126826161421,-0.0013509255893406902
2011-03-17,101.47,114.18,0.03489775564326436,0.02860637452953707
2011-03-18,101.06,114.13,-0.004048788427229333,-4.380009706048682e-4
2011-03-21,102.36,114.92,0.012781611427826078,0.006898084545579941
2011-03-22,104.53,115.63,0.0209781002530276,0.006159204029781762
2011-03-23,105.21,115.65,0.006484241275580338,1.729505365775097e-4
2011-03-24,105.04,115.41,-0.0016171228256558479,-0.002077383245134179
2011-03-25,104.89,115.45,-0.0014290480210279455,3.465303681906562e-4
2011-03-28,103.54,115.95,-0.012954170499757112,0.004321527901036681
2011-03-29,104.34,115.58,0.007696786120491517,-0.0031961328119090027
2011-03-30,103.8,115.35,-0.005188826862458917,-0.001991946269869871
2011-03-31,106.19,116.94,0.02276397168396649,0.01368999812776206
2011-04-01,107.55,118.63,0.012725913297984448,0.014348422925487547
2011-04-04,108.14,120.07,0.005470828240119907,0.012065500369614846
2011-04-05,107.82,122.87,-0.0029635139303358926,0.023051979836853143
2011-04-06,108.38,123.01,0.005180400114444872,0.0011387670012137363
2011-04-07,109.82,122.9,0.01319909171275846,-8.94636308704122e-4
2011-04-08,112.27,126.3,0.02206402261996221,0.027289012784455835
2011-04-11,109.5,126.46,-0.02498213521413284,0.0012660232740220323
2011-04-12,105.75,121.33,-0.03484673133016791,-0.041411946566685565
2011-04-13,106.6,122.7,0.008005693805356096,0.011228245653083668
2011-04-14,107.73,122.74,0.010544585174357302,3.259452440858013e-4
2011-04-15,109.17,124.63,0.013278203386077436,0.015281050877334224
2011-04-18,106.7,121.69,-0.02288514198447089,-0.023872520489576665
2011-04-19,107.18,121.35,0.00448850575899673,-0.0027978951760987414
2011-04-20,110.84,124.26,0.03357805592807317,0.02369721246293821
2011-04-21,111.72,123.64,0.00790802108219868,-0.005002027371632245
2011-04-26,111.72,124.55,0,0.0073331244442735866
2011-04-27,112.31,124.94,0.005267163897968885,0.0031263803572345594
2011-04-28,112.38,126.59,6.230807091069934e-4,0.013119895583312946
2011-05-02,113.03,126.64,0.0057672845185878785,3.9489792401958823e-4
2011-05-03,110.6,124.01,-0.021733181114405475,-0.020986208058075384
2011-05-04,108.79,121.55,-0.016500670655243077,-0.020036506752548533
2011-05-05,99.89,111.93,-0.08534983788893324,-0.08245202486095682
2011-05-06,96.87,113.69,-0.030699707105764418,0.015601770239839219
2011-05-09,100.32,113.21,0.034995203446317014,-0.004230945050997192
2011-05-10,103.39,117.82,0.03014316871399103,0.03991353500352357
2011-05-11,97.88,115.66,-0.05476600702413048,-0.018503183363469233
2011-05-12,98.53,112.87,0.006618831759912069,-0.02441813876253729
2011-05-13,99.21,113.08,0.006877745327427576,0.0018588188578547715
2011-05-16,96.91,113.72,-0.02345610291535216,0.005643753957409459
2011-05-17,96.4,109.39,-0.005276511129959083,-0.03881980865110002
2011-05-18,99.52,112.54,0.03185242737436944,0.02838923587343345
2011-05-19,97.99,113.2,-0.015493196343141946,0.005847451763949962
2011-05-20,99.15,111.25,0.011768422318078287,-0.017376244722733247
2011-05-23,97.06,110.13,-0.021304510988735537,-0.01011843486949715
2011-05-24,99.13,112.52,0.02110277606773625,0.021469497444804198
2011-05-25,100.78,114.47,0.016507803207646,0.01718179630872818
2011-05-26,100.18,115.06,-0.005971355322981431,0.005140951504762903
2011-05-27,100.58,114.85,0.003984862814347956,-0.0018268023000400646
2011-05-31,102.7,117.18,0.020858686190694087,0.020084284981535028
2011-06-01,100.3,116.15,-0.02364642196662281,-0.00882875490022439
2011-06-02,100.41,114.3,0.0010961089234546861,-0.016055888415652753
2011-06-03,100.28,115.09,-0.0012955306012516488,0.006887860179634053
2011-06-06,99.07,115.4,-0.01213960230515454,0.002689923093599944
2011-06-07,99.18,116.14,0.0011097100760490974,0.006392005869904516
2011-06-08,100.77,118.43,0.015904311231323298,0.019525708789499774
2011-06-09,101.95,119.95,0.01164180472815346,0.01275292055230004
2011-06-10,99.3,118.71,-0.026336925969337344,-0.01039144522026092
2011-06-13,97.2,120.49,-0.02137485958473384,0.014883217869742005
2011-06-14,99.37,120.35,0.02207954577687854,-0.0011625977061040516
2011-06-15,94.83,114.67,-0.04676444234763544,-0.048345726178867565
2011-06-16,94.95,114.69,0.001264622362659118,1.7439832621768403e-4
2011-06-17,93.02,113.74,-0.020535913462344624,-0.008317694497777417
2011-06-20,93.23,112.21,0.0022550345126512994,-0.013543026201878305
2011-06-21,93.7,112.02,0.005028630935774103,-0.0016946888950890582
2011-06-22,94.96,113.59,0.013357561057036449,0.013918047461643823
2011-06-23,90.7,108.27,-0.045898393180321406,-0.04796736692052317
2011-06-24,90.89,104.79,0.0020926270095875665,-0.032669759835956214
2011-06-27,90.65,104.57,-0.0026440469298183444,-0.00210164387635281
2011-06-28,92.9,107.57,0.024517708618932765,0.028285094833416125
2011-06-29,94.85,111.49,0.020773050561230022,0.03579310233556665
2011-06-30,95.3,111.71,0.004733114279133588,0.0019713268032761633
2011-07-01,94.81,109.82,-0.005154921730288642,-0.017063565732030384
2011-07-05,96.92,113.21,0.02201100701845693,0.03040183923929174
2011-07-06,96.67,113.55,-0.0025827794718109587,0.0029987674615492566
2011-07-07,98.7,117.4,0.020781829962921883,0.03334363884242908
2011-07-08,96.2,117.4,-0.025655588767775406,0
2011-07-11,95.16,117.35,-0.010869672236903938,-4.2598509696389897e-4
2011-07-12,97.41,117.36,0.02336918934810761,8.521153769347478e-5
2011-07-13,98.04,118.46,0.006446683877047832,0.00932921701409306
2011-07-14,95.75,117.38,-0.023634930599156334,-0.009158815718630642
2011-07-15,97.24,118.06,0.015441521387166368,0.005776434682355003
2011-07-18,95.94,117.05,-0.013459153374004273,-0.00859177587562332
2011-07-19,97.49,118.18,0.01602681256726246,0.009607691980608735
2011-07-20,98.11,118.52,0.006339489534119558,0.0028728367878354533
2011-07-21,98.96,118.25,0.00862642990893292,-0.0022806953333214253
2011-07-22,99.53,118.99,0.005743378173739266,0.006238428595019663
2011-07-25,98.97,118.27,-0.005642332349371948,-0.0060693097040367405
2011-07-26,99.61,118.14,0.006445787248473778,-0.0010997843839364307
2011-07-27,97.4,117.99,-0.022436350508584724,-0.0012704867672610476
2011-07-28,97.48,118.16,8.210181085166468e-4,0.0014397631112963438
2011-07-29,95.68,115.93,-0.018637938554683764,-0.0190530775408142
2011-08-01,94.98,116.37,-0.007342947081346196,0.0037882094376753273
2011-08-02,93.78,116.02,-0.012714729459535334,-0.003012180082067495
2011-08-03,91.87,113.74,-0.0205770793780653,-0.019847448159264758
2011-08-04,86.75,110.22,-0.05734411545640672,-0.03143677342356366
2011-08-05,86.89,106.92,0.0016125320241462404,-0.0303974771843718
2011-08-08,81.27,103.06,-0.06686600608600113,-0.03676954837064006
2011-08-09,79.32,103.63,-0.024286641113518748,0.00551552029604796
2011-08-10,83.05,103.84,0.0459525324077088,0.0020243897596543547
2011-08-11,85.48,107.82,0.028839594391643075,0.037611917067742695
2011-08-12,85.19,108.17,-0.00339837439619739,0.003240893618674967
2011-08-15,87.88,108.89,0.03108819146166031,0.0066341347157719
2011-08-16,86.65,109.69,-0.01409523135479418,0.007320007065272804
2011-08-17,87.58,111.37,0.010675645211636997,0.015199785981766745
2011-08-18,82.38,108.36,-0.06120997236531789,-0.027398974188114877
2011-08-19,82.33,109.37,-6.071276975996298e-4,0.00927761213023981
2011-08-22,84.42,108.83,0.02506877904401783,-0.004949597639163805
2011-08-23,85.35,110.35,0.010956108886096771,0.013870100994775036
2011-08-24,84.99,111.91,-0.004226846729914691,0.014037844127190446
2011-08-25,85.15,111.91,0.0018808045981622001,0
2011-08-26,85.37,112.29,0.002580343913518135,0.0033898337545110735
2011-08-30,88.9,115.59,0.04051739149764355,0.028964636721728887
2011-08-31,88.81,116.48,-0.0010128862494456214,0.007670137142199884
2011-09-01,88.93,116.43,0.0013502871411352757,-4.2935039945124487e-4
2011-09-02,86.45,115.92,-0.028283331282248803,-0.0043899360364978435
2011-09-06,85.99,113.29,-0.005335201706494708,-0.022949395127029426
2011-09-07,89.34,117.5,0.038218305501168004,0.036487430698816326
2011-09-08,89.05,117.99,-0.003251306188301939,0.0041615415276146095
2011-09-09,87.24,115.1,-0.02053506840224273,-0.024798559383991226
2011-09-12,88.19,114.75,0.010830636566661056,-0.003045466787182427
2011-09-13,90.21,114.08,0.022646707768458008,-0.005855892274668761
2011-09-14,88.91,113.1,-0.014515663535499712,-0.00862757354391075
2011-09-15,89.4,116.71,0.005496060046421114,0.03141984230218764
2011-09-16,87.96,116.26,-0.016238516492908417,-0.0038631631510579467
2011-09-19,85.7,112.89,-0.026029340082826202,-0.029415168999749497
2011-09-20,86.92,114.39,0.014135329784495276,0.013199769264127248
2011-09-21,85.77,114.26,-0.013318860385899356,-0.0011371092412657546
2011-09-22,80.29,109.21,-0.06602421480573728,-0.045203919086679534
2011-09-23,79.58,109.17,-0.008882275197810152,-3.6633391745866106e-4
2011-09-26,79.97,107.9,0.0048887593450155364,-0.011701428028089822
2011-09-27,84.18,109.54,0.05130579899862653,0.015084907091486244
2011-09-28,80.94,108.52,-0.03924922389470531,-0.009355291564843604
2011-09-29,81.87,107.08,0.011424483940637664,-0.013358269138579182
2011-09-30,78.93,105.42,-0.03657123966804576,-0.01562384722509158
2011-10-03,77.34,103.61,-0.020350097541160572,-0.017318521163399936
2011-10-04,75.4,101.84,-0.02540401116524027,-0.017230896014509334
2011-10-05,79.41,103.77,0.051817029893209465,0.018773957368035887
2011-10-06,82.32,104.38,0.035989786618674025,0.005861174598080332
2011-10-07,82.7,106.56,0.004605510503851384,0.020670120576811613
2011-10-10,85.14,109.49,0.02907735837036096,0.027125014093254407
2011-10-11,85.54,109.22,0.00468714239875645,-0.0024690241613258834
2011-10-12,85.3,112.44,-0.002809648301129286,0.029055549314323414
2011-10-13,83.96,112.45,-0.01583395954520128,8.893236699325513e-5
2011-10-14,86.8,114.33,0.033266126713872524,0.016580325148554564
2011-10-17,86.38,112.92,-0.0048504541337495155,-0.0124094001685906
2011-10-18,88.34,112.08,0.022436838635825573,-0.007466701356536376
2011-10-19,86.11,111.76,-0.025567457460306642,-0.002859187080045622
2011-10-20,86.07,109,-4.646300466912834e-4,-0.025005832719562804
2011-10-21,87.19,111.6,0.012928726778341115,0.023573167718066834
2011-10-24,91.12,111.67,0.0440876736992033,6.270435104900329e-4
2011-10-25,92.98,112.11,0.020207097123511986,0.003932438707801467
2011-10-26,90.2,110.43,-0.030354989193861037,-0.015098696106462306
2011-10-27,93.96,112.45,0.040839732722133704,0.01812684234628481
2011-10-28,93.32,110.01,-0.006834712637482809,-0.021937407653980223
2011-10-31,93.19,108.43,-0.0013940273556647398,-0.014466467267253869
2011-11-01,92.19,106.97,-0.010788754987061111,-0.01355638216605115
2011-11-02,92.51,110.82,0.0034650819727239934,0.03535884212116436
2011-11-03,94.07,110.76,0.016722439200632877,-5.415651364426566e-4
2011-11-04,94.26,112.22,0.002017735511724794,0.013095532020065193
2011-11-07,95.52,114.75,0.01327872814870723,0.022294618617828554
2011-11-08,96.8,115.61,0.013311344638239575,0.007466608746575787
2011-11-09,95.74,115.29,-0.011010810318168751,-0.002771764442368152
2011-11-10,97.78,113.32,0.021083873186136692,-0.017235018282546477
2011-11-11,98.99,114.43,0.012298777781216685,0.00974760736730751
2011-11-14,98.14,112.57,-0.008623804269959123,-0.01638803196291061
2011-11-15,99.37,111.9,0.012455226581514545,-0.005969635048832522
2011-11-16,102.59,111.91,0.03189020485634941,8.936151205585219e-5
2011-11-17,98.82,109.25,-0.037440448682017013,-0.02405614285423674
2011-11-18,97.67,107.82,-0.01170556395821798,-0.013175663952176286
2011-11-21,96.73,105.98,-0.00967085726493,-0.01721277295890644
2011-11-22,97.76,107.77,0.010591903228829302,0.016748929544124103
2011-11-23,96.16,106.83,-0.016502024636388057,-0.008760540650944115
2011-11-25,96.91,106.08,0.007769241959561413,-0.0070452595202441515
2011-11-28,98.21,109.38,0.013325330423223924,0.030634531481074312
2011-11-29,99.79,111.25,0.01595993472653845,0.016951863127722788
2011-11-30,100.36,111.22,0.005695743602000647,-2.6969928693176826e-4
2011-12-01,100.2,108.83,-0.0015955328474577257,-0.021723190051447183
2011-12-02,100.97,109.59,0.007655254365465325,0.006959097767330391
2011-12-05,100.94,110.18,-2.9716210411301347e-4,0.005369262569269395
2011-12-06,101.25,110.16,0.003066425074532475,-1.8153762417050245e-4
2011-12-07,100.45,110.07,-0.007932614725705278,-8.173273850990981e-4
2011-12-08,98.35,108.23,-0.02112754642587511,-0.016857934728245816
2011-12-09,99.4,107.91,0.010619568827459958,-0.0029610459314124427
2011-12-12,97.77,107.82,-0.016534332144948927,-8.343763521194703e-4
2011-12-13,100.24,109.25,0.02494952907023329,0.013175663952176286
2011-12-14,94.92,105.72,-0.0545328790202495,-0.032844744239611146
2011-12-15,93.84,104.52,-0.011443227222343033,-0.011415649083676094
2011-12-16,93.55,104,-0.0030951516251214173,-0.004987541511039417
2011-12-19,93.86,104.55,0.0033082576461724855,0.005274526733270335
2011-12-20,97.16,107.8,0.03455479376770043,0.030612232600254252
2011-12-21,98.54,108,0.014103452981845344,0.0018535686493228454
2011-12-22,99.42,108.98,0.008890743550709068,0.009033152030732516
2011-12-23,99.72,109.28,0.0030129579888313884,0.0027490166675274708
2011-12-28,99.44,107.54,-0.002811811452901658,-0.016050524440947456
2011-12-29,99.68,106.89,0.0024106078366870065,-0.006062603095678298
2011-12-30,98.83,108.09,-0.008563852651050752,0.011163945142257603
2012-01-03,102.96,111.12,0.04093936089977923,0.02764648501797673
2012-01-04,103.22,113.37,0.002522069432710161,0.020046107583418404
2012-01-05,101.81,113.59,-0.013754301601476726,0.001938668213822936
2012-01-06,101.56,111.96,-0.0024585742826275236,-0.014453809596076894
2012-01-09,101.31,111.07,-0.0024646337708915667,-0.007981031468224487
2012-01-10,102.24,113.3,0.009137867563638657,0.019878534854932184
2012-01-11,100.89,111.66,-0.01329217620893619,-0.014580628151746211
2012-01-12,99.03,112.97,-0.01860797988707663,0.011663756856623131
2012-01-13,98.69,109.88,-0.0034392103492955073,-0.02773343551176488
2012-01-17,100.7,110.55,0.020162175540600735,0.006079046076382433
2012-01-18,100.61,109.81,-8.941434205578247e-4,-0.0067163076938330235
2012-01-19,100.32,109.54,-0.002886579419348223,-0.0024618202540471756
2012-01-20,98.15,108.5,-0.02186815616214055,-0.009539606375060572
2012-01-23,99.47,109.46,0.013359170441852086,0.008809012735257582
2012-01-24,98.84,108.38,-0.006353710043913274,-0.009915615577804182
2012-01-25,99.23,108.48,0.003938006805741523,9.222540541173885e-4
2012-01-26,99.76,109.08,0.00532691344563041,0.005515733785302679
2012-01-27,99.47,110.5,-0.0029112102074586588,0.012933962980420155
2012-01-30,98.75,110.24,-0.007264687383091051,-0.00235571369245946
2012-01-31,98.46,110.26,-0.002941029451176469,1.8140589618909075e-4
2012-02-01,97.63,111.96,-0.008465551092474932,0.01530045148571535
2012-02-02,96.36,110.96,-0.01309364549090919,-0.00897188864067644
2012-02-03,97.8,112.56,0.014833399294101213,0.014316636799557081
2012-02-06,96.89,115.47,-0.009348262643858796,0.02552434315763108
2012-02-07,98.55,116.86,0.016987719201815743,0.01196588116252606
2012-02-08,98.8,117.18,0.0025335711550935613,0.0027345769903517336
2012-02-09,99.88,118.4,0.010871860657750254,0.010357508333262544
2012-02-10,98.68,118.13,-0.012087173750416902,-0.002283009489476129
2012-02-13,100.39,118.73,0.017180309042279518,0.005066294717272157
2012-02-14,100.82,118.3,0.004274147951049301,-0.0036282366933599874
2012-02-15,101.82,120.25,0.009869799819705705,0.016349138001529262
2012-02-16,102.33,121,0.0049963366244734075,0.006217636610871047
2012-02-17,103.27,120.69,0.009144032584648798,-0.0025652709669348184
2012-02-21,105.88,120.85,0.024959459675588214,0.0013248325196855149
2012-02-22,105.99,123.07,0.0010383726802629667,0.01820319203475318
2012-02-23,107.44,124.53,0.013587802175818453,0.011793351548812225
2012-02-24,109.39,124.89,0.017986925916717134,0.0028866991419365107
2012-02-27,108.49,126.46,-0.008261475297340226,0.012492702755473317
2012-02-28,106.59,124.02,-0.01766830413331366,-0.01948320970873585
2012-02-29,107.08,122.23,0.0045865199511068155,-0.014538327132560092
2012-03-01,108.76,125.76,0.01556740111211763,0.02847081289172504
2012-03-02,106.68,125.93,-0.019309920450456097,0.0013508683368588237
2012-03-05,106.7,126.68,1.8745899389394083e-4,0.005938024652683893
2012-03-06,104.71,125.03,-0.018826534008336893,-0.013110513163530513
2012-03-07,106.16,125.37,0.013752765724581728,0.002715656621025353
2012-03-08,106.65,127.96,0.004605054893406901,0.020448349953383627
2012-03-09,107.4,128.08,0.007007737157405103,9.373536071421995e-4
2012-03-12,106.34,127.27,-0.00991867399857238,-0.006344254684504058
2012-03-13,106.7,128.14,0.0033796502315155408,0.006812602206919927
2012-03-14,105.49,126.98,-0.011404996613990193,-0.009093822468571489
2012-03-15,105.19,123.63,-0.002847922942534886,-0.02673635972346844
2012-03-16,107.03,125.09,0.017340930245101305,0.011740244207814499
2012-03-19,108.09,125.76,0.009855044431827942,0.0053418504542461775
2012-03-20,105.68,124.38,-0.022548553214042144,-0.011033933005153429
2012-03-21,106.87,123.89,0.011197482322735652,-0.003947320548095767
2012-03-22,104.98,122.49,-0.017843286712651896,-0.011364681128053
2012-03-23,106.43,125.21,0.013717636228800067,0.021962933681262342
2012-03-26,107.07,125.85,0.005995334117224971,0.005098393900468068
2012-03-27,107.32,125.25,0.0023321993872444935,-0.004778981616350819
2012-03-28,105.4,124.41,-0.018052389450160966,-0.006729177038574008
2012-03-29,102.79,123.23,-0.025074564082431472,-0.009530034976368285
2012-03-30,103.03,123.41,0.0023321359321464286,0.0014596175150609625
2012-04-02,105.25,124.44,0.021318264605514337,0.008311526564344085
2012-04-04,101.53,123.04,-0.03598415124935972,-0.011314166272102355
2012-04-05,103.29,123.58,0.017186244705410303,0.004379213875499666
2012-04-10,101.12,121.89,-0.021232635619994333,-0.013769720965088439
2012-04-11,102.66,120.41,0.015114626733609526,-0.012216412763617512
2012-04-12,103.69,120.57,0.009983121438029485,0.0013279112250916825
2012-04-13,102.84,120.62,-0.008231296172497515,4.14610893621159e-4
2012-04-16,102.92,118.23,7.776050158545544e-4,-0.020013228147818474
2012-04-17,104.23,117.41,0.012648008337687422,-0.006959797232902076
2012-04-18,102.65,115.18,-0.015274852286288443,-0.01917596056359372
2012-04-19,102.38,117,-0.0026337624355052824,0.015677812719229856
2012-04-20,103.58,118.08,0.011652879966308483,0.009188426054405952
2012-04-23,102.68,116.66,-0.008726904992806261,-0.012098639526670674
2012-04-24,103.1,117.74,0.004082035019974839,0.009215082274623754
2012-04-25,103.72,117.45,0.005995569647549104,-0.0024660924951938057
2012-04-26,104.56,119.33,0.008066108645502723,0.01588005327664277
2012-04-27,104.86,119.3,0.00286505782842017,-2.5143527769433405e-4
2012-04-30,104.89,118.66,2.8605482912613667e-4,-0.0053790682733732
2012-05-01,106.17,119.57,0.012129401051969246,0.007639713100991763
2012-05-02,105.25,117.57,-0.008703110462990438,-0.016868073051838905
2012-05-03,102.56,115.91,-0.02589047939013156,-0.014219872978996406
2012-05-04,98.49,111.66,-0.04049297299074883,-0.0373554880184388
2012-05-08,97.13,110.48,-0.013904732767371364,-0.010624030781177574
2012-05-09,96.8,111.89,-0.0034032931317078408,0.012681736718592518
2012-05-10,97.1,112.24,0.0030943810147476825,0.003123189974576057
2012-05-11,96.03,112.5,-0.011080732647397618,0.002313785850269312
2012-05-14,94.75,110.79,-0.01341879868734619,-0.015316704111893564
2012-05-15,93.97,111.4,-0.008266261567562161,0.005490809960602583
2012-05-16,92.78,109.8,-0.012744483071375434,-0.014466798417753779
2012-05-17,92.53,109.31,-0.0026981830626588987,-0.004472646769685618
2012-05-18,91.51,108.03,-0.011084660333652074,-0.011778915976850435
2012-05-21,92.57,109.02,0.011516859151832648,0.009122385307240855
2012-05-22,91.44,109.76,-0.01228209559256399,0.0067648123414407735
2012-05-23,89.4,106.88,-0.0225623373070869,-0.026589454189240413
2012-05-24,90.36,107.2,0.010681009420333787,0.00298953884836628
2012-05-25,90.64,107.86,0.0030939251199484374,0.006137841272379596
2012-05-29,90.75,107.55,0.0012128564252096297,-0.0028782341953421664
2012-05-30,87.79,103.85,-0.03316087420684344,-0.035008305391617256
2012-05-31,86.52,103.86,-0.0145719978532588,9.628809405093364e-5
2012-06-01,83.17,98.63,-0.03948889520426224,-0.05166836345027015
2012-06-04,83.95,97.74,0.009334677642954148,-0.009064583123893577
2012-06-05,84.31,98.65,0.004279098411034354,0.009267340626615272
2012-06-06,85.05,101.14,0.00873883690728583,0.024927463183212595
2012-06-07,84.78,100.05,-0.0031796529173790944,-0.010835634622094581
2012-06-08,84.08,97.57,-0.008290939355795501,-0.0250999919098831
2012-06-11,82.58,98.6,-0.01800120611075151,0.010501192488730382
2012-06-12,83.35,96.59,0.009281088738858578,-0.0205960454173848
2012-06-13,82.56,97.29,-0.009523307463550346,0.007220992796131753
2012-06-14,83.83,96.46,0.015265636916513614,-0.00856779434651056
2012-06-15,84.03,97.13,0.0023829392903609303,0.0069218727734137175
2012-06-18,83.26,95.21,-0.009205636173297727,-0.01996530911663985
2012-06-19,83.99,95.14,0.008729502370706577,-7.354872934639545e-4
2012-06-20,81.06,93.5,-0.035508122937373265,-0.017388054709494227
2012-06-21,77.91,89.22,-0.039635306857396024,-0.04685620659452283
2012-06-22,79.33,89.22,0.01806205297114527,0
2012-06-25,78.76,88.69,-0.007211113542987313,-0.005958086311757427
2012-06-26,79.34,90.19,0.007337161315259522,0.016771412789255535
2012-06-27,80.27,92.06,0.011653537057301655,0.02052198221147883
2012-06-28,77.72,91.02,-0.03228332763424646,-0.01136127580060009
2012-06-29,85.04,94.17,0.09000910952445285,0.03402239693347653
2012-07-02,83.72,95.28,-0.015643836455892846,0.011718265525072269
2012-07-03,87.74,99.89,0.04689999816026891,0.047249655497013876
2012-07-05,87.11,101.54,-0.007206207907267448,0.01638322897519018
2012-07-06,84.37,98.5,-0.03195979965326501,-0.03039626134120521
2012-07-09,85.93,99.94,0.018321123147596374,0.01451345773801549
2012-07-10,83.92,99.15,-0.023669047237090624,-0.007936150950253129
2012-07-11,85.88,99.23,0.023087008922538566,8.065329603450522e-4
2012-07-12,86.02,99.18,0.0016288543450100335,-5.040068651629426e-4
2012-07-13,87.15,101.91,0.013050944610440318,0.027153689779614965
2012-07-16,88.41,102.1,0.014354313451682366,0.0018626543300168663
2012-07-17,89.07,104.21,0.007437492026065584,0.02045536883371657
2012-07-18,89.88,105.92,0.009052869873349856,0.016275998184362095
2012-07-19,92.78,107.79,0.03175565200646968,0.017500797604839136
2012-07-20,91.56,106.98,-0.013236604239232008,-0.007542988690433461
2012-07-23,87.77,103.91,-0.04227473848033991,-0.029116761238548783
2012-07-24,88.28,103.57,0.005793824784509738,-0.0032774272637672297
2012-07-25,88.8,102.35,0.005873068609588472,-0.011849400493488815
2012-07-26,89.4,104.77,0.006734032181344496,0.02336915925757488
2012-07-27,90.13,106.3,0.008132390388849942,0.014497813983028074
2012-07-30,89.8,106.54,-0.0036680972601645934,0.002255216140951255
2012-07-31,88.08,105.93,-0.019339482893729887,-0.00574200288044846
2012-08-01,88.99,106.78,0.010278511454346884,0.007992144463635498
2012-08-02,87.22,107.55,-0.020090341454150895,0.0071852126416986906
2012-08-03,91.4,109.57,0.046811816045484456,0.01860775870356335
2012-08-06,92.3,110.01,0.009798663048702139,0.004007656334041876
2012-08-07,93.68,112.39,0.01484057778065484,0.021403694778832083
2012-08-08,93.39,113.42,-0.0031004461678350026,0.009122777055705633
2012-08-09,93.39,113.52,0,8.812902659052213e-4
2012-08-10,92.94,113.13,-0.004830149464794431,-0.0034414329134113686
2012-08-13,92.76,114.48,-0.0019386112695007895,0.011862535309820288
2012-08-14,93.4,113.9,0.006875832847465624,-0.005079264795059046
2012-08-15,94.35,115.51,0.010119926579761795,0.014036235847451728
2012-08-16,95.66,116.12,0.013788966437592087,0.005267032855840625
2012-08-17,96,115.2,0.00354795321568524,-0.00795439089463823
2012-08-20,96.03,115.5,3.124511820455922e-4,0.0026007817000568423
2012-08-21,96.55,116.03,0.005400366224641573,0.004578248397606011
2012-08-22,96.89,115.77,0.0035153055223897667,-0.0022433141418165548
2012-08-23,95.87,117.45,-0.010583207308007658,0.01440724688728423
2012-08-24,95.78,115.76,-9.39212174442261e-4,-0.014493628781693246
2012-08-27,95.54,113.74,-0.0025088869526470603,-0.017603940444574917
2012-08-28,96.3,112.62,0.007923310842263831,-0.009895822052181202
2012-08-29,95.5,112.53,-0.008342071317395394,-7.994670645663504e-4
2012-08-30,94.61,112.28,-0.009363068770331218,-0.0022241012682240324
2012-08-31,96.47,113.93,0.019468900466108607,0.01458847321634238
2012-09-04,95.34,114.98,-0.011782629405781897,0.009173975485120778
2012-09-05,95.37,113.32,3.1461381414121803e-4,-0.014542525232829284
2012-09-06,95.58,114.5,0.0021995295591912267,0.010359148031978904
2012-09-07,96.41,113.64,0.00864633752627686,-0.007539266008307344
2012-09-10,96.52,113.84,0.0011403100805420507,0.001758396795609407
2012-09-11,97.03,114.86,0.005269968280376958,0.008920041654553401
2012-09-12,97.02,114.86,-1.0306622013800393e-4,0
2012-09-13,98.3,116,0.013106884336050229,0.009876195670214472
2012-09-14,98.94,117.48,0.006489578646442062,0.012677915224054814
2012-09-17,96.51,116.7,-0.024866975880518005,-0.006661567037909322
2012-09-18,95.25,113.29,-0.013141615912234172,-0.029655636407112773
2012-09-19,91.97,108.49,-0.03504257709220404,-0.04329290005103825
2012-09-20,92.14,109.41,0.0018467225931644293,0.008444290654339603
2012-09-21,92.64,111.27,0.005411854316914599,0.016857386680910302
2012-09-24,91.68,109.2,-0.010416760858255714,-0.01877861685880422
2012-09-25,91.07,110.77,-0.006675811386702257,0.014274916218036893
2012-09-26,89.92,108.99,-0.012708055434346832,-0.016199844627621474
2012-09-27,91.89,111.45,0.021671823367412912,0.02231992493065782
2012-09-28,92.18,111.36,0.003150977779569075,-8.078632457682033e-4
2012-10-01,92.44,112.58,0.0028165981138172924,0.010895883449770771
2012-10-02,91.88,112.49,-0.006076407585282162,-7.99751231146395e-4
2012-10-03,88.19,109.32,-0.04098979992080842,-0.02858496774486685
2012-10-04,91.69,110.48,0.03891974416171973,0.010555148041169637
2012-10-05,89.87,112.17,-0.020049140391527054,0.015181068556095134
2012-10-08,89.43,112.6,-0.004907985312192054,0.0038261380484581053
2012-10-09,92.42,114.32,0.032887209084030644,0.015159817916021723
2012-10-10,91.24,116.11,-0.012850008025933057,0.015536484017302676
2012-10-11,92.19,116.18,0.010358267394315668,6.02694925471603e-4
2012-10-12,91.83,115.17,-0.003912623185072128,-0.00873141488357021
2012-10-15,91.84,115,1.0889094582555714e-4,-0.0014771693175656964
2012-10-16,92.07,115,0.002501224728497675,0
2012-10-17,92.04,113.49,-3.258921325892672e-4,-0.01321740105020286
2012-10-18,92,112.58,-4.3468811812452657e-4,-0.008050647277166867
2012-10-19,90,111.89,-0.02197890671877545,-0.006147834216251091
2012-10-22,88.3,109.62,-0.01906956272035032,-0.0204964062016586
2012-10-23,86.65,107.53,-0.01886309144829923,-0.019249961215535905
2012-10-24,85.39,107.66,-0.014648018242100491,0.0012082347303765673
2012-10-25,85.59,107.64,0.0023394559740035348,-1.8578727410645257e-4
2012-10-26,85.84,108.9,0.0029166444289243643,0.011637704080209588
2012-10-29,85.52,109.33,-0.003734831605653355,0.003940801507479108
2012-10-30,85.65,109.4,0.0015189580533396807,6.400585414869653e-4
2012-10-31,86.23,109.89,0.006748920194104002,0.004468975470952152
2012-11-01,87.05,108.84,0.009464521249964442,-0.009600951543787595
2012-11-02,84.9,106.79,-0.025008572896895842,-0.019014624731591212
2012-11-05,85.64,105.59,0.008678370404179958,-0.011300619365030684
2012-11-06,88.62,109.27,0.034205102049861935,0.03425821376423066
2012-11-07,84.5,108.21,-0.04760603140821562,-0.009748099999097093
2012-11-08,85.07,107.23,0.006722912624664623,-0.009097723351502829
2012-11-09,86.08,108.61,0.011802649425681544,0.01278742405989064
2012-11-12,85.56,110.23,-0.006059212199269304,0.014805607683279653
2012-11-13,85.38,108.82,-0.002106002884389113,-0.012873950917445143
2012-11-14,86.32,109.66,0.010949439620063117,0.007689528918123578
2012-11-15,85.45,110.07,-0.010129911388278678,0.003731857059397825
2012-11-16,86.62,106.81,0.013599326224880137,-0.030064971933696505
2012-11-19,89.05,110.06,0.02766727394919055,0.02997411653000892
2012-11-20,86.46,110.01,-0.02951613049618551,-4.5440088026893477e-4
2012-11-21,87.08,110.81,0.0071453571268609295,0.007245752196889832
2012-11-23,87.01,110.14,-8.041817884132385e-4,-0.006064739113898376
2012-11-26,87.28,110.18,0.0030982869468818564,3.631082102346639e-4
2012-11-27,86.81,109.33,-0.005399519121098706,-0.00774456059817652
2012-11-28,86.1,108.26,-0.00821241097003167,-0.009835090077562114
2012-11-29,87.64,110.47,0.017728103293580766,0.020208249515352605
2012-11-30,88.54,110.84,0.01021691257672952,0.0033437291105933298
2012-12-03,88.69,111.27,0.0016927160843662747,0.0038719601748313792
2012-12-04,88.04,109.99,-0.007355886730100458,-0.011570227600583571
2012-12-05,87.36,108.96,-0.007753744661665785,-0.009408610167823461
2012-12-06,85.47,108.01,-0.021872074818668708,-0.008757026970818593
2012-12-07,85.45,107.16,-2.3402761632596025e-4,-0.00790077075397555
2012-12-10,85.14,108.25,-0.0036344491615940555,0.01012032220619119
2012-12-11,85.36,107.6,0.0025806465934916645,-0.006022719154914924
2012-12-12,86.35,110.17,0.01153119759919008,0.023603979624289728
2012-12-13,85.39,110.18,-0.011179806673172976,9.07646925965011e-5
2012-12-14,86.32,109.28,0.010832323030363966,-0.00820199622209028
2012-12-17,86.71,109.35,0.004507896439189807,6.403513002970485e-4
2012-12-18,87.46,109.96,0.008612328595705598,0.005562916174268295
2012-12-19,89.09,109.95,0.018465548747777838,-9.094629627526274e-5
2012-12-20,89.76,110.57,0.007492347041834435,0.005623087553540351
2012-12-21,88.2,109.13,-0.0175324787616411,-0.013108972429312082
2012-12-24,88.29,108.44,0.0010198879007452533,-0.006342807494533531
2012-12-26,90.71,110.72,0.027040753713362342,0.02080746723889426
2012-12-27,90.91,110.04,0.0022024015069135316,-0.006160555812985358
2012-12-28,90.66,110.05,-0.0027537606210632504,9.08719160968019e-5
2012-12-31,91.83,110.8,0.01282279611272763,0.006791966340712996
2013-01-02,93.14,112.98,0.014164695928799986,0.01948403758393269
2013-01-03,92.97,113.03,-0.0018268770864642292,4.424583055238074e-4
2013-01-04,93.12,112.58,0.001612123515361219,-0.003989190166759471
2013-01-07,93.2,112.49,8.587377084179337e-4,-7.99751231146395e-4
2013-01-08,93.21,113.03,1.0729038151957582e-4,0.004788941397905866
2013-01-09,93.08,113.07,-0.001395673638974415,3.5382574451414683e-4
2013-01-10,93.81,112.97,0.007812121703768327,-8.847992083165224e-4
2013-01-11,93.6,110.3,-0.0022410766543128346,-0.023918370479380613
2013-01-14,94.27,111.32,0.00713262192451225,0.009205010398233071
2013-01-15,93.26,111.72,-0.010771714027884016,0.0035868044192861603
2013-01-16,94.28,110.97,0.01087778668775563,-0.006735846564503767
2013-01-17,95.49,111.01,0.012752451894180616,3.6039283208300077e-4
2013-01-18,95.61,111.71,0.0012558871352439382,0.006285940238201171
2013-01-22,96.09,112.72,0.005007835191821464,0.009000640007668537
2013-01-23,95.06,113.68,-0.010776981103313155,0.008480616198419888
2013-01-24,95.35,114.59,0.003046060860564914,0.007973056649511534
2013-01-25,95.15,113.88,-0.0020997383042695716,-0.0062152780285194
2013-01-28,95.95,113.92,0.008372628711549979,3.5118525382848986e-4
2013-01-29,97.62,115.22,0.01725516800529281,0.011346896640571202
2013-01-30,97.98,115.42,0.0036809857514272792,0.0017343049785836229
2013-01-31,97.65,115.55,-0.0033737188877402957,0.001125687437569134
2013-02-01,97.46,115.55,-0.0019476199073285017,0
2013-02-04,96.21,116.06,-0.012908735042186592,0.004403962042072607
2013-02-05,96.68,117.03,0.004873253462108984,0.00832301342421271
2013-02-06,96.44,116.61,-0.0024855025223118332,-0.0035952786544335424
2013-02-07,95.84,117.17,-0.006240918945831453,0.0047908381478229956
2013-02-08,95.71,118.9,-0.00135734815932409,0.014656932016672286
2013-02-11,97.01,118.29,0.013491279765377229,-0.005143567139090699
2013-02-12,97.48,117.89,0.004833162783813627,-0.0033872502536098636
2013-02-13,97.03,118.43,-0.004627019719797509,0.004570082429367517
2013-02-14,97.3,118.48,0.0027787801547507485,4.2210122613983714e-4
2013-02-15,95.95,117.4,-0.013971766738250402,-0.009157262565547164
2013-02-19,96.69,117.04,0.007682762041747893,-0.003071150682127488
2013-02-20,94.92,116.23,-0.01847555292789327,-0.006944770056252381
2013-02-21,92.79,114.19,-0.022695556202474876,-0.01770725894205949
2013-02-22,93.12,113.74,0.0035501086180396157,-0.00394858583490354
2013-02-25,92.74,114.55,-0.004089105019812855,0.007096267020851421
2013-02-26,92.63,112.96,-0.0011868156973786625,-0.013977635154573065
2013-02-27,92.84,112.24,0.0022645181402998205,-0.006394337950726303
2013-02-28,92.03,112.2,-0.008762970555470595,-3.5644270560908353e-4
2013-03-01,90.71,110.14,-0.014447006223912595,-0.018530709254260813
2013-03-04,90.13,109.9,-0.006414532058534483,-0.0021814224247593827
2013-03-05,90.88,110.42,0.0082868824045228,0.004720415446322512
2013-03-06,90.47,110.27,-0.0045216509351915235,-0.0013593730853118657
2013-03-07,91.53,110.42,0.01164848335903823,0.0013593730853118657
2013-03-08,92.01,108.91,0.005230479397582144,-0.013769423768303923
2013-03-11,92.07,108.64,6.518905054839763e-4,-0.0024821892772086684
2013-03-12,92.44,108.48,0.004010628106425607,-0.0014738396183009428
2013-03-13,92.47,107.51,3.244821833670031e-4,-0.008981957694948584
2013-03-14,93.03,108.1,0.006037754190920452,0.005472858148025672
2013-03-15,93.49,109.32,0.004932456922756678,0.011222636414705
2013-03-18,93.71,108.54,0.0023504284325079894,-0.007160592424608758
2013-03-19,92.44,106.91,-0.013645121729552123,-0.015131409609850266
2013-03-20,93.21,108.27,0.008295226666885647,0.012640748297398474
2013-03-21,92.46,106.41,-0.008078893512986518,-0.01732854986916621
2013-03-22,93.41,106.51,0.010222287324678447,9.393200014340408e-4
2013-03-25,94.55,106.66,0.012130389219708881,0.0014073277173816123
2013-03-26,95.99,107.1,0.015115224270979333,0.004116772281246739
2013-03-27,96.53,108.51,0.005609821485077937,0.013079357178413353
2013-03-28,97.24,108.46,0.007328308587398524,-4.6089321920206316e-4
2013-04-01,97.1,108.76,-0.0014407741506428096,0.0027621783513556153
2013-04-02,97.23,109.66,0.0013379305242864348,0.008241050211633016
2013-04-03,95.02,107.82,-0.022991910062790666,-0.016921499952379904
2013-04-04,93.26,105.09,-0.018696104378600253,-0.025646044146017566
2013-04-05,92.76,103.98,-0.005375778992843472,-0.010618552921935809
2013-04-08,93.36,103.16,0.006447475590968921,-0.007917391942425134
2013-04-09,94.18,104.08,0.008744856837108017,0.008878653191105812
2013-04-10,94.59,104.8,0.004343917409670439,0.006893937682691309
2013-04-11,93.44,103.62,-0.012232243145161803,-0.011323410500299502
2013-04-12,91.23,100.58,-0.02393572872253369,-0.029776930642823274
2013-04-15,88.75,99.32,-0.027560362001858074,-0.01260647010385263
2013-04-16,88.73,97.88,-2.2537750827833491e-4,-0.01460472206549479
2013-04-17,86.65,96.84,-0.02372103468563136,-0.010682106504613209
2013-04-18,87.83,97.48,0.013526111767410143,0.006587096687147742
2013-04-19,88.04,98.94,0.002388128729235106,0.014866377042556778
2013-04-22,88.81,99.07,0.008707999612152406,0.0013130651853758835
2013-04-23,89.21,99.25,0.00449388465527889,0.001815248582361484
2013-04-24,91.07,100.71,0.020635300654035404,0.014603180092753298
2013-04-25,93.27,101.62,0.023870071159044493,0.00899526650553284
2013-04-26,92.63,102.39,-0.006885449472835425,0.0075486854211392895
2013-04-29,94.09,102.88,0.015638707752738235,0.00477420890258351
2013-04-30,93.22,101.53,-0.009289480074079925,-0.013208939176177381
2013-05-01,90.74,98.34,-0.026964016708777017,-0.031923459329338044
2013-05-02,93.7,100.32,0.032099915008558355,0.01993421490081726
2013-05-03,95.25,104.6,0.01640682476243427,0.04177847474621199
2013-05-06,95.8,105,0.005757670970004014,0.00381679852670036
2013-05-07,95.28,105.18,-0.005442759929770169,0.001712818003674954
2013-05-08,96.24,103.79,0.010025146619379477,-0.013303541184000345
2013-05-09,96.09,103.59,-0.0015598193772472513,-0.0019288269071866537
2013-05-10,95.81,101.31,-0.002918188626394702,-0.022255677004425323
2013-05-13,94.76,102.17,-0.011019684372197247,0.008452969537746213
2013-05-14,93.96,102.7,-0.008478219499872708,0.00517402433118086
2013-05-15,93.95,101.57,-1.0643393123732636e-4,-0.01106390098310328
2013-05-16,94.85,104.27,0.009533970521548696,0.0262354728500922
2013-05-17,95.72,103.83,0.009130566659149686,-0.004228742486139581
2013-05-20,96.29,104.55,0.005937208212019485,0.006910479559280702
2013-05-21,95.55,103.1,-0.007714800565910451,-0.013966034851728537
2013-05-22,93.98,102.14,-0.016567677011612325,-0.009354969803416324
2013-05-23,94.12,100.46,0.0014885701844917776,-0.016584782897599126
2013-05-24,93.84,101.24,-0.0029793595139411266,0.007734297355024289
2013-05-28,94.65,103.77,0.0085946733101121,0.02468297594026403
2013-05-29,93.13,102.14,-0.01618951112176603,-0.015832490397689192
2013-05-30,93.57,101.79,0.004713452754255165,-0.0034325537552497565
2013-05-31,91.93,100.43,-0.017682401412158377,-0.013450900059000404
2013-06-03,93.41,101.63,0.015970988009094356,0.011877799744427264
2013-06-04,93.36,102.04,-5.354179064571696e-4,0.004026126123935825
2013-06-05,93.66,103.51,0.0032082157770956243,0.014303333122048123
2013-06-06,94.71,103.37,0.011148387482614375,-0.0013534418152651995
2013-06-07,96.11,104.07,0.014673777597182358,0.006748965069373725
2013-06-10,95.82,103.87,-0.0030219373802164995,-0.00192363241004756
2013-06-11,95.5,101.5,-0.003345183968291643,-0.023081318757878222
2013-06-12,95.98,103.11,0.0050135889434148595,0.015737581048010263
2013-06-13,96.66,103.38,0.007059829986838295,0.0026151402380412136
2013-06-14,97.83,105.1,0.01203161205240022,0.016500758115012282
2013-06-17,97.86,105.8,3.0660739163934636e-4,0.006638241541293333
2013-06-18,98.46,105.21,0.006112488469077526,-0.005592166604002635
2013-06-19,98.24,105.56,-0.002236909931222719,0.0033211588149271165
2013-06-20,94.89,102.72,-0.03469513841316463,-0.02727267169347236
2013-06-21,93.81,100.36,-0.011446865847807963,-0.02324311844342919
2013-06-24,95.07,99.8,0.013342002233079242,-0.005595538180803494
2013-06-25,95.25,101.51,0.0018915516358717355,0.016989132478921753
2013-06-26,95.47,100.62,0.0023070480031313068,-0.00880627073316731
2013-06-27,97,102.74,0.015898916493441106,0.02085047997594902
2013-06-28,96.36,102.49,-0.006619800756712202,-0.002436292195650225
2013-07-01,97.94,103.19,0.016263868527500946,0.006806716284151193
2013-07-02,99.65,103.96,0.0173090003846319,0.007434260645666768
2013-07-03,101.92,106.12,0.022524145165049525,0.02056431949624926
2013-07-05,103.09,107.46,0.01141420128444004,0.012548156031136237
2013-07-08,103.03,107.75,-5.821851513161391e-4,0.0026950436831825186
2013-07-09,103.46,107.9,0.0041648566183924984,0.0013911432802311552
2013-07-10,106.41,108.43,0.028114492878271058,0.004899931220001541
2013-07-11,104.77,108.18,-0.015532086088766661,-0.0023082970408090375
2013-07-12,105.85,109.03,0.010255526216000455,0.007826567275008856
2013-07-15,106.2,109.05,0.003301111226964082,1.834189293479227e-4
2013-07-16,105.88,109.29,-0.0030177314489376883,0.0021984070409439838
2013-07-17,106.39,109.67,0.0048052101693736304,0.0034709570835351755
2013-07-18,107.94,109.71,0.014463929662222874,3.6466405728230455e-4
2013-07-19,108,109.34,5.557099337227811e-4,-0.0033782273625462267
2013-07-22,106.61,108.82,-0.012953911161836196,-0.004767152409073994
2013-07-23,107.13,109.27,0.0048657343120828145,0.004126742524874771
2013-07-24,105.41,108.23,-0.01618554200736888,-0.009563291275599184
2013-07-25,105.47,108.1,5.690440214252135e-4,-0.0012018676618925639
2013-07-26,104.76,107.57,-0.006754532649011935,-0.0049149262012484485
2013-07-29,104.61,108.1,-0.0014328702838417584,0.0049149262012484485
2013-07-30,103.14,107.47,-0.01415186073285657,-0.0058449857921001325
2013-07-31,105.1,107.89,0.018824989260092906,0.0039004507101862984
2013-08-01,107.93,109.94,0.026570590954349882,0.01882257286926592
2013-08-02,106.94,109.63,-0.009214939316669835,-0.0028237027460660258
2013-08-05,106.61,109.81,-0.003090613558201838,0.0016405399231738116
2013-08-06,105.32,108.77,-0.012173981334274941,-0.009516038503862845
2013-08-07,104.41,108.39,-0.008677878326089683,-0.0034997272781005506
2013-08-08,103.45,107.32,-0.00923705211046677,-0.009920808270235781
2013-08-09,106.04,108.49,0.024727977229272113,0.010842977276936061
2013-08-12,106.19,109.28,0.0014135609949299521,0.007255392988120946
2013-08-13,106.78,110.69,0.0055407006562857575,0.01282010557505231
2013-08-14,106.89,110.26,0.0010296252138140005,-0.0038922882359946342
2013-08-15,107.43,111.58,0.005039204392597085,0.011900609255844685
2013-08-16,107.58,111.82,0.0013952841666453608,0.0021486131811165876
2013-08-19,107.14,111.41,-0.004098366392282671,-0.003673345527273497
2013-08-20,104.9,110.74,-0.021128875050562712,-0.006031978676404037
2013-08-21,103.93,110.82,-0.009289919801920732,7.22152044382085e-4
2013-08-22,104.93,110.51,0.009575865569488862,-0.0028012488385122936
2013-08-23,106.48,112.12,0.014663712917037053,0.014463711695896109
2013-08-26,105.88,112.23,-0.005650796727955765,9.806107315775137e-4
2013-08-27,109.11,115.21,0.030050170308106416,0.02620621302179771
2013-08-28,110.17,116.27,0.009668079684966635,0.009158522630554167
2013-08-29,108.51,116.91,-0.015182292719857493,0.005489335338211276
2013-08-30,107.98,115.97,-0.0048963098419756435,-0.008072871050115893
2013-09-03,108.67,115.49,0.006369742284619839,-0.0041475908416162
2013-09-04,107.29,115.65,-0.012780318426105275,0.001384442550452114
2013-09-05,108.5,115.81,0.011214724331859216,0.001382528518838022
2013-09-06,110.62,117.15,0.019350731586017744,0.011504247757518904
2013-09-09,109.62,115.2,-0.009081064948561313,-0.016785416692013833
2013-09-10,107.48,112.1,-0.01971505587068023,-0.027278418183676933
2013-09-11,107.65,112.37,0.0015804400630816673,0.0024056678416970456
2013-09-12,108.72,113.11,0.00989054603251649,0.006563798623478334
2013-09-13,108.31,113.31,-0.003778283995242937,0.0017666288491859916
2013-09-16,106.54,110.86,-0.016476984358792635,-0.0218592814008165
2013-09-17,105.36,109.05,-0.011137444053827217,-0.016461651344021
2013-09-18,108.23,109.09,0.026875534872028872,3.6673696202704775e-4
2013-09-19,106.26,110.66,-0.01836967128425737,0.014289207860298525
2013-09-20,104.7,110.22,-0.01478980314630629,-0.003984069014873803
2013-09-23,103.62,108.56,-0.01036875648984914,-0.015175352928475938
2013-09-24,103.22,107.68,-0.0038677286660604437,-0.00813914963019613
2013-09-25,102.68,109.46,-0.005245276717642078,0.01639531981935427
2013-09-26,103.1,108.86,0.004082035019974839,-0.0054965327097180605
2013-09-27,102.86,109.45,-0.002330550676144405,0.005405170962817785
2013-09-30,102.36,107.85,-0.0048728290551816045,-0.014726451133705964
2013-10-01,102.09,107.32,-0.0026412341106638593,-0.004926347277742771
2013-10-02,104.15,109.09,0.019977390526056737,0.016358204052242087
2013-10-03,103.29,109.49,-0.008291601688439343,0.003659991275668517
2013-10-04,103.83,109.42,0.005214380296820309,-6.395322496537403e-4
2013-10-07,103.07,109.66,-0.007346577266661214,0.002190981340222997
2013-10-08,103.54,110.56,0.004549642425054401,0.008173690043457249
2013-10-09,101.63,109.02,-0.018619244324080242,-0.014027008383225237
2013-10-10,103.08,111.63,0.01416661863448887,0.023658479390506137
2013-10-11,102.17,110.65,-0.008867293180832014,-0.008817764529582384
2013-10-14,102.46,110.13,0.002834385907724446,-0.004710580320206326
2013-10-15,101.15,110.67,-0.01286791489730188,0.0048913140998418925
2013-10-16,102.34,110.79,0.011696039763191557,0.0010837172558870733
2013-10-17,100.72,109.55,-0.015956213640854422,-0.011255451491106072
2013-10-18,100.87,109.4,0.0014881693306527666,-0.001370176053594463
2013-10-21,99.28,109.47,-0.015888418170392882,6.396491285851624e-4
2013-10-22,97.63,109.57,-0.0167593176587717,9.130753008363968e-4
2013-10-23,96.9,107.74,-0.007505304340859276,-0.01684269716491471
2013-10-24,96.65,106.63,-0.0025833132423809246,-0.010356019222299118
2013-10-25,97.4,105.7,0.007730004994149553,-0.008760005153896522
2013-10-28,98.74,108.29,0.013663922182227672,0.024207920764096613
2013-10-29,98.29,108.04,-0.004567840252178712,-0.002311284715873718
2013-10-30,96.81,108.41,-0.015171997846557872,0.0034188067487859186
2013-10-31,96.29,107.53,-0.005385823479787888,-0.008150457270765799
2013-11-01,94.56,105.78,-0.018129917594404077,-0.016408412764601366
2013-11-04,94.58,104.85,2.114835579414276e-4,-0.00883070828990462
2013-11-05,93.4,105.01,-0.01255469198093273,0.0015248263699731979
2013-11-06,94.74,105.46,0.014244952260808574,0.004276150384421307
2013-11-07,94.25,103.08,-0.005185471167485467,-0.02282634831815944
2013-11-08,94.56,104.29,0.0032837273296681957,0.011670094348957605
2013-11-11,95.13,105.76,0.006009823560577665,0.013996895970254997
2013-11-12,93.12,106.29,-0.02135539323523794,0.004998831442113882
2013-11-13,93.91,106.9,0.0084478928333942,0.005722610485508817
2013-11-14,93.76,108.29,-0.0015985509878193582,0.012918995609289219
2013-11-15,93.8,108.25,4.2653018347582616e-4,-3.6944675768957325e-4
2013-11-18,93.03,108.8,-0.008242834231711349,0.005067967539243767
2013-11-19,93.35,108.29,0.003433848207264667,-0.004698520781554194
2013-11-20,93.34,108.27,-1.0712946606261653e-4,-1.8470631748179756e-4
2013-11-21,95.35,109.9,0.02130559152475886,0.014942754086769483
2013-11-22,94.53,111.36,-0.008637087609135286,0.013197335176533542
2013-11-25,93.86,110.83,-0.007112934071021648,-0.0047707007985478
2013-11-26,93.41,112.04,-0.004805904481513856,0.01085845460434598
2013-11-27,92.05,111.32,-0.014666498205670564,-0.006447013734217855
2013-11-29,92.55,111.07,0.005417131340419878,-0.002248303478661562
2013-12-02,93.61,111.49,0.011388176364146574,0.0037742676004519637
2013-12-03,95.83,113.06,0.0234385729720179,0.013983750467664535
2013-12-04,96.97,113.27,0.011825863960783778,0.0018556979654773542
2013-12-05,97.14,112.07,0.0017515846011439962,-0.010650673148686174
2013-12-06,97.48,111.5,0.003493991839406796,-0.005099085163762673
2013-12-09,97.1,110.07,-0.0039058534597264938,-0.012908063864872865
2013-12-10,98.32,108.91,0.01248608996050038,-0.010594673947705857
2013-12-11,97.25,109.47,-0.010942482759223715,0.005128686028871066
2013-12-12,97.21,108.99,-4.1139566557824025e-4,-0.0043944042152457286
2013-12-13,96.27,108.08,-0.00971684304310294,-0.00838444124927662
2013-12-16,97.18,110.3,0.009408185187882445,0.02033223260751349
2013-12-17,96.99,108.91,-0.0019570485723061637,-0.012682073171862207
2013-12-18,97.59,109.56,0.006167148747918461,0.005950491307282313
2013-12-19,98.4,110.78,0.00826577490483782,0.01107390821008103
2013-12-20,99.11,112.15,0.007189540360410085,0.012291008361259514
2013-12-23,98.62,111.58,-0.004956263622637458,-0.005095438548835318
2013-12-24,98.87,111.57,0.002531775113062018,-8.962581229354782e-5
2013-12-26,99.18,111.65,0.0031305251519455624,7.167816810778049e-4
2013-12-27,99.94,112.06,0.0076336248550710195,0.003665463850971662
2013-12-30,98.9,110.47,-0.010460767287391981,-0.014290451252954028
2013-12-31,98.17,109.95,-0.007408568924236469,-0.00471827388341417
2014-01-02,95.14,107.94,-0.03135117870029447,-0.01845019981027285
2014-01-03,93.66,106.57,-0.015678287248739764,-0.01277347095763215
2014-01-06,93.12,106.71,-0.005782219772267894,0.001312828395608534
2014-01-07,93.31,107.01,0.002038299262802745,0.0028074134104363324
2014-01-08,91.9,107.42,-0.015226253884288887,0.003824096438403757
2014-01-09,91.36,107.49,-0.005893283453941578,6.514355076587819e-4
2014-01-10,92.39,106.44,0.011211001774953822,-0.009816373875484175
2014-01-13,91.45,108.02,-0.01022637284577943,0.014734949055256408
2014-01-14,92.15,107.12,0.007625309278957992,-0.008366693781827195
2014-01-15,93.78,108.09,0.01753392954560784,0.009014512045194323
2014-01-16,93.54,107.46,-0.002562461363700308,-0.005845528127436772
2014-01-17,93.96,108.45,0.004480007492971616,0.009170551972208507
2014-01-21,94.51,109.17,0.005836489216252794,0.006617063019294989
2014-01-22,96.35,109.69,0.01928174585341047,0.004751905131064049
2014-01-23,97.23,109.69,0.009091910961190663,0
2014-01-24,96.66,109.14,-0.005879639404628101,-0.005026743665156985
2014-01-27,95.82,108.72,-0.008728234961961512,-0.003855691915196857
2014-01-28,97.49,109.1,0.017278377186204175,0.003489122996136018
2014-01-29,97.34,108.83,-0.0015398042358718556,-0.002477861131054304
2014-01-30,98.25,109.36,0.009305246344061935,0.004858160707724046
2014-01-31,97.55,108.16,-0.007150183680249889,-0.011033580121040387
2014-02-03,96.44,106.55,-0.011444013756150007,-0.01499725375002825
2014-02-04,97.24,107.04,0.008261096134951629,0.00458823783529283
2014-02-05,97.4,106.81,0.0016440612005670374,-0.0021510412783145583
2014-02-06,97.84,108.15,0.00450728073042761,0.01246759729746394
2014-02-07,99.98,110.12,0.021636674606507533,0.018051527875338813
2014-02-10,100.12,110.18,0.0013993005781491874,5.44711770163353e-4
2014-02-11,99.96,109.21,-0.001599360596822308,-0.008842757834933046
2014-02-12,100.38,108.62,0.004192878260036004,-0.00541708160293819
2014-02-13,100.27,108.98,-0.001096436690953162,0.003308826548253485
2014-02-14,100.31,108.63,3.988433595596419e-4,-0.0032167667092926067
2014-02-18,102.54,110.14,0.021987575460160613,0.013804671388675693
2014-02-19,103.46,110.37,0.00893209821981511,0.0020860739504575676
2014-02-20,103.2,109.42,-0.002516211527907153,-0.008644669149113327
2014-02-21,102.53,109.03,-0.006513414365461934,-0.0035706149173897472
2014-02-24,103.17,109.76,0.006222674430284236,0.00667309025928553
2014-02-25,102.2,109.19,-0.009446435342680637,-0.0052066799516010676
2014-02-26,102.93,109.39,0.0071174677688645716,0.0018299941057247082
2014-02-27,102.68,108.54,-0.0024317895355290275,-0.007800709496440739
2014-02-28,102.88,108.98,0.001945904486369443,0.004045610519693987
2014-03-03,105.34,111.26,0.023629953565934336,0.020705425492194784
2014-03-04,103.64,109.17,-0.016269858361334322,-0.01896350435496874
2014-03-05,101.75,108.15,-0.018404531371204236,-0.009387147893110459
2014-03-06,101.82,107.99,6.87724151485547e-4,-0.0014805221543996439
2014-03-07,102.82,109.14,0.00977333815316861,0.010592831513417167
2014-03-10,101.39,108.27,-0.014005419662870722,-0.008003354435278887
2014-03-11,100.29,108.35,-0.01090847786437088,7.386206595612066e-4
2014-03-12,98.29,107.88,-0.020143696521579102,-0.004347229710838896
2014-03-13,98.57,107.48,0.0028446630988092636,-0.0037147145242384383
2014-03-14,99.23,108.08,0.006673432248803124,0.005566909904652917
2014-03-17,98.43,106.99,-0.008094752285030538,-0.010136321501428291
2014-03-18,100.08,106.79,0.01662423051753592,-0.0018710829670611773
2014-03-19,100.71,105.95,0.006275233501397359,-0.007897004469145763
2014-03-20,99.68,105.73,-0.010280044620910367,-0.0020786099698728577
2014-03-21,99.97,107.2,0.002905085939946872,0.013807573892266056
2014-03-24,100.05,106.59,7.999200506523252e-4,-0.005706549935656113
2014-03-25,99.66,107.01,-0.0039056681764835233,0.003932589337864556
2014-03-26,100.61,105.9,0.00948726345070039,-0.010427035431549214
2014-03-27,101.25,106.58,0.006341049682689892,0.006400624261275745
2014-03-28,101.73,106.64,0.004729538819008283,5.627990018171047e-4
2014-03-31,101.57,105.95,-0.0015740288542476222,-0.006491391156145276
2014-04-01,99.69,105.7,-0.01868284491679706,-0.0023623918381163733
2014-04-02,99.6,103.37,-9.032064440601673e-4,-0.022290108295798028
2014-04-03,100.29,104.88,0.006903824509564949,0.014502054875050518
2014-04-04,101.16,106.41,0.008637432701647185,0.014482717998196115
2014-04-07,100.43,104.89,-0.007242454396516607,-0.014387375480128028
2014-04-08,102.57,105.83,0.021084524914071423,0.008921851132120295
2014-04-09,103.55,107.39,0.00950909552227408,0.014633034764492514
2014-04-10,103.37,107.1,-0.0017398032611994907,-0.002704090416422389
2014-04-11,103.68,107.34,0.0029944480235704063,0.002238389294979548
2014-04-14,104.05,107.68,0.0035623202356793726,0.0031624991477352538
2014-04-15,103.7,109.1,-0.0033694376041619734,0.013101026942607064
2014-04-16,103.71,109.71,9.64273661612225e-5,0.005575627990374699
2014-04-17,104.33,109.79,0.005960409878235318,7.289294172414529e-4
2014-04-21,104.35,109.69,1.9168104333111557e-4,-9.112448233983272e-4
2014-04-22,101.69,108.54,-0.025821663720162924,-0.01053943678798408
2014-04-23,101.47,108.48,-0.0021657815120548207,-5.52944443173331e-4
2014-04-24,102.2,109.79,0.007168489478612372,0.012003626054555738
2014-04-25,100.85,109.53,-0.013297413369382838,-0.002370965910985845
2014-04-28,101.13,109.12,0.002772553513858078,-0.003750290240502885
2014-04-29,101.56,109.89,0.004242938922398132,0.007031671363680658
2014-04-30,100.07,108.63,-0.014779815734113022,-0.011532253013172955
2014-05-01,99.69,108.63,-0.0038045700677518113,0
2014-05-02,100.09,109.48,0.004004410196315256,0.007794271726818458
2014-05-05,99.74,109.48,-0.003502981112950998,0
2014-05-06,99.81,108.3,7.01578580518003e-4,-0.010836730165533659
2014-05-07,101.06,108.17,0.012446021165267496,-0.001201090364746804
2014-05-08,100.52,108.19,-0.005357687188371152,1.8487705728453818e-4
2014-05-09,100.32,108.26,-0.0019916357907803217,6.468006693491901e-4
2014-05-12,100.89,108.37,0.005665737535677451,0.0010155565660721066
2014-05-13,102.01,108.78,0.011040033274139383,0.0037761960599107525
2014-05-14,102.63,109.87,0.006059439963195246,0.009970354717975027
2014-05-15,101.74,109.74,-0.00870974826300408,-0.0011839170819598621
2014-05-16,102.31,110.9,0.005586880496229796,0.010514962725491905
2014-05-19,102.95,110.84,0.006236013582950228,-5.411743615439946e-4
2014-05-20,102.8,110.35,-0.0014580804527337676,-0.004430587292032051
2014-05-21,104.31,111.32,0.014581881666814844,0.00875180395494457
2014-05-22,104.03,110.89,-0.0026879156050760855,-0.0038702176925653475
2014-05-23,105.01,110.19,0.00937626463509833,-0.0063325704654388915
2014-05-27,104.78,109.81,-0.002192669737828723,-0.003454548890063691
2014-05-28,103.37,109.09,-0.013548129399679532,-0.00657836999995709
2014-05-29,104.26,109.98,0.0085729947595663,0.008125301470003343
2014-05-30,103.4,109.21,-0.008282817265631515,-0.00702589687003119
2014-06-02,103.07,109.34,-0.003196593025627692,0.0011896592572160358
2014-06-03,103.34,108.87,0.0026161538103375293,-0.004307783573764823
2014-06-04,103.27,109.07,-6.776051757260149e-4,0.001835368047562902
2014-06-05,103.17,108.43,-9.688045710278814e-4,-0.005885074456561057
2014-06-06,103.32,109.21,0.0014528551153549785,0.007167830725546942
2014-06-09,105.09,110.55,0.016986157649865774,0.01219527309381796
2014-06-10,105.02,109.18,-6.663176677923488e-4,-0.012470010949843235
2014-06-11,105.04,109.83,1.9042178482742145e-4,0.005935819446643009
2014-06-12,107.2,112.18,0.02035501864216105,0.021171008279935677
2014-06-13,107.49,113.15,0.0027015713482709813,0.008609647999356262
2014-06-16,107.52,113.42,2.790567898669494e-4,0.0023833705063349697
2014-06-17,106.95,114.02,-0.00531544124642469,0.005276129017554254
2014-06-18,106.64,114.25,-0.0029027596579611625,0.002015158170878273
2014-06-19,107.08,115.19,0.004117542781698624,0.008193909164100788
2014-06-20,107.95,114.55,0.008091938308663948,-0.005571530038910311
2014-06-23,106.83,113.62,-0.01042937100301966,-0.008151861770524071
2014-06-24,106.64,113.74,-0.001780110087342912,0.0010555947496726503
2014-06-25,107.04,112.84,0.0037439205094651484,-0.007944255744857465
2014-06-26,106.49,112.61,-0.005151512352626675,-0.0020403644248618846
2014-06-27,106.46,112.62,-2.8175628268112263e-4,8.879811753814693e-5
2014-06-30,106.07,111.03,-0.0036700742272319786,-0.014218884760297534
2014-07-01,106.06,110.84,-9.428180839510247e-5,-0.0017127150713971417
2014-07-02,105.18,110.18,-0.008331803547785732,-0.005972327950207301
2014-07-03,104.76,108.98,-0.004001148521687092,-0.01095101288961775
2014-07-07,104.19,108.7,-0.005455864215418771,-0.0025725850277886764
2014-07-08,104.06,107.65,-0.001248499561934402,-0.009706570316791563
2014-07-09,102.93,106.84,-0.01091851032368929,-0.007552835568612082
2014-07-10,103.61,106.2,0.006584704725192125,-0.006008279433921793
2014-07-11,101.48,105.77,-0.020772115532579072,-0.004057183467876868
2014-07-14,101.73,104.73,0.002460510074575595,-0.009881315554906678
2014-07-15,100.56,104.73,-0.011567680523665302,0
2014-07-16,101.88,105.41,0.013041085829263999,0.0064718984820428815
2014-07-17,103.84,106.04,0.019055602844524344,0.005958873153726785
2014-07-18,103.83,106.03,-9.630664041804238e-5,-9.430848311797746e-5
2014-07-21,105.34,105.71,0.014438267739881105,-0.0030225771571350535
2014-07-22,104.59,106.48,-0.007145269289066114,0.007257678306284987
2014-07-23,103.81,106.85,-0.007485639561022772,0.0034688076783000454
2014-07-24,102.76,105.78,-0.010166132963471242,-0.010064516127322953
2014-07-25,105.23,106.89,0.02375225851103746,0.010438802648020662
2014-07-28,105.68,106.7,0.0042672294613490536,-0.0017791099781465647
2014-07-29,104.91,106.98,-0.007312820470675163,0.002620742795396147
2014-07-30,104.29,106.47,-0.005927359610272909,-0.004778645776588597
2014-07-31,98.23,104.94,-0.05986381244634309,-0.014474497067949343
2014-08-01,97.86,103.45,-0.0037737818258012368,-0.014300354067013465
2014-08-04,98.26,103.63,0.0040791408795248785,0.0017384590045734782
2014-08-05,97.34,102.82,-0.009407022335193638,-0.007846976568766983
2014-08-06,96.93,104.17,-0.004220935900791645,0.013044293368998261
2014-08-07,97.34,104.02,0.004220935900791645,-0.0014409916514308563
2014-08-08,97.61,103.36,0.0027699427815655042,-0.006365148310634616
2014-08-11,98.09,103.47,0.00490547738935021,0.0010636755825679245
2014-08-12,97.36,101.68,-0.007469975896952086,-0.017451088735660925
2014-08-13,97.57,102.27,0.0021546204405868963,0.005785747936722707
2014-08-14,95.54,101.15,-0.021025061158042924,-0.011011811204166833
2014-08-15,97.3,101.13,0.01825398123014299,-1.977456996753446e-4
2014-08-18,96.44,99.37,-0.008877935878988552,-0.017556560670807464
2014-08-19,94.35,99.74,-0.021909781498411718,0.00371654287470502
2014-08-20,96.4,99.92,0.0214949298019409,0.0018030656993452965
2014-08-21,93.97,100.28,-0.02553061922152633,0.0035964074727710127
2014-08-22,93.61,100.09,-0.0038383670113200097,-0.0018964920591653112
2014-08-25,95.39,100.49,0.018836535773463225,0.003988438829939156
2014-08-26,95.78,100.5,0.004080143757346555,9.950743826347974e-5
2014-08-27,95.82,100.4,4.1753654051301936e-4,-9.955202415010689e-4
2014-08-28,96.44,100.71,0.006449621857994359,0.0030828924024239868
2014-08-29,97.86,101.12,0.01461683254800672,0.0040628307384942275
2014-09-02,92.92,100.21,-0.051798977958768866,-0.0090399463283104
2014-09-03,95.5,100.88,0.027387339584476145,0.006663707586427314
2014-09-04,94.51,101.21,-0.010420598479719878,0.0032658745441453974
2014-09-05,93.32,99.51,-0.012671201853735603,-0.01693942457373865
2014-09-08,92.64,99.53,-0.007313433328543617,2.0096463090091277e-4
2014-09-09,92.73,98.08,9.710309874488843e-4,-0.014675634070070664
2014-09-10,91.71,96.26,-0.01106062024128196,-0.01873060831293838
2014-09-11,92.89,96.42,0.012784572828577367,0.001660785102512996
2014-09-12,92.18,96.31,-0.007672810107067107,-0.0011414934047033753
2014-09-15,92.86,96.43,0.007349795299413486,0.0012452009495200755
2014-09-16,94.91,97.39,0.02183609155062438,0.009906179450815067
2014-09-17,94.33,97.7,-0.006129801480638797,0.0031780230756295325
2014-09-18,93.07,96.82,-0.01344737446414257,-0.009047974537189418
2014-09-19,92.43,96.75,-0.00690029692093308,-7.23252601656732e-4
2014-09-22,91.46,95.37,-0.010549883046777175,-0.014366268319069952
2014-09-23,91.55,94.87,9.8355289061125e-4,-0.005256530186035668
2014-09-24,93.6,94.53,0.02214511236302652,-0.003590288967492583
2014-09-25,93.59,95.2,-1.0684331438159944e-4,0.007062697360026959
2014-09-26,95.55,95.08,0.020726130517116914,-0.0012612993053267019
2014-09-29,94.53,95.7,-0.010732426248988958,0.006499655966915263
2014-09-30,91.17,94.67,-0.036191348840481474,-0.010821138318108936
2014-10-01,90.74,94.57,-0.0047276213609936946,-0.0010568591133788274
2014-10-02,91.02,91.29,0.0030809883526776716,-0.035299048450431414
2014-10-03,89.76,90.8,-0.013939820814108828,-0.00538196696974147
2014-10-06,90.33,90.65,0.006330189387365515,-0.0016533484063874226
2014-10-07,88.89,90.9,-0.0160699809081688,0.0027540639825724966
2014-10-08,87.29,90.25,-0.01816374150632516,-0.00717640397044228
2014-10-09,85.76,90.47,-0.017683211424766476,0.002434706824659294
2014-10-10,85.87,88.66,0.0012818273619012999,-0.020209474720742193
2014-10-13,85.73,87.82,-0.0016317019937286403,-0.009519564183336549
2014-10-14,81.72,86.36,-0.04790405274124332,-0.016764659486964817
2014-10-15,81.82,84.02,0.0012229425518315296,-0.027469739905370716
2014-10-16,82.33,84.02,0.0062138488090823785,0
2014-10-17,82.8,85.27,0.005692500080878737,0.014767827012722279
2014-10-20,82.76,84.42,-4.8320851387106956e-4,-0.010018352399605135
2014-10-21,83.25,85.17,0.005903275983210499,0.008844918798637025
2014-10-22,80.52,86.38,-0.0333425280889621,0.014106908379565297
2014-10-23,82.81,85.94,0.028043226274017563,-0.005106789185705729
2014-10-24,81.27,86,-0.018771882280494978,6.979179066579633e-4
2014-10-27,81.26,85.64,-1.230542055328243e-4,-0.004194832532025572
2014-10-28,81.36,85.57,0.001229861180723546,-8.177092915184758e-4
2014-10-29,82.25,86.91,0.010879637905176764,0.015538346019405402
2014-10-30,81.06,85.5,-0.014573768445318436,-0.01635672450665382
2014-10-31,80.53,84.17,-0.00655983539270899,-0.015677812719229856
2014-11-03,78.77,84.9,-0.022097572092221185,0.00863553009381679
2014-11-04,77.15,82.12,-0.02078063490606219,-0.03329250116656901
2014-11-05,78.71,82.88,0.020018633345188164,0.009212186360439745
2014-11-06,77.87,82.08,-0.01072944256546382,-0.009699397088713368
2014-11-07,78.71,83.2,0.01072944256546382,0.013552966404703604
2014-11-10,77.43,82.9,-0.016395909755726024,-0.003612285685913541
2014-11-11,77.85,80.94,0.005409595881374685,-0.023926922693529917
2014-11-12,77.16,80.42,-0.008902710242479017,-0.006445237978591756
2014-11-13,74.13,77.74,-0.040060879368899904,-0.033892976045050816
2014-11-14,75.91,77.51,0.02372811936004826,-0.002962965130656414
2014-11-17,75.64,76.86,-0.0035631842384198364,-0.00842137515672281
2014-11-18,74.55,77.23,-0.014515202579509001,0.004802397444475304
2014-11-19,74.55,77.21,0,-2.590002604483388e-4
2014-11-20,75.63,77.61,0.014382988657190232,0.00516730254532316
2014-11-21,76.52,79.2,0.011699114704113889,0.020280013954332432
2014-11-24,75.74,79.62,-0.010245722098402688,0.005289018751791552
2014-11-25,74.04,77.62,-0.022700934768352,-0.025440191631411757
2014-11-26,73.7,77.39,-0.00460268851000567,-0.002967552658391881
2014-11-28,65.94,71.89,-0.11125756155170663,-0.07372040028658766
2014-12-01,68.98,70.87,0.04507136986511018,-0.014289960173615945
2014-12-02,66.99,71.13,-0.029273252988518905,0.003661975923259675
2014-12-03,67.3,70.13,0.004616882130505928,-0.014158526196604626
2014-12-04,66.73,68.48,-0.008505609735166786,-0.023808930715333076
2014-12-05,65.89,68,-0.012667941989787046,-0.0070340266573794
2014-12-08,63.13,65.64,-0.04279059254619355,-0.03532243895421683
2014-12-09,63.74,66.11,0.009616216609655837,0.0071347551235962925
2014-12-10,60.99,63.32,-0.044102392680825275,-0.043118786332675185
2014-12-11,60.01,63.65,-0.01619870130694334,0.005198089990604338
2014-12-12,57.81,61.67,-0.037349443907037205,-0.031601736000014036
2014-12-15,55.96,61.09,-0.032524621297103984,-0.009449402341726199
2014-12-16,55.97,60.26,1.7868310598778692e-4,-0.013679652959520006
2014-12-17,56.43,59.84,0.008185099077780755,-0.006994200035933318
2014-12-18,54.18,58.81,-0.040689095324100144,-0.017362425194357378
2014-12-19,56.91,58.87,0.04915923595808369,0.0010197145683052966
2014-12-22,55.25,58.31,-0.029602732217170136,-0.009558017806105212
2014-12-23,56.78,59.07,0.027315810646962646,0.012949576085079073
2014-12-24,55.7,58.67,-0.019204004111586848,-0.006794658381375385
2014-12-26,54.59,58.72,-0.020129431139571885,8.51861368492024e-4
2014-12-29,53.46,57.86,-0.020917005082893514,-0.014754084758271446
2014-12-30,54.14,55.6,0.01263957347538236,-0.039843098291452606
2014-12-31,53.45,55.27,-0.012826646715101031,-0.00595293541136499
2015-01-02,52.72,55.38,-0.013751747276802728,0.0019882518976448438
2015-01-05,50.05,51.08,-0.05197238443302199,-0.08082548657847788
2015-01-06,47.98,50.12,-0.04223824834968104,-0.018972901136470988
2015-01-07,48.69,49.06,0.014689412783060796,-0.02137609119752426
2015-01-08,48.8,49.43,0.0022566426644923254,0.007513488488524622
2015-01-09,48.35,47.64,-0.009264090959798299,-0.03688478283176844
2015-01-12,46.06,46.9,-0.04852132750676397,-0.015655069034865576
2015-01-13,45.92,45.13,-0.0030441423812281876,-0.03847046161332379
2015-01-14,48.49,45.82,0.05445683910594967,0.01517346318643975
2015-01-15,46.37,47.66,-0.04470489271389155,0.039371794645246094
2015-01-16,48.49,47.38,0.04470489271389155,-0.0058922729399562
2015-01-20,46.79,46.49,-0.035688086239135774,-0.018962963028146262
2015-01-21,47.85,46.5,0.02240161302083843,2.15076890817123e-4
2015-01-22,45.93,46.09,-0.04095261956126128,-0.008856305860893254
2015-01-23,45.26,46.69,-0.014694858132310973,0.01293400225042829
2015-01-26,44.8,46.07,-0.01021550078445177,-0.013368030035019629
2015-01-27,45.84,46.55,0.02294893298554479,0.010365024775250031
2015-01-28,44.08,47.07,-0.03915090756182549,0.011108851689975108
2015-01-29,44.12,46.61,9.07029540643034e-4,-0.009820745028401578
2015-01-30,47.79,47.52,0.0799032182047652,0.01933556466974018
2015-02-02,49.25,51.74,0.030092955028030666,0.08508050170349346
2015-02-03,53.04,54.41,0.07413697825950916,0.05031678373995074
2015-02-04,48.45,55.07,-0.09051400754083172,0.01205714277655634
2015-02-05,50.48,55.98,0.04104487989618244,0.01638938081291741
2015-02-06,51.66,55.88,0.02310656943473699,-0.0017879496985466758
2015-02-09,52.99,57,0.02541942883697601,0.01984473344578941
2015-02-10,50.06,55.79,-0.05688093050104248,-0.021456625977113397
2015-02-11,48.8,53.48,-0.025491973144526447,-0.042286889623694535
2015-02-12,51.17,56.23,0.047423109957899,0.05014267007036821
2015-02-13,52.66,60.33,0.02870273125116274,0.07037907014855982
2015-02-17,53.56,60.78,0.016946366754808206,0.007431295035976504
2015-02-18,52.13,60.72,-0.027061922042956876,-9.876544012721311e-4
2015-02-19,51.12,58.78,-0.019564788710735304,-0.032471472096603726
2015-02-20,49.95,60.99,-0.023153304974716793,0.03690825531759412
2015-02-23,49.56,59.78,-0.007838448333620907,-0.020038759452573274
2015-02-24,48.48,60.33,-0.022032714999882685,0.009158335596878509
2015-02-25,50.25,59.77,0.03585920517812591,-0.009325629616507847
2015-02-26,47.65,61.39,-0.053127916838974,0.026743092603242147
2015-02-27,49.84,61.89,0.044935244378986994,0.008111660311865165
2015-03-02,49.59,60.75,-0.005028673978155318,-0.01859153353061238
2015-03-03,50.43,61.18,0.01679703558759149,0.007053256502099536
2015-03-04,51.53,59.18,0.02157792625149879,-0.03323669175069366
2015-03-05,50.76,60.33,-0.015055519493945901,0.019245845480607038
2015-03-06,49.61,59.15,-0.022916216533229505,-0.019752902028274733
2015-03-09,49.95,58.67,0.006830078781605131,-0.00814806748662722
2015-03-10,48.42,55.95,-0.03110955358464995,-0.04747008817983378
2015-03-11,48.06,56.46,-0.007462721201589861,0.009073988067408223
2015-03-12,47.12,56.66,-0.019752690964991437,0.0035360715770274
2015-03-13,44.88,54.8,-0.04870527812889058,-0.03337830044840029
2015-03-16,43.93,52,-0.02139480322675258,-0.052446475372542434
2015-03-17,43.39,52.17,-0.01236845817742882,0.0032638984528738924
2015-03-18,44.63,52.59,0.02817727883091914,0.00801837056695165
2015-03-19,44.02,52.96,-0.013762202542862756,0.007010924027499588
2015-03-20,46,53.88,0.043997320390779304,0.017222439913410437
2015-03-23,47.4,53.82,0.029980832211935926,-0.001114206243403526
2015-03-24,47.03,53.61,-0.007836532744074365,-0.003909527459313278
2015-03-25,48.75,54.18,0.035919501486899374,0.010576218817502703
2015-03-26,51.41,57.02,0.05312750862355742,0.051090246827577346
2015-03-27,48.83,56.44,-0.05148782799384444,-0.010223956499912923
2015-03-30,48.66,53.99,-0.003487540718192683,-0.044379282754417826
2015-03-31,47.72,53.69,-0.019506740125661004,-0.0055720797957174995
2015-04-01,50.12,55.73,0.04906953279815207,0.037291837146967044
2015-04-02,49.13,55.73,-0.019950283847310235,0
2015-04-06,52.08,55.73,0.05831115171975654,0
2015-04-07,53.95,57.55,0.03527669380383003,0.032135533586446385
2015-04-08,50.44,56.42,-0.06727318060742515,-0.01983042959404102
2015-04-09,50.79,56.04,0.006914973716435124,-0.006757984105044024
2015-04-10,51.63,56.82,0.016403414078403955,0.013822654957235336
2015-04-13,51.95,57.14,0.006178818653678864,0.005616020376585595
2015-04-14,53.3,57.69,0.025654613626562295,0.009579451466170674
2015-04-15,56.25,59.32,0.053869709912730546,0.027862669000933593
2015-04-16,56.69,60.13,0.007791787251682614,0.013562367781745799
2015-04-17,55.71,61.31,-0.017438164303487547,0.01943407672311892
2015-04-20,56.37,61.2,0.011777438060759593,-0.0017957722563162193
2015-04-21,55.58,60.12,-0.0141136777791262,-0.017804624633506627
2015-04-22,56.17,60.12,0.010559382229983427,0
2015-04-23,56.59,62.66,0.007449484610090984,0.041380720639272006
2015-04-24,55.98,62.96,-0.010837807067124672,0.0047763185851019685
2015-04-27,55.56,62.86,-0.007530966201164446,-0.0015895727397259307
2015-04-28,57.05,62.61,0.026464558421941398,-0.0039850216122028215
2015-04-29,58.55,63.97,0.025953013735641406,0.021489213704827037
2015-04-30,59.62,63.9,0.018109998206199407,-0.001094862078557135
2015-05-01,59.1,64.13,-0.008760163837872703,0.0035929117772823815
2015-05-04,58.92,64.62,-0.003050332817623236,0.007611687235581144
2015-05-05,60.38,65.44,0.02447733268426333,0.012609731898139742
2015-05-06,60.93,66.22,0.00906773998171051,0.011848839824608604
2015-05-07,58.99,64.93,-0.03235772624541955,-0.019672765598705233
2015-05-08,59.41,63.82,0.007094624352665946,-0.01724314567029772
2015-05-11,59.23,62.82,-0.0030343920787760936,-0.015793126739596985
2015-05-12,60.72,65.09,0.024844962798501236,0.03549743347379497
2015-05-13,60.5,66.33,-0.0036297680505787966,0.018871355953169022
2015-05-14,59.89,65.58,-0.010133818760424518,-0.011371512120962102
2015-05-15,59.73,64.69,-0.0026751395321564786,-0.013664141360608895
2015-05-18,59.44,65.15,-0.004867006334711377,0.007085673514960256
2015-05-19,57.3,63.48,-0.03666677668880958,-0.025967407912645513
2015-05-20,58.96,63.52,0.028558624160386792,6.299212806721854e-4
2015-05-21,60.18,64.7,0.020480823320818686,0.0184063845679745
2015-05-22,58.88,64.7,-0.02183859678127842,0
2015-05-26,57.29,61.65,-0.027375386000134228,-0.048287971896502135
2015-05-27,57.51,61.35,0.00383275730517596,-0.004878058453432033
2015-05-28,57.69,60.12,0.0031250025431353023,-0.02025260627214731
2015-05-29,60.25,63.16,0.0434187241019659,0.049328624502667395
2015-06-01,60.24,62.87,-1.6598887912611104e-4,-0.0046020869924712215
2015-06-02,61.3,63.14,0.017443259450527826,0.004285380734875943
2015-06-03,59.67,62.78,-0.02695046140817503,-0.005717931716038294
2015-06-04,58,60.34,-0.028386370987571574,-0.03964131768289203
2015-06-05,59.11,60.36,0.01895710428985886,3.3140016873289824e-4
2015-06-08,58.15,61.33,-0.016374235871604803,0.015942485738244194
2015-06-09,60.15,63.23,0.033815563456014885,0.030509752432629433
2015-06-10,61.36,64.68,0.01991671463831235,0.022673162638384703
2015-06-11,60.74,63.76,-0.010155697441397216,-0.014326000226946967
2015-06-12,59.96,63.19,-0.012924786383206488,-0.008979973696595422
2015-06-15,59.53,60.99,-0.0071972860690978635,-0.035436144476999054
2015-06-16,60.01,60.75,0.008030827836122967,-0.003942834087707681
2015-06-17,59.89,60.75,-0.002001668725050365,0
2015-06-18,60.41,61.37,0.008645107874277969,0.010154034180348326
2015-06-19,59.62,59.41,-0.013163565900724095,-0.03245855403335618
2015-06-22,60.01,60.54,0.006520126751496491,0.018841741225923414
2015-06-23,61.05,61.67,0.01718198555529149,0.01849328540982853
2015-06-24,60.01,61.63,-0.01718198555529149,-6.488240292501501e-4
2015-06-25,59.59,60.24,-0.007023440242534207,-0.022812181482513516
2015-06-26,59.41,60.14,-0.003025212391237986,-0.0016614059312551888
2015-06-29,58.34,59.03,-0.0181745979280743,-0.018629388307784822
2015-06-30,59.48,60.31,0.0193521571523787,0.021452138210297456
2015-07-01,56.94,61.65,-0.043642039742062266,0.021975302147457576
2015-07-02,56.93,61.73,-1.756388869011971e-4,0.0012968067954517437
2015-07-06,52.48,57.19,-0.08139029832715705,-0.0763909784785799
2015-07-07,52.33,54.72,-0.0028623242517169523,-0.044149784612930176
2015-07-08,51.61,55.7,-0.01385436822348085,0.017750873618943785
2015-07-09,52.76,57.83,0.02203787568847826,0.037527525236888515
2015-07-10,52.74,57.72,-3.791469239731171e-4,-0.0019039382644567837
2015-07-13,52.19,57.63,-0.010483275269819181,-0.001560468457094899
2015-07-14,53.05,57.2,0.016343959404670372,-0.007489367062823327
2015-07-15,51.4,57.34,-0.03159669259887243,0.0024445620694724113
2015-07-16,50.9,57.31,-0.009775248904642542,-5.233318915784935e-4
2015-07-17,50.88,56.38,-3.9300452461032975e-4,-0.0163606428776788
2015-07-20,50.11,56.42,-0.015249330060233657,7.092198878835276e-4
2015-07-21,50.59,55.94,0.009533339332211899,-0.008544017800036663
2015-07-22,49.27,56.36,-0.02643855174797327,0.00747999925666587
2015-07-23,48.11,55.76,-0.023825320844509168,-0.010702920578211206
2015-07-24,47.98,54.29,-0.0027057982998139885,-0.026716718534908868
2015-07-27,47.17,54.07,-0.017026160115378275,-0.004060544523446286
2015-07-28,47.97,54.3,0.016817718217802202,0.004244723545976381
2015-07-29,48.77,54.73,0.016539554207988694,0.00788777821593678
2015-07-30,48.53,54.29,-0.00493320630483618,-0.008071957238466876
2015-07-31,47.11,53.29,-0.029696870705175016,-0.01859135160866865
2015-08-03,45.25,49.49,-0.04028262256601467,-0.0739780673448962
2015-08-04,45.75,49.08,0.01098912157559484,-0.008319009121084076
2015-08-05,45.13,49.04,-0.01364457788262019,-8.153282147547181e-4
2015-08-06,44.69,47.8,-0.009797450893549886,-0.02561065213054592
2015-08-07,43.87,47.54,-0.018519047767237673,-0.0054541775653622615
2015-08-10,44.94,48.3,0.024097551579060905,0.015860098726478977
2015-08-11,43.11,47.33,-0.041573277998140146,-0.020287216740370262
2015-08-12,43.22,48.29,0.0025483623196969063,0.020080155967293845
2015-08-13,42.27,48.01,-0.02222573650004156,-0.0058151773426016184
2015-08-14,42.45,47.79,0.004249298178657934,-0.004592909952781721
2015-08-17,41.93,47.77,-0.012325351574685062,-4.1858518819637425e-4
2015-08-18,42.58,47,0.015383098282661933,-0.016250225691812226
2015-08-19,40.75,45.75,-0.04392881977846175,-0.026955809988528312
2015-08-20,41,45.63,0.006116227017436415,-0.002626396782218876
2015-08-21,40.45,43.84,-0.013505423199807076,-0.040018752299550986
2015-08-24,38.22,41.59,-0.05670770469237407,-0.052686888884939886
2015-08-25,39.15,41.86,0.024041483624685167,0.0064709632630330916
2015-08-26,38.5,41.76,-0.016742181143073243,-0.002391773443470413
2015-08-27,42.47,44.46,0.09813970303144126,0.06265096496166755
2015-08-28,45.29,47.97,0.0642883132429426,0.07598590697792185
2015-09-01,45.38,48.8,0.001985221783573188,0.017154497345129194
2015-09-02,46.3,47.67,0.02007048174049242,-0.023428043642367502
2015-09-03,46.75,50.41,0.00967229464250785,0.055887298877805414
2015-09-04,46.02,48.59,-0.015738171127475997,-0.03677181967672771
2015-09-08,45.92,48.88,-0.002175332595908852,0.00595056644552816
2015-09-09,44.13,48.04,-0.03976092872985548,-0.01733431765155702
2015-09-10,45.85,47.77,0.03823537542101807,-0.005636169809912328
2015-09-11,44.75,46.87,-0.024283753981609202,-0.019020015467255735
2015-09-14,44.07,45.87,-0.015312165866968819,-0.02156650332553456
2015-09-15,44.58,45.91,0.01150604910382702,8.716496520504435e-4
2015-09-16,47.12,49.35,0.05541221138560859,0.07225480761835978
2015-09-17,46.93,48.27,-0.004040409537005019,-0.02212751620708886
2015-09-18,44.71,47.28,-0.04845993956043726,-0.020722876574558846
2015-09-21,46.67,47.64,0.04290436971583533,0.007585371389256412
2015-09-22,46.17,46.69,-0.01077132344282683,-0.020142735504253828
2015-09-23,44.53,48,-0.036167117185286646,0.02767100192504568
2015-09-24,44.94,47.06,0.009165147423572328,-0.01977762760867474
2015-09-25,45.55,47.28,0.01348235694878408,0.004663989798626478
2015-09-28,44.4,46.04,-0.02557115426778811,-0.02657678924416107
2015-09-29,45.24,47.58,0.018742181809740632,0.032901921021129876
2015-09-30,45.06,47.29,-0.003986716243821409,-0.006113648219027379
2015-10-01,44.75,47.48,-0.006903490283233893,0.0040097130856828755
2015-10-02,45.54,46.55,0.017499615914728928,-0.019781566018391317
2015-10-05,46.28,49.45,0.016118841689882313,0.060435054345645334
2015-10-06,48.53,51.34,0.04747226109164915,0.037508117374273287
2015-10-07,47.86,51.66,-0.013902080936897931,0.006213612224700071
2015-10-08,49.46,52.13,0.03288417961304324,0.009056811112320151
2015-10-09,49.67,52.08,0.004236867025988911,-9.596008797010391e-4
2015-10-12,47.09,50.95,-0.053340464863795845,-0.021936238231579974
2015-10-13,46.7,48.94,-0.008316499580611758,-0.04024970165420827
2015-10-14,46.63,48.25,-0.001500053854622152,-0.014199230229530624
2015-10-15,46.38,47.87,-0.005375778992843916,-0.007906824380577326
2015-10-16,47.3,48.96,0.01964196367050164,0.02251463479965299
2015-10-19,45.91,47.51,-0.029827337236756346,-0.03006342300524034
2015-10-20,45.84,46.93,-0.0015258858546465248,-0.012283085392503779
2015-10-21,45.22,46.72,-0.013617605556660362,-0.004484791286354817
2015-10-22,44.9,46.59,-0.007101672101615275,-0.0027864126912660048
2015-10-23,43.91,46.3,-0.022295710174582428,-0.006243964736517338
2015-10-26,43.19,46.57,-0.01653309760101651,0.005814595902097874
2015-10-27,43.21,45.54,4.629629712322725e-4,-0.02236549635869256
2015-10-28,45.93,47.6,0.061046548393860256,0.04424170060178101
2015-10-29,46.02,48.04,0.001957586269517808,0.009201235974408473
2015-10-30,46.6,48,0.012524456524380057,-8.329863038918361e-4
2015-11-02,46.12,47.91,-0.010353845730741718,-0.0018767600128604123
2015-11-03,47.88,48,0.03745118528891389,0.0018767600128604123
2015-11-04,46.32,46.96,-0.03312404742503228,-0.021904835388049992
2015-11-05,45.27,47.19,-0.022929271816872543,0.004885830218455123
2015-11-06,44.32,46.09,-0.021208519008839133,-0.0235859990058791
2015-11-09,43.87,45.38,-0.01020532726090595,-0.015524527380721409
2015-11-10,44.23,46.44,0.0081725767021128,0.02308967747799473
2015-11-11,42.95,44.98,-0.029366643449970642,-0.031943210298520874
2015-11-12,41.74,44.98,-0.028576746781209916,0
2015-11-13,40.69,41.98,-0.025477539635456292,-0.06902463213868293
2015-11-16,41.68,40.28,0.02403903543151298,-0.041338246542125034
2015-11-17,40.73,41.28,-0.023056475784790198,0.024523053322945465
2015-11-18,40.75,41.45,4.909180265504354e-4,0.00410976040799671
2015-11-19,40.55,42.22,-0.004920059125449683,0.01840616083887081
2015-11-20,39.39,42.49,-0.029023803578607232,0.006374711706545799
2015-11-23,39.27,43.7,-0.003051108392896129,0.02807934797482403
2015-11-24,40.89,44.38,0.040424665786632286,0.015440815402903318
2015-11-25,41.22,43.56,0.008038041085762337,-0.018649619439687903
2015-11-27,40.57,43.07,-0.015894698243957173,-0.011312598998740597
2015-11-30,40.43,43.73,-0.00345679356567663,0.015207666358809657
2015-12-01,40.58,42.97,0.0037032507449894503,-0.017532167637925422
2015-12-02,39.93,41.92,-0.016147413322538995,-0.024739157774116727
2015-12-03,41.08,42,0.028393463985227463,0.0019065782705816048
2015-12-04,40,41.44,-0.026641930946420977,-0.013423020332140823
2015-12-07,37.64,39.69,-0.06081213939675756,-0.0431473311562538
2015-12-08,37.46,39.44,-0.004793617701236208,-0.0063187370605390925
2015-12-09,37.16,39.04,-0.008040783070304869,-0.010193768189542762
2015-12-10,36.76,38.65,-0.010822616458151302,-0.010039986511460874
2015-12-11,35.65,36.99,-0.030661150627181222,-0.04389916918906822
2015-12-14,36.31,36.51,0.018344038565939247,-0.01306141017681739
2015-12-15,37.32,37.66,0.027436190552898587,0.031012327561460662
2015-12-16,35.55,36.96,-0.04858921972989316,-0.018762276455522642
2015-12-17,34.98,36.29,-0.016163686658793974,-0.018294025548504678
2015-12-18,34.72,36.76,-0.007460579798306277,0.012868076262507522
2015-12-21,34.55,35.34,-0.0049083395784705885,-0.03939483059593574
2015-12-22,36.12,35.26,0.04443917833510547,-0.0022662899218266475
2015-12-23,36.76,35.79,0.017563568938701923,0.014919347808210581
2015-12-24,37.62,37.22,0.023125526385397777,0.039177726436170346
2015-12-28,36.36,37.08,-0.034066554563605855,-0.0037685105164504407
2015-12-29,37.88,36.85,0.04095399900859942,-0.006222122062308877
2015-12-30,36.59,35.65,-0.034648289286762335,-0.03310647177504045
2015-12-31,37.13,36.61,0.014650289157873253,0.026572280271839777
2016-01-04,36.81,36.28,-0.008655720798058653,-0.009054801885208796
2016-01-05,35.97,35.56,-0.023084289683397596,-0.020045214601231987
2016-01-06,33.97,33.89,-0.0572074755350398,-0.04810142502674397
2016-01-07,33.29,33.57,-0.020220730585558844,-0.009487174627016426
2016-01-08,33.2,31.67,-0.0027071756644905243,-0.0582629504413954
2016-01-11,31.42,30.14,-0.05510524309496789,-0.04951666735219895
2016-01-12,30.42,29.14,-0.03234434599632863,-0.033741392431290596
2016-01-13,30.42,28.58,0,-0.019404628265337287
2016-01-14,31.22,28.84,0.02595862825613926,0.00905613991502685
2016-01-15,29.45,28.8,-0.05836500498969022,-0.0013879252748481008
2016-01-19,28.47,27.36,-0.033843008807649344,-0.05129329438755059
2016-01-20,26.68,26.01,-0.06493668024252353,-0.05060101329378952
2016-01-21,29.55,27.59,0.10216952280468439,0.05897230876863446
2016-01-22,32.07,30.46,0.08183726985295614,0.09896095923782111
2016-01-25,30.31,29.82,-0.05644332263535157,-0.021235038130423156
2016-01-26,29.54,30.94,-0.025732413966478074,0.03687053580832744
2016-01-27,32.32,31.83,0.08994095654966072,0.02835939614908156
2016-01-28,33.21,33.01,0.027164801735760857,0.036401304571100024
2016-01-29,33.66,33.14,0.013459153374004718,0.003930466133315491
2016-02-01,31.62,32.45,-0.06252035698133396,-0.021040568848317953
2016-02-02,29.9,30.98,-0.055931351384685524,-0.04635860816137649
2016-02-03,32.29,32.38,0.07689910437354319,0.04419911326076642
2016-02-04,31.63,32.76,-0.020651547452626318,0.011667310735379743
2016-02-05,30.86,32.35,-0.024645190382542648,-0.012594238037959116
2016-02-08,29.71,31.64,-0.03797715746049857,-0.02219187804745637
2016-02-09,27.96,30.15,-0.06070877210890657,-0.04823721972625883
2016-02-10,27.54,29.64,-0.015135424065100711,-0.017060122745308437
2016-02-11,26.19,28.82,-0.050261834780888304,-0.02805520985651011
2016-02-12,29.32,31.8,0.11289221849883013,0.09839669921475513
2016-02-16,29.05,31.09,-0.009251393720530299,-0.022580065715468667
2016-02-17,30.68,33.21,0.05459249320113502,0.06596481131799292
2016-02-18,30.77,33.2,0.002929212834895001,-3.0115946621211975e-4
2016-02-19,29.59,31.66,-0.03910372292183206,-0.04749582146957687
2016-02-22,31.37,33.59,0.05841555579046842,0.05917434917133502
2016-02-23,31.84,31.9,0.014871338773595255,-0.05162239383340239
2016-02-24,30.35,31.5,-0.04792684347067455,-0.012618463959211734
2016-02-25,31.4,32.83,0.03401137540870014,0.0413551856819141
2016-02-26,31.65,35.76,0.007930255675977715,0.08548721879181187
2016-02-29,32.74,35.92,0.033859423352803564,0.004464293128685792
2016-03-01,34.39,35.73,0.04916825250118606,-0.005303571398680429
2016-03-02,34.57,36.38,0.0052204294893583025,0.01802850105465792
2016-03-03,34.56,35.75,-2.8930999767817767e-4,-0.017468903949959813
2016-03-04,35.91,37.61,0.03831886430213638,0.05071970334222842
2016-03-07,37.9,39.02,0.05393530385038936,0.03680436271272036
2016-03-08,36.67,39.16,-0.032992130005146336,0.0035814824673443546
2016-03-09,37.62,40.26,0.025576841789649585,0.02770260254933543
2016-03-10,37.77,38.63,0.0039793128514813425,-0.04132924353345535
2016-03-11,38.51,39.41,0.019402811102452233,0.01999041452872241
2016-03-14,37.2,38.06,-0.0346091865477165,-0.03485572933890868
2016-03-15,36.32,37.49,-0.023940207546008452,-0.015089631120182911
2016-03-16,38.43,38.38,0.05646985084365985,0.023462259831733334
2016-03-17,40.17,39.29,0.04428204379443823,0.02343354299081435
2016-03-18,39.47,39.26,-0.017579558696434905,-7.63844722053264e-4
2016-03-21,39.91,39.91,0.01108602938588632,0.01642073021232715
2016-03-22,41.45,40.54,0.03786096252066162,0.015662221963211653
2016-03-23,38.28,38.84,-0.07956031499655047,-0.042838497600729664
2016-03-24,38.14,38.33,-0.003663966412480235,-0.01321776403066055
2016-03-28,37.99,38.33,-0.003940632972738722,0
2016-03-29,36.91,36.75,-0.028840450157627373,-0.04209465373361798
2016-03-30,36.91,36.75,0,0
2016-03-31,36.94,36.75,8.124577291868107e-4,0
2016-04-01,35.36,36.42,-0.043713737001651154,-0.009020151359383721
2016-04-04,34.3,36.05,-0.030435883597548674,-0.010211210568503937
2016-04-05,34.52,35.88,0.0063935120433331605,-0.004726826540362605
2016-04-06,37.74,37.77,0.08918167372517694,0.05133509953377002
2016-04-07,37.3,37.15,-0.01172721329063453,-0.01655136556059711
2016-04-08,39.74,40.71,0.06336491047390114,0.09150999135111926
2016-04-11,40.46,41.58,0.01795559461592866,0.02114551991497926
2016-04-12,42.12,43.02,0.04020885552617548,0.03404584140971734
2016-04-13,41.7,42.81,-0.01002155846101882,-0.0048934036827295024
2016-04-14,41.45,43.02,-0.0060132472234522005,0.0048934036827295024
2016-04-15,40.4,41.32,-0.025658096614199266,-0.04031847958814616
2016-04-18,39.74,41.64,-0.016471547843433854,0.0077145994953302655
2016-04-19,40.88,43.02,0.02828270877177852,0.032603880092815896
2016-04-20,42.72,43.09,0.044026248756490194,0.0016258277881626704
2016-04-21,43.18,43.48,0.010710230434721968,0.009010110625261802
2016-04-22,42.76,43.97,-0.009774338929816828,0.011206520939710085
2016-04-25,41.67,42.97,-0.025821640722482275,-0.023005385405815204
2016-04-26,42.52,43.94,0.0201931080393849,0.022322869169560722
2016-04-27,45.29,44.17,0.06311170409437539,0.005220758651971025
2016-04-28,46.03,45.6,0.016207100261027563,0.03186189091190528
2016-04-29,45.98,45.64,-0.001086838494114506,8.768084735342185e-4
2016-05-02,44.75,45.82,-0.027115074614171064,0.003936152031474904
2016-05-03,43.65,43.09,-0.02488816243525349,-0.06142972539760283
2016-05-04,43.77,43.08,0.002745368917192792,-2.320993395592552e-4
2016-05-05,44.33,44.39,0.012712997554158445,0.029955366557756324
2016-05-06,44.58,44.6,0.005623679200760456,0.004719640180074425
2016-05-09,43.45,42.43,-0.025674476246321465,-0.049878199811784985
2016-05-10,44.68,44.01,0.0279151224895986,0.036561221608766736
2016-05-11,46.21,46.08,0.03367025068117524,0.0459621355646358
2016-05-12,46.64,46.43,0.009262317160061873,0.007566785644194329
2016-05-13,46.22,47.05,-0.009045937196002551,0.01326506399955818
2016-05-16,47.72,48.49,0.03193799238348083,0.03014672508587246
2016-05-17,48.29,48.71,0.011873902655735069,0.004526756701190404
2016-05-18,48.12,48.93,-0.0035266087789724843,0.0045063574825809916
2016-05-19,48.16,47.01,8.309098940877391e-4,-0.04003036026499318
2016-05-20,47.67,48.54,-0.010226531783831483,0.03202785526241625
2016-05-23,48.12,47.77,0.009395621889743744,-0.01599037289658467
2016-05-24,48.04,48.42,-0.0016638938946949011,0.01351512410804201
2016-05-25,49.1,48.87,0.02182503758869192,0.00925075977215073
2016-05-26,49,49.52,-0.0020387366898484416,0.013212917094277188
2016-05-27,49.36,49.09,0.0073200814865059805,-0.00872128030637942
2016-05-31,49.1,49.26,-0.005281344796657539,0.0034570446224306828
2016-06-01,49.07,48.81,-6.111846986627256e-4,-0.009177182793335792
2016-06-02,49.14,49.05,0.0014255169912207322,0.004904976112316106
2016-06-03,48.69,48.5,-0.009199696898423593,-0.01127638806793474
2016-06-06,49.71,48.94,0.020732449911971873,0.00903126007108801
2016-06-07,50.37,49.76,0.01318963965097808,0.01661639041639873
2016-06-08,51.23,50.73,0.016929538193551696,0.01930600314767439
2016-06-09,50.52,50.59,-0.013956000468820395,-0.0027635232747535987
2016-06-10,49.09,49.7,-0.02871394941232941,-0.01774899520126194
2016-06-13,48.89,49.36,-0.0040824714794069905,-0.006864553505450566
2016-06-14,48.49,47.88,-0.00821528547329331,-0.03044249890736017
2016-06-15,47.92,47.47,-0.011824637310066777,-0.00859994812654552
2016-06-16,46.14,45.66,-0.03785270106158656,-0.03887529146157753
2016-06-17,48,46.57,0.03952075816228362,0.019733915892636844
2016-06-20,49.4,48.68,0.028749413285985792,0.044311711125040176
2016-06-21,48.95,48.18,-0.009151055217357484,-0.01032427093260102
2016-06-22,49.16,48.43,0.004280915721314393,0.00517545922841256
2016-06-23,49.34,48.63,0.0036548264033768874,0.004121168000556619
2016-06-24,46.7,46.69,-0.054990946426359155,-0.04071061543284893
2016-06-27,45.8,45.07,-0.019460073554712576,-0.03531317228028863
2016-06-28,47.93,46.29,0.04545752205140108,0.026709118340622506
2016-06-29,49.85,48.4,0.03927688323630729,0.04457385867940644
2016-06-30,48.27,48.05,-0.032208246735445645,-0.007257678306284543
2016-07-01,49.02,47.65,0.015418128427564959,-0.00835950531609031
2016-07-05,46.73,45.64,-0.04784202138763183,-0.04309810510633616
2016-07-06,47.37,45.7,0.013602760223325294,0.0013137729062844272
2016-07-07,45.22,45.93,-0.046449650085836236,0.005020200437543032
2016-07-08,45.37,44.53,0.003311626826048464,-0.030955379004091288
2016-07-11,44.73,44.04,-0.014206676231115711,-0.011064807479131744
2016-07-12,46.82,46.72,0.04566604461800816,0.05907402666549233
2016-07-13,44.87,44.67,-0.04254104207487286,-0.04487020315594403
2016-07-14,45.64,46.01,0.0170151050059828,0.02955662880334975
2016-07-15,45.93,46.25,0.006333973343827459,0.0052026997910568085
2016-07-18,45.23,45.35,-0.015357914847950571,-0.019651287397288275
2016-07-19,44.64,45.7,-0.01313026541669604,0.007688121339013421
2016-07-20,44.96,45.82,0.007142887512380014,0.002622379125190477
2016-07-21,43.96,44.99,-0.02249307605001505,-0.018280434172268656
2016-07-22,43.41,44.24,-0.012590300223918494,-0.016810885639001683
2016-07-25,42.4,43.76,-0.02354146707358984,-0.010909199100353817
2016-07-26,42.16,43.56,-0.005676458004805429,-0.004580860048965629
2016-07-27,41.9,42.78,-0.006186077305014859,-0.01806859441050035
2016-07-28,41.13,41.87,-0.018548044685759102,-0.02150112362320744
2016-07-29,41.54,40.76,0.00991903620563317,-0.026868371676528113
2016-08-01,40.05,40.17,-0.036528144933597684,-0.014580759983333191
2016-08-02,39.5,40,-0.01382800160729225,-0.004240994257254549
2016-08-03,40.8,40.45,0.032381409503039915,0.011187189390564622
2016-08-04,41.92,41.33,0.02708095860267079,0.021521985019139933
2016-08-05,41.83,42.47,-0.0021492545586796474,0.02720931580153918
2016-08-08,43.06,43.24,0.02898070648210993,0.017968048445827556
2016-08-09,42.78,43.37,-0.006523788281957543,0.0030019650762671546
2016-08-10,41.75,42.19,-0.0243712523573949,-0.027584731711027377
2016-08-11,43.51,44.23,0.041291345435724214,0.04722006574398785
2016-08-12,44.47,45.12,0.021824007790016253,0.01992231530956845
2016-08-15,45.72,47.31,0.02772103440400464,0.04739608245325311
2016-08-16,46.57,48.27,0.01842071806767631,0.020088560029345004
2016-08-17,46.81,48.58,0.005140298317693137,0.006401673901624605
2016-08-18,48.2,49.46,0.02926216574457552,0.017952338519243938
2016-08-19,48.48,49.39,0.005792320704504306,-0.0014162875407368603
2016-08-22,46.8,48.1,-0.03526813883745783,-0.026465797440817784
2016-08-23,47.54,48.7,0.015688259008446614,0.012396852976828576
2016-08-24,46.29,47.56,-0.026645506888868464,-0.02368695826596312
2016-08-25,46.97,49.25,0.014583144995724329,0.03491729579551661
2016-08-26,47.64,49.66,0.014163644448195623,0.008290412461922969
2016-08-29,46.97,49.66,-0.014163644448195623,0
2016-08-30,46.32,47.94,-0.01393526677416368,-0.03524955107378247
2016-08-31,44.68,47.94,-0.036047859063740084,0
2016-09-01,43.17,45.05,-0.03438016463361393,-0.062177244951891364
2016-09-02,44.39,45.96,0.027868409278557937,0.019998468926208268
2016-09-06,44.85,46.21,0.0103093696588612,0.005424771901620051
2016-09-07,45.47,47,0.01372917933211415,0.01695137682788328
2016-09-08,47.63,49.23,0.04641004697584972,0.04635559206005091
2016-09-09,45.88,48.37,-0.03743352255159893,-0.017623406935217467
2016-09-12,46.28,47.82,0.00868061006430576,-0.011435824804713057
2016-09-13,44.91,46.48,-0.030049415225829268,-0.028421849486523154
2016-09-14,43.62,45.65,-0.029144726326163717,-0.01801850550267803
2016-09-15,43.85,45.83,0.005258958044709328,0.003935291480055003
2016-09-16,43.04,45.26,-0.01864480296466331,-0.012515258315641375
2016-09-19,43.34,46.04,0.00694608025468435,0.017086943648290553
2016-09-20,43.85,45.24,0.01169872270997896,-0.017528932605761938
2016-09-21,45.33,45.99,0.033194346134565844,0.016442330303912733
2016-09-22,46.1,47.21,0.016843885049844687,0.02618175300636283
2016-09-23,44.36,46.71,-0.038474787520436315,-0.010647460044178825
2016-09-26,45.6,46.61,0.027569554038174182,-0.0021431641293672143
2016-09-27,44.65,44.95,-0.021053409197832718,-0.03626434946701984
2016-09-28,47.07,45.49,0.05278154809054314,0.011941760664283319
2016-09-29,47.72,48.43,0.013714741816664322,0.0626269348332249
2016-09-30,47.72,48.24,0,-0.0039309039962076575
2016-10-03,48.8,48.61,0.022379715629386343,0.007640718638433963
2016-10-04,48.67,48.81,-0.0026674890137385887,0.0041059388416919695
2016-10-05,49.75,49.57,0.021947639759238857,0.015450602133426639
2016-10-06,50.44,50.14,0.013774047492116637,0.011433280697664472
2016-10-07,49.76,50.49,-0.013573062665794389,0.0069562041406769914
2016-10-10,49.76,51.54,0,0.020582908353394824
2016-10-11,50.72,50.48,0.019108861698046375,-0.020780986991261408
2016-10-12,50.14,49.53,-0.011501217398823371,-0.018998671632811437
2016-10-13,50.47,49.29,0.0065600076220238,-0.004857325882859698
2016-10-14,50.35,48.87,-0.0023804811875995924,-0.008557509435223043
2016-10-17,49.97,49.31,-0.0075757938084577425,0.00896318895397119
2016-10-18,50.3,49.81,0.006582251749579715,0.01008886684915744
2016-10-19,51.59,51.85,0.025322778150865144,0.040139167590344194
2016-10-20,50.31,50.42,-0.02512399075333116,-0.027967012915762535
2016-10-21,50.61,50.28,0.0059453207227591065,-0.0027805380377268207
2016-10-24,50.18,49.8,-0.008532644287710056,-0.009592399691439546
2016-10-25,49.45,49.08,-0.014654482869555174,-0.01456336418789661
2016-10-26,48.75,48.98,-0.014256860624865197,-0.0020395683186889
2016-10-27,49.71,49.13,0.019500922662725184,0.0030577946565353287
2016-10-28,48.72,47.78,-0.020116496704939646,-0.027862704282893613
2016-10-31,46.83,46.2,-0.03956560020619104,-0.033627343809970345
2016-11-01,46.66,45.77,-0.0036367566021664466,-0.009350943422142599
2016-11-02,45.32,44.26,-0.029138830433478535,-0.03354752004264716
2016-11-03,44.66,43.84,-0.01467018974779366,-0.009534691983143162
2016-11-04,44.07,43.06,-0.013298967558116104,-0.017952150703543168
2016-11-07,44.88,42.83,0.018212982360545027,-0.0053557003089377275
2016-11-08,44.96,43.47,0.0017809443709948525,0.014832253373421533
2016-11-09,45.2,43.88,0.005323881252750073,0.009387590406328528
2016-11-10,44.62,43.67,-0.012914897833799177,-0.00479726790955981
2016-11-11,43.39,41.61,-0.027953189194127148,-0.04832084450261975
2016-11-14,43.29,41.83,-0.002307338356370092,0.0052732624592573
2016-11-15,45.86,44.15,0.057671615975869006,0.0539791415958617
2016-11-16,45.56,45.07,-0.006563138850776973,0.02062390965258798
2016-11-17,45.37,44.57,-0.004179044903108942,-0.01115584974409245
2016-11-18,45.69,44.41,0.007028361899307889,-0.0035963176544537845
2016-11-21,47.48,45.96,0.038429114166286915,0.034306783676544494
2016-11-22,48.07,46.1,0.01234971216440206,0.00304149702204759
2016-11-23,46.72,46.54,-0.028485943385897716,0.009499207871543014
2016-11-25,46.72,46.32,0,-0.0047383246094057085
2016-11-28,45.66,46.64,-0.022949697418322312,0.006884708777497028
2016-11-29,45.29,44.68,-0.008136383533526637,-0.04293256784123711
2016-11-30,49.41,47.95,0.0870665752895361,0.07063282712844732
2016-12-01,51.08,52.28,0.03324019830667968,0.08645508742657393
2016-12-02,51.7,52.35,0.012064750350045284,0.0013380485605245518
2016-12-05,51.72,53.3,3.8677238927320445e-4,0.017984393855253078
2016-12-06,50.95,52.31,-0.014999794234923147,-0.01874877378927886
2016-12-07,49.85,51.9,-0.021826263260886325,-0.007868767210676975
2016-12-08,50.84,51.6,0.019664949913405838,-0.00579711768432567
2016-12-09,51.51,52.19,0.013092517256240388,0.01136923316780436
2016-12-12,52.74,53.99,0.02359821734764722,0.03390793857487395
2016-12-13,52.99,53.28,0.00472903557952975,-0.013237817998061896
2016-12-14,51.01,53.15,-0.0380815245698356,-0.0024429214441767932
2016-12-15,50.9,51.72,-0.0021587683783579337,-0.027273550884300057
2016-12-16,51.93,54.15,0.020033734299750527,0.045913419543342826
2016-12-19,52.13,53.53,0.003843940923787148,-0.011515729041709832
2016-12-20,52.22,54.56,0.0017249644909682615,0.019058769129916886
2016-12-21,51.44,53.01,-0.015049483341619041,-0.028820438535491988
2016-12-22,51.98,54.04,0.010442949283980152,0.019243938092283308
2016-12-23,52.01,53.93,5.769785716371878e-4,-0.002037603742862437
2016-12-28,54.01,54.95,0.0377332068198184,0.01873677150049513
2016-12-29,53.8,54.97,-0.0038957474370611145,3.639010229381512e-4
2016-12-30,53.75,54.96,-9.298001599664651e-4,-1.8193395847454497e-4
2017-01-03,52.36,55.05,-0.026200725966072813,0.0016362152545950082
2017-01-04,53.26,54.57,0.017042639344087007,-0.008757581970548767
2017-01-05,53.77,54.99,0.00953011043580032,0.007667069321582343
2017-01-06,53.98,55.9,0.003897916768271781,0.01641302964133029
2017-01-09,51.95,54.39,-0.0383318900446219,-0.027384066726183764
2017-01-10,50.82,53.2,-0.021991739653218545,-0.022121917087270848
2017-01-11,52.19,53.61,0.026600927763303694,0.0076772214918476855
2017-01-12,53.01,54.51,0.015589669344393098,0.01664855323674308
2017-01-13,52.36,54.37,-0.01233763395801546,-0.00257163991836018
2017-01-17,52.45,54.68,0.001717393800606981,0.0056854806979198536
2017-01-18,51.12,53.77,-0.02568452477302685,-0.01678232103416244
2017-01-19,51.39,53.18,0.005267790934858851,-0.011033305006713068
2017-01-20,52.33,55.04,0.01812621937997827,0.03437780781021438
2017-01-23,52.77,54.8,0.008373027033460101,-0.004369999671117952
2017-01-24,52.38,54.7,-0.007418008338010651,-0.0018264845260347329
2017-01-25,52.14,54.34,-0.004592430574210216,-0.0066031054297335245
2017-01-26,53.24,55.89,0.020877585021555234,0.028124869283405296
2017-01-27,53.18,54.8,-0.0011276077120374595,-0.01969527932763704
2017-01-30,52.63,54.77,-0.010396086449186104,-5.475951583395755e-4
2017-01-31,52.75,55.25,0.002277472990488416,0.008725741602232162
2017-02-01,53.9,55.79,0.02156670555877538,0.009726301459574316
2017-02-02,53.55,55.94,-0.006514681021193347,0.0026850459163769713
2017-02-03,53.81,55.92,0.004843526607570592,-3.5758984825928763e-4
2017-02-06,53.01,55.02,-0.014978748501613737,-0.01622534242912632
2017-02-07,52.19,53.79,-0.015589669344393098,-0.02260917921127703
2017-02-08,52.37,54.42,0.0034430026360747767,0.011644157069949035
2017-02-09,52.99,53.98,0.011769308213274154,-0.008118125765241846
2017-02-10,53.84,55.2,0.01591346883180167,0.02234934569319158
2017-02-13,52.96,54.15,-0.01647977370771958,-0.019204979836050295
2017-02-14,53.21,54.96,0.0047094369795250834,0.014847674467094674
2017-02-15,53.11,54.57,-0.0018811141739698556,-0.007121366715953759
2017-02-16,53.41,54.16,0.005632759917371111,-0.0075416525941212065
2017-02-17,53.41,54.48,0,0.005891033237237497
2017-02-21,54.02,56.34,0.011356354012790781,0.03357110060696966
2017-02-22,53.61,54.9,-0.007618730525023487,-0.02589141393274197
2017-02-23,54.48,55.82,0.016098044001810585,0.01661887959269137
2017-02-24,53.99,54.69,-0.009034817611061285,-0.02045135074949478
2017-02-27,54.04,54.65,9.256688618024533e-4,-7.316627361335648e-4
2017-02-28,54,53.36,-7.404665277235267e-4,-0.023887813015179393
2017-03-01,53.82,55.72,-0.0033389012655149486,0.0432777473042365
2017-03-02,52.63,54.16,-0.022358845933072136,-0.028396520307585327
2017-03-03,53.33,54.12,0.013212725246823265,-7.38825301432211e-4
2017-03-06,53.19,54.73,-0.0026286158582844443,0.011208201853239341
2017-03-07,52.68,54.61,-0.009634531879145758,-0.0021949889917642906
2017-03-08,49.83,53.3,-0.05561866458176734,-0.024280684992263435
2017-03-09,48.75,50.65,-0.02191201484945715,-0.05099710047710637
2017-03-10,48.05,50.63,-0.014463062027554763,-3.9494471287460087e-4
2017-03-13,47.95,50.1,-0.0020833340868540162,-0.010523277890998717
2017-03-14,47.24,49.6,-0.01491781000028558,-0.010030174359937138
2017-03-15,48.34,50.63,0.02301838394617528,0.020553452250935855
2017-03-16,48.3,50.56,-8.278146168101408e-4,-0.0013835361432157356
2017-03-17,48.34,50.58,8.278146168101408e-4,3.954914032169299e-4
2017-03-20,47.79,50.67,-0.011442962685269897,0.0017777782459993396
2017-03-21,47.02,50.14,-0.01624336947814342,-0.010514926757671184
2017-03-22,47.29,49.56,0.005725813543860703,-0.011635035969205454
2017-03-23,47,50.17,-0.006151254945725881,0.012233181735219922
2017-03-24,47.3,49.97,0.0063626937878287215,-0.003994413140048003
2017-03-27,47.02,50.12,-0.005937252385963543,0.002997304671753742
2017-03-28,48.36,50.72,0.028099982634668397,0.011900180101103164
2017-03-29,49.47,51.36,0.02269339949302518,0.012539349252735033
2017-03-30,50.3,52.25,0.01663865186607616,0.017180231463215012
2017-03-31,50.54,52.2,0.004760024854354672,-9.573959563273782e-4
2017-04-03,50.25,52.04,-0.005754555020863084,-0.0030698412442888845
2017-04-04,50.99,53.08,0.01461898812787954,0.019787555819702263
2017-04-05,51.14,53.41,0.0029374347959763014,0.0061977848876724195
2017-04-06,51.69,53.62,0.01069736934490706,0.003924138456134152
2017-04-07,52.25,54.24,0.010775551636972747,0.011496510824327011
2017-04-10,53.06,54.79,0.015383457864673211,0.010089051918183767
2017-04-11,53.38,54.73,0.006012795266784554,-0.0010956903944974172
2017-04-12,53.12,54.75,-0.004882638808199946,3.653635407836475e-4
2017-04-13,53.19,55.05,0.0013169035860478573,0.0054644944720791955
2017-04-17,52.62,54.79,-0.010774133142079645,-0.004734167618365426
2017-04-18,52.46,52.6,-0.003045301173418835,-0.04079157580665971
2017-04-19,50.49,52.43,-0.03827567756790362,-0.0032371731592228947
2017-04-20,50.26,50.66,-0.004565764755378066,-0.03434230201091237
2017-04-21,49.64,49.93,-0.012412571779039538,-0.014514620061011119
2017-04-24,48.9,49.45,-0.01501956385558012,-0.00965996644379663
2017-04-25,49.22,49.37,0.006522648482083504,-0.0016191057979497714
2017-04-26,49.22,49.99,0,0.01248003315470747
2017-04-27,48.96,49.46,-0.005296406758839467,-0.01065872333220863
2017-04-28,49.31,49.46,0.007123262031964117,0
2017-05-01,48.83,50.41,-0.009782022162465598,0.019025306001269282
2017-05-02,47.65,49.31,-0.024462247973358053,-0.02206266785850497
2017-05-03,47.79,48.82,0.002933782489856096,-0.009986835271220684
2017-05-04,45.55,47.53,-0.048005788884099676,-0.026778974338895978
2017-05-05,46.23,47.45,0.01481831429416669,-0.001684565569981089
2017-05-08,46.46,46.61,0.004962789342128904,-0.017861414671287434
2017-05-09,45.84,47.06,-0.013434654935778667,0.009608272914567006
2017-05-10,47.28,48.09,0.030930300691358603,0.02165087199035476
2017-05-11,47.81,49.18,0.01114744954016933,0.022412781498475365
2017-05-12,47.83,49.08,4.1823505419325e-4,-0.0020354169453358217
2017-05-15,48.86,51.29,0.021306008137389032,0.044044181558466455
2017-05-16,48.64,51.21,-0.004512828171682859,-0.0015609759267181111
2017-05-17,49.04,51.76,0.008190053970044353,0.010682824718185824
2017-05-18,49.36,51.71,0.006504087969176453,-9.66463784514815e-4
2017-05-19,50.32,52.78,0.01926223279505246,0.020481144667047868
2017-05-22,50.81,53.35,0.009690573213455789,0.01074164667258426
2017-05-23,51.12,53.19,0.0060826244636387194,-0.003003568993535932
2017-05-24,50.99,53.29,-0.002546275002214937,0.0018782875544647304
2017-05-25,48.57,52.25,-0.04862347870941086,-0.019708805463770407
2017-05-26,49.58,50.84,0.020581470249390943,-0.027356444523667367
2017-05-30,49.63,50.65,0.0010079629923049893,-0.0037442156265607984
2017-05-31,48.29,49.4,-0.027370989713899174,-0.024988806500815475
2017-06-01,48.32,50.41,0.00062105374110910105,0.020239143900662615
2017-06-02,47.68,48.46,-0.013333530869465093,-0.03945085270615989
2017-06-05,47.4,48.25,-0.00588979405606338,-0.00434288760338486
2017-06-06,48.13,48.11,0.015283454613987058,-0.0029057720736322956
2017-06-07,45.8,47.08,-0.04962159219487905,-0.021641773319286628
2017-06-08,45.68,46.3,-0.0026235257723841166,-0.016706321299887694
2017-06-09,45.82,46.64,0.00306011167759479,0.007316580950048834
2017-06-12,46.1,47.18,0.00609227297725301,0.011511531937292041
2017-06-13,46.41,46.95,0.006702003250481869,-0.004886868325256977
2017-06-14,44.79,45.47,-0.03553005303387602,-0.03203043781735282
2017-06-15,44.47,45.61,-0.007170095696603429,0.0030742228866897925
2017-06-16,44.73,45.7,0.005829612922151561,0.001971307176550141
2017-06-19,44.24,45.93,-0.011015060230677332,0.005020200437543032
2017-06-20,43.34,43.98,-0.02055336110586614,-0.043383513211087354
2017-06-21,42.48,44.62,-0.020042619174529985,0.014447203877771653
2017-06-22,42.53,44.46,0.0011763323318589869,-0.003592280468335929
2017-06-23,42.86,44.14,0.007729280779888548,-0.007223507707460275
2017-06-26,43.24,44.09,0.008827002725576794,-0.0011334014587438546
2017-06-27,44.25,46.17,0.023089378682930928,0.04609723714905112
2017-06-28,44.74,46.45,0.011012584608045106,0.006046228740950177
2017-06-29,44.88,47.02,0.0031243051524572074,0.01219657785207584
2017-06-30,46.02,47.08,0.02508382339277926,0.0012752392801522738
2017-07-05,45.11,47.58,-0.019972133186915375,0.010564222482735808
2017-07-06,45.52,48.53,0.009047838397771013,0.019769658542313273
2017-07-07,44.25,46.47,-0.02829641836413721,-0.04337522032023822
2017-07-10,44.4,46.57,0.003384097984240775,0.002149613897399316
2017-07-11,45.06,46.68,0.014755465565919224,0.002359250424069259
2017-07-12,45.48,46.73,0.009277733878236827,0.0010705492939795391
2017-07-13,46.06,47.65,0.012672225510204083,0.019496273387876073
2017-07-14,46.53,47.89,0.010152371464017929,0.005024084254307226
2017-07-17,46.02,47.66,-0.011021181249337264,-0.004814242683922387
2017-07-18,46.4,47.92,0.008223374624989344,0.0054404821365983125
2017-07-19,47.1,48.34,0.014973541790162859,0.008726421468142842
2017-07-20,46.73,48.54,-0.007886644310037383,0.004128825023118399
2017-07-21,45.78,47.47,-0.020539042187914358,-0.022290267735228575
2017-07-24,46.21,47.81,0.009348910357754647,0.0071368900747854624
2017-07-25,47.77,49.19,0.033201602519695506,0.028455528169236022
2017-07-26,48.58,50.08,0.01681409617215568,0.017931375984594933
2017-07-27,49.05,50.67,0.009628262437345825,0.01171229269597518
2017-07-28,49.72,52,0.013567080631138317,0.025909699093609184
2017-07-31,50.21,51.99,0.009806943404103485,-1.9232618580300453e-4
2017-08-01,49.19,50.77,-0.020523859239365727,-0.02374576343632162
2017-08-02,49.6,52.09,0.008300482923633723,0.025667362797797466
2017-08-03,49.03,52.88,-0.011558478067740019,0.01505220378633032
2017-08-04,49.57,52.48,0.010953456369340753,-0.00759305090759721
2017-08-07,49.37,51.42,-0.004042859761711259,-0.02040494279808991
2017-08-08,49.07,52.18,-0.006095102168959254,0.014672077870838685
2017-08-09,49.59,52.16,0.010541350399230431,-3.8336209018474676e-4
2017-08-10,48.54,52.59,-0.021401000202587284,0.008210069982855561
2017-08-11,48.81,51.47,0.0055470096006007275,-0.02152687393658992
2017-08-14,47.59,51.29,-0.02531255476603711,-0.0035033122634859915
2017-08-15,47.57,49.9,-4.203446888286777e-4,-0.02747479864370428
2017-08-16,46.8,50.39,-0.01631910752058907,0.009771739935033885
2017-08-17,47.07,50.37,0.005752652489449783,-3.969829349474985e-4
2017-08-18,48.59,50.96,0.031781893004760864,0.011645251506348764
2017-08-21,47.39,51.94,-0.025006512438314754,0.019048194970694432
2017-08-22,47.65,52.29,0.005471394120713846,0.006715941965436567
2017-08-23,48.45,52.31,0.016649708236564198,3.8240918248089173e-4
2017-08-24,47.24,51.73,-0.025291347007613485,-0.01114967336709638
2017-08-25,47.65,51.87,0.008641638771049287,0.00270270434788511
2017-08-28,46.4,51.87,-0.02658317086800155,0
2017-08-29,46.46,51.64,0.0012922681100535627,-0.0044440223848667415
2017-08-30,45.96,51.91,-0.010820274361707849,0.005214883860695796
2017-08-31,47.26,52.69,0.027892818778206596,0.014914234382056524
2017-09-01,47.32,53.15,0.001268767351424227,0.00869242056676267
2017-09-05,48.63,53.63,0.027307585305508475,0.008990508206876857
2017-09-06,49.13,54.48,0.01022922176486274,0.015725048846423118
2017-09-07,49.1,54.16,-6.108113800822323e-4,-0.005891033237237497
2017-09-08,47.44,54.55,-0.03439328011100473,0.0071750836750603675
2017-09-11,48.06,54.2,0.012984475618852631,-0.006436803833479221
2017-09-12,48.21,55.06,0.003116238109208247,0.015742591268860906
2017-09-13,49.3,55.52,0.022357612631113355,0.008319816484087639
2017-09-14,49.86,56.76,0.011294997046767286,0.022088536093292532
2017-09-15,49.9,56.18,8.019246620611931e-4,-0.010271030615744081
2017-09-18,49.88,55.5,-4.008819456369217e-4,-0.012177800923709015
2017-09-19,49.54,56.58,-0.006839696750622348,0.019272545121032714
2017-09-20,50.29,57.2,0.01502582612265968,0.010898332512330633
2017-09-21,50.58,57.73,0.005749991057945714,0.009223070687090384
2017-09-22,50.33,58.16,-0.004954920453550393,0.00742086415242138
2017-09-25,51.85,59.42,0.029753613887267605,0.02143303680919839
2017-09-26,51.59,59.77,-0.005027079418977731,0.005872992801700505
2017-09-27,52.14,58.74,0.010604553248797277,-0.01738293706568861
2017-09-28,51.62,58.8,-0.010023214214887943,0.001020929134107007
2017-09-29,51.67,57.02,9.681480086256578e-4,-0.030739771420054574
2017-10-02,50.59,55.67,-0.02112341399524853,-0.02396068128911022
2017-10-03,50.44,56.12,-0.0029694172071264013,0.008050853038843897
2017-10-04,50,56,-0.008761505668572589,-0.0021405644991103756
2017-10-05,50.79,57.09,0.015676479385007713,0.01927727924101852
2017-10-06,49.34,55.5,-0.028964373711942937,-0.028245949223779654
2017-10-09,49.58,55.29,0.004852415505833818,-0.0037909604025472277
2017-10-10,50.93,56.62,0.026864614289468847,0.023770219333912657
2017-10-11,51.3,56.13,0.007238611280210527,-0.008691850729645623
2017-10-12,50.61,56.13,-0.013541566950737494,0
2017-10-13,51.43,56.86,0.01607247456083849,0.01292167726874549
2017-10-16,51.86,57.49,0.008326120323693509,0.011018913412345732
2017-10-17,51.87,57.63,1.9280825279022196e-4,0.002432245813375644
2017-10-18,52.05,58.05,0.0034642066976693364,0.007261442695325471
2017-10-19,51.29,57.82,-0.014708993659800829,-0.003969971555700447
2017-10-20,51.63,57.89,0.006607097490380465,0.0012099215027134846
2017-10-23,51.91,57.69,0.005408550947580082,-0.003460809822115607
2017-10-24,52.32,57.84,0.007867257309805531,0.002596729581711088
2017-10-25,51.97,58.45,-0.006712078128592758,0.010491110067568421
2017-10-26,52.41,58.75,0.008430783793724306,0.005119465106190546
2017-10-27,53.92,60.15,0.028404053789977013,0.0235502893964199
2017-10-30,54.11,60.65,0.003517545050592208,0.008278192969370934
2017-10-31,54.36,61.35,0.004609577628298833,0.011475535766861888
2017-11-01,54.32,60.98,-7.361060325021818e-4,-0.006049229596811756
2017-11-02,54.55,60.79,0.004225229028639088,-0.0031206397994782975
2017-11-03,55.63,61.42,0.019604911808122072,0.010310213252045841
2017-11-06,57.34,64.27,0.030275836368022446,0.04535744437051825
2017-11-07,57.19,64.36,-0.002619402527999526,0.0013993627409876197
2017-11-08,56.82,63.96,-0.006490681501182927,-0.006234434158429281
2017-11-09,57.16,64.49,0.0059659766356245925,0.008252285056532749
2017-11-10,56.75,64.35,-0.007198696700154272,-0.002173238980150316
2017-11-13,56.77,62.94,3.5236082112266587e-4,-0.02215504240587496
2017-11-14,55.67,60.91,-0.019566614987218678,-0.03278452678786792
2017-11-15,55.28,61.25,-0.007030222736001512,0.00556648457644382
2017-11-16,55.14,61.18,-0.0025357738637641347,-0.001143510702079631
2017-11-17,56.21,61.34,0.019219271418332795,0.002611819963348694
2017-11-20,56.21,61.34,0,0
2017-11-21,56.84,62.28,0.011145626214916327,0.015208188279691726
2017-11-22,57.88,62.92,0.018131598534383286,0.010223731224280108
2017-11-24,58.94,63.58,0.018148075546265297,0.010434877292579081
2017-11-27,58.1,63.25,-0.014354313451682366,-0.005203827875027045
2017-11-28,57.96,63.56,-0.0024125464053845747,0.004889214060885827
2017-11-29,57.25,63.74,-0.012325475018132082,0.002827967320675029
2017-11-30,57.4,63.53,0.0026166608911717404,-0.0033000737107489186
2017-12-01,58.35,64.57,0.016415055407043688,0.016237671359934147
2017-12-04,57.48,63.45,-0.015022297521740668,-0.01749771247797849
2017-12-05,57.66,63.45,0.0031266309994322228,0
2017-12-06,55.79,62.25,-0.032969050352819274,-0.01909365881558056
2017-12-07,56.5,62.37,0.01264599629495855,0.0019258551932148649
2017-12-08,57.15,63.86,0.011438752088424486,0.023608796748604277
2017-12-11,57.84,65.62,0.012001187609689268,0.027187340246319636
2017-12-12,57.12,64.96,-0.012526259819180652,-0.010108831679533026
2017-12-13,56.59,63.66,-0.009322026876896317,-0.02021527399947587
2017-12-14,57,63.72,0.007218976680118061,9.420631879013541e-4
2017-12-15,57.29,63.81,0.005074820585936557,0.0014114328384078334
2017-12-18,57.17,64.45,-0.002096803144606696,0.009979811504940983
2017-12-19,57.49,63.69,0.005581734359319412,-0.011862165001922165
2017-12-20,58.09,64.43,0.010382512369242036,0.011551798767277077
2017-12-21,58.34,64.64,0.0042944324351337215,0.0032540510622887098
2017-12-22,58.25,64.61,-0.0015438719937650447,-4.6421664276596886e-4
2017-12-27,59.67,66.03,0.024085289088180417,0.02173998663640564
2017-12-28,59.84,66.8,0.0028449521322313487,0.011593896336120402
2017-12-29,60.46,66.73,0.010307655685090289,-0.0010484536270851663
2018-01-02,60.37,66.65,-0.00148969654297737,-0.001199580290797364
2018-01-03,61.61,67.85,0.020331902218144293,0.01784433965616028
2018-01-04,61.98,68.73,0.00598755733312295,0.012886398852636205
2018-01-05,61.49,68.01,-0.00793719239422419,-0.010531031945967051
2018-01-08,61.73,68.48,0.0038954764404266484,0.0068869786459391236
2018-01-09,62.92,69.08,0.019094041784272875,0.008723521444991889
2018-01-10,63.6,69.79,0.010749392155998905,0.010225479750582522
2018-01-11,63.81,70.36,0.0032964475341792365,0.00813418684029621
2018-01-12,64.22,69.64,0.006404770781112568,-0.010285804969369039
2018-01-16,63.82,69.4,-0.00624806781127063,-0.003452247387229157
2018-01-17,63.92,69.19,0.0015656806079213936,-0.003030524002038959
2018-01-18,63.96,69.48,6.255865077342548e-4,0.004182597862184778
2018-01-19,63.38,68.56,-0.00910953370297829,-0.013329667083380237
2018-01-22,63.66,69.32,0.004408067591171516,0.011024190557880509
2018-01-23,64.45,69.81,0.01233330753125017,0.007043801134905436
2018-01-24,65.69,69.91,0.01905697751918467,0.001431434541583343
2018-01-25,65.62,71.08,-0.001066179371425946,0.01659730276255722
2018-01-26,66.27,70.08,0.009856778567179703,-0.014168556658314735
2018-01-29,65.71,68.41,-0.008486185190358597,-0.024118433855229604
2018-01-30,64.64,67.78,-0.016417706696936207,-0.009251846594001023
2018-01-31,64.82,67.78,0.0027807835005608794,0
2018-02-01,65.92,68.6,0.0168276878878153,0.012025368552934346
2018-02-02,65.5,67.45,-0.006391742960009772,-0.01690595207807455
2018-02-05,64.18,67.69,-0.020358506959495593,0.0035518758667505423
2018-02-06,63.48,66.75,-0.01096674002350273,-0.013984161240157
2018-02-07,61.91,65.74,-0.02504317812706791,-0.0152467290442857
2018-02-08,61.3,64.26,-0.009901874588974735,-0.022770214548360812
2018-02-09,59.2,63.04,-0.03485830105220522,-0.019167908138088663
2018-02-12,59.41,62.2,0.0035410204776891163,-0.01341444580449025
2018-02-13,59.33,61.94,-0.0013474820970973411,-0.0041888252000763515
2018-02-14,60.7,62.29,0.022828617794900197,0.005634724720996687
2018-02-15,61.48,62.86,0.012768220604942648,0.009109132103367834
2018-02-16,61.89,64.3,0.0066466970808747305,0.022649599874152493
2018-02-20,61.91,64.68,3.2310177987060484e-4,0.005892403465332485
2018-02-21,61.73,64.81,-0.0029116811253357966,0.0020078777307181994
2018-02-22,62.72,66.12,0.01591033963634736,0.020011360513199072
2018-02-23,63.52,67.04,0.012674440896728534,0.013818183221004254
2018-02-26,63.81,67.96,0.004555100941375123,0.013629840629903356
2018-02-27,62.94,67.59,-0.01372802624399494,-0.005459253691468824
2018-02-28,61.43,66.08,-0.024283576460424783,-0.022593913899539686
2018-03-01,60.98,64.23,-0.007352373615726826,-0.02839573794302197
2018-03-02,61.19,64.26,0.003437835914340326,4.6696241801136296e-4
2018-03-05,62.49,65.78,0.02102276646654122,0.023378487073198784
2018-03-06,62.54,65.67,7.998080887041681e-4,-0.0016736405580299873
2018-03-07,61.09,65.09,-0.02345816536801948,-0.008871272618585557
2018-03-08,60.13,63.87,-0.015839301610197865,-0.018921160010798133
2018-03-09,62.02,65.19,0.03094802862082524,0.020456315362950228
2018-03-12,61.35,64.53,-0.010861742515381856,-0.010175850988699331
2018-03-13,60.69,64.2,-0.010816231309156876,-0.005127021251833064
2018-03-14,60.89,63.61,0.0032900177727190894,-0.00923252000520236
2018-03-15,61.16,63.67,0.004424423440378078,9.428033382210543e-4
2018-03-16,62.29,64.68,0.018307518205192608,0.0157385406799726
2018-03-19,62.01,64.82,-0.004505236904266852,0.002162163004494566
2018-03-20,63.37,66,0.02169490097363891,0.018040544313024043
2018-03-21,65.1,68.15,0.02693398587909801,0.03205641611611654
2018-03-22,64.25,68.98,-0.013142825439194539,0.01210544936615321
2018-03-23,65.8,69.03,0.02383811455594209,7.245852066892766e-4
2018-03-26,65.49,68.81,-0.004722379101309571,-0.003192109500995244
2018-03-27,65.21,68.63,-0.004284627824850951,-0.0026193262938454254
2018-03-28,64.3,68.13,-0.014053200161536772,-0.007312112134966853
2018-03-29,64.87,69.02,0.008825635981390079,0.012978672884280229
2018-04-03,63.41,69.02,-0.022763689513023877,0
2018-04-04,63.35,66.04,-9.466709447920607e-4,-0.04413569861792954
2018-04-05,63.53,66.54,0.002837328511293258,0.007542651538403611
2018-04-06,62.03,66.51,-0.023894096293415323,-4.509582940013246e-4
2018-04-09,63.4,68.19,0.021845722458153638,0.024945614236231428
2018-04-10,65.48,70.67,0.03228089105975407,0.03572322817020179
2018-04-11,66.81,72.74,0.020108017434451675,0.028870284856080453
2018-04-12,67.07,71.44,0.0038840801742603404,-0.01803350299059936
2018-04-13,67.35,73.18,0.0041660527447273665,0.02406422302281719
2018-04-16,66.23,72.05,-0.016769370359485336,-0.015561837145529722
2018-04-17,66.5,71.71,0.0040684151649204026,-0.0047301145510481035
2018-04-18,68.44,73.73,0.028755501362184077,0.027779564107075494
2018-04-19,68.3,74.85,-0.002047682447248178,0.015076338864078664
2018-04-20,68.26,74.62,-5.858230981834467e-4,-0.0030775430726253106
2018-04-23,67.61,74.54,-0.009568042375974528,-0.0010726737418993437
2018-04-24,67.66,75.86,7.392622499757806e-4,0.01755364220963962
2018-04-25,68,73.79,0.005012541823544936,-0.027666315190477242
2018-04-26,68.18,75.39,0.002643561533649752,0.02145141915333504
2018-04-27,68.11,75.33,-0.001027221456530114,-7.961783860066518e-4
2018-04-30,68.56,75.92,0.006585229036297768,0.007801692464068921
2018-05-01,67.28,74.85,-0.01884625862483169,-0.014194043436035031
2018-05-02,67.91,73.14,0.009320283461007328,-0.023110698144402697
2018-05-03,68.45,73.45,0.007920252608758283,0.004229489898651906
2018-05-04,69.71,74.75,0.01824022776384915,0.017544309650909362
2018-05-08,68.83,74.16,-0.012704083088034501,-0.007924291013196694
2018-05-09,71.16,77.6,0.03329116638736185,0.04534250593157374
2018-05-10,71.36,77.59,0.002806625474119251,-1.2887428331520567e-4
2018-05-11,70.69,77.37,-0.009433368088891392,-0.0028394443444943462
2018-05-14,71.01,78.17,0.004516592011139409,0.01028683367087524
2018-05-15,71.34,78.94,0.0046364677367431995,0.009802128002462496
2018-05-16,71.43,78.19,0.0012607692361363831,-0.009546308098278722
2018-05-17,71.47,80.09,5.59832065006205e-4,0.024009240199168502
2018-05-18,71.23,78.38,-0.00336370324162516,-0.02158220956410606
2018-05-21,72.26,78.34,0.014356647729231398,-5.104645338001035e-4
2018-05-22,72.09,80.42,-0.002355387303007106,0.02620457323144265
2018-05-23,71.85,78.69,-0.0033347258914533384,-0.021746818922235178
2018-05-24,70.77,78.9,-0.015145430437340401,0.002665145304936445
2018-05-25,67.92,76.6,-0.04110464008460113,-0.029584151105283674
2018-05-29,66.8,74.51,-0.016627461460491766,-0.02766373218090923
2018-05-30,68.24,75.89,0.021327822640823335,0.018351578850185568
2018-05-31,66.98,76.45,-0.018636835817365416,0.007352008959250256
2018-06-01,65.81,74.54,-0.01762226489803087,-0.025301038323958913
2018-06-04,64.76,73.41,-0.01608367365859298,-0.015275727928423244
2018-06-05,65.51,72.91,0.011514673934351016,-0.0068343623043505275
2018-06-06,64.75,73.23,-0.011669102164137968,0.0043793692546394425
2018-06-07,65.96,75.23,0.018514797111750525,0.026944914499151373
2018-06-08,65.77,75.11,-0.0028846903781385436,-0.0015963818742097402
2018-06-11,66.1,74.58,0.005004939544381415,-0.007081330947245057
2018-06-12,66.38,74.86,0.004227059434187552,0.0037473277256081516
2018-06-13,66.63,75.07,0.0037591202826172676,0.0028013091086274144
2018-06-14,66.91,74.77,0.004193506220279808,-0.0040042765730863294
2018-06-15,65.01,72.02,-0.028807328578348113,-0.03747287679109501
2018-06-18,65.91,74.87,0.013749070848251499,0.03880941802186477
2018-06-19,65.09,74.92,-0.012519247480333284,6.67601333293355e-4
2018-06-20,65.92,74.25,0.012670958016920864,-0.008983099893078439
2018-06-21,65.68,72.87,-0.00364742045704336,-0.018760746000618056
2018-06-22,69.02,73.67,0.04960185252568383,0.010918629012531156
2018-06-25,69.91,72.82,0.012812382854036741,-0.011605017947434959
2018-06-26,75.23,73.58,0.07334138704823623,0.010382606929341343
2018-06-27,77.41,76.09,0.028565883644492196,0.03354360051180283
2018-06-28,73.45,76.26,-0.05251106859673538,0.0022317042409865095
2018-06-29,74.13,77.44,0.009215406048741492,0.015354888538904099
2018-07-02,73.89,76.71,-0.003242807868072184,-0.009471364997117426
2018-07-03,74.19,75.87,0.004051869400878871,-0.011010728621220878
2018-07-05,73.05,77.09,-0.015485232004726512,0.01595222112118755
2018-07-06,73.78,74.98,0.009943553971821117,-0.027752159163405565
2018-07-09,73.93,77.08,0.0020310074004790124,0.027622432238399774
2018-07-10,74.11,77.8,0.0024317763942587334,0.009297587638180893
2018-07-11,70.47,75.35,-0.0503633886243362,-0.03199750611184182
2018-07-12,70.28,72.11,-0.002699824020034214,-0.04395119414383597
2018-07-13,71.03,74.11,0.01061505969082166,0.027357745034598757
2018-07-16,68.22,71.03,-0.04036454601921857,-0.04244815295354876
2018-07-17,68.03,70.87,-0.002788992633530718,-0.002255110187554088
2018-07-18,68.78,70.52,0.010964220647150746,-0.004950855292494616
2018-07-19,69.42,71.94,0.009262005429520492,0.01993608073780795
2018-07-20,70.31,71.99,0.012739025777429802,6.947822137339799e-4
2018-07-23,67.9,73.45,-0.034878001646419854,0.020077682138675
2018-07-24,70.77,73.53,0.041399147523042856,0.001088583588244596
2018-07-25,71.13,73.67,0.005074006657730834,0.001902174486590802
2018-07-26,71.59,74.51,0.006446210662669927,0.011337683870913828
2018-07-27,68.66,74.84,-0.04178861137854817,0.00441915684025318
2018-07-30,71.19,74.99,0.03618557108623577,0.0020022699074084827
2018-07-31,69.88,74.16,-0.018572873849925564,-0.01112985005569822
2018-08-01,68.8,72.28,-0.015575740326558396,-0.025677455533571703
2018-08-02,68.95,72.95,0.0021778593000130186,0.009226809244767153
2018-08-03,68.49,72.48,-0.006693855029497264,-0.006463613234070742
2018-08-06,69.01,72.51,0.007563672422697287,4.138216487774571e-4
2018-08-07,69.17,72.31,0.002315820979982952,-0.002762051196641302
2018-08-08,66.92,70.71,-0.033069366493870156,-0.022375426570710566
2018-08-09,66.81,70.55,-0.0016451061812379209,-0.0022653273173265376
2018-08-10,67.61,71,0.011903131165200698,0.006358198742492327
2018-08-13,67.25,70.62,-0.005338882620637975,-0.00536648654107541
2018-08-14,67.04,70.77,-0.0031275623081201687,0.002121791587453181
2018-08-15,65.07,68.38,-0.02982584266693511,-0.034354797876537724
2018-08-16,65.44,69.21,0.005670078787598953,0.012064976642616188
2018-08-17,65.93,70.14,0.007459880830716692,0.0133478838582608
2018-08-20,66.5,71.11,0.008608374536599683,0.013734729183394023
2018-08-21,67.32,71.65,0.012255421660796628,0.007565180378754199
2018-08-22,67.85,72.96,0.007842016958273135,0.01811819149189553
2018-08-23,69.13,73.73,0.018689403676295235,0.010498426235482583
2018-08-24,69.71,74.41,0.008354989541134117,0.009180569407610584
2018-08-27,69.97,74.41,0.003722799259497478,0
2018-08-28,68.54,75.91,-0.020649062311342448,0.019958086619507043
2018-08-29,69.68,76.07,0.016495816097784832,0.0021055409805335046
2018-08-30,70.25,77.05,0.008146975669608203,0.01280059275691503
2018-08-31,69.84,76.94,-0.005853396682508283,-0.0014286644419758687
2018-09-04,69.82,77.51,-2.8640985445704814e-4,0.007381062969271213
2018-09-05,68.69,76.68,-0.016316873451099667,-0.01076604211597676
2018-09-06,67.81,75.67,-0.012893951530039693,-0.013259137471012927
2018-09-07,67.73,75.55,-0.0011804634689385196,-0.0015870919876821432
2018-09-10,67.55,76.77,-0.002661148820604531,0.01601925012105898
2018-09-11,69.29,78.22,0.025432531233081868,0.018711430487560854
2018-09-12,70.37,80.02,0.015466440339167775,0.02275123410172064
2018-09-13,68.6,77.66,-0.025474501246617542,-0.029936279125568177
2018-09-14,68.98,77.87,0.005524072776855071,0.0027004452853738314
2018-09-17,68.86,78.22,-0.001741149598316838,0.004484599738473705
2018-09-18,69.87,79.25,0.01456091465398135,0.013082043430022061
2018-09-19,71.08,79.43,0.017169630722091433,0.0022687178876505953
2018-09-20,70.77,79.03,-0.004370821198757646,-0.005048603428156717
2018-09-21,70.8,78.9,4.2381861198048654e-4,-0.001646299365055448
2018-09-24,73.23,80.89,0.033746172373304795,0.02490897917803281
2018-09-25,73.4,82.21,0.0023187625474916373,0.016186742134180143
2018-09-26,72.22,81.87,-0.01620691977115829,-0.004144325775684798
2018-09-27,72.18,81.54,-5.54016634668919e-4,-0.004038925997249976
2018-09-28,73.16,82.72,0.013485824308022032,0.01436771336901188
2018-10-01,75.37,84.94,0.029760494332713883,0.026483714125006053
2018-10-02,75.16,85.63,-0.0027901433101140682,0.008090564152976043
2018-10-03,76.4,85.45,0.016363521627209998,-0.0021042794765007145
2018-10-04,74.44,86.07,-0.02598926439842497,0.007229509099782483
2018-10-05,74.26,85.12,-0.0024209830251153974,-0.011098893068048454
2018-10-08,74.27,84.22,1.346529322709955e-4,-0.010629602859552278
2018-10-09,74.95,85.16,0.009114122867400987,0.011099417291497105
2018-10-10,73.18,83.82,-0.023899064957545235,-0.01586019752835366
2018-10-11,70.97,81.35,-0.030664907054169355,-0.02991080883187891
2018-10-12,71.41,80.71,0.006180663024126787,-0.007898350328765957
2018-10-15,71.84,80.91,0.0060035084329257415,0.0024749424834675793
2018-10-16,71.93,80.53,0.0012519998853202097,-0.004707640012294512
2018-10-17,69.63,79.91,-0.032497914924809024,-0.007728784421082047
2018-10-18,68.63,80.3,-0.014465752033911983,0.004868619566344101
2018-10-19,69.16,80.38,0.007692903894546355,9.957680683392311e-4
2018-10-22,69.25,80.45,0.0013004842523578475,8.704844173372805e-4
2018-10-23,66.49,78.67,-0.04067158465308385,-0.02237398509724109
2018-10-24,66.56,77.34,0.0010522360985891765,-0.017050602162000494
2018-10-25,67.25,77.3,0.010313221968995201,-5.173305857741894e-4
2018-10-26,67.58,77.4,0.004895062804195938,0.001292825002304987
2018-10-29,67,77.56,-0.008619461895178482,0.0020650497787695343
2018-10-30,66.18,75.68,-0.012314316897499289,-0.024537905630827694
2018-10-31,65.31,74.84,-0.01323313857890085,-0.011161423337734178
2018-11-01,63.67,71.25,-0.025431669885631614,-0.04915768225712913
2018-11-02,63.12,71.11,-0.008675817491314852,-0.00196684525333346
2018-11-05,63.12,72.68,0,0.02183826963254365
2018-11-06,62.16,70.64,-0.015325970478227369,-0.028469687232265173
2018-11-07,61.69,70.1,-0.00758986283784413,-0.00767376225516081
2018-11-08,60.71,69.29,-0.016013414079204757,-0.011622198401254558
2018-11-09,60.19,69.01,-0.008602203582663392,-0.004049174006778955
2018-11-12,59.85,69.81,-0.005664793555697045,0.011525844349799641
2018-11-13,55.63,65.45,-0.0731188079167806,-0.06449077362640132
2018-11-14,56.16,64.88,0.009482135630353383,-0.00874708254875145
2018-11-15,56.45,65.61,0.005150530878116122,0.011188713549628915
2018-11-16,56.49,65.29,7.083407414993914e-4,-0.004889238158244602
2018-11-19,57.16,64.14,0.01179072172449569,-0.017770690933533118
2018-11-20,53.39,61.5,-0.06823089054957165,-0.04203101945253618
2018-11-21,54.41,61.65,0.01892449798573903,0.002436054797880338
2018-11-26,51.46,59.7,-0.055743153644235655,-0.03214120921179653
2018-11-27,51.31,59.58,-0.002919141899724753,-0.0020120731134198877
2018-11-28,50.06,57.97,-0.024663378950245285,-0.027394311933495175
2018-11-29,51.46,58.29,0.027582520849970038,0.005504916705817209
2018-11-30,50.78,57.71,-0.01330223057706581,-0.010000083334583465
2018-12-03,52.98,60.17,0.04241190756739144,0.041743420509384954
2018-12-04,53.21,61.22,0.004331864764353988,0.017300044285006422
2018-12-05,52.64,61.4,-0.010770061591216074,0.0029359016358299073
2018-12-06,51.54,57.83,-0.02111808179284269,-0.059902162982969465
2018-12-07,52.76,61.71,0.02339512262489496,0.06493832016284884
2018-12-10,51.07,60.29,-0.03255608718956138,-0.023279739831661317
2018-12-11,51.65,59.73,0.011292954906095165,-0.009331845757099444
2018-12-12,51.04,59.94,-0.011880556529113129,0.0035096551443025703
2018-12-13,52.69,59.03,0.031816045184659636,-0.015298272635919652
2018-12-14,51.26,58.56,-0.027514963285269367,-0.007993919599541321
2018-12-17,49.8,57.59,-0.02889573690531755,-0.016702928134475492
2018-12-18,46.12,55.26,-0.07676828862974894,-0.04129962202331061
2018-12-19,47.96,55.6,0.039120634758455175,0.006133881761265947
2018-12-20,45.64,52.84,-0.04958280516543878,-0.05091472160241173
2018-12-21,45.38,51.93,-0.005713045642179004,-0.01737182179789709
2018-12-27,44.48,51.49,-0.020031829409369095,-0.008509043798177629
2018-12-28,45.15,50.57,0.014950629920667868,-0.01802909896615823
2019-01-02,46.31,54.06,0.0253676406296659,0.06673602575641002
2019-01-03,46.92,53.23,0.013086103292614393,-0.015472393663635842
2019-01-04,47.76,55.64,0.01774444529907182,0.044280219870576065
2019-01-07,48.27,57.1,0.010621780588055074,0.025901749606722646
2019-01-08,49.58,56.91,0.026777276934642824,-0.00333304404693191
2019-01-09,52.19,59.46,0.05130337904827709,0.04383274495491918
2019-01-10,52.42,60.47,0.004397292239938455,0.016843556715169683
2019-01-11,51.44,59.24,-0.018872117965896162,-0.02055038488552352
2019-01-14,50.31,58.8,-0.022212215426136606,-0.007455134495017113
2019-01-15,51.8,58.65,0.02918628476220997,-0.002554279805096371
2019-01-16,52.08,59.81,0.005390848634876377,0.019585295956980886
2019-01-17,51.83,59.85,-0.004811865698698625,6.68560947516994e-4
2019-01-18,53.6,62.04,0.03357993587514141,0.03593790630435567
2019-01-22,52.59,60.9,-0.019023080475503384,-0.018546163592486842
2019-01-23,52.44,61.05,-0.002856328705754141,0.0024600258408620235
2019-01-24,52.94,61.09,0.009489537903456302,6.549861049620631e-4
2019-01-25,53.53,61.49,0.011083047606334606,0.006526373303702648
2019-01-28,51.79,59.71,-0.03304516396948998,-0.02937504940647706
2019-01-29,53.07,60.98,0.024414716404003833,0.021046431001208177
2019-01-30,54.18,61.89,0.0207000398171453,0.014812674191160724
2019-01-31,53.84,62.46,-0.006295151320476755,0.00916773610366306
2019-02-01,55.29,61.86,0.02657537501336904,-0.009652584598009106
2019-02-04,54.57,62.26,-0.013107779151700694,0.006445397756538185
2019-02-05,53.69,61.67,-0.016257516763662494,-0.009521576010060429
2019-02-06,53.94,62.22,0.004645553277105918,0.008878902466089578
2019-02-07,52.68,61.01,-0.023636440836503514,-0.019638706305729947
2019-02-08,52.75,61.37,0.0013278954810953536,0.0058833312372446045
2019-02-11,52.43,61.3,-0.0060848257717345255,-0.0011412734588400753
2019-02-12,53.14,62.58,0.013450993747226025,0.020665895298570547
2019-02-13,53.84,63.27,0.01308674500480489,0.010965544918057013
2019-02-14,54.4,64,0.010347468525424564,0.011471800200878235
2019-02-15,55.58,65.65,0.021459270452460988,0.025454517389134068
2019-02-19,56.12,65.86,0.009668830919902227,0.003193676199412465
2019-02-20,56.9,66.82,0.013803085898024925,0.014471159980391946
2019-02-21,56.95,66.91,8.783487609065332e-4,0.0013459958661155014
2019-02-22,57.01,66.91,0.0010530011502991599,0
2019-02-25,55.32,64.02,-0.03009218424693305,-0.04415289825300839
2019-02-26,55.4,64.51,0.0014450869566804414,0.007624716002433196
2019-02-27,56.92,65.55,0.027067179468413194,0.01599295966555836
2019-02-28,57.21,65.03,0.005081935058786513,-0.007964508328647923
2019-03-01,55.76,63.71,-0.02567194182816923,-0.020507165752664314
2019-03-04,56.6,64.44,0.014952218756868696,0.011393022180377521
2019-03-05,56.55,64.24,-8.837826470076138e-4,-0.003108488670267917
2019-03-06,56.22,64.51,-0.00585263708374395,0.004194180905644274
2019-03-07,56.6,64.82,0.006736419730751564,0.004793947169250856
2019-03-08,55.77,65.66,-0.014772894807674852,0.012875714360045087
2019-03-11,56.79,65.06,0.018124163487878597,-0.009179991028240408
2019-03-12,56.89,65.33,0.0017593248732152844,0.004141427807453191
2019-03-13,58.27,65.89,0.023967802392427018,0.00853533607306911
2019-03-14,58.59,66.18,0.0054766524017138,0.004391617567738315
2019-03-15,58.51,66.11,-0.00136635375655203,-0.0010582811479800114
2019-03-18,59.09,66.65,0.00986402555743826,0.008135025279231378
2019-03-19,59.12,67.13,5.075712823634504e-4,0.007175991325942377
2019-03-20,60.12,68.35,0.016773288244826823,0.01801052521929858
2019-03-21,59.98,68.3,-0.002331391563910934,-7.317965932145398e-4
2019-03-22,58.87,66.29,-0.01867955028069268,-0.02987071032344435
2019-03-25,58.71,67.37,-0.002721552964075613,0.01616075871926892
2019-03-26,59.87,67.51,0.019565474861166443,0.0020759200812108247
2019-03-27,59.39,67.35,-0.008049682909492262,-0.0023728321974063604
2019-03-28,59.29,66.08,-0.001685204308492061,-0.019036773643650307
2019-03-29,60.19,67.93,0.015065567840403027,0.027611633990487938
2019-04-01,61.59,69.08,0.022993294139272535,0.016787490075267364
2019-04-02,62.53,69.68,0.01514692188025446,0.008648079265769049
2019-04-03,62.46,69.21,-0.0011200897242735763,-0.006767971690475605
2019-04-04,62.12,69.8,-0.005458353574447017,0.008488648914554808
2019-04-05,63.1,69.93,0.015652771266681853,0.001860731947449068
2019-04-08,64.37,71.12,0.019926916517357007,0.01687384948987347
2019-04-09,64.05,71.02,-0.004983657721781221,-0.0014070636907073109
2019-04-10,64.62,71.63,0.008859932053608688,0.008552453111418501
2019-04-11,63.61,71.3,-0.015753269705639283,-0.004617653206110184
2019-04-12,63.86,71.57,0.003922496595922809,0.003779664330256338
2019-04-15,63.43,70.9,-0.006756251640830158,-0.009405558212424836
2019-04-16,64.01,70.74,0.009102385508106714,-0.002259249760746762
2019-04-17,63.74,71.14,-0.004227012164721877,0.00563858274297413
2019-04-18,64.02,70.71,0.004383225552526682,-0.006062760904159248
2019-04-22,65.66,70.71,0.02529437753172914,0
2019-04-23,66.24,74.39,0.008794598003557752,0.05073451858710065
2019-04-24,65.96,73.59,-0.004236012385606003,-0.0108123772647426
2019-04-25,65.23,74.94,-0.011129011883393325,0.018178646427033485
2019-04-26,63.29,71.03,-0.03019214702079065,-0.05358547035582273
2019-04-29,63.39,71.22,0.0015787815088605939,0.0026713548399133202
2019-04-30,63.83,72.19,0.006917178971891147,0.013527854301437436
2019-05-01,63.55,72.01,-0.004396301632502819,-0.002496533890293584
2019-05-02,61.75,70.56,-0.028733022127376273,-0.020341586562239833
2019-05-03,61.98,71.95,0.0037177768515155307,0.019508021634840667
2019-05-06,62.3,71.95,0.005149673433805013,0
2019-05-07,61.41,70.98,-0.014388737452099676,-0.013573286115025951
2019-05-08,62.13,71.09,0.011656275734295285,0.0015485327230413404
2019-05-09,61.58,70.61,-0.008891821579248393,-0.0067749024131362745
2019-05-10,61.65,71.63,0.0011360871139984852,0.014342203098104633
2019-05-13,60.97,72.35,-0.011091289690628336,0.010001472451132365
2019-05-14,61.82,72.53,0.013844996784246,0.002484816297828374
2019-05-15,62.03,73.09,0.0033912022810556053,0.007691289116979583
2019-05-16,62.93,74.7,0.014404858553816347,0.02178853364647093
2019-05-17,62.77,73.94,-0.002545745209402206,-0.01022613863028532
2019-05-20,63.12,73.21,0.005560424208178816,-0.009921929849935118
2019-05-21,63.02,72.94,-0.0015855402084907766,-0.0036948382780170874
2019-05-22,61.42,71.94,-0.025716621316451693,-0.013804747113056237
2019-05-23,57.65,68.37,-0.063345268297609,-0.05089830634177517
2019-05-24,58.4,67.98,0.012925643119113595,-0.005720587657732423
2019-05-28,58.91,70.19,0.008694965699414858,0.031992306474360355
2019-05-29,58.84,70.64,-0.0011889598003591573,0.006390705553374509
2019-05-30,56.47,69.55,-0.04111237204849161,-0.01555063792625333
2019-05-31,53.49,66.78,-0.054214803141586554,-0.040642283853943084
2019-06-03,53.25,63.16,-0.004496915953624114,-0.05573244512806763
2019-06-04,53.5,63.56,0.004683849312426158,0.00631315228107443
2019-06-05,51.57,62.14,-0.03674154583909317,-0.022594437703614467
2019-06-06,52.59,62.77,0.01958587953838542,0.010087348364539395
2019-06-07,53.95,64.1,0.02553170410289063,0.020967111597183674
2019-06-10,53.33,64.31,-0.011558667091633001,0.0032707762201482637
2019-06-11,53.3,63.56,-5.626934407119144e-4,-0.011730798478256865
2019-06-12,51.13,61.66,-0.04156492207989082,-0.030348919210511305
2019-06-13,52.38,63.28,0.024153429987658015,0.025933901001394588
2019-06-14,52.47,63.13,0.0017167386190544143,-0.002373231079864091
2019-06-17,51.94,62.56,-0.010152371464017929,-0.009069996142478942
2019-06-18,53.86,63.35,0.03629888114885027,0.012548810530092602
2019-06-19,53.74,62.85,-0.002230484196107607,-0.007923971730892099
2019-06-20,56.88,65.44,0.056786182307640765,0.04038275725823581
2019-06-21,57.35,65.99,0.00822905808039387,0.008369523100838272
2019-06-24,57.73,65.16,0.006604125497462476,-0.01265743166148603
2019-06-25,57.63,66.24,-0.0017337036242670578,0.016438726343159793
2019-06-26,59.17,66.85,0.026371391240027187,0.009166793470948065
2019-06-27,59.18,66.78,1.689902834609569e-4,-0.0010476690324434657
2019-06-28,58.2,67.52,-0.01669829223467101,0.011020215772193254
2019-07-01,58.91,65.1,0.01212550079620378,-0.036499301073178
2019-07-02,56,62.72,-0.050659164798446454,-0.03724417317237183
2019-07-03,57.06,63.53,0.018751655050204263,0.012831859236289489
2019-07-08,57.35,64.89,0.0050694977900258564,0.021181293354636033
2019-07-09,57.57,64.3,0.003828755112338378,-0.009133897389503431
2019-07-10,60.28,66.41,0.04599877507057659,0.03228801630904776
2019-07-11,59.93,67.64,-0.005823159288200763,0.018351876477757934
2019-07-12,59.99,66.65,0.0010006671949076562,-0.014744477405661982
2019-07-15,59.3,66.86,-0.011568575661321745,0.003145834367234812
2019-07-16,57.44,65.87,-0.0318683812637115,-0.014917778339350818
2019-07-17,56.5,63.67,-0.016500286587572965,-0.033969608623667824
2019-07-18,55.08,60.7,-0.025453964291941134,-0.04776979596348152
2019-07-19,55.42,61.04,0.006153865574377804,0.005585688910748843
2019-07-22,55.87,61.96,0.008087024036225188,0.014959628572466244
2019-07-23,56.58,62.28,0.012628002402363947,0.005151331417129867
2019-07-24,55.9,63.83,-0.012091185712368002,0.024582952302168337
2019-07-25,55.88,63.47,-3.5784577229236447e-4,-0.005655945949587071
2019-07-26,56.04,62.46,0.002859187080045622,-0.01604100146344578
2019-07-29,56.85,62.29,0.014350498727738525,-0.0027254525888791292
2019-07-30,58.04,62.55,0.020716207819441834,0.0041653376468664405
2019-07-31,58.53,64.07,0.008407015287142272,0.02400999873801002
2019-08-01,53.64,62.9,-0.08724438488965136,-0.018430071944535165
2019-08-02,55.67,61.12,0.037146343781938373,-0.028707018848129984
2019-08-05,54.63,59.32,-0.018858219787789565,-0.029892627588533394
2019-08-06,53.6,58.63,-0.0190341143308701,-0.011700006293607679
2019-08-07,51.14,55.03,-0.046982098213715684,-0.0633680199044564
2019-08-08,52.6,56.29,0.028149149880623447,0.02263840840426745
2019-08-09,54.41,57.37,0.03383184075416956,0.01900461913784479
2019-08-12,54.98,57.13,0.010421522239266068,-0.004192145877408571
2019-08-13,57.05,59.9,0.03695859357098463,0.047347132385032076
2019-08-14,55.16,57.86,-0.03369002338298355,-0.03465020557341436
2019-08-15,54.51,57.37,-0.011853881848911563,-0.008504780934209144
2019-08-16,54.83,59,0.005853318339767988,0.028015925291939858
2019-08-19,56.24,59.79,0.02539075808645208,0.01330097898709326
2019-08-20,56.18,59.03,-0.0010674258263119185,-0.0127926336402151
2019-08-21,55.65,60.6,-0.009478743954543845,0.026249103822671316
2019-08-22,55.33,59.81,-0.005766820811535567,-0.013122022018803747
2019-08-23,54.08,58.64,-0.022850825175309453,-0.01975581347806976
2019-08-26,53.54,58.64,-0.010035393642502388,0
2019-08-27,54.99,58.44,0.02672231242751666,-0.0034164706958970115
2019-08-28,55.76,60.42,0.013905415932545573,0.03331958907602761
2019-08-29,56.67,60.59,0.016188203729259776,0.0028096869983711414
2019-08-30,55.07,61.04,-0.028639866907138156,0.0073995240193038825
2019-09-03,53.91,57.93,-0.021289113810812665,-0.05229400186766853
2019-09-04,56.22,60.68,0.04195657601480818,0.04637876937179897
2019-09-05,56.33,62.7,0.001954687428236568,0.0327472931585433
2019-09-06,56.45,61.28,0.0021280376890491226,-0.022907922206539588
2019-09-09,57.88,63.99,0.025016611167611558,0.04327329571903338
2019-09-10,57.37,64.67,-0.008850383149503038,0.010570594307132808
2019-09-11,55.66,63.02,-0.030259762516035238,-0.02584527912937329
2019-09-12,55.13,60.76,-0.009567723496152425,-0.03652045860155617
2019-09-13,54.76,61.25,-0.006734032181344496,0.008032171697264445
2019-09-16,63.1,68.42,0.14176076912692004,0.11070133012462247
2019-09-17,59.26,65.59,-0.062786227401749,-0.042241934243814505
2019-09-18,58.19,64.29,-0.018221023476840514,-0.02001914715204922
2019-09-19,58.19,64.25,0,-6.223743782660662e-4
2019-09-20,57.92,65.23,-0.0046507705911169595,0.015137762032675361
2019-09-23,58.69,64.66,0.013206606492781603,-0.008776713510717293
2019-09-24,57.22,64.13,-0.02536586694827836,-0.0082304991365163
2019-09-25,56.38,62.41,-0.014789001935997526,-0.027186754214819864
2019-09-26,56.24,62.08,-0.002486238183557532,-0.005301643070987794
2019-09-27,55.95,62.48,-0.005169812744474811,0.006422629656467116
2019-09-30,54.09,60.99,-0.03380910887459887,-0.024136589223065386
2019-10-01,53.6,60.06,-0.009100257806579304,-0.015365853753181113
2019-10-02,52.67,57.92,-0.017503034581458632,-0.03628131447772276
2019-10-03,52.41,58.01,-0.004948620681223037,0.001552661400511468
2019-10-04,52.84,59.13,0.008171066840049868,0.01912300035476555
2019-10-07,52.76,59.46,-0.0015151518050107171,0.00556540773721359
2019-10-08,52.64,58.14,-0.0022770408320522684,-0.022449922439221837
2019-10-09,52.63,59.7,-1.899876513742349e-4,0.026478125267826336
2019-10-10,53.57,59.08,0.017702910527181537,-0.010439562735377272
2019-10-11,54.76,60.59,0.021970790527378714,0.025237405293718318
2019-10-14,53.57,58.81,-0.021970790527378714,-0.02981795448503277
2019-10-15,52.81,59.19,-0.014288643174027005,0.006440700230768925
2019-10-16,53.42,59.3,0.011484640962972748,0.0018566973010463172
2019-10-17,53.89,59.35,0.00875972426359084,8.428150519970146e-4
2019-10-18,53.75,59.96,-0.002601264937633463,0.010225552178719788
2019-10-21,53.28,58.95,-0.008782640775638395,-0.016988046251016797
2019-10-22,54.21,60.5,0.017304367040113178,0.025953738053416053
2019-10-23,55.9,60.52,0.030698986888806346,3.305238833588575e-4
2019-10-24,56.11,61.71,0.0037496696018273212,0.019472103412820907
2019-10-25,56.52,62.06,0.007280508053446155,0.005655666687258254
2019-10-28,55.6,60.39,-0.016411356559790313,-0.02727813070042373
2019-10-29,55.34,61.05,-0.004687226897756247,0.01086967223690305
2019-10-30,54.85,60.22,-0.008893787637540562,-0.013688677503125746
2019-10-31,54.02,59.3,-0.015247838356769794,-0.01539521704990765
2019-11-01,56.04,60.17,0.0367113731043367,0.014564583228580119
2019-11-04,56.33,62.52,0.005161531437815725,0.0383126163210159
2019-11-05,57.04,62.72,0.012525523199418132,0.003193870488876094
2019-11-06,56.15,62.11,-0.01572609492158783,-0.009773369470940096
2019-11-07,56.91,62.6,0.013444391430580183,0.007858271534840533
2019-11-08,57.02,62,0.0019310108694936545,-0.009630893060960766
2019-11-12,56.67,62.19,-0.006157113302998063,0.003059830070705871
2019-11-13,56.88,62.27,0.003698815313457615,0.0012855537685627638
2019-11-14,56.57,62.46,-0.005464976139921696,0.0030465829705725866
2019-11-15,57.54,63.32,0.017001548768337926,0.013674883157878348
2019-11-18,56.82,62.82,-0.01259198169736031,-0.007927740902310632
2019-11-19,54.93,62.37,-0.03382872907151313,-0.007189103572469158
2019-11-20,56.71,63.8,0.0318909146714077,0.022668799812712415
2019-11-21,58.36,64.99,0.028680161628648726,0.018480221555513765
2019-11-22,57.68,64.83,-0.011720230677891408,-0.0024649527193529863
2019-11-25,57.79,64.67,0.0019052573529929617,-0.0024710437284030107
2019-11-26,58.25,64.82,0.007928342116123588,0.0023167822548995076
2019-11-27,58.12,65.03,-0.0022342537437278764,0.00323450416765958
2019-11-29,58.12,64.5,0,-0.008183478079334172
2019-12-02,55.97,63.2,-0.03769400579881399,-0.02036092264891476
2019-12-03,56.15,62.95,0.00321084828118412,-0.003963540662455856
2019-12-04,58.46,65.25,0.04031607849864738,0.03588528571244698
2019-12-05,58.42,65.67,-6.844627235045309e-4,0.0064161540000782225
2019-12-06,59.2,66.5,0.013263244930365126,0.012559747458927184
2019-12-09,58.99,66.44,-0.0035536038749768295,-9.026629167143696e-4
2019-12-10,59.22,66.57,0.0038913846584618383,0.0019547408675180122
2019-12-11,58.74,65.37,-0.008138396902971579,-0.018190587987973572
2019-12-12,59.18,66.67,0.007462721201589417,0.01969163900533033
2019-12-13,60.11,67.44,0.01559257007900694,0.01148323706363108
2019-12-16,60.21,68.04,0.0016622344252859023,0.008857453834060891
2019-12-17,60.88,68.99,0.011066262077074285,0.013865799030356563
2019-12-18,60.93,69.12,8.209507069727451e-4,0.0018825579377832469
2019-12-19,61.3,69.7,0.006054178681762501,0.008356193270677714
2019-12-20,60.43,68.66,-0.014294172568698471,-0.015033529736932394
2019-12-23,60.51,67.49,0.001322970260762446,-0.017187349274230712
2019-12-24,61.17,69.26,0.010848232620244147,0.025888100218961263
2019-12-26,61.72,69.26,0.00895115424048587,0
2019-12-27,61.76,68.91,6.478782215610934e-4,-0.005066233605159454
2019-12-30,61.66,68.3,-0.001620483258516714,-0.0088915387923727
2019-12-31,61.14,67.77,-0.008469105995315473,-0.007790147428722527
2020-01-02,61.17,67.05,4.905567917852238e-4,-0.010681009420333787
2020-01-03,63,69.08,0.02947785313705875,0.029826643550790344
2020-01-06,63.27,70.25,0.004276556767260686,0.01679505493537725
2020-01-07,62.7,68.74,-0.009049835519918226,-0.021729036792168088
2020-01-08,59.65,67.31,-0.04986729909494958,-0.02102245739906561
2020-01-09,59.56,66.58,-0.001509940728117165,-0.010904581875743169
2020-01-10,59.02,66.77,-0.009107838301014581,0.002849645722898586
2020-01-13,58.17,64.14,-0.01450661159212352,-0.040185683604768485
2020-01-14,58.34,64.45,0.0029182065169051086,0.004821535120187903
2020-01-15,57.86,63.29,-0.008261664891586307,-0.018162390597982636
2020-01-16,58.52,64.63,0.011342276603934387,0.020951360487590165
2020-01-17,58.55,64.05,5.125138918025129e-4,-0.009014670932060653
2020-01-21,58.25,63.66,-0.005136997597915638,-0.006107606488797046
2020-01-22,56.76,62.11,-0.025912240153968646,-0.024649415282734566
2020-01-23,55.51,61.26,-0.022268667589771418,-0.013779905166583006
2020-01-24,54.09,59.34,-0.025913858818734425,-0.03184348654195279
2020-01-27,53.09,58.54,-0.01866073928775558,-0.013573333598936088
2020-01-28,53.33,59.37,0.004510438016930518,0.014078767018843585
2020-01-29,53.29,59.46,-7.503283038197139e-4,0.0015147692873682672
2020-01-30,52.19,57.72,-0.020857790653369346,-0.029700083664281784
2020-01-31,51.58,57.77,-0.011756905202123136,8.658758875039752e-4
2020-02-03,50.06,54,-0.029911714449570415,-0.06748556322889954
2020-02-04,49.59,53.9,-0.009433085502585481,-0.0018535686493232895
2020-02-05,50.87,55.36,0.025484158333631157,0.026726833394463245
2020-02-06,50.94,55.18,0.0013751107166370957,-0.0032567425202740807
2020-02-07,50.34,54.53,-0.011848479844140947,-0.011849559851170088
2020-02-10,49.59,53.39,-0.015010789206127306,-0.021127546425875554
2020-02-11,50,54,0.00823380492710335,0.011360584052179767
2020-02-12,51.13,55.54,0.022348403663762006,0.02811943531437855
2020-02-13,51.41,56.34,0.0054612969755054586,0.014301280569573471
2020-02-14,52.03,57.37,0.01198776923479894,0.018116756165553305
2020-02-18,52.1,57.35,0.0013444734571090855,-3.486750384000814e-4
2020-02-19,53.31,59.72,0.02295898207534819,0.040494129095609566
2020-02-20,53.77,59.57,0.00859175998691697,-0.0025148810303932123
2020-02-21,53.36,58.6,-0.007654289214218402,-0.01641739505762896
2020-02-24,51.36,56.71,-0.03820174222566264,-0.032784134557030775
2020-02-25,49.78,55.29,-0.031246362442259645,-0.025358501676095102
2020-02-26,48.67,54.96,-0.022550473094082868,-0.005986412435746935
2020-02-27,47.17,52.19,-0.03130472654919281,-0.051714742258772706
2020-02-28,44.83,51.31,-0.05088053912882229,-0.017005240701448265
2020-03-02,46.78,52.52,0.0425782029886852,0.023308384480722033
2020-03-03,47.27,52.24,0.010420083649111955,-0.005345564466419539
2020-03-04,46.78,51.86,-0.010420083649111955,-0.007300704857657436
2020-03-05,45.9,51.29,-0.01899064408953377,-0.01105197870934127
2020-03-06,41.14,45.6,-0.10948423284168829,-0.11758808488083661
2020-03-09,31.05,35.33,-0.28138207584532315,-0.25517525514928696
2020-03-10,34.47,35.57,0.10449057214928592,0.006770124589310367
2020-03-11,33.13,34.45,-0.03965016421696932,-0.03199358850069611
2020-03-12,31.56,31.02,-0.04854872033413127,-0.10487683971127515
2020-03-13,31.72,32.25,0.005056900788973806,0.038885885493388894
2020-03-16,28.96,27.98,-0.09103182924913122,-0.1420280740044464
2020-03-17,26.96,27.97,-0.07156128147340945,-3.5746202346675915e-4
2020-03-18,20.48,22.79,-0.2749054858727993,-0.20481066395627545
2020-03-19,25.09,23.98,0.20302056020702386,0.05089830634177517
2020-03-20,19.48,25.55,-0.2530810621639419,0.06341716705034539
2020-03-23,23.33,23.75,0.18035178781894956,-0.07305478616906314
2020-03-24,21.03,24.5,-0.10379009631873037,0.031090587070031095
2020-03-25,20.75,25.62,-0.013403743037900817,0.044700178917906896
2020-03-26,16.6,23.55,-0.2231435513142097,-0.08424747600616156
2020-03-27,15.48,22.39,-0.06985382720091682,-0.05051138985176351
2020-03-30,14.1,19.19,-0.0933740707774584,-0.15422512059105475
2020-03-31,20.51,14.85,0.3747377747001668,-0.2563894447709001
2020-04-01,20.28,14.97,-0.011277393361306842,0.008048333182828493
2020-04-02,25.18,20.24,0.2164148498932188,0.30161264598772775
2020-04-03,28.36,24.33,0.11892967304772561,0.18404931237616662
2020-04-06,26.21,22.58,-0.07883868432861174,-0.07464559807391558
2020-04-07,23.54,22.1,-0.10743991550318466,-0.021486950197808774
2020-04-08,24.97,25.22,0.05897400245955131,0.1320597220130666
2020-04-09,22.9,20.23,-0.08653819373148774,-0.22047067935711961
2020-04-14,20.15,21.74,-0.12793262216750234,0.07198723051340927
2020-04-15,19.96,19.8,-0.009474017509373933,-0.09347194399257353
2020-04-16,19.82,18.69,-0.0070387419814759156,-0.05769331623301799
2020-04-17,18.31,19.75,-0.07924417021542274,0.05516486987965896
2020-04-22,13.64,13.77,0.42583241093259794,0.41202250865432344
2020-04-23,15.06,15.06,0.09903556995643159,0.08954990963118403
2020-04-24,15.99,15.87,0.05992130447411537,0.05238831216657003
2020-04-27,12.17,15.17,-0.272989619846427,-0.04511074117787661
2020-04-28,12.4,15.6,0.018722565611555275,0.027951120895050252
2020-04-29,15.04,17.86,0.19301684591070245,0.13529266119286198
2020-04-30,19.23,18.11,0.2457582410789949,0.013900696446969008
2020-05-01,19.72,18.49,0.025161789573800775,0.020765773503711227
2020-05-04,20.47,20.4,0.03732705049870866,0.09830485545113721
2020-05-05,24.56,25.46,0.1821587036057437,0.22157369227908985
2020-05-06,23.88,24.2,-0.02807781475454041,-0.050755959966619635
2020-05-07,23.68,24.23,-0.00841047850859633,0.0012389016657934349
2020-05-11,24.02,25.53,0.014256006636032659,0.0522626964249584
2020-05-12,25.76,26.67,0.06993608458431533,0.04368510694053018
2020-05-13,25.37,27.89,-0.015255527624962184,0.044728863445474776
2020-05-14,27.4,29.87,0.07697563978283384,0.06858643058862102
2020-05-15,29.44,30.95,0.07181128046665108,0.03551836690258625
2020-05-18,31.83,33.3,0.07805494743332586,0.07318439785579312
2020-05-19,32.3,33.06,0.014657988934609456,-0.007233304593520007
2020-05-20,33.56,34.76,0.03826765137039434,0.050143208004313156
2020-05-21,34.3,34.78,0.021810472572888706,5.752085289456588e-4
2020-05-22,33.49,33.8,-0.023898467365780718,-0.028581706437163845
2020-05-26,34.7,33.95,0.03549280014670009,0.004428051515732445
2020-05-27,32.8,32.73,-0.05631117156271559,-0.03659676549161617
2020-05-28,33.67,33.98,0.026178717782885386,0.03748002773069681
2020-05-29,35.57,34.15,0.05489535278738078,0.004990469773012762
2020-06-01,35.49,36.74,-0.0022516193019588293,0.07310349377018088
2020-06-02,36.88,37.72,0.03841843202998785,0.026324377978276914
2020-06-03,37.33,37.98,0.012127894238099568,0.00686924761888319
2020-06-04,37.42,38.41,0.002408027919451161,0.011258136973673505
2020-06-05,39.49,41,0.0538421544526142,0.06525422434649464
2020-06-08,38.17,39.66,-0.03399760854141931,-0.033228943612658046
2020-06-09,38.98,40.45,0.020998827322276092,0.01972352041285097
2020-06-10,39.54,41.18,0.014264123663056072,0.01788605809514232
2020-06-11,36.43,37.76,-0.0819202067219984,-0.08670236032234335
2020-06-12,36.24,38.54,-0.005229129845693681,0.02044632170892058
2020-06-15,37.07,39.44,0.022644535987862202,0.023083866748214277
2020-06-16,38.26,40.75,0.0315969468494659,0.03267530995243684
2020-06-17,37.91,40.47,-0.009190034483863574,-0.0068948807990971694
2020-06-18,38.79,41.75,0.022947551923632403,0.03113849240909028
2020-06-19,39.72,42.33,0.023692357725096258,0.013796603235967542
2020-06-22,40.6,43.2,0.02191322743071522,0.020344440717232626
2020-06-23,40.4,42.72,-0.00493828164058252,-0.01117330059812538
2020-06-24,37.91,40.4,-0.06361485543886136,-0.05583740968483486
2020-06-25,38.66,41.18,0.019590544251941733,0.019122916632538622
2020-06-26,38.53,40.97,-0.003368315142118661,-0.005112610040863608
2020-06-29,39.67,41.58,0.02915807588817243,0.014779190871087255
2020-06-30,39.27,41.64,-0.010134365936320222,0.0014419613169014411
2020-07-01,39.88,42.18,0.015414076503719176,0.01288493130386037
2020-07-02,40.57,43.19,0.017153932124718274,0.023662811921981053
2020-07-06,40.51,42.73,-0.001480020003756799,-0.01070773731667618
2020-07-07,40.59,43.28,0.0019728736362072397,0.01278938488229242
2020-07-08,40.91,43.67,0.007852801090500794,0.008970732959243666
2020-07-09,39.64,42.35,-0.031535822479519915,-0.030692946399406118
2020-07-10,40.56,43.27,0.02294364982114061,0.021491133138729968
2020-07-13,40.06,42.85,-0.012404029045255616,-0.009753909193004784
2020-07-14,40.3,42.97,0.005973138714964854,0.002796552743114855
2020-07-15,41.2,43.96,0.022086787402843644,0.022777931748517055
2020-07-16,40.74,43.71,-0.011227845556820881,-0.005703220660197239
2020-07-17,40.55,43.53,-0.00467463023723802,-0.0041265533110173
2020-07-20,40.83,43.3,0.006881324770062314,-0.005297720555761831
2020-07-21,41.76,44.31,0.022521838242898884,0.023057750202954086
2020-07-22,41.88,43.98,0.0028694424279529507,-0.0074754000847834234
2020-07-23,40.99,42.96,-0.021480251486089674,-0.02346553492600556
2020-07-24,41.23,43.29,0.005838012202562304,0.007652211253279972
2020-07-27,41.46,43.39,0.005562960288824748,0.002307338356370092
2020-07-28,40.89,43.11,-0.013843572631082601,-0.006474011051216255
2020-07-29,41.13,43.51,0.00585224786578209,0.009235807973545729
2020-07-30,39.85,42.98,-0.03161537700610895,-0.01225590551822453
2020-07-31,40.1,43.13,0.006253929076299514,0.0034839194453875066
2020-08-03,40.83,43.76,0.018040771018960733,0.01450134745397369
2020-08-04,41.67,43.99,0.02036434010287813,0.0052421772469029015
2020-08-05,42.25,44.92,0.013822908368820386,0.020920794509613927
2020-08-06,41.93,45.04,-0.007602792620511334,0.0026678539611926233
2020-08-07,41.16,44.07,-0.018534650216822435,-0.02177170497753922
2020-08-10,41.94,44.19,0.01877311450792485,0.002719240288752811
2020-08-11,41.53,43.68,-0.009823967831111613,-0.011608187705999029
2020-08-12,42.6,45.09,0.025438195632662808,0.03177016099634322
2020-08-13,42.26,44.87,-0.008013241087414524,-0.004891072445100786
2020-08-14,42.05,44.86,-0.004981625768953446,-2.2289089582994137e-4
2020-08-17,42.89,44.91,0.01977931210983197,0.0011139580075845146
2020-08-18,42.89,45.34,0,0.009529157979736524
2020-08-19,42.91,45.21,4.6620047464429604e-4,-0.0028713437728691282
2020-08-20,42.62,44.56,-0.006781272332962107,-0.014481705687485302
2020-08-21,42.32,43.94,-0.0070638391204274065,-0.014011528662564388
2020-08-24,42.44,44.43,0.002831526195738565,0.011089849991352985
2020-08-25,43.17,46.01,0.017054495821603677,0.03494384721956001
2020-08-26,43.21,45.79,9.261403764559972e-4,-0.0047930374983731205
2020-08-27,42.88,44.84,-0.007666433181295229,-0.020965128465044724
2020-08-28,42.96,45.22,0.0018639334380625705,0.008438868645864517
2020-09-01,42.76,45.72,-0.004666364043764748,0.010996372076785832
2020-09-02,42.76,42.7,0,-0.06833691869203085
2020-09-03,41.39,42.72,-0.032563780396203335,4.682744173605258e-4
2020-09-04,39.69,41.1,-0.04194003896566745,-0.038659073149750256
2020-09-08,36.87,38.53,-0.07370105454892073,-0.0645709628641229
2020-09-09,38.05,39.98,0.03150287206164171,0.03694217043418746
2020-09-10,37.25,39.27,-0.021249139482126367,-0.017918460482335252
2020-09-11,37.33,38.8,0.0021453481009241493,-0.012040621960690778
2020-09-14,37.23,38.57,-0.0026824050418672307,-0.0059454744090912115
2020-09-15,38.29,39.54,0.028073877604577913,0.024838045522334262
2020-09-16,40.17,41.23,0.04793168288198757,0.04185332897633787
2020-09-17,40.99,42.35,0.020207686145055526,0.026802274379254865
2020-09-18,41.09,42.16,0.0024366483790720928,-0.004496516864956668
2020-09-21,39.26,40.37,-0.045558594047003353,-0.04338496936825731
2020-09-22,39.55,40.84,0.007359505365347907,0.011575058431615215
2020-09-23,39.92,41.09,0.009311757229600204,0.006102789598853686
2020-09-24,40.11,41.24,0.004748228338698368,0.0036438762534407587
2020-09-25,40.06,40.91,-0.001247349544289289,-0.008034127207452002
2020-09-28,40.47,41.59,0.01018262865010211,0.016485221813513196
2020-09-29,39.03,40.33,-0.03623037769525084,-0.030764144869543486
2020-09-30,40.05,40.3,0.025798092321844823,-7.441399326397757e-4
2020-10-01,38.51,39.75,-0.039210725687550685,-0.013741627852296379
2020-10-02,36.9,38,-0.04270639678033605,-0.04502368137395507
2020-10-05,39.12,39.78,0.05842229412013511,0.045778113699440404
2020-10-06,40.52,41.27,0.03516183421386598,0.03677157033866463
2020-10-07,39.82,40.62,-0.017426380744432368,-0.015875287612252098
2020-10-08,41.04,42,0.030177902226463882,0.03340906213112982
2020-10-09,40.44,41.63,-0.014727806710243652,-0.008848557076484465
2020-10-12,39.22,40.5,-0.030632573384070216,-0.02751908709439066
2020-10-13,40.03,41.34,0.02044235223628199,0.020528580141129016
2020-10-14,40.86,41.81,0.020522416384993747,0.011304991114851504
2020-10-15,40.84,41.61,-4.895960930113574e-4,-0.004795022373623947
2020-10-16,40.7,41.34,-0.0034339008479151722,-0.006509968741227556
2020-10-19,40.69,41.29,-2.4573043495124125e-4,-0.0012102143556234068
2020-10-20,41.37,41.62,0.01657361845972183,0.007960481067489589
2020-10-21,39.88,40.09,-0.03668103537968248,-0.03745389431107293
2020-10-22,40.46,41.28,0.014438886645961713,0.029251194518891577
2020-10-23,39.73,40.71,-0.018207261913091966,-0.013904358658419547
2020-10-26,38.39,39.06,-0.0343095608138011,-0.0413748370663547
2020-10-27,39.34,39.72,0.024444803948206584,0.016755913728438987
2020-10-28,37.27,37.86,-0.0540530994697459,-0.04795969339579509
2020-10-29,35.94,36.56,-0.036337832135754145,-0.03494039919522729
2020-10-30,35.64,36.33,-0.008382278752804062,-0.006310900352838988
2020-11-02,36.6,37.78,0.02657963780471162,0.03913601584025317
2020-11-03,37.44,38.17,0.022691411202070633,0.010270004683774925
2020-11-04,38.97,39.68,0.04005246774122684,0.03879741565953365
2020-11-05,38.56,39.47,-0.01057664960827287,-0.005306392741916355
2020-11-06,36.97,38.08,-0.04210869679380469,-0.035851679751591536
2020-11-09,40.05,40.93,0.08002190056582803,0.07217408058114705
2020-11-10,41.18,42.25,0.027824028085274843,0.031741063298871275
2020-11-11,41.23,42.5,0.001213445119165435,0.005899722127188589
2020-11-12,40.9,42.16,-0.008036083670052818,-0.008032171697264445
2020-11-13,39.93,41.51,-0.024002141973626046,-0.01553754216815939
2020-11-16,41.14,42.71,0.029852963149681333,0.02849872278842769
2020-11-17,41.24,42.54,0.0024277749239480784,-0.003988275081284076
2020-11-18,41.64,42.91,0.009652584598009106,0.008660089231342205
2020-11-19,41.57,43.09,-0.001682490482222132,0.0041860526243135965
2020-11-20,41.99,43.79,0.010052741431555656,0.016114529185560222
2020-11-23,42.91,45,0.021673404307331445,0.027257008957012552
2020-11-24,44.71,46.63,0.041092291242455836,0.035581621049909806
2020-11-25,45.58,47.3,0.019271833571648855,0.014266184677657723
2020-11-30,45.2,46.84,-0.008371936979352235,-0.009772756768370527
2020-12-01,44.54,47.03,-0.014709425008964327,0.004048157227440008
2020-12-02,45.23,47.8,0.015372921660530281,0.01623994354045344
2020-12-03,45.65,48.37,0.00924302355122597,0.011854147337481802
2020-12-04,46.23,49.1,0.012625330959156411,0.014979247965583031
2020-12-07,45.72,48.63,-0.011093099073524293,-0.009618410384780507
2020-12-08,45.64,48.84,-0.001751313932734977,0.004309024826809615
2020-12-09,45.48,48.81,-0.0035118561115394797,-6.144393434479589e-4
2020-12-10,46.76,50.33,0.027755467721532145,0.03066611088921256
2020-12-11,46.59,50.01,-0.0036422107751619137,-0.006378335357456244
2020-12-14,47.02,50.27,0.009187117283218083,0.005185492273671599
2020-12-15,47.58,50.77,0.011839461762888082,0.009897151254818937
2020-12-16,47.86,50.83,0.005867577605415342,0.001181102499508313
2020-12-17,48.34,51.2,0.009979292795109895,0.007252800586651009
2020-12-18,49.04,52.17,0.014376916352619062,0.018768084988839195
2020-12-21,47.79,50.61,-0.02581987903788896,-0.03035843180831499
2020-12-22,47.02,49.88,-0.01624336947814342,-0.014529064414150472
2020-12-23,47.94,51.05,0.019377185894314586,0.023185423798838478
2020-12-24,48.18,50.88,0.004993768180487024,-0.0033356255788077327
2020-12-28,47.5,50.88,-0.01421428614612985,0
2020-12-29,47.85,50.44,0.007341406858368149,-0.00868540793514816
2020-12-30,48.24,50.74,0.008117434519966604,0.005930043074417135
2020-12-31,48.35,51.22,0.0022776694803732234,0.009415526600243584
2021-01-04,47.47,50.37,-0.018368289336076593,-0.016734321013819997
2021-01-05,49.78,53.16,0.04751536437621917,0.053910474087485394
2021-01-06,50.45,53.8,0.013369449860172189,0.011967233322693893
2021-01-07,50.63,53.7,0.0035615391821997022,-0.0018604656529195296
2021-01-08,52.14,55.51,0.029388122523537952,0.03315018318725116
2021-01-11,52.15,54.84,1.917729414255831e-4,-0.012143330007956088
2021-01-12,53.08,55.98,0.01767602801722523,0.020574629393193433
2021-01-13,52.81,55.52,-0.005099642745164612,-0.00825116788875846
2021-01-14,53.47,55.76,0.012420182241798194,0.004313450253719431
2021-01-15,52.25,54.8,-0.023080858115719582,-0.017366572498298538
2021-01-19,52.87,55.38,0.011796179402438156,0.010528323788846272
2021-01-20,53.16,55.66,0.005470163597685929,0.00504323835492837
2021-01-21,53,55.68,-0.003014320292922701,3.5925992841967513e-4
2021-01-22,52.28,55.22,-0.013678024796100807,-0.00829580952415565
2021-01-25,52.78,55.44,0.009518442319156772,0.003976148379639
2021-01-26,52.61,55.26,-0.0032261153324619762,-0.0032520353863771945
2021-01-27,52.81,55.07,0.0037943509761260152,-0.003444216220880314
2021-01-28,52.26,54.87,-0.010469306626375463,-0.0036383522035059457
2021-01-29,52.16,55.25,-0.0019153424740689928,0.006901589326978375
2021-02-01,53.55,56.42,0.02629987927536037,0.02095536517598795
2021-02-02,54.77,57.62,0.022526801901872506,0.021046024082531645
2021-02-03,55.67,58.61,0.016298803399785733,0.017035600831955655
2021-02-04,56.19,58.98,0.009297402928690524,0.006293072898792218
2021-02-05,56.8,59.48,0.0107975206029991,0.008441718204823978
2021-02-08,57.95,60.17,0.020044244058655458,0.011533767640306003
2021-02-09,58.34,60.74,0.006707394653814092,0.009428570385343171
2021-02-10,58.69,61.17,0.005981390130667563,0.007054413636870649
2021-02-11,58.22,61.09,-0.008040416252765858,-0.0013086865927984803
2021-02-12,59.5,62.47,0.02174737423410722,0.022338254843803362
2021-02-16,60.07,63.96,0.009534236310486222,0.023571446460274537
2021-02-17,61.09,65.02,0.0168376377996049,0.016437026910005592
2021-02-18,60.4,64.09,-0.011359081720906161,-0.014406569359623589
2021-02-19,59.12,62.84,-0.021419828300822452,-0.019696532128715027
2021-02-22,61.67,64.73,0.04222831236345481,0.029632959169998863
2021-02-23,61.66,65.16,-1.6216654539746855e-4,0.006621011176425107
2021-02-24,63.21,66.85,0.024827094026202978,0.025605519814107858
2021-02-25,63.43,66.69,0.0034744191615985187,-0.002396286903737277
2021-02-26,61.55,65.86,-0.03008708301534302,-0.012523739695996738
2021-03-01,60.54,64.56,-0.01654554903688954,-0.019936252986524572
2021-03-02,59.7,63.17,-0.013972283195016644,-0.021765519051084148
2021-03-03,61.33,64.7,0.02693709923933607,0.023931696596245722
2021-03-04,63.81,67.32,0.03964079824236322,0.039696167815749916
2021-03-05,66.08,69.95,0.03495621133246729,0.03832333178888536
2021-03-08,65.03,68,-0.016017427331662226,-0.02827299593538335
2021-03-09,64.02,67.03,-0.015653167339343632,-0.01436742480624087
2021-03-10,64.45,67.53,0.006694194843479551,0.007431663216884488
2021-03-11,66.02,69.34,0.024067997039850297,0.026449996670127263
2021-03-12,65.59,68.87,-0.006534481119402358,-0.006801270700270479
2021-03-15,65.36,68.78,-0.003512794753897097,-0.0013076645524874309
2021-03-16,64.82,67.95,-0.00829625283834634,-0.012140864406966934
2021-03-17,64.55,67.73,-0.004174080420749959,-0.003242927370340709
2021-03-18,59.95,62.11,-0.07392923581912747,-0.08662220665560039
2021-03-19,61.43,64,0.024387433702312222,0.029976076788459594
2021-03-22,61.48,63.89,8.136034945591675e-4,-0.0017202287454196608
2021-03-23,57.75,59.96,-0.06258856926849177,-0.06348518137985515
2021-03-24,61.12,63.7,0.05671579545636174,0.060506889343720616
2021-03-25,58.47,61.21,-0.04432534267068622,-0.03987398771513906
2021-03-26,60.93,63.77,0.041211862072824346,0.04097228546420251
2021-03-29,61.49,64.06,0.009148895704974791,0.00453728385383112
2021-03-30,60.55,63.28,-0.015405089966276542,-0.01225082072161321
2021-03-31,59.19,63.52,-0.022716861296467883,0.0037854934794818718
2021-04-01,61.41,63.85,0.03682007963867395,0.005181765539667538
2021-04-06,59.34,61.47,-0.034289073478631416,-0.037987331559629745
2021-04-07,59.77,61.86,0.0072202479734864156,0.006324516338005459
2021-04-08,59.61,62.09,-0.0026805176043271928,0.003711178119877978
2021-04-09,59.29,61.89,-0.005382687512558881,-0.003226329625531932
2021-04-12,59.7,62.38,0.006891362679279922,0.00788609542838703
2021-04-13,60.2,62.83,0.008340331916219412,0.007187955235198551
2021-04-14,63.15,66.11,0.04784049648172406,0.05088735493063101
2021-04-15,63.42,66.13,0.004266420313701502,3.024803410847099e-4
2021-04-16,63.16,65.98,-0.004108079722760394,-0.002270835886135636
2021-04-19,63.33,66.54,0.0026879611408983095,0.008451604789895484
2021-04-20,62.61,65.34,-0.011434140771120482,-0.018198864417406924
2021-04-21,61.34,64.02,-0.020492851071113094,-0.02040887163120697
2021-04-22,61.45,65.07,0.0017916773259383234,0.016268078965175903
2021-04-23,62.18,65.75,0.011809568618563304,0.010396057550980942
2021-04-26,62.02,65.5,-0.002576490958304589,-0.0038095284166672627
2021-04-27,63.03,66.25,0.01615388985271604,0.011385322225124561
2021-04-28,63.81,67.08,0.012299114355236895,0.01245047208867689
2021-04-29,65,68.26,0.018477352015381143,0.01743800652355265
2021-04-30,63.5,67.73,-0.023347363996991,-0.007794730251748483
2021-05-04,65.72,68.91,0.034363387270421875,0.01727209214230463
2021-05-05,65.63,69.71,-0.001370384683436754,0.011542474129190516
2021-05-06,64.73,68.62,-0.01380813592821184,-0.015759742068003568
2021-05-07,64.96,68.73,0.003546923296003257,0.001601747703210421
2021-05-10,64.92,68.61,-6.159532070322271e-4,-0.0017474884307144833
2021-05-11,65.31,68.83,0.005989421268175477,0.0032013997074731293
2021-05-12,65.96,69.62,0.00990333377683239,0.011412185973020073
2021-05-13,63.82,67.36,-0.032981876841300384,-0.033000512449222086
2021-05-14,65.32,69.24,0.023231647252166532,0.02752736037393788
2021-05-17,66.24,69.62,0.013986241974739855,0.0054731520752842044
2021-05-18,65.49,69.01,-0.011387050847042168,-0.008800460750782335
2021-05-19,63.28,66.88,-0.03432813577056315,-0.031351452856064554
2021-05-20,61.95,65.18,-0.021241715384246795,-0.025747295367030354
2021-05-21,63.61,66.72,0.026443082615561053,0.02335208464107552
2021-05-24,66.13,68.59,0.038851810995858216,0.02764199346073859
2021-05-25,66.27,68.8,0.002114804413563931,0.0030569934280677558
2021-05-26,66.41,68.93,0.002110341452486786,0.00188775195826274
2021-05-27,66.87,69.43,0.006902788513265534,0.007227553867621417
2021-05-28,66.31,69.36,-0.008409720685111033,-0.001008718292895061
2021-06-01,67.8,70.03,0.022221479565573077,0.009613389195139987
2021-06-02,68.79,70.6,0.014496190591573033,0.008106422831769322
2021-06-03,68.81,70.71,2.9069767646650035e-4,0.001556861116953634
2021-06-04,69.57,71.3,0.010984356721160715,0.008309321804100378
2021-06-07,69.21,70.89,-0.005188079081777985,-0.0057669475533241865
2021-06-08,70.11,71.39,0.012920076365104727,0.0070284236474433825
2021-06-09,69.9,71.31,-0.0029997879791121562,-0.0011212334741568242
2021-06-10,70.34,71.65,0.006274977806072002,0.004756584233968297
2021-06-11,71,72.05,0.009339249995479193,0.005567168171350723
2021-06-14,70.94,72.27,-8.454276958396179e-4,0.003048782849358389
2021-06-15,72.06,73.38,0.01566465597447131,0.015242313632246152
2021-06-16,72.03,73.88,-4.164064186760186e-4,0.0067907364039028195
2021-06-17,71.06,72.92,-0.013558108308390437,-0.013079205520576842
2021-06-18,71.64,73.1,0.008128986599630572,0.002465416945271137
2021-06-21,73.64,74.49,0.02753477917236591,0.01883652143245218
2021-06-22,73.15,74.92,-0.006676228898744085,0.005755989387702165
2021-06-23,73.11,75.22,-5.4697116090896e-4,0.00399627546630299
2021-06-24,73.31,75.95,0.0027318689302715526,0.009658075999591453
2021-06-25,74.21,76.45,0.012201886746546542,0.00656170333328987
2021-06-28,72.98,74.78,-0.016713480973740147,-0.02208646282610438
2021-06-29,73.14,75.38,0.0021899817129327204,0.007991518290022093
2021-06-30,73.52,76.94,0.005182065326196472,0.020483909485159657
2021-07-01,75.33,76.69,0.024320983790172335,-0.0032545755473813998
2021-07-02,75.37,77.51,5.308560177752497e-4,0.010635638516652612
2021-07-06,73.62,75.81,-0.02349258990450398,-0.022176750225208153
2021-07-07,72.22,74.31,-0.019199712101563016,-0.019984677898833958
2021-07-08,72.98,75.07,0.010468415158990219,0.010175479415532429
2021-07-09,74.56,77.14,0.02141873936903327,0.027200941195171247
2021-07-12,74.21,76.77,-0.0047052583952931215,-0.004808013940274414
2021-07-13,75.24,77.5,0.01378409245078771,0.009463997519493894
2021-07-14,73.06,75.74,-0.02940198306569375,-0.022971513885652328
2021-07-15,71.67,74.53,-0.019208771361308052,-0.01610469358004618
2021-07-16,71.76,74.46,0.001254967744712232,-9.396604490321536e-4
2021-07-19,66.45,69.33,-0.07687743259128599,-0.07138435549017164
2021-07-20,67.32,70.03,0.013007584163350572,0.010046008713027632
2021-07-21,70.26,72.54,0.04274527751507584,0.03521441218732946
2021-07-22,72.15,74.25,0.026544638382199004,0.02329964382805283
2021-07-23,72.24,74.86,0.0012466238888499959,0.008181924793474238
2021-07-26,72.15,74.79,-0.0012466238888499959,-9.355162727073818e-4
2021-07-27,71.68,74.87,-0.006535516553205056,0.0010690900390182279
2021-07-28,72.37,75.09,0.009580080211361697,0.002934117869198616
2021-07-29,73.62,76.3,0.01712487907283844,0.015985544178618305
2021-07-30,73.93,77.72,0.004201971618133626,0.0184396862188283
2021-08-02,71.31,73.91,-0.03608212952879608,-0.05026448771244407
2021-08-03,70.64,73.24,-0.009440013744507425,-0.009106416990485755
2021-08-04,68.19,70.99,-0.03529862976314391,-0.031202697755015052
2021-08-05,69.1,72.14,0.013256804241063236,0.016069653424098718
2021-08-06,68.26,71.02,-0.01223078729506355,-0.015647147960451413
2021-08-09,66.56,69.65,-0.025220146965607704,-0.01947882728912731
2021-08-10,68.33,71.14,0.02624511227973425,0.021167066294494497
2021-08-11,69.3,71.99,0.014095997403170024,0.011877453960902784
2021-08-12,69.12,71.79,-0.0026007817000568423,-0.002782029892819615
2021-08-13,68.36,70.9,-0.01105626624840994,-0.012474757050310536
2021-08-16,67.44,70.07,-0.01354954455379076,-0.011775691155639478
2021-08-17,66.5,69.4,-0.01403636603179148,-0.009607874869683286
2021-08-18,65.36,68.61,-0.01729149711006084,-0.01144857080995898
2021-08-19,63.69,66.8,-0.025882886168473007,-0.02673521616019947
2021-08-20,62.25,65.51,-0.02286902903845789,-0.019500277798814913
2021-08-23,65.65,69.07,0.05317906540398898,0.052917680357095875
2021-08-24,67.5,71.21,0.027789997129678667,0.030512774893152184
2021-08-25,68.54,72.12,0.015289918567978233,0.012698140341083075
2021-08-26,67.42,70.42,-0.01647580664054793,-0.023854084608210258
2021-08-27,68.84,72.26,0.020843261537423885,0.025793411992587778
2021-08-31,68.43,73.45,-0.0059736463789317185,0.016334176900392627
2021-09-01,68.63,71.99,0.0029184319561368355,-0.020077682138675
2021-09-02,70.07,73.56,0.020764985461898533,0.0215741792549089
2021-09-03,69.34,73.07,-0.010472802125564229,-0.0066835139329946
2021-09-07,68.49,71.52,-0.012334191047064458,-0.021440754937867013
2021-09-08,69.36,72.36,0.012622583262473341,0.011676529661835744
2021-09-09,68.26,71.32,-0.015986388993725953,-0.014476867532155602
2021-09-10,69.82,72.44,0.022596558198329397,0.015581840020273852
2021-09-13,70.54,72.97,0.010259423131016021,0.007289764762315798
2021-09-14,70.53,73.05,-1.4177358781797267e-4,0.0010957404191795916
2021-09-15,72.59,74.84,0.028789020076660954,0.02420836320918074
2021-09-16,72.69,75.14,0.0013766521997951031,0.004000538739934001
2021-09-17,72.09,74.64,-0.008288485080057306,-0.006676483606734784
2021-09-20,70.41,73.59,-0.023580039885445103,-0.014167409600580605
2021-09-21,70.51,73.65,0.0014192451999077704,8.149959701313492e-4
2021-09-22,72.37,75.5,0.026037305147086798,0.024808513346339822
2021-09-23,73.43,76.44,0.014540722585482335,0.012373463117093308
2021-09-24,74.18,77.42,0.01016200059792638,0.012739025777429802
2021-09-27,75.54,78.85,0.018167745222865683,0.018302168259545226
2021-09-28,75.44,78.3,-0.001324678959108816,-0.006999710412289417
2021-09-29,75.06,77.86,-0.005049844618326915,-0.005635260814448095
2021-09-30,75.22,77.81,0.0021293593353153284,-6.423845534708761e-4
2021-10-01,76.01,79.4,0.010447757535758662,0.020228410624251403
2021-10-04,77.68,81.44,0.021732913405120513,0.02536818454912204
2021-10-05,79.17,82.72,0.018999615200272935,0.015594857957906605
2021-10-06,77.66,81.39,-0.019257114879821735,-0.016208995421168382
2021-10-07,78.46,82.34,0.010248616477885442,0.011604601002808579
2021-10-08,79.55,82.17,0.01379681400238919,-0.002066744398662834
2021-10-11,80.64,83.75,0.013609049539263118,0.019045898762079183
2021-10-12,80.75,83.53,0.0013631577797070804,-0.002630321937360236
2021-10-13,80.67,83.53,-9.912031538830135e-4,0
2021-10-14,81.43,83.86,0.009376996530157555,0.003942892974801104
2021-10-15,82.39,84.67,0.011720314848458813,0.009612605911569538
2021-10-18,82.62,84.13,0.0027877116411199054,-0.006398126091463396
2021-10-19,83.19,85.02,0.006875366327177446,0.010523301367921789
2021-10-20,84.4,85.76,0.014440253306115203,0.00866617439184747
2021-10-21,82.64,84.58,-0.02107357679052857,-0.013854865278148942
2021-10-22,84.53,85.43,0.02261267612945339,0.00999949511918441
2021-10-25,84.64,84.85,0.0013004671691527747,-0.006812335483291854
2021-10-26,85.64,85.11,0.011745495611492629,0.003059545808634212
2021-10-27,82.66,84.12,-0.03541665463789556,-0.011700186654370448
2021-10-28,82.78,83.4,0.0014506772369999865,-0.008596041469798088
2021-10-29,83.5,83.1,0.008660145536223851,-0.003603607503298356
2021-11-01,84.08,84.51,0.006922094711885762,0.016825168694988513
2021-11-02,83.91,84.42,-0.0020239306867173568,-0.0010655302020383672
2021-11-03,80.82,81.1,-0.037520336231651186,-0.04012137923298553
2021-11-04,78.88,80.15,-0.02429674935594761,-0.01178308206580514
2021-11-05,81.25,82.43,0.029603110915466857,0.028049569269573915
2021-11-08,81.96,83.22,0.008700502160852608,0.009538255229658787
2021-11-09,84.12,84.52,0.026013027463799965,0.015500489193061462
2021-11-10,81.23,82.91,-0.0349597137716362,-0.019232510619729304
2021-11-11,81.47,83.4,0.002950217259687804,0.005892627236574022
2021-11-12,80.87,82.9,-0.007391927214819738,-0.0060132472234517564
2021-11-15,80.85,81.94,-2.473410846155488e-4,-0.011647790022523807
2021-11-16,80.76,82.85,-0.0011137925784785452,0.011044471753846707
2021-11-17,78.32,80.67,-0.03067879522238215,-0.026664984923689516
2021-11-18,78.92,82.45,0.007631682932159656,0.021825290056725066
2021-11-19,76.11,80.24,-0.03625501887511451,-0.027169905351927426
2021-11-22,76.74,80.97,0.008243422539506717,0.009056572044342737
2021-11-23,78.32,83.43,0.020379913403448136,0.02992924121596019
2021-11-24,78.32,82.37,0,-0.012786663960826061
2021-11-29,69.88,73.34,-0.11402351295639868,-0.11611513030997678
2021-11-30,66.14,70.86,-0.055005777712209714,-0.034400063205854536
2021-12-01,65.44,69.53,-0.010640015259154367,-0.01894778532639929
2021-12-02,66.6,70.56,0.017570885251851465,0.014705097587609295
2021-12-03,66.39,70.71,-0.003158134815275382,0.002123593917613853
2021-12-06,69.62,73.38,0.04750543965222498,0.03706441331098631
2021-12-07,71.94,75.54,0.032780555884184714,0.029010898357174852
2021-12-08,72.43,75.94,0.00678813993975691,0.005281237519345616
2021-12-09,70.87,74.1,-0.021773365385070242,-0.0245280225016149
2021-12-10,71.71,74.98,0.011782995072318947,0.011805879005724051
2021-12-13,71.19,74.12,-0.007277848778701745,-0.011536009890606103
2021-12-14,70.57,73.37,-0.008747234103043233,-0.010170268691256368
2021-12-15,70.89,73.71,0.004524254854187504,0.004623342475293946
2021-12-16,72.34,74.64,0.020247846657025725,0.01253808133789125
2021-12-17,70.93,72.97,-0.019683751309956143,-0.022628158761559547
2021-12-20,68.69,70.51,-0.03208984698820494,-0.03429385404657914
2021-12-21,71.1,72.85,0.034483708583404216,0.03264798891026377
2021-12-22,72.82,74.69,0.023903305938092423,0.024943681727761735
2021-12-23,73.89,76.26,0.01458685805326887,0.02080234006044268
2021-12-29,76.58,78.63,0.035758445248592174,0.030604751574006883
2021-12-30,76.83,78.61,0.003259242830395692,-2.543881977592477e-4
2021-12-31,75.33,77.24,-0.019716727041940274,-0.0175814602453519
2022-01-03,75.99,78.25,0.00872329084408996,0.012991371859949474
2022-01-04,77,79.39,0.013203669171990562,0.014463586316758814
2022-01-05,77.83,80.6,0.010721539117612977,0.015126233775561104
2022-01-06,79.47,81.99,0.02085263098079082,0.017098639095503465
2022-01-07,79,82.28,-0.005931739485066423,0.0035307761766700807
2022-01-10,78.11,81.56,-0.011329762844815683,-0.008789119078501884
2022-01-11,81.17,84.98,0.03842763115087866,0.04107698898041079
2022-01-12,82.51,85.83,0.01637377734316736,0.009952661043462818
2022-01-13,81.97,85.8,-0.0065661714513129965,-3.4958923621175586e-4
2022-01-14,83.82,87.17,0.022318315831986624,0.015841228529568596
2022-01-18,85.42,88.83,0.018908622916394613,0.018864195758124147
2022-01-19,86.84,89.64,0.01648707959677065,0.009077218151117172
2022-01-20,86.29,89.75,-0.006353628489874197,0.001226378435662312
2022-01-21,85.16,89.75,-0.013181876494937406,0
2022-01-24,84.48,87.74,-0.008017020067327962,-0.02265013163032048
2022-01-25,86.61,89.49,0.024900462385001987,0.01974899145669884
2022-01-26,88.33,91.22,0.01966451841408734,0.01914728408878741
2022-01-27,87.61,90.7,-0.008184654078768006,-0.0057168141624632796
2022-01-28,87.67,91.47,6.846189222216026e-4,0.008453692547181646
2022-01-31,89.16,92.35,0.01685274291717409,0.009574656976975682
2022-02-01,88.22,90.24,-0.010598813840874577,-0.02311291889549949
2022-02-02,88.16,91.43,-6.803492721889626e-4,0.013100864426585979
2022-02-03,90.17,92.99,0.022543432107211103,0.016918308313770503
2022-02-04,92.27,96.86,0.023022284078648703,0.040774676484977235
2022-02-07,91.25,97.28,-0.011116069127863781,0.004326781242774302
2022-02-08,89.32,96.07,-0.021377565490643846,-0.012516325796210204
2022-02-09,89.57,94.95,0.00279501551514727,-0.011726655163351474
2022-02-10,89.83,96.37,0.0028985527540115186,0.014844512604900828
2022-02-11,93.1,97.5,0.035755189041905666,0.01165742814060522
2022-02-14,95.52,101.66,0.025661465361270785,0.04178153401495521
2022-02-15,92.07,98.43,-0.03678649234453779,-0.03228827637763665
2022-02-16,93.83,97.44,0.018935477002203882,-0.010108831679533026
2022-02-17,91.78,95.28,-0.02209022533527083,-0.022416878914542693
2022-02-18,91.26,96.18,-0.005681833467431119,0.009401510802472757
2022-02-22,92.11,98.73,0.009270939500887643,0.026167415773841185
2022-02-23,92.14,99.29,3.256445076269543e-4,0.0056560094221449475
2022-02-24,92.77,101.29,0.006814152157409659,0.019942828653202405
2022-02-25,91.68,98.56,-0.011819058698750773,-0.027322189913495443
2022-02-28,96.13,103.08,0.04739718911129476,0.04483988599895383
2022-03-01,103.66,110.93,0.07541487068383645,0.07339398596640478
2022-03-02,110.74,118.94,0.06606879863326043,0.06971979252787897
2022-03-03,107.69,115.36,-0.02792838205403214,-0.030561490741808583
2022-03-04,115.77,123.86,0.07234873487684812,0.07109422197327575
2022-03-07,119.26,129.02,0.02970051947732255,0.04081553559418083
2022-03-08,123.64,133.18,0.03606813356895611,0.03173416557838049
2022-03-09,108.81,116.58,-0.12777087530099518,-0.13312386406507226
2022-03-10,105.93,114.54,-0.026824743354516123,-0.017653625651692373
2022-03-11,109.31,118.11,0.0314093836973397,0.030692286658044132
2022-03-14,103.22,110.39,-0.05732524958516283,-0.06759684359349549
2022-03-15,96.42,105.14,-0.06814898374310552,-0.048726754638957814
2022-03-16,94.85,104.61,-0.016416952596452816,-0.005053646035633186
2022-03-17,102.97,113.5,0.08214098728763641,0.08156368756578836
2022-03-18,104.69,114.32,0.016565918662603707,0.007198696700154272
2022-03-21,112.14,122.29,0.06874448836426339,0.06739373957966688
2022-03-22,111.03,121.53,-0.00994765562935207,-0.006234127318569982
2022-03-23,114.89,127.52,0.03417471379909909,0.0481120691591963
2022-03-24,114.2,123.98,-0.00602385164336372,-0.028152952768131456
2022-03-25,116.2,122.67,0.017361547195901217,-0.010622439229113212
2022-03-28,107.55,114.5,-0.07735698870407237,-0.06892300005036578
2022-03-29,104.25,112.79,-0.03116399503482814,-0.015047140342469234
2022-03-30,107.81,115.59,0.033578557872115944,0.02452176465435052
2022-03-31,100.53,107.29,-0.06991422813369752,-0.07451399865752073
2022-04-01,99.32,106.13,-0.012109229777363062,-0.010870690874924094
2022-04-04,103.29,108.15,0.03919360537857575,0.018854394625337
2022-04-05,101.98,106.6,-0.012763850391531939,-0.014435640667324279
2022-04-06,96.39,100.81,-0.056374253831132926,-0.055845954665893593
2022-04-07,96.05,99.83,-0.0035335725813112617,-0.009768817717516143
2022-04-08,98.35,101.26,0.023663655620502766,0.014222727193429208
2022-04-11,94.22,97.92,-0.04290007156317355,-0.033540647777747346
2022-04-12,100.52,104.42,0.06472423940349614,0.06427040921839033
2022-04-13,104.26,108.49,0.03653106666456907,0.03823677485195276
2022-04-14,106.84,110.83,0.024444608901800002,0.02133949295320292
2022-04-19,102.54,105.49,-0.041079421886205836,-0.04938133409384449
2022-04-20,102.56,105.05,1.9502681680538814e-4,-0.004179734402708135
2022-04-21,103.89,107.2,0.012884653910080424,0.020259821345692153
2022-04-22,102.86,105.15,-0.009963806735670211,-0.019308346487992623
2022-04-25,99.6,99.27,-0.032206675756217606,-0.057544491547078636
2022-04-26,102.62,102.89,0.029870680923266946,0.035817045786088464
2022-04-27,101.96,103.3,-0.006452266005904761,0.003976919737874063
2022-04-28,105.47,105.78,0.03384597278060841,0.02372408951224081
2022-04-29,104.59,108.36,-0.00837860752234576,0.024097551579060905
2022-05-03,102.53,104.94,-0.01989250608417681,-0.0320702589583286
2022-05-04,107.84,110.53,0.050493208481996454,0.05189821906429781
2022-05-05,108.17,112.11,0.0030554164782010673,0.014193554842638179
2022-05-06,109.72,113.86,0.014227602427205,0.015489091357434148
2022-05-09,103.08,106.67,-0.06242628028523889,-0.06522966688554455
2022-05-10,99.74,102.61,-0.03293858566618724,-0.03880456276327404
2022-05-11,105.5,107.7,0.05614415279814455,0.048414190288225356
2022-05-12,106.15,108.06,0.0061422352331437224,0.0033370442535769484
2022-05-13,110.52,112.12,0.04034331190595086,0.03688309788066757
2022-05-16,114.07,114.86,0.03161579498459055,0.024144269139562802
2022-05-17,112.31,112.89,-0.015549390064861335,-0.01730010216269484
2022-05-18,109.67,110.04,-0.023787048202827954,-0.02556995721708155
2022-05-19,112.21,113.22,0.022896258904657962,0.028488892552140044
2022-05-20,112.63,113.63,0.003735994382830121,0.0036147273214037767
2022-05-23,110.32,115.13,-0.020722876574558846,0.013114368755655192
2022-05-24,112.55,115.77,0.020012333867694743,0.005543539532064656
2022-05-25,112.88,116.41,0.0029277401918177404,0.005512978042512273
2022-05-26,116.19,119.81,0.028901474650211867,0.028788712391658144
2022-05-27,114.96,121.19,-0.010642540424001368,0.011452407328587988
2022-05-31,114.38,125.53,-0.005058003283599177,0.03518521184972112
2022-06-01,115.26,122.2,0.007664207521350441,-0.026885727092621714
2022-06-03,118.97,125.68,0.031680914479913724,0.028079947209870504
2022-06-06,118.41,124.99,-0.004718182145569294,-0.005505259845235422
2022-06-07,119.55,126.89,0.009581515561468912,0.015086835306693303
2022-06-08,121.94,129.2,0.019794426575336033,0.018041021939677826
2022-06-09,121.52,128.47,-0.003450262192152387,-0.005666177304982867
2022-06-10,120.73,127.44,-0.006522210943221474,-0.008049748441725235
2022-06-13,120.92,128.44,0.0015725225669616094,0.007816203619519513
2022-06-14,118.92,127.02,-0.01667817178136044,-0.011117314846483595
2022-06-15,115.32,124.96,-0.030740125359695725,-0.016350868283453224
2022-06-16,117.56,125.78,0.01923796878051487,0.006540663023981708
2022-06-17,109.56,119.22,-0.07047649715583937,-0.0535638233235769
2022-06-21,110.49,118.51,0.008452674730206944,-0.005973180591423599
2022-06-22,106.22,115.54,-0.03941260413083114,-0.02538055484723767
2022-06-23,105.75,114.5,-0.004434597067865198,-0.009041967358824898
2022-06-24,109.07,117.36,0.03091206001426361,0.024671310840431282
2022-06-27,111.44,119.69,0.021496451530898852,0.019658933050552996
2022-06-28,113.66,122.21,0.019725206397425588,0.02083580956463038
2022-06-29,111.65,120.8,-0.01784255758280917,-0.011604590949194638
2022-06-30,107.76,119.78,-0.03546244618405758,-0.008479558664398645
2022-07-01,110.3,119.21,0.023297394157347995,-0.00477008310640592
2022-07-05,101.55,110.49,-0.08265263823306324,-0.07596162460482603
2022-07-06,100.31,108.54,-0.012285897131000034,-0.017806250489825537
2022-07-07,104.62,113.4,0.04206934704707166,0.04380262265839363
2022-07-08,106.78,113.95,0.020435905129574827,0.004838364398040973
2022-07-11,106.09,114.85,-0.006482852600860234,0.007867173443414366
2022-07-12,97.69,106.98,-0.08248859080632887,-0.07098502803200368
2022-07-13,98.44,107.17,0.0076480258580042815,0.0017744576218019503
2022-07-14,97.79,107.74,-0.0066249031986718165,0.005304558527481795
2022-07-15,99.59,112.26,0.01823943561936492,0.041096692261666234
2022-07-18,104.48,117.27,0.04793390758457239,0.04366135895891965
2022-07-19,106.12,114.96,0.015574863741417921,-0.019894726702204046
2022-07-20,104.45,115.86,-0.015862041266964333,0.007798323897708848
2022-07-21,98.44,112.81,-0.05926126247971908,-0.026677578051649498
2022-07-22,97.71,106.77,-0.007443317566603547,-0.055027999426617846
2022-07-25,99.83,108.23,0.021464831392082218,0.013581604116843948
2022-07-26,97.74,107.32,-0.02115784750632521,-0.00844356674963187
2022-07-27,100.03,109.64,0.023159249155080275,0.02138724587716201
2022-07-28,99.11,109.68,-0.009239796578471626,3.647638194737013e-4
2022-07-29,101.31,111.51,0.021954778646968265,0.01654723772321187
2022-08-01,96.59,106.09,-0.04770990687438115,-0.049826482506090564
2022-08-02,97.14,106.51,0.0056780207263944504,0.0039510869838945695
2022-08-03,93.25,101.82,-0.04086917839367388,-0.04503232898088427
2022-08-04,91.29,97.99,-0.02124280594693584,-0.038341115826463046
2022-08-05,91.77,100.31,0.0052441942539322994,0.023399958247666497
2022-08-08,93.52,103.46,0.01888987033289169,0.030919673679975723
2022-08-09,93.18,103.81,-0.003642210775162802,0.00337724062978495
2022-08-10,94.68,105.06,0.015969678257132358,0.011969310320661286
2022-08-11,97.02,107.19,0.024414358171287454,0.020071345177612443
2022-08-12,94.86,103.7,-0.022515022367634252,-0.03310084546794645
2022-08-15,92.24,98.25,-0.028008244488632705,-0.05398686448611123
2022-08-16,89.23,95.36,-0.033176570048743415,-0.029856047432330612
2022-08-17,90.85,97.22,0.017992488930119954,0.019317248300269263
2022-08-18,93.2,96.35,0.025537926849366066,-0.008989056756933955
2022-08-19,93.55,96.45,0.003748331028552876,0.0010373444913627239
2022-08-22,93.42,95.06,-0.0013905976461368041,-0.014516468165874485
2022-08-23,96.46,99.49,0.03202295956686374,0.04554886541540526
2022-08-24,95.52,99.87,-0.009792764996533698,0.0038122036537746595
2022-08-25,93.33,98.81,-0.02319405006663633,-0.010670526048171425
2022-08-26,93.63,101.13,0.0032092453731422665,0.023208003707207325
2022-08-30,92.08,99.34,-0.01669308053717078,-0.017858508234875003
2022-08-31,90.09,96.55,-0.02184859375027859,-0.02848730080468087
2022-09-01,87.09,92.24,-0.033867103958700184,-0.04566713291371993
2022-09-02,87.29,93.09,0.0022938420426097395,0.009172891167595232
2022-09-06,87.35,91.43,6.871278328075547e-4,-0.01799311495206357
2022-09-07,82.5,86.83,-0.05712474323943084,-0.05162146810378143
2022-09-08,84.04,87.99,0.018494582636164658,0.013270987584915517
2022-09-09,87.27,91.68,0.03771388519842045,0.0410810813089606
2022-09-12,88.18,93.45,0.010373418754571873,0.019122280935142122
2022-09-13,87.84,92.04,-0.003863202168571611,-0.015203268734406805
2022-09-14,88.88,92.83,0.011770167570154477,0.008546598244675963
2022-09-15,85.72,89.28,-0.03620097472599859,-0.03899236477884038
2022-09-16,85.57,89.43,-0.0017514161754128565,0.0016786977250893287
2022-09-20,84.69,89.62,-0.010337223496455827,0.002122312999906839
2022-09-21,83.38,89.86,-0.015589058480856899,0.0026743942840168344
2022-09-22,84.02,90.4,0.007646393288585074,0.005991363756117529
2022-09-23,79.07,84.29,-0.06072132965840016,-0.06998103338874007
2022-09-26,77.17,82.55,-0.024322755613323643,-0.02085906364325396
2022-09-27,78.91,85.97,0.022297182063431897,0.0405942278202156
2022-09-28,82.61,89.55,0.04582277604147045,0.04079873032036829
2022-09-29,81.78,89.41,-0.010098023637917564,-0.0015645957594943027
2022-09-30,79.91,88.9,-0.023131713550125,-0.005720390227367922
2022-10-03,84.05,90.68,0.050510858468252984,0.019824683119469277
2022-10-04,86.87,93.74,0.033000888417204166,0.03318816685523185
2022-10-05,88.22,94.35,0.01542094640496483,0.0064862793199989
2022-10-06,88.9,95.65,0.00767844784306515,0.01368442407170356
2022-10-07,93.07,98.88,0.04583975567776033,0.033211297823117825
2022-10-10,91.6,97.13,-0.01592062651753423,-0.01785670629514069
2022-10-11,89.75,95.17,-0.020403244311696156,-0.020385521329987277
2022-10-12,87.83,93.44,-0.021624899439363077,-0.018345247004335263
2022-10-13,89.59,95.16,0.019840578680461185,0.018240166354839715
2022-10-14,86.1,92.22,-0.03973429517580218,-0.03138265865619694
2022-10-17,86,91.04,-0.001162115180177281,-0.012878056400539073
2022-10-18,83.29,89.46,-0.032018802306257754,-0.017507372373319008
2022-10-19,86,91.34,0.032018802306257754,0.020797209752151602
2022-10-20,86.02,91.52,2.3253110208276695e-4,0.001968719874634317
2022-10-21,85.47,91.82,-0.006414390177663876,0.003272611189588659
2022-10-24,86.12,91.57,0.007576235318236257,-0.0027264317014354944
2022-10-25,86.93,91.76,0.009361524594810433,0.0020727657014747436
2022-10-26,89.39,92.93,0.0279056220087881,0.0126700487481326
2022-10-27,89.06,94.17,-0.0036985192062042316,0.013255137952723928
2022-10-28,87.85,94.64,-0.013679485260450264,0.004978560148159339
2022-10-31,86.54,93.3,-0.01502407983636811,-0.014260111816833287
2022-11-01,88.36,95.12,0.02081264375517833,0.019319144529228005
2022-11-02,90.06,96.07,0.019056736321508616,0.009937840039120793
2022-11-03,88.14,95.29,-0.02154965545958465,-0.00815221906155017
2022-11-04,92.58,99.53,0.04914667618928359,0.04353423289787539
2022-11-07,91.8,99.87,-0.008460837976679514,0.003410233997071188
2022-11-08,88.8,96.85,-0.03322564762832059,-0.030705950402038162
2022-11-09,85.79,93.05,-0.0344842004132504,-0.04002640676474556
2022-11-10,86.52,94.25,0.00847315149998451,0.012813843239860567
2022-11-11,89.14,96.37,0.029832566433551477,0.0222441235350761
2022-11-14,85.85,93.59,-0.03760658017492524,-0.029271409694031192
2022-11-15,86.87,94.3,0.011811160928344222,0.00755764947024673
2022-11-16,85.62,92.61,-0.014493847555028694,-0.01808406245723404
2022-11-17,81.69,91,-0.046987305363022536,-0.017537620665327935
2022-11-18,80.07,88.93,-0.020030343269235473,-0.023009963105301345
2022-11-21,79.74,88.44,-0.004129910131332792,-0.005525187422303013
2022-11-22,80.83,88.65,0.013576841792543703,0.0023716765309718113
2022-11-23,77.93,85.9,-0.03653719589028359,-0.03151220353000728
2022-11-25,76.45,83.4,-0.019174055480397634,-0.029535519625508933
2022-11-28,77.1,83.5,0.008466348194211548,0.0011983224921090496
2022-11-29,77.96,83.22,0.011092594070076345,-0.0033589283020152294
2022-11-30,80.48,85.61,0.03181283171206939,0.028314395199599218
2022-12-01,81.06,86.28,0.007180914848733622,0.00779572276656193
2022-12-02,79.86,86.54,-0.014914519565087048,0.0030089132757824544
2022-12-05,76.83,83.36,-0.03867991275553173,-0.03743815679168172
2022-12-06,74.21,79.92,-0.034696276897501654,-0.04214244366475839
2022-12-07,71.93,77.11,-0.03120548810277768,-0.035793160495429355
2022-12-08,71.3,76.02,-0.008797096459014497,-0.014236510283766712
2022-12-09,71.05,76.37,-0.0035124728771407376,0.004593485339190906
2022-12-12,72.96,78,0.026527491222966937,0.02111887778929855
2022-12-13,75.44,80.14,0.03342629255912577,0.02706627851840704
2022-12-14,77.14,83.33,0.022284314454879883,0.039033523186116525
2022-12-15,75.89,82.34,-0.016337029364260403,-0.011951612052356175
2022-12-16,74.19,80.2,-0.022655553214386615,-0.026333501469290255
2022-12-19,75.05,81.66,0.01152518787803647,0.018040771018960733
2022-12-20,75.92,79.45,0.011525596222201173,-0.027436392908704477
2022-12-21,78.17,80.25,0.029205787930566274,0.010018869027399901
2022-12-22,77.68,79.58,-0.0062881182491691945,-0.008383957011342424
2022-12-23,79.57,82.45,0.024039313406373886,0.03542924400682512
2022-12-28,78.89,81.7,-0.008582660282445254,-0.009138047139650496
2022-12-29,78.43,80.96,-0.0058479698824234205,-0.009098796326801661
2022-12-30,80.16,82.82,0.021818130111979528,0.022714372578265696
2023-01-03,76.87,80.36,-0.041908953975513974,-0.030153038170687374
2023-01-04,72.82,75.31,-0.05412504061375323,-0.06490361183347382
2023-01-05,73.61,76.73,0.010790243323327786,0.018679838076313793
2023-01-06,73.77,76.41,0.0021712588255962118,-0.0041791885300987985
2023-01-09,74.69,77.5,0.012394069472764002,0.014164358699826352
2023-01-10,75.11,78.4,0.005607491328945002,0.011545990997061217
2023-01-11,77.46,81.11,0.030807968388685936,0.033982330725891075
2023-01-12,78.32,82.59,0.011041324135648622,0.018082349740372372
2023-01-13,79.9,83.43,0.019972854549973995,0.010119349091357144
2023-01-17,80.25,84.38,0.004370909237896292,0.011322449782209532
2023-01-18,79.53,83.78,-0.009012453041081336,-0.00713609117730396
2023-01-19,80.31,85.08,0.009759837231326784,0.015397674813147688
2023-01-20,81.27,86.96,0.011882798564743169,0.021856252480917604
2023-01-23,81.62,87.54,0.004297385212545635,0.006647588949795669
2023-01-24,79.86,85.25,-0.021799228342583632,-0.02650771559912357
2023-01-25,79.78,85.08,-0.0010022551578146022,-0.0019961258315897012
2023-01-26,80.64,86.29,0.010721957845797547,0.014121726188180084
2023-01-27,79.73,85.36,-0.011348877808654123,-0.010836109526718651
2023-01-30,77.97,84.9,-0.022321789192895736,-0.00540351367619607
2023-01-31,78.95,83.42,0.01249060338014285,-0.017586004548502565
2023-02-01,76.34,81.61,-0.03361769338456799,-0.021936285287647905
2023-02-02,75.87,80.57,-0.006175697967099936,-0.012825431692046863
2023-02-03,73.4,78.85,-0.03309741372951347,-0.021579058380057248
2023-02-06,74.11,80.48,0.009626540342797085,0.020461392942381806
2023-02-07,77.17,82.92,0.040460304506244604,0.029867581216150185
2023-02-08,78.47,84.17,0.016705605669869783,0.014962275655905799
2023-02-09,78.04,83.46,-0.005494870384470829,-0.008471088060078458
2023-02-10,79.74,85.46,0.021549826198298483,0.023680955052472363
2023-02-13,80.14,85.98,0.005003763254789462,0.006066280852256689
2023-02-14,79.08,84.96,-0.013315106905582574,-0.011934153574507
2023-02-15,78.57,84.11,-0.006470051114686015,-0.0100550915192823
2023-02-16,78.45,83.84,-0.0015284680086882219,-0.0032152454016145526
2023-02-17,76.31,81.97,-0.027657487877499776,-0.02255689390779292
2023-02-21,76.28,82.14,-3.93210569323621e-4,0.002071781863473454
2023-02-22,73.95,79.55,-0.031021591575409957,-0.03203935374461686
2023-02-23,75.26,82.08,0.01755959600848289,0.03130862663866374
2023-02-24,76.19,82.31,0.01228143531962722,0.002798225562093748
2023-02-27,75.57,81.24,-0.008170841452289856,-0.013084870272368931
2023-02-28,76.88,83.21,0.017186385629408107,0.023959796200154315
2023-03-01,77.57,83.68,0.00893498984074359,0.005632467404274699
2023-03-02,78.05,84.15,0.00616889245866048,0.005600920320201652
2023-03-03,79.62,85.74,0.01991567061073063,0.01871854053301636
2023-03-06,80.39,85.86,0.009624472767697512,0.001398601626583229
2023-03-07,77.45,83.03,-0.037257223476991896,-0.03351607452247496
2023-03-08,76.56,82.1,-0.011557819718178486,-0.011263971815556495
2023-03-09,75.6,81,-0.01261846395921129,-0.013488861785943662
2023-03-10,76.55,82.3,0.012487838918205263,0.015921953010584744
2023-03-13,74.68,79.67,-0.02473180343017045,-0.03247800429074932
2023-03-14,71.18,76.77,-0.04800043859147518,-0.03707916455246707
2023-03-15,67.38,74.3,-0.054863642103640586,-0.032702987116094206
2023-03-16,68.15,73.12,0.011362920164135204,-0.016009024577818387
2023-03-17,66.61,71.03,-0.022856441717453713,-0.028999604136176416
2023-03-20,67.56,72.42,0.014161375514511576,0.019380181327776747
2023-03-21,69.4,74.78,0.0268707755731592,0.03206796521147215
2023-03-22,70.71,76.08,0.018700138103390884,0.01723494868816733
2023-03-23,69.77,74.31,-0.013382887665004617,-0.023539886067756477
2023-03-24,69.22,73.63,-0.00791427974394665,-0.009192980788752969
2023-03-27,72.87,76.8,0.05138719347499254,0.04215208877300114
2023-03-28,73.12,78.07,0.0034248954637039475,0.016401219978573245
2023-03-29,72.95,77.51,-0.0023276521771000702,-0.007198899838779305
2023-03-30,74.32,78.45,0.01860581953678775,0.01205451888562159
2023-03-31,75.68,79.19,0.018133830238040716,0.009388549043278793
2023-04-03,80.4,85.81,0.06050025144129734,0.08028552159670888
2023-04-04,80.7,85.7,0.003724399090982544,-0.0012827242152955165
2023-04-05,80.69,85.89,-1.239234154883917e-4,0.0022145821743997374
2023-04-06,80.7,86.56,1.239234154883917e-4,0.007770407320037975
2023-04-11,81.54,87.32,0.01035512211520384,0.008741716583571701
2023-04-12,83.26,88.31,0.020874544375722337,0.011273819798967466
2023-04-13,82.16,86.51,-0.013299676146526274,-0.02059333728842816
2023-04-14,82.58,87.31,0.005098954837641223,0.009204989630433147
2023-04-17,80.93,85.63,-0.020182936950333463,-0.01942931478461496
2023-04-18,80.85,85.48,-9.889974844954352e-4,-0.0017532585871542494
2023-04-19,79.18,85.34,-0.02087184434513034,-0.0016391526910926046
2023-04-20,77.27,83.29,-0.024417959732492278,-0.024314783812604546
2023-04-21,77.86,83.36,0.007606560236816939,8.400840578071112e-4
2023-04-24,78.64,84.23,0.009968133656601097,0.010382574322215454
2023-04-25,77.05,82.13,-0.020425914072785822,-0.025247794575171234
2023-04-26,74.33,79.19,-0.03593992302892257,-0.0364533295297802
2023-04-27,74.77,80.11,0.005902096274621904,0.011550662004705003
2023-04-28,76.78,81.32,0.026527454560826946,0.014991298533120201
2023-05-02,71.71,76.71,-0.06831398167816793,-0.05835991078894143
2023-05-03,68.62,72.91,-0.04404617046417947,-0.05080627415286543
2023-05-04,68.52,73,-0.001458363974384369,0.0012336373300518844
2023-05-05,71.32,75.85,0.04005111953901963,0.03829826464615049
2023-05-09,73.68,77.76,0.0325545989521121,0.024869454357641985
2023-05-10,72.53,76.7,-0.01573112257173026,-0.01372545177897333
2023-05-11,70.81,75.32,-0.024000035711638112,-0.01815600458425859
2023-05-12,70.02,74.54,-0.01121931813716337,-0.010409809737838671
2023-05-15,71.07,75.46,0.01488439131228425,0.012266820485051788
2023-05-16,70.85,75.15,-0.0031003407021144014,-0.004116598337181365
2023-05-17,72.78,76.98,0.026876226047324536,0.024059531656616784
2023-05-18,71.82,75.75,-0.013278203386077436,-0.016107203466121156
2023-05-19,71.57,75.42,-0.0034869970474300516,-0.0043659525592678605
2023-05-22,71.81,75.77,0.003347750371720082,0.004629944113070827
2023-05-23,72.87,76.66,0.014653289559964477,0.011677624009126752
2023-05-24,74.37,77.99,0.020375603033017775,0.017200553389997708
2023-05-25,71.68,75.66,-0.03684086604853398,-0.030330994137523604
2023-05-26,72.35,76.33,0.009303684410817858,0.008816426605496197
2023-05-30,69.45,73.38,-0.0409083838771398,-0.03941462688324293
2023-05-31,68.11,71.98,-0.0194830239471262,-0.019263116276251324
2023-06-01,70.09,74.18,0.02865608525900676,0.030106269410560493
2023-06-02,71.76,76,0.023547087238307007,0.02423876822488591
2023-06-05,72.14,76.61,0.005281457724852778,0.00799427624239879
2023-06-06,71.71,76.22,-0.0059784675809098076,-0.0051037210830156
2023-06-07,72.52,76.85,0.011232177992167358,0.008231574538890563
2023-06-08,71.28,75.88,-0.017246602724096505,-0.01270232491779133
2023-06-09,70.16,74.74,-0.015837435098626784,-0.015137721009475413
2023-06-12,67.08,71.8,-0.04489241110891928,-0.04013094800315997
2023-06-13,69.39,74.24,0.03385682795644929,0.03341861242376698
2023-06-14,68.22,73.39,-0.017004987920957504,-0.011515401920974
2023-06-15,70.61,75.75,0.034434000537755693,0.031650757832507814
2023-06-16,71.81,76.76,0.01685196459397087,0.013245226750020045
2023-06-20,70.94,75.79,-0.012189292776750627,-0.012717313315561363
2023-06-21,72.55,76.92,0.02244152998472071,0.014799562896641305
2023-06-22,69.22,73.93,-0.04698614112299815,-0.03964722115157038
2023-06-23,68.91,73.56,-0.004488532838081483,-0.0050172998328879
2023-06-26,69.09,73.86,0.0026086971315866236,0.0040700096882968495
2023-06-27,67.68,71.88,-0.020619287202735315,-0.027173347509059198
2023-06-28,69.54,73.64,0.02711141128174699,0.024190294449518923
2023-06-29,69.85,73.86,0.004447959123255352,0.002983053059540275
2023-06-30,70.66,74.51,0.011529556228028426,0.00876193514121848
2023-07-03,69.71,74.52,-0.013535862432691559,1.342011677518684e-4
2023-07-05,71.78,76.74,0.029262106221153772,0.02935553908541877
2023-07-06,71.76,76.72,-2.7866796892084267e-4,-2.606542436236481e-4
2023-07-07,73.91,78.77,0.029520919046254868,0.026369783140049563
2023-07-10,73.05,77.83,-0.011703998600086862,-0.01200525274393538
2023-07-11,74.87,79.54,0.024609138045885715,0.021733078808247264
2023-07-12,75.77,80.35,0.011949159700687773,0.010132052403976743
2023-07-13,76.86,81.31,0.014283149193415667,0.011876918036224815
2023-07-14,75.44,79.9,-0.018647946811495508,-0.017493157447517227
2023-07-17,74.17,77.8,-0.01697788257673505,-0.02663442158788243
2023-07-18,75.76,79.54,0.02121069312935564,0.022118608595198097
2023-07-19,75.4,79.38,-0.004763173863912229,-0.0020135924246247328
2023-07-20,75.65,79.62,0.003310165220455019,0.003018870217252001
2023-07-21,77.06,81.06,0.01846689896364584,0.017924303627991023
2023-07-24,78.81,82.53,0.022455553167547215,0.017972242404430183
2023-07-25,79.76,83.46,0.011982233288024169,0.011205611558813722
2023-07-26,79.11,82.98,-0.008182836620277634,-0.005767860258684365
2023-07-27,80.17,84.28,0.013310091021555337,0.015544974031266534
2023-07-28,80.55,84.49,0.004728729568123313,0.002488595228764545
2023-07-31,81.8,85.22,0.015399133985718017,0.00860296390701265
2023-08-01,81.37,85.34,-0.005270588900136097,0.0014071296880882045
2023-08-02,79.5,84.01,-0.023249633048279428,-0.015707438383098626
2023-08-03,81.56,86.19,0.025581924045968485,0.02561832228255234
2023-08-04,82.76,87.38,0.014605907171088006,0.013712261863982
2023-08-07,81.94,86.47,-0.00995758075861719,-0.010468890550950682
2023-08-08,82.94,88,0.012130182699509717,0.0175392815058677
2023-08-09,84.35,89.31,0.01685735417374179,0.01477664921758759
2023-08-10,82.81,87.44,-0.018425981946368353,-0.021160619827511162
2023-08-11,83.17,87.93,0.004337878834987485,0.005588199522627235
2023-08-14,82.5,87.4,-0.008088412539961176,-0.00604576072942109
2023-08-15,81.06,86.28,-0.017608672140472237,-0.012897461140533473
2023-08-16,79.4,84.49,-0.020691252947072414,-0.020964637356202687
2023-08-17,80.43,85.24,0.012888872662887074,0.008837623065662825
2023-08-18,81.25,85.92,0.010143580293869192,0.007945823530138618
2023-08-21,80.71,85.44,-0.0066683378735659105,-0.005602255548669888
2023-08-22,80.25,84.7,-0.0057157213261556095,-0.008698773553875938
2023-08-23,78.91,83.94,-0.016838799477181254,-0.009013343752563685
2023-08-24,79.52,84.07,0.007700599815374964,0.001547527241759994
2023-08-25,80.47,85.42,0.011875881809722877,0.015930480266114877
2023-08-29,81.14,86.37,0.00829161362025932,0.011060127878874226
2023-08-30,81.64,86.62,0.006143280163342979,0.0028903424942861022
2023-08-31,83.55,87.29,0.023125917099759086,0.007705172960777773
2023-09-01,85.52,89.98,0.023305011675386567,0.030351514665768242
2023-09-05,86.74,91.25,0.014164871690431013,0.014015569049574239
2023-09-06,87.55,91.79,0.009294920324640188,0.005900366768399223
2023-09-07,86.87,91.16,-0.007797310460031959,-0.006887154853516542
2023-09-08,87.51,91.85,0.0073403242759111365,0.007540607283651468
2023-09-11,87.3,91.97,-0.0024026097021829784,0.001305625253471554
2023-09-12,88.87,93.58,0.017824164904826745,0.017354248523464122
2023-09-13,88.59,93.04,-0.003155643326442359,-0.005787177227661644
2023-09-14,90.13,95.2,0.017234088144377324,0.022950433586911068
2023-09-15,90.83,95.55,0.007736554945803498,0.0036697288889619983
2023-09-18,91.47,95.95,0.007021422154150692,0.004177551767426735
2023-09-19,91.16,96.11,-0.0033948452907894833,0.0016661463814839905
2023-09-20,89.2,94.56,-0.0217351647915196,-0.01625881517740435
2023-09-21,89.56,93.7,0.004027752144589947,-0.009136364413412146
2023-09-22,90,93.99,0.0049008785997113335,0.003090204387834028
2023-09-25,89.68,94.01,-0.0035618915663606643,2.1276595824915034e-4
2023-09-26,91.43,94.46,0.01932587341243064,0.004775304877512099
2023-09-27,93.67,97.1,0.024204315044704217,0.027564910829307898
2023-09-28,91.65,96.64,-0.021800992935324892,-0.004748641110774443
2023-09-29,90.77,95.86,-0.009648139747178597,-0.008103940455019831
2023-10-02,88.81,91.21,-0.021829578268122596,-0.04972425353941823
2023-10-03,89.26,94.46,0.005054202930710794,0.035011924275904605
2023-10-04,84.32,89.83,-0.0569343744080717,-0.05025746922685581
2023-10-05,82.3,88.28,-0.02424797711002835,-0.017405413852579876
2023-10-06,82.83,87.86,0.00641920692714848,-0.004768942840902568
2023-10-10,85.89,90.7,0.03627709316796146,0.03181271857345802
2023-10-11,83.7,87.58,-0.025828430282704318,-0.03500469574783871
2023-10-12,82.87,88.4,-0.00996586263447874,0.009319308270345772
2023-10-13,87.67,94.33,0.05630665073954333,0.06492730301816341
2023-10-16,86.65,90.99,-0.011702749438878612,-0.036049662293161866
2023-10-17,86.66,92.52,1.1540015014777083e-4,0.016675226994638415
2023-10-18,88.35,91.99,0.019313782453941997,-0.005744961874172283
2023-10-19,89.35,93.12,0.011255042839731999,0.012209108494062093
2023-10-20,89.12,93.72,-0.002577465426463199,0.006422629656467116
2023-10-23,85.49,91.88,-0.04158436614083172,-0.019828235818697415
2023-10-24,84.58,88,-0.01070157799379956,-0.04314656334269085
2023-10-25,86.07,90.14,0.01746308661703999,0.024027202784295376
2023-10-26,83.8,88.45,-0.02672791117334583,-0.018926596656707595
2023-10-27,86.04,90.73,0.02637929691149221,0.025450642575743032
2023-10-30,83.03,90.73,-0.03561031612558985,0
2023-10-31,81.64,86.82,-0.016882650332295412,-0.04405105331009018
2023-11-01,81.05,86.92,-0.007253089759958975,0.0011511455167818596
2023-11-02,83.04,89.02,0.024256171235893298,0.02387290819947907
2023-11-03,81.19,87.55,-0.022530332543222897,-0.016651004855847695
2023-11-06,81.54,87.31,0.004301610516751708,-0.002745054909144784
2023-11-07,77.96,83.43,-0.04489782275174736,-0.04545704690873276
2023-11-08,75.85,81.46,-0.0274381688448182,-0.023895854693717133
2023-11-09,76.34,81.74,0.006439341522542108,0.003431375915865509
2023-11-13,78.86,84.09,0.03247708113239778,0.028344175708674868
2023-11-14,78.9,84.2,5.070994023474995e-4,0.0013072674034750875
2023-11-15,77.15,82.4,-0.02242964904265854,-0.021609484332855367
2023-11-16,73.5,77.73,-0.048466172590379664,-0.05834415367329804
2023-11-17,76.47,81.22,0.03961310083734304,0.04392023901602382
2023-11-20,78.1,83.25,0.02109154978950656,0.024686606602401184
2023-11-21,78.35,82.42,0.0031959119563893523,-0.010020002949882034
2023-11-22,76.8,81.76,-0.019981328648403185,-0.008039999455276892
2023-11-24,74.83,79.82,-0.025985766061359605,-0.02401402683480658
2023-11-27,74.46,79.49,-0.004956805647696072,-0.004142872035566292
2023-11-28,76.09,81.66,0.021654781743860596,0.026933058306408242
2023-11-29,77.56,82.98,0.019134980186019668,0.016035329013292632
2023-11-30,75.66,81.72,-0.024802211169568267,-0.015300844955301152
2023-12-01,73.7,78.72,-0.026246820009591332,-0.037401517205423396
2023-12-04,72.73,78.16,-0.013248845028842382,-0.007139245009470052
2023-12-05,71.95,77.27,-0.010782520833072518,-0.01145222578903482
2023-12-06,68.98,74.33,-0.04215482582468155,-0.03879114320829036
2023-12-07,69,74.21,2.8989708856475005e-4,-0.0016157267551601961
2023-12-08,70.87,75.94,0.026740708224904708,0.023044642821614225
2023-12-11,70.95,75.75,0.0011281907838869287,-0.002505110414177558
2023-12-12,68.27,74.11,-0.03850497217586213,-0.021887968426211657
2023-12-13,69.09,74.14,0.011939571070514354,4.0472175931860477e-4
2023-12-14,71.21,77.05,0.030223255493329937,0.03849936404353915
2023-12-15,71.05,76.84,-0.00224940345092417,-0.002729223865769015
2023-12-18,72.16,78.89,0.015502021211259098,0.02632913920664226
2023-12-19,73.23,79.82,0.014719297318610103,0.011719622513589378
2023-12-20,73.87,81.1,0.008701618467667593,0.015908861500779636
2023-12-21,73.59,80.73,-0.0037976446021383836,-0.0045727077144430694
2023-12-22,73.29,80.23,-0.004084973000749059,-0.006212743641359708
2023-12-27,74.31,80.97,0.013821358231619563,0.009181205932458525
2023-12-28,72.02,79.04,-0.03130167394864891,-0.024124662258410368
2023-12-29,71.89,77.69,-0.0018066852249489784,-0.017227504477283162
2024-01-02,70.62,76.24,-0.017823782495540286,-0.018840289616383288
2024-01-03,72.97,77.18,0.03273500727728873,0.012254096763526512
2024-01-04,72.38,75.79,-0.008118379641932627,-0.01817399828553512
2024-01-05,74,78.31,0.02213507506857404,0.032708950938908465
2024-01-08,71.06,75.47,-0.0405405026112895,-0.03694008246606906
2024-01-09,72.43,77.97,0.019095987614353938,0.032588911024731715
2024-01-10,71.57,78.46,-0.011944586456728246,0.00626480345989755
2024-01-11,72.15,80.21,0.008071293469373408,0.02205925459742719
2024-01-12,72.94,79.89,0.010889900160654165,-0.00399750688488254
2024-01-16,72.63,80.15,-0.004259125762457572,0.003249190561611215
2024-01-17,72.79,78.88,0.0022005235120898803,-0.01597216876118246
2024-01-18,74.32,81.04,0.020801511375416304,0.02701514964604801
2024-01-19,73.69,80.71,-0.00851298972667447,-0.004080376604147062
2024-01-22,75.26,81.7,0.02108168038638336,0.012191518529676593
2024-01-23,74.72,82.04,-0.007200991244704191,0.0041529313382229205
2024-01-24,75.48,82.15,0.010119926579762684,0.0013399112790972723
2024-01-25,77.91,82.33,0.03168659384241668,0.0021887168270575685
2024-01-26,78.45,83.34,0.006907164836275292,0.012193064683972743
2024-01-29,77.25,83.99,-0.015414563401186854,0.007769118143228226
2024-01-30,78.3,84.14,0.01350068721890274,0.0017843340248386852
2024-01-31,76.28,82.98,-0.026136822264539283,-0.013882463257652411
2024-02-01,74.36,82.2,-0.025492617878975388,-0.009444312842587621
2024-02-02,72.72,79.54,-0.02230171298401995,-0.03289526228259021
2024-02-05,73.21,79.3,0.0067155737893278555,-0.0030219111387417286
2024-02-06,73.83,80.46,0.008433129412523499,0.014522037880839278
2024-02-07,74.26,81.18,0.0058072956778598694,0.008908744889109421
2024-02-08,76.67,83.01,0.03193804882186857,0.022292171056192522
2024-02-09,77.26,83.58,0.007665859667332242,0.0068431745528254595
2024-02-12,77.34,83.88,0.0010349289410154228,0.0035829490139498432
2024-02-13,78.28,84.72,0.012080856348724467,0.0099644952594317715
2024-02-14,77.09,84.41,-0.01531857205670395,-0.003665823297522408
2024-02-15,78.47,84.33,0.017742815668210454,-9.482044090782793e-4
2024-02-16,79.65,84.88,0.014925650216675912,0.006500820719177014
2024-02-20,78.72,84.78,-0.011744783612059884,-0.0011788283812359523
2024-02-21,78.89,84.77,0.002157224363000587,-1.179593041769067e-4
2024-02-22,79.64,85.84,0.009462002088997501,0.012543391702128481
2024-02-23,77.6,84.18,-0.025949052006822626,-0.019527734980018252
2024-02-26,78.53,84.01,0.011913290197609783,-0.0020215239656691253
2024-02-27,79.8,83.8,0.016042787068980324,-0.002502831888718582
2024-02-28,79.44,84.08,-0.004521484718845947,0.0033357190806588832
2024-02-29,79.22,84.57,-0.0027732275431464615,0.00581086722543489
2024-03-01,80.9,84.82,0.020985031870675463,0.0029517702523138567
2024-03-04,79.67,86.58,-0.015320720672171717,0.02053747796739014
2024-03-05,79.11,85.82,-0.007053814358969568,-0.00881676245045604
2024-03-06,80.08,86.59,0.012186845973659821,0.008932255896331398
2024-03-07,79.81,84.88,-0.003377325119047647,-0.01994584115398279
2024-03-08,78.96,84.29,-0.010707414762690881,-0.0069752602963362165
2024-03-11,78.87,83.44,-0.0011404677153263876,-0.010135423316874004
2024-03-12,78.51,83.66,-0.004574922199735987,0.0026331553215355186
2024-03-13,80.67,83.95,0.027140753738718715,0.0034604175094976597
2024-03-14,82.16,86.16,0.01830180667142045,0.025984649324582776
2024-03-15,81.94,85.39,-0.002681293501577642,-0.00897703492861801
2024-03-18,83.68,86.47,0.021012728197887576,0.012568535052824181
2024-03-19,84.39,87.36,0.008448910853262603,0.010239979024255774
2024-03-20,82.79,85.77,-0.019141630019160694,-0.01836821699426494
2024-03-21,81.99,84.92,-0.009709992542628498,-0.009959658167274732
2024-03-22,81.1,84.87,-0.010914327486719166,-5.889628534694324e-4
2024-03-25,82.41,86.18,0.016023827653924627,0.015317458206106416
2024-03-26,82.41,85.91,0,-0.0031378955377272533
2024-03-27,82.15,84.94,-0.0031599442920144938,-0.011355111764840053
2024-03-28,83.96,86.17,0.021793650469154713,0.01437696436655056
2024-04-02,85.95,87.63,0.023425236876426503,0.016801315816083573
2024-04-03,86.22,90.6,0.0031364374901299286,0.033330807981174715
2024-04-04,87.37,90.32,0.013249804991014358,-0.0030952932075276607
2024-04-05,87.69,92.81,0.0036558934812616073,0.027195472765895623
2024-04-08,87.24,91.73,-0.005144926457836263,-0.011704913085737623
2024-04-09,86.04,92.13,-0.013850636933899096,0.0043511435992762415
2024-04-10,86.98,91.57,0.010865902769963576,-0.006096916001199659
2024-04-11,85.79,91.49,-0.013775757584618908,-8.740304281964484e-4
2024-04-12,86.46,93.12,0.007779429654611647,0.017659307291683746
2024-04-15,86.21,90.84,-0.002895699017652298,-0.024789266745770533
2024-04-16,86.15,91.29,-6.962172478948148e-4,0.00494153533963182
2024-04-17,83.58,89.54,-0.030285705954169018,-0.019355799764169568
2024-04-18,83.5,88.34,-9.576251629592747e-4,-0.013492446644439049
2024-04-19,83.79,87.96,0.0034670367683853343,-0.004310840481820399
2024-04-22,83.82,87.3,3.5797387173008843e-4,-0.0075317028410033515
2024-04-23,84.17,88.29,0.004166920726559553,0.011276388067933851
2024-04-24,84.09,89.02,-9.509093786785883e-4,0.008234212674217645
2024-04-25,84.92,88.1,0.009821982990248834,-0.010388530645574434
2024-04-26,85.38,89.95,0.005402244494760566,0.020781427454408252
2024-04-29,84.26,88.44,-0.013204624778945018,-0.01692960440729685
2024-04-30,83.49,88.23,-0.009180392344961597,-0.0023773147552317297
2024-05-01,80.7,83.55,-0.03398828893000605,-0.0545017861926107
2024-05-02,80.59,84.81,-0.0013640029394830222,0.014968205332205997
2024-05-03,79.65,83.6,-0.011732535980362613,-0.01436994028295313
2024-05-07,79.97,82.69,0.004009527987740569,-0.010944844356580496
2024-05-08,80.57,82.44,0.007474807445306375,-0.003027919711817262
2024-05-09,80.86,83.27,0.003592892423520233,0.010017584225470166
2024-05-10,79.81,83.39,-0.013070454324707548,0.0014400578511661877
2024-05-13,80.71,83.18,0.011213673448363437,-0.0025214637841290966
2024-05-14,79.62,81,-0.013597165764108965,-0.026557779642326196
2024-05-15,80.23,79.98,0.007632192193392839,-0.012672551253766429
2024-05-16,80.85,81.65,0.007698076257550923,0.020665215997801134
2024-05-17,81.66,82.24,0.009968699868314168,0.007199982290381435
2024-05-20,81.39,81.91,-0.003311870552479057,-0.0040207181793450175
2024-05-21,80.66,81.22,-0.009009625893728668,-0.008459561269358318
2024-05-22,79.15,79.9,-0.01889800311820089,-0.016385669485923238
2024-05-23,77.47,79.25,-0.0214540216832102,-0.008168440014838296
2024-05-24,78.48,78.92,0.012953050613297101,-0.004172731602976043
2024-05-28,80.9,81.34,0.030370008807338422,0.03020321932466441
2024-05-29,80.24,81.5,-0.008191680410766011,0.001965119767738166
2024-05-30,78.96,81.42,-0.01608074852845398,-9.820771719839527e-4
2024-05-31,77.97,79.41,-0.012617257803717585,-0.024996638167713137
2024-06-03,75.26,76.45,-0.03537535215621723,-0.03798737253204809
2024-06-04,74.27,75.33,-0.013241683484086053,-0.014758470537468149
2024-06-05,75.08,75.41,0.010847110037103036,0.001061430376951833
2024-06-06,76.52,77.62,0.018997932853743293,0.02888523372620444
2024-06-07,76.53,78.12,1.306762497783609e-4,0.006420980067717963
2024-06-10,78.75,79.59,0.028595456883912185,0.018642350809280117
2024-06-11,78.88,80.15,0.0016494325886373673,0.007011422237804155
2024-06-12,79.56,80.52,0.00858374369139181,0.00460572171602891
2024-06-13,79.61,81.44,6.282591147153127e-4,0.011360952030621263
2024-06-14,79.41,81.49,-0.0025154081933669303,6.137605299159077e-4
2024-06-17,81.33,82.45,0.02389064727156409,0.011711735673479495
2024-06-18,82.67,84.79,0.01634182708589993,0.027985562310304246
2024-06-20,83.34,85.92,0.00807184672972383,0.013239019444642786
2024-06-21,81.71,86.42,-0.019752232597691766,0.005802499743232659
2024-06-24,82.63,86.75,0.011196417316477358,0.0038112883231811168
2024-06-25,81.97,86.81,-0.008019484048154446,6.914035767477955e-4
2024-06-26,82.19,85.76,0.0026803134954693775,-0.012169125081224585
2024-06-27,83.04,87,0.010288779257169978,0.014355421332092
2024-06-28,82.83,87.26,-0.002532104807405844,0.0029840490408803433
2024-07-01,84.7,86.57,0.02232528704783654,-0.007938832467782042
2024-07-02,84.09,88.28,-0.007227947813202462,0.019560246160853723
2024-07-03,85.19,88.25,0.012996402209942914,-3.398855751299834e-4
2024-07-05,84.44,88.66,-0.008842833074629297,0.004635133503501976
2024-07-08,83.63,87.15,-0.009638915586685393,-0.017178057350877296
2024-07-09,82.78,86.48,-0.010215821072848463,-0.007717598635077927
2024-07-10,83.39,86.55,0.00734191177830823,8.091082912660141e-4
2024-07-11,83.92,86.49,0.006335565989147085,-6.934813037977605e-4
2024-07-12,83.49,87.35,-0.00513709988213229,0.009894236261644984
2024-07-15,83.22,86.42,-0.0032391606511144033,-0.010703906076278358
2024-07-16,81.92,86.6,-0.01574454226359734,0.002080685064601795
2024-07-17,84.16,85.76,0.026976587698202437,-0.009747118245897468
2024-07-18,84.17,86.26,1.1881423408510727e-4,0.005813293897205085
2024-07-19,81.43,85.19,-0.03309480774444484,-0.012481935164947444
2024-07-22,81.25,83.44,-0.002212934269193667,-0.020756245362232306
2024-07-23,78.24,82.2,-0.03774979548328439,-0.014972508630382464
2024-07-24,78.78,83.01,0.0068781318161974525,0.009805780404809283
2024-07-25,79.43,82.58,0.008216973102281422,-0.005193562008999564
2024-07-26,78.58,81.35,-0.010758916514727268,-0.015006686792897739
2024-07-29,77.27,80.94,-0.01681143218482095,-0.005052694217327236
2024-07-30,76.17,79.26,-0.014338097560796292,-0.020974551685430498
2024-07-31,79.36,81.39,0.041026778591921165,0.026518827576661685
2024-08-01,77.74,81.37,-0.0206245375525409,-2.457606303849502e-4
2024-08-02,74.99,78.35,-0.03601515411077916,-0.03782068590653598
2024-08-05,74.46,77.51,-0.0070927028687268745,-0.010779008508609245
2024-08-06,74.6,76.62,0.0018784387651447076,-0.011548821020917366
2024-08-07,76.68,78.26,0.02750041096772815,0.021178477509763205
2024-08-08,77.64,80.76,0.012441840123366354,0.03144517666237068
2024-08-09,78.28,81.07,0.008209384227065186,0.0038311855549784113
2024-08-12,81.45,83.06,0.03969719252017878,0.024250259202991842
2024-08-13,79.81,82.51,-0.020340525160136735,-0.006643740086355265
2024-08-14,78.47,82.15,-0.01693242374853554,-0.004372653632974455
2024-08-15,79.66,83.09,0.015051191614116277,0.011377513193612465
2024-08-16,78.05,81.56,-0.020417930792056893,-0.018585411970635235
2024-08-19,75.82,81.09,-0.028987536873252395,-0.0057792967497887204
2024-08-20,75.27,78.85,-0.007280461041747621,-0.028012335547418665
2024-08-21,72.76,78.77,-0.03391529539651916,-0.0010150996938147472
2024-08-22,73.72,78.8,0.01310777915170025,3.80783148600905e-4
2024-08-23,75.82,80.34,0.028087977286566534,0.01935463206730237
2024-08-27,76.5,81.51,0.00892863074430128,0.014458083175230563
2024-08-28,75.49,80.04,-0.013290543680956723,-0.018199202390833946
2024-08-29,76.9,81.55,0.018505679360065308,0.018689819351490833
2024-08-30,74.52,80.2,-0.03143833077821068,-0.016692814194554373
2024-09-03,71.28,76.46,-0.04445176257083361,-0.047755786604201766
2024-09-04,70.11,74.67,-0.01655034594367777,-0.023689323220656533
2024-09-05,70.09,74.47,-2.8530670664306257e-4,-0.00268204532505667
2024-09-06,68.58,72.82,-0.02177918347745944,-0.02240571697526672
2024-09-09,69.65,72.37,0.015481753191040504,-0.006198793869250707
2024-09-10,66.73,70.34,-0.04282807331029925,-0.02845122183220017
2024-09-11,68.25,70.31,0.022522807149553792,-4.2659083476603854e-4
2024-09-12,69.89,73.81,0.023745143423968607,0.048580187570890665
2024-09-13,69.59,73.68,-0.004301698632279027,-0.0017628318349096617
2024-09-16,71.1,73.96,0.02146645795243618,0.0037930145718725328
2024-09-17,72.16,74.55,0.01479853894517369,0.007945634691823855
2024-09-18,71.87,74.52,-0.0040269442740168415,-4.0249547735982105e-4
2024-09-19,72.86,75.93,0.01368086010006575,0.018744317491754536
2024-09-20,72.72,75.96,-0.0019233417111941264,3.9502271894242824e-4
2024-09-23,71.33,74.95,-0.019299453579276538,-0.013385661395478365
2024-09-24,72.34,75.29,0.014060230234004933,0.004526099313424403
2024-09-25,70.42,75.4,-0.02689991279704529,0.0014599511518795794
2024-09-26,68.28,73.06,-0.030860415800666452,-0.031526253646774194
2024-09-27,68.72,71.63,0.006423379749760372,-0.019767040740775954
2024-09-30,68.75,72.35,4.3645887068066713e-4,0.010001472451132365
2024-10-01,70.41,75.3,0.023858561984360982,0.03996468172835499
2024-10-02,70.74,74.86,0.004675885246292921,-0.005860432329564347
2024-10-03,74.33,77.57,0.04950345495986763,0.035561052026497286
2024-10-04,74.93,79.32,0.008039705639016681,0.022309549148814334
2024-10-07,77.76,81.74,0.03707281577596433,0.030053174484536704
2024-10-08,74.26,78.19,-0.046054711403249016,-0.04440171599970899
2024-10-09,73.85,77.06,-0.005536439771545609,-0.014557422938411335
2024-10-10,76.46,79.45,0.03473171929087826,0.03054355378471385
2024-10-11,76.11,80.27,-0.004588065988967216,0.010268059160760679
2024-10-15,71.22,73.68,-0.06640598442966805,-0.08566456019643454
2024-10-16,70.97,73.65,-0.0035164253127399903,-4.0724903841216076e-4
2024-10-17,71.26,74.37,0.004077907640798628,0.00972849180656965
2024-10-18,69.78,72.75,-0.02098772441906238,-0.02202372866360669
2024-10-21,71.16,73.29,0.01958342703900673,0.007395267886156631
2024-10-22,72.84,75.59,0.02333439206177257,0.03089982536632707
2024-10-23,71.37,74.68,-0.020387641876431495,-0.012111680630563448
2024-10-24,70.58,74.27,-0.011130794735851879,-0.005505216992316875
2024-10-25,72.02,75.62,0.020197039973605335,0.0180136967815816
2024-10-28,67.65,71.87,-0.06259650360393199,-0.050861866982435444
2024-10-29,67.48,71.09,-0.002516096939030099,-0.010912251538959694
2024-10-30,68.91,73.21,0.02097004769134969,0.029385343717159174
2024-10-31,69.58,73.25,0.009675864354679042,5.462242386258254e-4
2024-11-01,69.81,73.63,0.003300096258514351,0.005174303483448384
2024-11-04,71.83,74.89,0.028524950104399593,0.016967818880650576
2024-11-05,72.26,76.98,0.005968509632784169,0.027525277594324216
2024-11-06,71.98,76.52,-0.0038824230686094197,-0.005993503283548307
2024-11-07,72.69,75.73,0.00981552084565962,-0.0103777614463203
2024-11-08,70.69,74.04,-0.027899703313681634,-0.022568895420434387
2024-11-12,68.43,72.56,-0.03249279521845594,-0.02019168189841558
2024-11-13,68.76,72.86,0.004810855550242188,0.004125985773535845
2024-11-14,68.99,73.39,0.003339386043368364,0.007247894976553759
2024-11-15,67.33,73.45,-0.02435566400082756,8.172160629156267e-4
2024-11-18,69.46,74.35,0.031145144758737864,0.012178770286277008
2024-11-19,69.75,74.32,0.00416637338554704,-4.0357840058113936e-4
2024-11-20,69.25,74.33,-0.007194275634026859,1.3454423161984863e-4
2024-11-21,70.39,75.09,0.016328062552592115,0.010172755374590281
2024-11-22,71.68,76.1,0.018160561046634882,0.013360870755847465
2024-11-25,69.41,74.27,-0.03218081931518224,-0.024341163186434756
2024-11-26,69.05,74.56,-0.00520006949619134,0.003897068696129935
2024-11-27,69.03,73.91,-2.8968713991694983e-4,-0.008756033580540112
2024-11-29,68.26,74.16,-0.011217249236823434,0.0033767844608041386
2024-12-02,68.35,72.81,0.0013176196913979865,-0.01837161285097988
2024-12-03,70.15,74.8,0.025994243378510973,0.026964576573812238
2024-12-04,68.81,74.68,-0.01928672333408077,-0.001605566306909445
2024-12-05,68.58,73.78,-0.0033481361796150466,-0.012124626504992797
2024-12-06,68.58,73.78,0,0
2024-12-09,68.65,73.73,0.0010201851792066563,-6.77920166970658e-4
2024-12-10,68.85,73.64,0.0029090929606834237,-0.0012214156366816553
2024-12-11,70.57,74.38,0.02467489983807436,0.009998732132046939
2024-12-12,70.25,73.52,-0.004544816798882856,-0.011629610449492844
2024-12-13,71.54,74.89,0.018196425617015954,0.01846289221384456
2024-12-16,71.03,74.3,-0.007154410821152979,-0.007909418537562551
2024-12-17,70.31,73.16,-0.01018828679864825,-0.015462128201048309
2024-12-18,70.8,74.57,0.006944964488603489,0.019089458033038298
2024-12-19,70.1,73.75,-0.009936206659129532,-0.011057286335773853
2024-12-20,69.71,73.19,-0.005579014542236749,-0.007622195606793447
2024-12-23,69.5,72.12,-0.0030170269275613393,-0.014727401278019414
2024-12-24,70.87,73.5,0.019520460251418292,0.018954007883674073
2024-12-27,71.28,73.77,0.0057685703403898,0.0036667386774205113
2024-12-30,71.73,74.24,0.006293286975789236,0.006350943581733937
2024-12-31,72.44,74.58,0.009849562876869555,0.004569286272730011
2025-01-02,73.79,76.14,0.018464588055062237,0.02070137620367607
2025-01-03,74.64,76.72,0.011453335468813108,0.007588679620831762
2025-01-06,74.31,77.27,-0.0044310243697101015,0.007143351370309858
2025-01-07,74.99,77.84,0.009109239143919368,0.00734965593225656
2025-01-08,73.99,77.37,-0.013424822375838197,-0.006056329316385778
2025-01-10,77.27,79.76,0.04337583300803338,0.030423017092219062
2025-01-13,79.57,82.69,0.029331355443950713,0.03607655008049271
2025-01-14,78.2,82.39,-0.017367489838178152,-0.003634605406576341
2025-01-15,80.73,83.48,0.03184060585565884,0.013143011881501465
2025-01-16,79.35,82.39,-0.017241806434506124,-0.013143011881501465
2025-01-17,78.56,83.02,-0.010005782926207907,0.007617472297393846
2025-01-21,76.79,80.57,-0.022788240703757623,-0.02995517083578836
2025-01-22,76.12,80,-0.008763380914503571,-0.00709973711522327
2025-01-23,75.03,78.62,-0.014423008870311449,-0.017400514680167234
2025-01-24,74.97,78.71,-8.00000042667115e-4,0.0011440921606444832
2025-01-27,73.51,77.3,-0.01966658212897432,-0.018076256560981996
2025-01-28,74.15,78.01,0.008668617197945316,0.00914306800684539
2025-01-29,72.94,77.02,-0.01645288320340743,-0.012771895213458784
2025-01-30,73.1,77.42,0.002191181375199136,0.005180016762738937
2025-01-31,72.84,77.11,-0.0035631118963257435,-0.00401217130463305
2025-02-03,73.52,76.49,0.009292223188023918,-0.008072960511094074
2025-02-04,73.04,76.58,-0.006550241760717945,0.0011759327153733068
2025-02-05,71.39,74.71,-0.02284943277234408,-0.024721994061438046
2025-02-06,70.97,74.54,-0.005900550977477437,-0.0022780579365972997
2025-02-07,71.32,74.68,0.004919540458047322,0.001876424622409445
2025-02-10,72.73,76.23,0.01957716117150987,0.020542767326659828
2025-02-11,73.67,77.65,0.0128417065282731,0.01845646359451436
2025-02-12,71.72,75.38,-0.026826011957790108,-0.029669561755707008
2025-02-13,71.66,75.61,-8.369368601242044e-4,0.0030465617311890014
2025-02-14,71.05,75.19,-0.008548857333698479,-0.005570306180242568
2025-02-18,72.21,76.46,0.016194685919980856,0.016749484878331167
2025-02-19,72.58,76.34,0.00511086132183447,-0.0015706809511835118
2025-02-20,72.88,76.95,0.004124851166777965,0.00795881296780454
2025-02-21,70.72,74.88,-0.030085834622314955,-0.027269028115551208
2025-02-24,71.06,74.89,0.004796172263493048,1.3353809193894506e-4
2025-02-25,69.15,73.11,-0.027246532482113395,-0.024055213956051702
2025-02-26,68.87,73.49,-0.004057388554159935,0.005184186235555721
2025-02-27,70.62,75.01,0.025092720943632685,0.020472095440765337
2025-02-28,69.97,74.76,-0.009246811742435135,-0.003338455394183093
2025-03-03,68.63,72.85,-0.019336821837261375,-0.025880449946148687
2025-03-04,68.47,72.31,-0.0023340637875719494,-0.007440100454353171
2025-03-05,66.58,70.92,-0.027991460986092953,-0.01940995098085274
2025-03-06,66.62,71.08,6.006006186547452e-4,0.002253522080443382
2025-03-07,67.29,72.49,0.010006804434693706,0.019642618026335157
2025-03-10,66.31,71.08,-0.014670921819450733,-0.019642618026335157
2025-03-11,66.52,71.51,0.0031619389439505596,0.006031296773853612
2025-03-12,67.65,72.36,0.016844700292070414,0.011816360466790243
2025-03-13,66.82,70.82,-0.012344917688187351,-0.021512213843337236
2025-03-14,67.43,71.94,0.009087585817880495,0.015690991583720226
2025-03-17,67.84,71.93,0.006061968737157031,-1.390143882131767e-4
2025-03-18,67.49,71.93,-0.005172552728332391,0
2025-03-19,67.4,71.94,-0.00133442083705404,1.390143882131767e-4
2025-03-20,68.55,72.61,0.016918388090061853,0.00927021512467796
2025-03-21,68.52,72.64,-4.377325524034248e-4,4.130809008824343e-4
2025-03-24,69.46,73.96,0.013625373860008061,0.018008672225885647
2025-03-25,69.48,73.78,2.8789405697704495e-4,-0.0024367143503942756
2025-03-26,70.05,74.6,0.008170331410111586,0.011052815041185937
2025-03-27,70.3,74.72,0.003562526033602964,0.001607286710871847
2025-03-28,69.74,74.69,-0.007997757569113695,-4.015795516121301e-4
2025-03-31,71.87,77.23,0.030084890232846107,0.03344176821219769
2025-04-01,71.61,77.78,-0.0036242024615029678,0.007096346146428623
2025-04-02,72.12,77.27,0.007096669316267956,-0.006578546782108674
2025-04-03,67.43,72.54,-0.06724137558862608,-0.0631676480907366
2025-04-04,62.42,68.36,-0.07720428590385708,-0.05935027560736561
2025-04-07,61.05,66.13,-0.022192536285920106,-0.033165356560819426
2025-04-08,60.04,64.86,-0.016682193791452526,-0.019391400807399428
2025-04-09,62.63,67.3,0.04223338977206037,0.036929135771510246
2025-04-10,60.57,65.37,-0.03344467554446506,-0.029096799026043563
2025-04-11,61.91,66.83,0.021881996538284376,0.022088643898340088
2025-04-14,61.99,67.18,0.0012913641826877154,0.005223502661168666
2025-04-15,61.74,66.58,-0.004041062639815074,-0.00897135203726851
2025-04-16,62.88,67.94,0.018296129046937892,0.020220730585559288
2025-04-17,65.07,69.33,0.03423546538594202,0.020252750221961158
2025-04-22,64.6,68.93,-0.007249202718337067,-0.005786216056838711
2025-04-23,62.64,68.26,-0.030810359106007823,-0.009767553418999597
2025-04-24,63.55,67.5,0.014422945952914823,-0.01119634560007654
2025-04-25,63.85,66.99,0.004709584843085146,-0.007584243358308207
2025-04-28,63.3,66.13,-0.008651253328417319,-0.01292085283360489
2025-04-29,61.84,64.04,-0.023334924870964002,-0.03211461355805678
2025-04-30,59.55,63.37,-0.0377341084778573,-0.010517324793088534
2025-05-01,60.59,62.37,0.01731356715558796,-0.01590617279739437
2025-05-02,59.67,61.57,-0.015300481422906742,-0.012909651614912754
2025-05-06,60.42,62.37,0.0124907944245356,0.012909651614912754
2025-05-07,59.42,60.31,-0.016689305924064257,-0.03358646307513613
2025-05-08,61.25,62.22,0.030332979390374604,0.0311785640065958
2025-05-09,62.37,64.26,0.018120541113194832,0.03226086221822122
2025-05-12,63.32,65.28,0.01511684447477979,0.01574835696813892
2025-05-13,65.04,66.93,0.026801230226744188,0.024961586456699436
2025-05-14,64.48,65.91,-0.008647367041182186,-0.015357122047921834
2025-05-15,63.03,64.36,-0.02274429467335448,-0.02379785294044634
2025-05-16,63.84,65.2,0.012769149616534747,0.012967146808424701
2025-05-19,63.98,66.25,0.0021905813798186458,0.015975995933724008
2025-05-20,63.97,66.93,-1.563110593263417e-4,0.010211832246219466
2025-05-21,62.93,65.86,-0.0163912259232033,-0.016116020164332667
2025-05-22,62.55,64.87,-0.006056760625922308,-0.015146009723253862
2025-05-23,62.89,65.41,0.005420931642492022,0.00828988474815695
2025-05-27,61.61,64.32,-0.020562973528932993,-0.016804527102410205
2025-05-28,62.54,65.72,0.01498215700321559,0.02153266829835676
2025-05-29,61.66,64.6,-0.014170929571690749,-0.01718888238051175
2025-05-30,61.46,64.32,-0.00324886575566552,-0.004343785917845011
2025-06-02,63.27,66.55,0.029024726456454708,0.0340829199704098
2025-06-03,64.1,67.48,0.013033080767830718,0.013877712836646516
2025-06-04,63.57,66.69,-0.008302702978306264,-0.01177624103355246
2025-06-05,64.06,67.14,0.0076784832326941554,0.006724974907673875
2025-06-06,65.3,68.02,0.019171892101373267,0.01302178802716103
2025-06-09,65.99,68.73,0.01051117911294508,0.010384005554464615
2025-06-10,65.66,68.41,-0.005013303321883988,-0.004666772360607752
2025-06-11,68.91,71.29,0.04831139329567069,0.04123705235663078
2025-06-12,68.73,70.84,-0.002615520235602631,-0.006332252214904521
2025-06-13,73.84,76,0.07171480506108274,0.07030952737169827
2025-06-16,72.53,75.05,-0.01790032081927606,-0.012578782206859707
2025-06-17,75.62,78.7,0.04172052908746604,0.047488597343885885
2025-06-18,75.89,78.38,0.0035641249530344865,-0.004074362651872221
2025-06-20,75.72,78.73,-0.0022425970746997592,0.004455484424890521
2025-06-23,69.36,74.34,-0.08773199386883501,-0.05737511232726966
2025-06-24,65.45,69.13,-0.058023840116377734,-0.07266037491193256
2025-06-25,65.98,68.4,0.008065173444526508,-0.010615965328668153
2025-06-26,66.44,68.57,0.006947618944658451,0.0024822966677682246
2025-06-27,66.66,69.37,0.0033057881344999984,0.011599376100936531
2025-06-30,66.3,68.15,-0.005415175687777385,-0.0177433392546682
2025-07-01,66.64,67.63,0.0051151006667709,-0.007659486555692929
2025-07-02,68.66,70.8,0.029861790170958358,0.045807329112824924
2025-07-03,68.13,70.42,-0.0077491432439691366,-0.005381686972767419
2025-07-07,69.16,71.95,0.015005016029513207,0.021494119606470186
2025-07-08,69.55,72.5,0.005623257554361771,0.007615128527252324
2025-07-09,69.61,71.98,8.623168111236978e-4,-0.007198259209744151
2025-07-10,67.78,70.38,-0.026641069001669848,-0.02247917075744521
2025-07-11,69.63,72.06,0.026928342775550007,0.023589973426507704
2025-07-14,68.19,70.96,-0.020897582421894434,-0.015382767318623536
2025-07-15,67.76,70.27,-0.006325876188761903,-0.009771372797217737
2025-07-16,67.13,69.67,-0.009341012393139003,-0.008575156162078379
2025-07-17,68.76,71.32,0.02399114256398871,0.02340698395291163
2025-07-18,68.53,71.06,-0.0033505749169169263,-0.0036522024020584354
2025-07-21,68.39,71.92,-0.0020449904877271052,0.012029799570484556
2025-07-22,67.56,69.69,-0.012210523170405274,-0.03149755471293769
2025-07-23,66.05,69.17,-0.02260406097126566,-0.007489592837933934
2025-07-24,67.16,70.42,0.016665801241005695,0.017910071114412673
2025-07-25,66.38,69.23,-0.011682025917511218,-0.01704301903697214
2025-07-28,67.81,70.87,0.021313870403922408,0.02341291813223023
2025-07-29,70.27,73.21,0.03563528850835507,0.03248481083638666
2025-07-30,71.09,73.98,0.011601714737285995,0.010462762745756748
2025-07-31,70.36,73.43,-0.010321760072034891,-0.007462214940789025
2025-08-01,68.39,70.55,-0.028398304759352122,-0.04001089316469564
2025-08-04,67.33,69.56,-0.015620712552815164,-0.014131988812740914
2025-08-05,66.2,69.14,-0.016925439614227322,-0.006056254992603982
2025-08-06,65.38,67.97,-0.01246406164689784,-0.01706700313493137
2025-08-07,64.9,66.99,-0.007368777586020059,-0.01452307683837084
2025-08-08,64.94,67.17,6.161429646551753e-4,0.0026833647585968734
2025-08-11,65.03,67.36,0.001384935206361071,0.002824650655298022
2025-08-12,64.22,66.8,-0.012534013219692497,-0.008348289391470587
2025-08-13,63.68,66.25,-0.008444147125240775,-0.008267615676269102
2025-08-14,64.99,68.12,0.02036287037013018,0.027835390928156123
2025-08-15,63.78,67.3,-0.01879375032434627,-0.012110619143805401
2025-08-18,64.51,68.18,0.011380588962238924,0.01299103005907476
2025-08-19,63.38,66.62,-0.017671896281375332,-0.023146433944223332
2025-08-20,64.19,67.61,0.01269908106091222,0.014751068337052864
2025-08-21,64.56,68.41,0.005747588638006285,0.011763111670320292
2025-08-22,64.08,68.29,-0.007462721201589417,-0.001755669799908155
2025-08-26,63.6,66.89,-0.007518832414027621,-0.02071386384268159
2025-08-27,64.49,67.75,0.013896702676209571,0.012774980629493449
2025-08-28,64.96,68.61,0.007261522831136347,0.012613836942989565
2025-08-29,64.36,67.83,-0.009279373729239815,-0.01143372174481172
2025-09-02,65.95,68.09,0.024404557039140684,0.003825784536886978
2025-09-03,64.36,67.76,-0.024404557039140684,-0.004858309151075879
2025-09-04,63.81,66.41,-0.008582404243926867,-0.02012440279117733
2025-09-05,62.22,64.92,-0.025233426410764537,-0.02269190490623174
2025-09-08,62.6,65.44,0.006088786636561316,0.007977949648101834
2025-09-09,62.97,67.97,0.00589314439459887,0.03793273906405492
2025-09-10,64.01,67.62,0.016380898653260978,-0.005162634078806683
2025-09-11,62.71,67.25,-0.020518396598983024,-0.005486778797791914
2025-09-12,63.02,67.87,0.004931211774199085,0.009177092233718653
2025-09-15,63.66,67.88,0.010104285524818124,1.4732965035868517e-4
2025-09-16,64.89,69.69,0.019137106779131052,0.02631539508440195
2025-09-17,64.41,69.19,-0.007424628074278239,-0.007200491939707732
2025-09-18,63.91,67.83,-0.007793056896608697,-0.01985176855273174
2025-09-19,63.02,67.05,-0.01402370733306224,-0.01156596523030018
2025-09-22,62.99,66.87,-4.761526952909989e-4,-0.002688173661800519
2025-09-23,63.76,67.96,0.012150050848122262,0.01616886073784407
2025-09-24,65.4,69.64,0.025396223981193344,0.024419818096256485
2025-09-25,65.51,70.48,0.0016805442806324677,0.011989866727936338
2025-09-26,66.5,71.15,0.0149991449180229,0.009461342907937542
2025-09-29,64.27,69,-0.03410898827861342,-0.03068381993860214
2025-09-30,63.17,68.52,-0.017263454472585593,-0.0069808311413401825
2025-10-01,62.59,66.67,-0.009223983973999594,-0.027370596825950777
2025-10-02,61.28,65.44,-0.021151995504274268,-0.018621384335476776
2025-10-03,61.65,66.13,0.006019704178017449,0.01048880939207919
2025-10-06,62.49,67.09,0.013533314330637758,0.014412499888226016
2025-10-07,62.52,67.1,4.7996161228525125e-4,1.4904240283897252e-4
2025-10-08,63.37,67.42,0.013504057782149914,0.004757665828278412
2025-10-09,62.36,67.23,-0.016066519145850222,-0.002822133324968945
2025-10-10,59.75,64.41,-0.04275485337795537,-0.04285067592214631
2025-10-14,59.52,63,-0.0038568002867833684,-0.022134174167266707
2025-10-15,59.08,62.33,-0.007419932861657763,-0.010691875570773668
2025-10-16,58.29,61.08,-0.013461905605720581,-0.020258370470327414
2025-10-17,58.3,61.23,1.7154129898777626e-4,0.0024527851394315903
2025-10-20,58.34,60.71,6.858710831290082e-4,-0.008528836347520219
2025-10-21,58.66,61,0.005470099109730064,0.00476543503096849
2025-10-22,59.3,62.28,0.010851242454374521,0.020766482792486052
2025-10-23,62.44,66.32,0.05159678964355141,0.06285116386124212
2025-10-24,62.27,65.8,-0.0027263267628709897,-0.007871672495768145
2025-10-27,62.13,65.52,-0.0022508048087575006,-0.004264398786457235
2025-10-28,60.97,64.03,-0.018847024155878245,-0.023003716014103226
2025-10-29,61.26,65.01,0.004745161484904337,0.015189380685666443
2025-10-30,61.36,65.11,0.0016310556543714938,0.001537043032393548
2025-10-31,61.75,65.44,0.006335818449086261,0.005055545045721033
2025-11-03,61.79,65.79,6.475635648017786e-4,0.005334158803414368
2025-11-04,61.38,65.04,-0.0066574898812978844,-0.011465385858350885
2025-11-05,60.4,63.54,-0.016094944250821364,-0.023332836398185286
2025-11-06,60.24,63.41,-0.0026525214491313065,-0.002048051129429851
2025-11-07,60.54,63.72,0.004967720101935136,0.004876907329907532
2025-11-10,60.94,63.01,0.006585469963989787,-0.011205041087883671
2025-11-12,59.3,61.88,-0.027280467553882914,-0.018096418249098356
2025-11-13,59.54,62.14,0.004039049583950849,0.0041928782600351155
2025-11-14,60.87,63.45,0.02209208691820219,0.020862290195496236
2025-11-17,60.66,63.16,-0.0034559402453977484,-0.004581004772956199
2025-11-18,61.51,64.86,0.01391526095984208,0.02655991149173076
2025-11-19,60.27,63.78,-0.020365295725324195,-0.016791439297260347
2025-11-20,60.07,63.64,-0.0033239186328826165,-0.0021974581123256343
2025-11-21,58.86,62.78,-0.020348806056743385,-0.01360565205577835
2025-11-24,59.11,64.83,0.004238372030950899,0.03213190777309727
2025-11-25,58.25,63.99,-0.014656022390467704,-0.013041638035535819
2025-11-26,58.81,64.81,0.009567816026054388,0.012733091288255949
2025-11-28,58.58,64.07,-0.003918567072277668,-0.011483676788694552
2025-12-01,59.47,64.22,0.015078642318915314,0.002338453010438002
2025-12-02,58.81,63.37,-0.011160075246637646,-0.013324125325942404
2025-12-03,59.09,63.75,0.004749796885718638,0.00597862070311006
2025-12-04,59.82,64.15,0.012278347844218551,0.0062549070231092685
2025-12-05,60.23,64.42,0.006830513853827824,0.004200052841407675
2025-12-08,59.04,63.3,-0.019955386763412797,-0.01753881475292207
2025-12-09,58.4,62.62,-0.010899290458035615,-0.010800613251871205
2025-12-10,58.67,63.12,0.0046126331035871715,0.007952960639359574
2025-12-11,57.76,61.87,-0.015632028353198102,-0.020002266994721296
2025-12-12,57.61,62.11,-0.002600330840278886,0.0038715970283140777
2025-12-15,56.97,61.55,-0.011171350251987455,-0.009057153940749352
2025-12-16,55.44,59.93,-0.027223458610656337,-0.026672638160368578
2025-12-17,56.07,60.61,0.011299555253933669,0.011282681493099744
2025-12-18,56.22,60.69,0.0026716553428043355,0.0013190438845702701
2025-12-19,56.8,61.35,0.01026376024872011,0.010816231309156876
2025-12-22,58.18,62.22,0.024005327339949645,0.014081320312570256
2025-12-23,58.55,63.7,0.006339436976670498,0.023508071108626183
2025-12-24,58.72,63.7,0.0028992942625345464,0
2025-12-29,57.89,63.1,-0.014235726215346745,-0.009463793030949574
2025-12-30,57.79,62.3,-0.0017289077612270276,-0.012759343753760533
2025-12-31,57.26,61.35,-0.00921345065971746,-0.015366254636486332
